{"type":"FeatureCollection","name":"cotas_fondo_conductos","features":[{"type":"Feature","geometry":{"type":"Point","coordinates":[-60.6809536,-31.61482675]},"properties":{"layer":"Cotas Fondo conductos","entity_type":"MTEXT","handle":"282E97","text":"FC 17.08","numeric_value":17.08,"display_value":17.08,"display_label":"17.08","classification":"Cota de fondo de conducto inferida por prefijo CAD"}},{"type":"Feature","geometry":{"type":"Point","coordinates":[-60.67475697,-31.61897275]},"properties":{"layer":"Cotas Fondo conductos","entity_type":"MTEXT","handle":"2C8925","text":"FC: 11.20","numeric_value":11.2,"display_value":11.2,"display_label":"11.20","classification":"Cota de fondo de conducto inferida por prefijo CAD"}},{"type":"Feature","geometry":{"type":"Point","coordinates":[-60.67537754,-31.61885739]},"properties":{"layer":"Cotas Fondo conductos","entity_type":"MTEXT","handle":"2C8926","text":"FC: 11.61","numeric_value":11.61,"display_value":11.61,"display_label":"11.61","classification":"Cota de fondo de conducto inferida por prefijo CAD"}},{"type":"Feature","geometry":{"type":"Point","coordinates":[-60.67738796,-31.61787063]},"properties":{"layer":"Cotas Fondo conductos","entity_type":"MTEXT","handle":"2C8928","text":"FC: 14.20","numeric_value":14.2,"display_value":14.2,"display_label":"14.20","classification":"Cota de fondo de conducto inferida por prefijo CAD"}},{"type":"Feature","geometry":{"type":"Point","coordinates":[-60.67936196,-31.61743249]},"properties":{"layer":"Cotas Fondo conductos","entity_type":"MTEXT","handle":"2C8929","text":"FC: 14.42","numeric_value":14.42,"display_value":14.42,"display_label":"14.42","classification":"Cota de fondo de conducto inferida por prefijo CAD"}},{"type":"Feature","geometry":{"type":"Point","coordinates":[-60.68163338,-31.61499864]},"properties":{"layer":"Cotas Fondo conductos","entity_type":"MTEXT","handle":"2C892A","text":"FC: 14.63","numeric_value":14.63,"display_value":14.63,"display_label":"14.63","classification":"Cota de fondo de conducto inferida por prefijo CAD"}},{"type":"Feature","geometry":{"type":"Point","coordinates":[-60.73882454,-31.58039852]},"properties":{"layer":"Cotas Fondo conductos","entity_type":"TEXT","handle":"2C9152","text":"FC: 14.38","numeric_value":14.38,"display_value":14.38,"display_label":"14.38","classification":"Cota de fondo de conducto inferida por prefijo CAD"}},{"type":"Feature","geometry":{"type":"Point","coordinates":[-60.74761895,-31.57850568]},"properties":{"layer":"Cotas Fondo conductos","entity_type":"TEXT","handle":"2C9154","text":"FC: 13.67","numeric_value":13.67,"display_value":13.67,"display_label":"13.67","classification":"Cota de fondo de conducto inferida por prefijo CAD"}},{"type":"Feature","geometry":{"type":"Point","coordinates":[-60.73221727,-31.58184773]},"properties":{"layer":"Cotas Fondo conductos","entity_type":"TEXT","handle":"2C9182","text":"FC: 14.86","numeric_value":14.86,"display_value":14.86,"display_label":"14.86","classification":"Cota de fondo de conducto inferida por prefijo CAD"}},{"type":"Feature","geometry":{"type":"Point","coordinates":[-60.72674511,-31.58295051]},"properties":{"layer":"Cotas Fondo conductos","entity_type":"TEXT","handle":"2C919C","text":"FC: 15.26","numeric_value":15.26,"display_value":15.26,"display_label":"15.26","classification":"Cota de fondo de conducto inferida por prefijo CAD"}},{"type":"Feature","geometry":{"type":"Point","coordinates":[-60.69899566,-31.66009482]},"properties":{"layer":"Cotas Fondo conductos","entity_type":"MTEXT","handle":"2C9A52","text":"FC 8.23","numeric_value":8.23,"display_value":8.23,"display_label":"8.23","classification":"Cota de fondo de conducto inferida por prefijo CAD"}},{"type":"Feature","geometry":{"type":"Point","coordinates":[-60.6986206,-31.65975035]},"properties":{"layer":"Cotas Fondo conductos","entity_type":"MTEXT","handle":"2C9AC5","text":"FC 8.17","numeric_value":8.17,"display_value":8.17,"display_label":"8.17","classification":"Cota de fondo de conducto inferida por prefijo CAD"}},{"type":"Feature","geometry":{"type":"Point","coordinates":[-60.70015952,-31.66034136]},"properties":{"layer":"Cotas Fondo conductos","entity_type":"MTEXT","handle":"2C9ACB","text":"FC 8.41","numeric_value":8.41,"display_value":8.41,"display_label":"8.41","classification":"Cota de fondo de conducto inferida por prefijo CAD"}},{"type":"Feature","geometry":{"type":"Point","coordinates":[-60.70086106,-31.66042577]},"properties":{"layer":"Cotas Fondo conductos","entity_type":"MTEXT","handle":"2C9AE9","text":"FC 8.47","numeric_value":8.47,"display_value":8.47,"display_label":"8.47","classification":"Cota de fondo de conducto inferida por prefijo CAD"}},{"type":"Feature","geometry":{"type":"Point","coordinates":[-60.70094197,-31.66077253]},"properties":{"layer":"Cotas Fondo conductos","entity_type":"MTEXT","handle":"2C9AEB","text":"FC 8.52","numeric_value":8.52,"display_value":8.52,"display_label":"8.52","classification":"Cota de fondo de conducto inferida por prefijo CAD"}},{"type":"Feature","geometry":{"type":"Point","coordinates":[-60.70112343,-31.66147649]},"properties":{"layer":"Cotas Fondo conductos","entity_type":"MTEXT","handle":"2C9AF3","text":"FC 8.81","numeric_value":8.81,"display_value":8.81,"display_label":"8.81","classification":"Cota de fondo de conducto inferida por prefijo CAD"}},{"type":"Feature","geometry":{"type":"Point","coordinates":[-60.75330079,-31.57974499]},"properties":{"layer":"Cotas Fondo conductos","entity_type":"MTEXT","handle":"2CBAB0","text":"FC 14.34","numeric_value":14.34,"display_value":14.34,"display_label":"14.34","classification":"Cota de fondo de conducto inferida por prefijo CAD"}},{"type":"Feature","geometry":{"type":"Point","coordinates":[-60.75030218,-31.58039231]},"properties":{"layer":"Cotas Fondo conductos","entity_type":"MTEXT","handle":"2CBAB1","text":"FC 14.56","numeric_value":14.56,"display_value":14.56,"display_label":"14.56","classification":"Cota de fondo de conducto inferida por prefijo CAD"}},{"type":"Feature","geometry":{"type":"Point","coordinates":[-60.74620717,-31.58127986]},"properties":{"layer":"Cotas Fondo conductos","entity_type":"MTEXT","handle":"2CBAB2","text":"FC 14.86","numeric_value":14.86,"display_value":14.86,"display_label":"14.86","classification":"Cota de fondo de conducto inferida por prefijo CAD"}},{"type":"Feature","geometry":{"type":"Point","coordinates":[-60.71136478,-31.58582313]},"properties":{"layer":"Cotas Fondo conductos","entity_type":"MTEXT","handle":"2CF15E","text":"FC 15.30","numeric_value":15.3,"display_value":15.3,"display_label":"15.30","classification":"Cota de fondo de conducto inferida por prefijo CAD"}},{"type":"Feature","geometry":{"type":"Point","coordinates":[-60.72861775,-31.63650896]},"properties":{"layer":"Cotas Fondo conductos","entity_type":"MTEXT","handle":"2D0886","text":"FC 12.00","numeric_value":12.0,"display_value":12.0,"display_label":"12.00","classification":"Cota de fondo de conducto inferida por prefijo CAD"}},{"type":"Feature","geometry":{"type":"Point","coordinates":[-60.72937276,-31.6368393]},"properties":{"layer":"Cotas Fondo conductos","entity_type":"MTEXT","handle":"2D08D5","text":"FC 11.22","numeric_value":11.22,"display_value":11.22,"display_label":"11.22","classification":"Cota de fondo de conducto inferida por prefijo CAD"}},{"type":"Feature","geometry":{"type":"Point","coordinates":[-60.73022111,-31.63715872]},"properties":{"layer":"Cotas Fondo conductos","entity_type":"MTEXT","handle":"2D08F0","text":"FC 11.59","numeric_value":11.59,"display_value":11.59,"display_label":"11.59","classification":"Cota de fondo de conducto inferida por prefijo CAD"}},{"type":"Feature","geometry":{"type":"Point","coordinates":[-60.7305603,-31.63865297]},"properties":{"layer":"Cotas Fondo conductos","entity_type":"MTEXT","handle":"2D0AC6","text":"FC 11.70","numeric_value":11.7,"display_value":11.7,"display_label":"11.70","classification":"Cota de fondo de conducto inferida por prefijo CAD"}},{"type":"Feature","geometry":{"type":"Point","coordinates":[-60.73048892,-31.63903018]},"properties":{"layer":"Cotas Fondo conductos","entity_type":"MTEXT","handle":"2D0AC8","text":"FC 11.70","numeric_value":11.7,"display_value":11.7,"display_label":"11.70","classification":"Cota de fondo de conducto inferida por prefijo CAD"}},{"type":"Feature","geometry":{"type":"Point","coordinates":[-60.72960662,-31.64006645]},"properties":{"layer":"Cotas Fondo conductos","entity_type":"MTEXT","handle":"2D2E75","text":"FC 12.25","numeric_value":12.25,"display_value":12.25,"display_label":"12.25","classification":"Cota de fondo de conducto inferida por prefijo CAD"}},{"type":"Feature","geometry":{"type":"Point","coordinates":[-60.72992062,-31.65914816]},"properties":{"layer":"Cotas Fondo conductos","entity_type":"MTEXT","handle":"2D7C04","text":"FC 12.01","numeric_value":12.01,"display_value":12.01,"display_label":"12.01","classification":"Cota de fondo de conducto inferida por prefijo CAD"}},{"type":"Feature","geometry":{"type":"Point","coordinates":[-60.72968781,-31.6592929]},"properties":{"layer":"Cotas Fondo conductos","entity_type":"MTEXT","handle":"2D815A","text":"FC 11.93","numeric_value":11.93,"display_value":11.93,"display_label":"11.93","classification":"Cota de fondo de conducto inferida por prefijo CAD"}},{"type":"Feature","geometry":{"type":"Point","coordinates":[-60.73140583,-31.65805729]},"properties":{"layer":"Cotas Fondo conductos","entity_type":"MTEXT","handle":"2D88CC","text":"FC 12.65","numeric_value":12.65,"display_value":12.65,"display_label":"12.65","classification":"Cota de fondo de conducto inferida por prefijo CAD"}},{"type":"Feature","geometry":{"type":"Point","coordinates":[-60.73154317,-31.65722707]},"properties":{"layer":"Cotas Fondo conductos","entity_type":"MTEXT","handle":"2D89EA","text":"FC 11.61","numeric_value":11.61,"display_value":11.61,"display_label":"11.61","classification":"Cota de fondo de conducto inferida por prefijo CAD"}},{"type":"Feature","geometry":{"type":"Point","coordinates":[-60.73145455,-31.65683264]},"properties":{"layer":"Cotas Fondo conductos","entity_type":"MTEXT","handle":"2D89EE","text":"FC 11.52","numeric_value":11.52,"display_value":11.52,"display_label":"11.52","classification":"Cota de fondo de conducto inferida por prefijo CAD"}},{"type":"Feature","geometry":{"type":"Point","coordinates":[-60.7278719,-31.65676976]},"properties":{"layer":"Cotas Fondo conductos","entity_type":"MTEXT","handle":"2D9972","text":"FC 12.10","numeric_value":12.1,"display_value":12.1,"display_label":"12.10","classification":"Cota de fondo de conducto inferida por prefijo CAD"}},{"type":"Feature","geometry":{"type":"Point","coordinates":[-60.72735312,-31.65622082]},"properties":{"layer":"Cotas Fondo conductos","entity_type":"MTEXT","handle":"2D9ACF","text":"FC 12.07","numeric_value":12.07,"display_value":12.07,"display_label":"12.07","classification":"Cota de fondo de conducto inferida por prefijo CAD"}},{"type":"Feature","geometry":{"type":"Point","coordinates":[-60.73230608,-31.65645931]},"properties":{"layer":"Cotas Fondo conductos","entity_type":"MTEXT","handle":"2D9FD2","text":"FC 11.83","numeric_value":11.83,"display_value":11.83,"display_label":"11.83","classification":"Cota de fondo de conducto inferida por prefijo CAD"}},{"type":"Feature","geometry":{"type":"Point","coordinates":[-60.73153327,-31.65654582]},"properties":{"layer":"Cotas Fondo conductos","entity_type":"MTEXT","handle":"2D9FD4","text":"FC 11.50","numeric_value":11.5,"display_value":11.5,"display_label":"11.50","classification":"Cota de fondo de conducto inferida por prefijo CAD"}},{"type":"Feature","geometry":{"type":"Point","coordinates":[-60.73126588,-31.65569977]},"properties":{"layer":"Cotas Fondo conductos","entity_type":"MTEXT","handle":"2DB3D4","text":"FC 11.65","numeric_value":11.65,"display_value":11.65,"display_label":"11.65","classification":"Cota de fondo de conducto inferida por prefijo CAD"}},{"type":"Feature","geometry":{"type":"Point","coordinates":[-60.73072814,-31.6557408]},"properties":{"layer":"Cotas Fondo conductos","entity_type":"MTEXT","handle":"2DB3DB","text":"FC 11.94","numeric_value":11.94,"display_value":11.94,"display_label":"11.94","classification":"Cota de fondo de conducto inferida por prefijo CAD"}},{"type":"Feature","geometry":{"type":"Point","coordinates":[-60.71180467,-31.59180908]},"properties":{"layer":"Cotas Fondo conductos","entity_type":"MTEXT","handle":"2E3189","text":"FC 14.41","numeric_value":14.41,"display_value":14.41,"display_label":"14.41","classification":"Cota de fondo de conducto inferida por prefijo CAD"}},{"type":"Feature","geometry":{"type":"Point","coordinates":[-60.70902617,-31.59260469]},"properties":{"layer":"Cotas Fondo conductos","entity_type":"MTEXT","handle":"2E318B","text":"FC 14.56","numeric_value":14.56,"display_value":14.56,"display_label":"14.56","classification":"Cota de fondo de conducto inferida por prefijo CAD"}},{"type":"Feature","geometry":{"type":"Point","coordinates":[-60.707656,-31.59291103]},"properties":{"layer":"Cotas Fondo conductos","entity_type":"MTEXT","handle":"2E318C","text":"FC 14.63","numeric_value":14.63,"display_value":14.63,"display_label":"14.63","classification":"Cota de fondo de conducto inferida por prefijo CAD"}},{"type":"Feature","geometry":{"type":"Point","coordinates":[-60.69045079,-31.57319261]},"properties":{"layer":"Cotas Fondo conductos","entity_type":"TEXT","handle":"2E384C","text":"FC 14.80","numeric_value":14.8,"display_value":14.8,"display_label":"14.80","classification":"Cota de fondo de conducto inferida por prefijo CAD"}},{"type":"Feature","geometry":{"type":"Point","coordinates":[-60.69152799,-31.57288652]},"properties":{"layer":"Cotas Fondo conductos","entity_type":"TEXT","handle":"2E384E","text":"FC 14.93","numeric_value":14.93,"display_value":14.93,"display_label":"14.93","classification":"Cota de fondo de conducto inferida por prefijo CAD"}},{"type":"Feature","geometry":{"type":"Point","coordinates":[-60.69272529,-31.57258609]},"properties":{"layer":"Cotas Fondo conductos","entity_type":"TEXT","handle":"2E3871","text":"FC 15.04","numeric_value":15.04,"display_value":15.04,"display_label":"15.04","classification":"Cota de fondo de conducto inferida por prefijo CAD"}},{"type":"Feature","geometry":{"type":"Point","coordinates":[-60.69038677,-31.57266375]},"properties":{"layer":"Cotas Fondo conductos","entity_type":"TEXT","handle":"2E38EF","text":"FC 14.78","numeric_value":14.78,"display_value":14.78,"display_label":"14.78","classification":"Cota de fondo de conducto inferida por prefijo CAD"}},{"type":"Feature","geometry":{"type":"Point","coordinates":[-60.69138628,-31.57237535]},"properties":{"layer":"Cotas Fondo conductos","entity_type":"TEXT","handle":"2E38F1","text":"FC 14.93","numeric_value":14.93,"display_value":14.93,"display_label":"14.93","classification":"Cota de fondo de conducto inferida por prefijo CAD"}},{"type":"Feature","geometry":{"type":"Point","coordinates":[-60.69247036,-31.57213901]},"properties":{"layer":"Cotas Fondo conductos","entity_type":"TEXT","handle":"2E394B","text":"FC 15.02","numeric_value":15.02,"display_value":15.02,"display_label":"15.02","classification":"Cota de fondo de conducto inferida por prefijo CAD"}},{"type":"Feature","geometry":{"type":"Point","coordinates":[-60.69447152,-31.57161066]},"properties":{"layer":"Cotas Fondo conductos","entity_type":"TEXT","handle":"2E3978","text":"FC 15.44","numeric_value":15.44,"display_value":15.44,"display_label":"15.44","classification":"Cota de fondo de conducto inferida por prefijo CAD"}},{"type":"Feature","geometry":{"type":"Point","coordinates":[-60.69342461,-31.57186848]},"properties":{"layer":"Cotas Fondo conductos","entity_type":"TEXT","handle":"2E3979","text":"FC 15.34","numeric_value":15.34,"display_value":15.34,"display_label":"15.34","classification":"Cota de fondo de conducto inferida por prefijo CAD"}},{"type":"Feature","geometry":{"type":"Point","coordinates":[-60.68982958,-31.56899691]},"properties":{"layer":"Cotas Fondo conductos","entity_type":"TEXT","handle":"2E3A7B","text":"FC 14.39","numeric_value":14.39,"display_value":14.39,"display_label":"14.39","classification":"Cota de fondo de conducto inferida por prefijo CAD"}},{"type":"Feature","geometry":{"type":"Point","coordinates":[-60.69662132,-31.56705614]},"properties":{"layer":"Cotas Fondo conductos","entity_type":"TEXT","handle":"2E3B00","text":"FC 14.67","numeric_value":14.67,"display_value":14.67,"display_label":"14.67","classification":"Cota de fondo de conducto inferida por prefijo CAD"}},{"type":"Feature","geometry":{"type":"Point","coordinates":[-60.69700656,-31.5681653]},"properties":{"layer":"Cotas Fondo conductos","entity_type":"TEXT","handle":"2E3B01","text":"FC 15.08","numeric_value":15.08,"display_value":15.08,"display_label":"15.08","classification":"Cota de fondo de conducto inferida por prefijo CAD"}},{"type":"Feature","geometry":{"type":"Point","coordinates":[-60.68317338,-31.59531998]},"properties":{"layer":"Cotas Fondo conductos","entity_type":"TEXT","handle":"2E3C75","text":"FC 14.97","numeric_value":14.97,"display_value":14.97,"display_label":"14.97","classification":"Cota de fondo de conducto inferida por prefijo CAD"}},{"type":"Feature","geometry":{"type":"Point","coordinates":[-60.68217196,-31.59583703]},"properties":{"layer":"Cotas Fondo conductos","entity_type":"TEXT","handle":"2E3C88","text":"FC 15.62","numeric_value":15.62,"display_value":15.62,"display_label":"15.62","classification":"Cota de fondo de conducto inferida por prefijo CAD"}},{"type":"Feature","geometry":{"type":"Point","coordinates":[-60.68051622,-31.59373586]},"properties":{"layer":"Cotas Fondo conductos","entity_type":"TEXT","handle":"2E3CAC","text":"FC 15.10","numeric_value":15.1,"display_value":15.1,"display_label":"15.10","classification":"Cota de fondo de conducto inferida por prefijo CAD"}},{"type":"Feature","geometry":{"type":"Point","coordinates":[-60.68018461,-31.59262641]},"properties":{"layer":"Cotas Fondo conductos","entity_type":"TEXT","handle":"2E3CB6","text":"FC 15.16","numeric_value":15.16,"display_value":15.16,"display_label":"15.16","classification":"Cota de fondo de conducto inferida por prefijo CAD"}},{"type":"Feature","geometry":{"type":"Point","coordinates":[-60.67975622,-31.59117149]},"properties":{"layer":"Cotas Fondo conductos","entity_type":"TEXT","handle":"2E3CCD","text":"FC 15.35","numeric_value":15.35,"display_value":15.35,"display_label":"15.35","classification":"Cota de fondo de conducto inferida por prefijo CAD"}},{"type":"Feature","geometry":{"type":"Point","coordinates":[-60.6960634,-31.59359423]},"properties":{"layer":"Cotas Fondo conductos","entity_type":"TEXT","handle":"2E3E87","text":"FC 15.755","numeric_value":15.755,"display_value":15.755,"display_label":"15.76","classification":"Cota de fondo de conducto inferida por prefijo CAD"}},{"type":"Feature","geometry":{"type":"Point","coordinates":[-60.69886551,-31.59295416]},"properties":{"layer":"Cotas Fondo conductos","entity_type":"TEXT","handle":"2E3E88","text":"FC 15.22","numeric_value":15.22,"display_value":15.22,"display_label":"15.22","classification":"Cota de fondo de conducto inferida por prefijo CAD"}},{"type":"Feature","geometry":{"type":"Point","coordinates":[-60.69918965,-31.5927496]},"properties":{"layer":"Cotas Fondo conductos","entity_type":"TEXT","handle":"2E3E89","text":"FC 15.161","numeric_value":15.161,"display_value":15.161,"display_label":"15.16","classification":"Cota de fondo de conducto inferida por prefijo CAD"}},{"type":"Feature","geometry":{"type":"Point","coordinates":[-60.68854421,-31.59336249]},"properties":{"layer":"Cotas Fondo conductos","entity_type":"TEXT","handle":"2E461B","text":"FC 14.90","numeric_value":14.9,"display_value":14.9,"display_label":"14.90","classification":"Cota de fondo de conducto inferida por prefijo CAD"}},{"type":"Feature","geometry":{"type":"Point","coordinates":[-60.68557527,-31.59577774]},"properties":{"layer":"Cotas Fondo conductos","entity_type":"TEXT","handle":"2E462B","text":"FC 15.28","numeric_value":15.28,"display_value":15.28,"display_label":"15.28","classification":"Cota de fondo de conducto inferida por prefijo CAD"}},{"type":"Feature","geometry":{"type":"Point","coordinates":[-60.68879756,-31.5941059]},"properties":{"layer":"Cotas Fondo conductos","entity_type":"TEXT","handle":"2E462C","text":"FC 14.98","numeric_value":14.98,"display_value":14.98,"display_label":"14.98","classification":"Cota de fondo de conducto inferida por prefijo CAD"}},{"type":"Feature","geometry":{"type":"Point","coordinates":[-60.68929967,-31.59586763]},"properties":{"layer":"Cotas Fondo conductos","entity_type":"TEXT","handle":"2E462E","text":"FC 15.14","numeric_value":15.14,"display_value":15.14,"display_label":"15.14","classification":"Cota de fondo de conducto inferida por prefijo CAD"}},{"type":"Feature","geometry":{"type":"Point","coordinates":[-60.73563193,-31.65116219]},"properties":{"layer":"Cotas Fondo conductos","entity_type":"MTEXT","handle":"2E7DA7","text":"FC 10.51","numeric_value":10.51,"display_value":10.51,"display_label":"10.51","classification":"Cota de fondo de conducto inferida por prefijo CAD"}},{"type":"Feature","geometry":{"type":"Point","coordinates":[-60.735363,-31.6512672]},"properties":{"layer":"Cotas Fondo conductos","entity_type":"MTEXT","handle":"2E7E71","text":"FC 10.53","numeric_value":10.53,"display_value":10.53,"display_label":"10.53","classification":"Cota de fondo de conducto inferida por prefijo CAD"}},{"type":"Feature","geometry":{"type":"Point","coordinates":[-60.73406285,-31.65158682]},"properties":{"layer":"Cotas Fondo conductos","entity_type":"MTEXT","handle":"2E7F44","text":"FC 10.60","numeric_value":10.6,"display_value":10.6,"display_label":"10.60","classification":"Cota de fondo de conducto inferida por prefijo CAD"}},{"type":"Feature","geometry":{"type":"Point","coordinates":[-60.73365,-31.65168515]},"properties":{"layer":"Cotas Fondo conductos","entity_type":"MTEXT","handle":"2E7F45","text":"FC 10.69","numeric_value":10.69,"display_value":10.69,"display_label":"10.69","classification":"Cota de fondo de conducto inferida por prefijo CAD"}},{"type":"Feature","geometry":{"type":"Point","coordinates":[-60.73327638,-31.65088879]},"properties":{"layer":"Cotas Fondo conductos","entity_type":"MTEXT","handle":"2E7F46","text":"FC 10.99","numeric_value":10.99,"display_value":10.99,"display_label":"10.99","classification":"Cota de fondo de conducto inferida por prefijo CAD"}},{"type":"Feature","geometry":{"type":"Point","coordinates":[-60.7236753,-31.62741641]},"properties":{"layer":"Cotas Fondo conductos","entity_type":"MTEXT","handle":"2EE41C","text":"FC 11.35","numeric_value":11.35,"display_value":11.35,"display_label":"11.35","classification":"Cota de fondo de conducto inferida por prefijo CAD"}},{"type":"Feature","geometry":{"type":"Point","coordinates":[-60.72254725,-31.62744773]},"properties":{"layer":"Cotas Fondo conductos","entity_type":"MTEXT","handle":"2EE41D","text":"FC 11.60","numeric_value":11.6,"display_value":11.6,"display_label":"11.60","classification":"Cota de fondo de conducto inferida por prefijo CAD"}},{"type":"Feature","geometry":{"type":"Point","coordinates":[-60.6951077,-31.6161757]},"properties":{"layer":"Cotas Fondo conductos","entity_type":"MTEXT","handle":"2F4082","text":"FC 15.744","numeric_value":15.744,"display_value":15.744,"display_label":"15.74","classification":"Cota de fondo de conducto inferida por prefijo CAD"}},{"type":"Feature","geometry":{"type":"Point","coordinates":[-60.69442973,-31.61598754]},"properties":{"layer":"Cotas Fondo conductos","entity_type":"MTEXT","handle":"2F4083","text":"FC 15.723","numeric_value":15.723,"display_value":15.723,"display_label":"15.72","classification":"Cota de fondo de conducto inferida por prefijo CAD"}},{"type":"Feature","geometry":{"type":"Point","coordinates":[-60.69430321,-31.61593665]},"properties":{"layer":"Cotas Fondo conductos","entity_type":"MTEXT","handle":"2F4084","text":"FC 15.787","numeric_value":15.787,"display_value":15.787,"display_label":"15.79","classification":"Cota de fondo de conducto inferida por prefijo CAD"}},{"type":"Feature","geometry":{"type":"Point","coordinates":[-60.69401424,-31.61589396]},"properties":{"layer":"Cotas Fondo conductos","entity_type":"MTEXT","handle":"2F4085","text":"FC 15.706","numeric_value":15.706,"display_value":15.706,"display_label":"15.71","classification":"Cota de fondo de conducto inferida por prefijo CAD"}},{"type":"Feature","geometry":{"type":"Point","coordinates":[-60.69358755,-31.61574574]},"properties":{"layer":"Cotas Fondo conductos","entity_type":"MTEXT","handle":"2F4086","text":"FC 15.678","numeric_value":15.678,"display_value":15.678,"display_label":"15.68","classification":"Cota de fondo de conducto inferida por prefijo CAD"}},{"type":"Feature","geometry":{"type":"Point","coordinates":[-60.69325861,-31.61567334]},"properties":{"layer":"Cotas Fondo conductos","entity_type":"MTEXT","handle":"2F4087","text":"FC 15.758","numeric_value":15.758,"display_value":15.758,"display_label":"15.76","classification":"Cota de fondo de conducto inferida por prefijo CAD"}},{"type":"Feature","geometry":{"type":"Point","coordinates":[-60.69291182,-31.61558211]},"properties":{"layer":"Cotas Fondo conductos","entity_type":"MTEXT","handle":"2F4088","text":"FC 15.667","numeric_value":15.667,"display_value":15.667,"display_label":"15.67","classification":"Cota de fondo de conducto inferida por prefijo CAD"}},{"type":"Feature","geometry":{"type":"Point","coordinates":[-60.69098907,-31.61493392]},"properties":{"layer":"Cotas Fondo conductos","entity_type":"MTEXT","handle":"2F4092","text":"FC 15.659","numeric_value":15.659,"display_value":15.659,"display_label":"15.66","classification":"Cota de fondo de conducto inferida por prefijo CAD"}},{"type":"Feature","geometry":{"type":"Point","coordinates":[-60.69065552,-31.61484323]},"properties":{"layer":"Cotas Fondo conductos","entity_type":"MTEXT","handle":"2F4094","text":"FC 15.672","numeric_value":15.672,"display_value":15.672,"display_label":"15.67","classification":"Cota de fondo de conducto inferida por prefijo CAD"}},{"type":"Feature","geometry":{"type":"Point","coordinates":[-60.68967544,-31.61458537]},"properties":{"layer":"Cotas Fondo conductos","entity_type":"MTEXT","handle":"2F4097","text":"FC 15.570","numeric_value":15.57,"display_value":15.57,"display_label":"15.57","classification":"Cota de fondo de conducto inferida por prefijo CAD"}},{"type":"Feature","geometry":{"type":"Point","coordinates":[-60.69493264,-31.61612586]},"properties":{"layer":"Cotas Fondo conductos","entity_type":"MTEXT","handle":"2F40A7","text":"FC 15.594","numeric_value":15.594,"display_value":15.594,"display_label":"15.59","classification":"Cota de fondo de conducto inferida por prefijo CAD"}},{"type":"Feature","geometry":{"type":"Point","coordinates":[-60.69373225,-31.61561569]},"properties":{"layer":"Cotas Fondo conductos","entity_type":"MTEXT","handle":"2F40C0","text":"FC 15.746","numeric_value":15.746,"display_value":15.746,"display_label":"15.75","classification":"Cota de fondo de conducto inferida por prefijo CAD"}},{"type":"Feature","geometry":{"type":"Point","coordinates":[-60.69279597,-31.61534509]},"properties":{"layer":"Cotas Fondo conductos","entity_type":"MTEXT","handle":"2F40C2","text":"FC 15.541","numeric_value":15.541,"display_value":15.541,"display_label":"15.54","classification":"Cota de fondo de conducto inferida por prefijo CAD"}},{"type":"Feature","geometry":{"type":"Point","coordinates":[-60.69247515,-31.61532435]},"properties":{"layer":"Cotas Fondo conductos","entity_type":"MTEXT","handle":"2F40C4","text":"FC 15.628","numeric_value":15.628,"display_value":15.628,"display_label":"15.63","classification":"Cota de fondo de conducto inferida por prefijo CAD"}},{"type":"Feature","geometry":{"type":"Point","coordinates":[-60.69220985,-31.61525465]},"properties":{"layer":"Cotas Fondo conductos","entity_type":"MTEXT","handle":"2F40C6","text":"FC 15.561","numeric_value":15.561,"display_value":15.561,"display_label":"15.56","classification":"Cota de fondo de conducto inferida por prefijo CAD"}},{"type":"Feature","geometry":{"type":"Point","coordinates":[-60.69004989,-31.61471377]},"properties":{"layer":"Cotas Fondo conductos","entity_type":"MTEXT","handle":"2F40C8","text":"FC 15.481","numeric_value":15.481,"display_value":15.481,"display_label":"15.48","classification":"Cota de fondo de conducto inferida por prefijo CAD"}},{"type":"Feature","geometry":{"type":"Point","coordinates":[-60.69099581,-31.61508135]},"properties":{"layer":"Cotas Fondo conductos","entity_type":"MTEXT","handle":"2F40CA","text":"FC 15.681","numeric_value":15.681,"display_value":15.681,"display_label":"15.68","classification":"Cota de fondo de conducto inferida por prefijo CAD"}},{"type":"Feature","geometry":{"type":"Point","coordinates":[-60.68910645,-31.61457119]},"properties":{"layer":"Cotas Fondo conductos","entity_type":"MTEXT","handle":"2F40CC","text":"FC 15.399","numeric_value":15.399,"display_value":15.399,"display_label":"15.40","classification":"Cota de fondo de conducto inferida por prefijo CAD"}},{"type":"Feature","geometry":{"type":"Point","coordinates":[-60.66598733,-31.60597406]},"properties":{"layer":"Cotas Fondo conductos","entity_type":"MTEXT","handle":"2F40F6","text":"FC 13.25","numeric_value":13.25,"display_value":13.25,"display_label":"13.25","classification":"Cota de fondo de conducto inferida por prefijo CAD"}},{"type":"Feature","geometry":{"type":"Point","coordinates":[-60.66733331,-31.6056832]},"properties":{"layer":"Cotas Fondo conductos","entity_type":"MTEXT","handle":"2F40F9","text":"FC 13.39","numeric_value":13.39,"display_value":13.39,"display_label":"13.39","classification":"Cota de fondo de conducto inferida por prefijo CAD"}},{"type":"Feature","geometry":{"type":"Point","coordinates":[-60.66839927,-31.60547308]},"properties":{"layer":"Cotas Fondo conductos","entity_type":"MTEXT","handle":"2F4213","text":"FC 13.55","numeric_value":13.55,"display_value":13.55,"display_label":"13.55","classification":"Cota de fondo de conducto inferida por prefijo CAD"}},{"type":"Feature","geometry":{"type":"Point","coordinates":[-60.67373676,-31.60441078]},"properties":{"layer":"Cotas Fondo conductos","entity_type":"MTEXT","handle":"2F4227","text":"FC 14.33","numeric_value":14.33,"display_value":14.33,"display_label":"14.33","classification":"Cota de fondo de conducto inferida por prefijo CAD"}},{"type":"Feature","geometry":{"type":"Point","coordinates":[-60.67347198,-31.60345994]},"properties":{"layer":"Cotas Fondo conductos","entity_type":"MTEXT","handle":"2F4231","text":"FC 14.61","numeric_value":14.61,"display_value":14.61,"display_label":"14.61","classification":"Cota de fondo de conducto inferida por prefijo CAD"}},{"type":"Feature","geometry":{"type":"Point","coordinates":[-60.67323396,-31.60254659]},"properties":{"layer":"Cotas Fondo conductos","entity_type":"MTEXT","handle":"2F4429","text":"FC 14.90","numeric_value":14.9,"display_value":14.9,"display_label":"14.90","classification":"Cota de fondo de conducto inferida por prefijo CAD"}},{"type":"Feature","geometry":{"type":"Point","coordinates":[-60.68374335,-31.59628407]},"properties":{"layer":"Cotas Fondo conductos","entity_type":"MTEXT","handle":"2F4A83","text":"FC 15.50","numeric_value":15.5,"display_value":15.5,"display_label":"15.50","classification":"Cota de fondo de conducto inferida por prefijo CAD"}},{"type":"Feature","geometry":{"type":"Point","coordinates":[-60.6837849,-31.59653112]},"properties":{"layer":"Cotas Fondo conductos","entity_type":"MTEXT","handle":"2F4A86","text":"FC 15.46","numeric_value":15.46,"display_value":15.46,"display_label":"15.46","classification":"Cota de fondo de conducto inferida por prefijo CAD"}},{"type":"Feature","geometry":{"type":"Point","coordinates":[-60.68393428,-31.59702267]},"properties":{"layer":"Cotas Fondo conductos","entity_type":"MTEXT","handle":"2F4A89","text":"FC 15.33","numeric_value":15.33,"display_value":15.33,"display_label":"15.33","classification":"Cota de fondo de conducto inferida por prefijo CAD"}},{"type":"Feature","geometry":{"type":"Point","coordinates":[-60.73764645,-31.58833544]},"properties":{"layer":"Cotas Fondo conductos","entity_type":"MTEXT","handle":"2F4D9D","text":"FC 12.57","numeric_value":12.57,"display_value":12.57,"display_label":"12.57","classification":"Cota de fondo de conducto inferida por prefijo CAD"}},{"type":"Feature","geometry":{"type":"Point","coordinates":[-60.73625188,-31.58867127]},"properties":{"layer":"Cotas Fondo conductos","entity_type":"MTEXT","handle":"2F4DAE","text":"FC 12.62","numeric_value":12.62,"display_value":12.62,"display_label":"12.62","classification":"Cota de fondo de conducto inferida por prefijo CAD"}},{"type":"Feature","geometry":{"type":"Point","coordinates":[-60.73452214,-31.58899236]},"properties":{"layer":"Cotas Fondo conductos","entity_type":"MTEXT","handle":"2F4DCD","text":"FC 12.70","numeric_value":12.7,"display_value":12.7,"display_label":"12.70","classification":"Cota de fondo de conducto inferida por prefijo CAD"}},{"type":"Feature","geometry":{"type":"Point","coordinates":[-60.73348373,-31.58918824]},"properties":{"layer":"Cotas Fondo conductos","entity_type":"MTEXT","handle":"2F4DF1","text":"FC 12.74","numeric_value":12.74,"display_value":12.74,"display_label":"12.74","classification":"Cota de fondo de conducto inferida por prefijo CAD"}},{"type":"Feature","geometry":{"type":"Point","coordinates":[-60.73135862,-31.58960031]},"properties":{"layer":"Cotas Fondo conductos","entity_type":"MTEXT","handle":"2F4E2B","text":"FC 12.84","numeric_value":12.84,"display_value":12.84,"display_label":"12.84","classification":"Cota de fondo de conducto inferida por prefijo CAD"}},{"type":"Feature","geometry":{"type":"Point","coordinates":[-60.73028807,-31.58980682]},"properties":{"layer":"Cotas Fondo conductos","entity_type":"MTEXT","handle":"2F4E4B","text":"FC 12.88","numeric_value":12.88,"display_value":12.88,"display_label":"12.88","classification":"Cota de fondo de conducto inferida por prefijo CAD"}},{"type":"Feature","geometry":{"type":"Point","coordinates":[-60.72921718,-31.59001198]},"properties":{"layer":"Cotas Fondo conductos","entity_type":"MTEXT","handle":"2F4E66","text":"FC 12.93","numeric_value":12.93,"display_value":12.93,"display_label":"12.93","classification":"Cota de fondo de conducto inferida por prefijo CAD"}},{"type":"Feature","geometry":{"type":"Point","coordinates":[-60.72813193,-31.59022493]},"properties":{"layer":"Cotas Fondo conductos","entity_type":"MTEXT","handle":"2F4EB5","text":"FC 15.55","numeric_value":15.55,"display_value":15.55,"display_label":"15.55","classification":"Cota de fondo de conducto inferida por prefijo CAD"}},{"type":"Feature","geometry":{"type":"Point","coordinates":[-60.72837419,-31.59016721]},"properties":{"layer":"Cotas Fondo conductos","entity_type":"MTEXT","handle":"2F4EC9","text":"FC 15.25","numeric_value":15.25,"display_value":15.25,"display_label":"15.25","classification":"Cota de fondo de conducto inferida por prefijo CAD"}},{"type":"Feature","geometry":{"type":"Point","coordinates":[-60.72888973,-31.58997409]},"properties":{"layer":"Cotas Fondo conductos","entity_type":"MTEXT","handle":"2F4ED4","text":"FC 14.73","numeric_value":14.73,"display_value":14.73,"display_label":"14.73","classification":"Cota de fondo de conducto inferida por prefijo CAD"}},{"type":"Feature","geometry":{"type":"Point","coordinates":[-60.72708885,-31.59042485]},"properties":{"layer":"Cotas Fondo conductos","entity_type":"MTEXT","handle":"2F4F00","text":"FC 15.65","numeric_value":15.65,"display_value":15.65,"display_label":"15.65","classification":"Cota de fondo de conducto inferida por prefijo CAD"}},{"type":"Feature","geometry":{"type":"Point","coordinates":[-60.72600233,-31.5906328]},"properties":{"layer":"Cotas Fondo conductos","entity_type":"MTEXT","handle":"2F4F02","text":"FC 15.95","numeric_value":15.95,"display_value":15.95,"display_label":"15.95","classification":"Cota de fondo de conducto inferida por prefijo CAD"}},{"type":"Feature","geometry":{"type":"Point","coordinates":[-60.72886228,-31.59010353]},"properties":{"layer":"Cotas Fondo conductos","entity_type":"MTEXT","handle":"2F4F13","text":"FC 15.20","numeric_value":15.2,"display_value":15.2,"display_label":"15.20","classification":"Cota de fondo de conducto inferida por prefijo CAD"}},{"type":"Feature","geometry":{"type":"Point","coordinates":[-60.73241458,-31.58939834]},"properties":{"layer":"Cotas Fondo conductos","entity_type":"MTEXT","handle":"2F4F6A","text":"FC 12.79","numeric_value":12.79,"display_value":12.79,"display_label":"12.79","classification":"Cota de fondo de conducto inferida por prefijo CAD"}},{"type":"Feature","geometry":{"type":"Point","coordinates":[-60.72920414,-31.56176319]},"properties":{"layer":"Cotas Fondo conductos","entity_type":"MTEXT","handle":"2F51C8","text":"FC 16.662","numeric_value":16.662,"display_value":16.662,"display_label":"16.66","classification":"Cota de fondo de conducto inferida por prefijo CAD"}},{"type":"Feature","geometry":{"type":"Point","coordinates":[-60.7253722,-31.56268964]},"properties":{"layer":"Cotas Fondo conductos","entity_type":"MTEXT","handle":"2F51CA","text":"FC 15.462","numeric_value":15.462,"display_value":15.462,"display_label":"15.46","classification":"Cota de fondo de conducto inferida por prefijo CAD"}},{"type":"Feature","geometry":{"type":"Point","coordinates":[-60.72772289,-31.56200007]},"properties":{"layer":"Cotas Fondo conductos","entity_type":"MTEXT","handle":"2F51CC","text":"FC 15.38","numeric_value":15.38,"display_value":15.38,"display_label":"15.38","classification":"Cota de fondo de conducto inferida por prefijo CAD"}},{"type":"Feature","geometry":{"type":"Point","coordinates":[-60.72648626,-31.56228797]},"properties":{"layer":"Cotas Fondo conductos","entity_type":"MTEXT","handle":"2F51CE","text":"FC 15.452","numeric_value":15.452,"display_value":15.452,"display_label":"15.45","classification":"Cota de fondo de conducto inferida por prefijo CAD"}},{"type":"Feature","geometry":{"type":"Point","coordinates":[-60.72568728,-31.56369923]},"properties":{"layer":"Cotas Fondo conductos","entity_type":"MTEXT","handle":"2F52E4","text":"FC 16.697","numeric_value":16.697,"display_value":16.697,"display_label":"16.70","classification":"Cota de fondo de conducto inferida por prefijo CAD"}},{"type":"Feature","geometry":{"type":"Point","coordinates":[-60.72611778,-31.56483768]},"properties":{"layer":"Cotas Fondo conductos","entity_type":"MTEXT","handle":"2F52E6","text":"FC 15.823","numeric_value":15.823,"display_value":15.823,"display_label":"15.82","classification":"Cota de fondo de conducto inferida por prefijo CAD"}},{"type":"Feature","geometry":{"type":"Point","coordinates":[-60.73468191,-31.59747526]},"properties":{"layer":"Cotas Fondo conductos","entity_type":"MTEXT","handle":"2F5C72","text":"FC 11.62","numeric_value":11.62,"display_value":11.62,"display_label":"11.62","classification":"Cota de fondo de conducto inferida por prefijo CAD"}},{"type":"Feature","geometry":{"type":"Point","coordinates":[-60.73395347,-31.59743962]},"properties":{"layer":"Cotas Fondo conductos","entity_type":"MTEXT","handle":"2F5C75","text":"FC 11.68","numeric_value":11.68,"display_value":11.68,"display_label":"11.68","classification":"Cota de fondo de conducto inferida por prefijo CAD"}},{"type":"Feature","geometry":{"type":"Point","coordinates":[-60.73354277,-31.5974651]},"properties":{"layer":"Cotas Fondo conductos","entity_type":"MTEXT","handle":"2F6171","text":"FC 11.74","numeric_value":11.74,"display_value":11.74,"display_label":"11.74","classification":"Cota de fondo de conducto inferida por prefijo CAD"}},{"type":"Feature","geometry":{"type":"Point","coordinates":[-60.73233182,-31.59761514]},"properties":{"layer":"Cotas Fondo conductos","entity_type":"MTEXT","handle":"2F6178","text":"FC 11.82","numeric_value":11.82,"display_value":11.82,"display_label":"11.82","classification":"Cota de fondo de conducto inferida por prefijo CAD"}},{"type":"Feature","geometry":{"type":"Point","coordinates":[-60.73140891,-31.59780471]},"properties":{"layer":"Cotas Fondo conductos","entity_type":"MTEXT","handle":"2F617A","text":"FC 11.88","numeric_value":11.88,"display_value":11.88,"display_label":"11.88","classification":"Cota de fondo de conducto inferida por prefijo CAD"}},{"type":"Feature","geometry":{"type":"Point","coordinates":[-60.73026106,-31.59805424]},"properties":{"layer":"Cotas Fondo conductos","entity_type":"MTEXT","handle":"2F62A1","text":"FC 11.93","numeric_value":11.93,"display_value":11.93,"display_label":"11.93","classification":"Cota de fondo de conducto inferida por prefijo CAD"}},{"type":"Feature","geometry":{"type":"Point","coordinates":[-60.72900916,-31.59823958]},"properties":{"layer":"Cotas Fondo conductos","entity_type":"MTEXT","handle":"2F62A3","text":"FC 12.10","numeric_value":12.1,"display_value":12.1,"display_label":"12.10","classification":"Cota de fondo de conducto inferida por prefijo CAD"}},{"type":"Feature","geometry":{"type":"Point","coordinates":[-60.72875338,-31.59733654]},"properties":{"layer":"Cotas Fondo conductos","entity_type":"MTEXT","handle":"2F62A8","text":"FC 12.15","numeric_value":12.15,"display_value":12.15,"display_label":"12.15","classification":"Cota de fondo de conducto inferida por prefijo CAD"}},{"type":"Feature","geometry":{"type":"Point","coordinates":[-60.72769548,-31.5976742]},"properties":{"layer":"Cotas Fondo conductos","entity_type":"MTEXT","handle":"2F63DB","text":"FC 12.28","numeric_value":12.28,"display_value":12.28,"display_label":"12.28","classification":"Cota de fondo de conducto inferida por prefijo CAD"}},{"type":"Feature","geometry":{"type":"Point","coordinates":[-60.72640575,-31.59792992]},"properties":{"layer":"Cotas Fondo conductos","entity_type":"MTEXT","handle":"2F63DD","text":"FC 12.41","numeric_value":12.41,"display_value":12.41,"display_label":"12.41","classification":"Cota de fondo de conducto inferida por prefijo CAD"}},{"type":"Feature","geometry":{"type":"Point","coordinates":[-60.72527086,-31.59801762]},"properties":{"layer":"Cotas Fondo conductos","entity_type":"MTEXT","handle":"2F63DF","text":"FC 12.52","numeric_value":12.52,"display_value":12.52,"display_label":"12.52","classification":"Cota de fondo de conducto inferida por prefijo CAD"}},{"type":"Feature","geometry":{"type":"Point","coordinates":[-60.72445643,-31.59801535]},"properties":{"layer":"Cotas Fondo conductos","entity_type":"MTEXT","handle":"2F6508","text":"FC 12.59","numeric_value":12.59,"display_value":12.59,"display_label":"12.59","classification":"Cota de fondo de conducto inferida por prefijo CAD"}},{"type":"Feature","geometry":{"type":"Point","coordinates":[-60.72376071,-31.59784342]},"properties":{"layer":"Cotas Fondo conductos","entity_type":"MTEXT","handle":"2F650A","text":"FC 12.63","numeric_value":12.63,"display_value":12.63,"display_label":"12.63","classification":"Cota de fondo de conducto inferida por prefijo CAD"}},{"type":"Feature","geometry":{"type":"Point","coordinates":[-60.72222697,-31.59736835]},"properties":{"layer":"Cotas Fondo conductos","entity_type":"MTEXT","handle":"2F650C","text":"FC 12.75","numeric_value":12.75,"display_value":12.75,"display_label":"12.75","classification":"Cota de fondo de conducto inferida por prefijo CAD"}},{"type":"Feature","geometry":{"type":"Point","coordinates":[-60.71974642,-31.59797556]},"properties":{"layer":"Cotas Fondo conductos","entity_type":"MTEXT","handle":"2F6CC6","text":"FC 13.01","numeric_value":13.01,"display_value":13.01,"display_label":"13.01","classification":"Cota de fondo de conducto inferida por prefijo CAD"}},{"type":"Feature","geometry":{"type":"Point","coordinates":[-60.71843683,-31.5983978]},"properties":{"layer":"Cotas Fondo conductos","entity_type":"MTEXT","handle":"2F6DFF","text":"FC 13.13","numeric_value":13.13,"display_value":13.13,"display_label":"13.13","classification":"Cota de fondo de conducto inferida por prefijo CAD"}},{"type":"Feature","geometry":{"type":"Point","coordinates":[-60.71576415,-31.59897642]},"properties":{"layer":"Cotas Fondo conductos","entity_type":"MTEXT","handle":"2F6E08","text":"FC 13.37","numeric_value":13.37,"display_value":13.37,"display_label":"13.37","classification":"Cota de fondo de conducto inferida por prefijo CAD"}},{"type":"Feature","geometry":{"type":"Point","coordinates":[-60.71416537,-31.59835196]},"properties":{"layer":"Cotas Fondo conductos","entity_type":"MTEXT","handle":"2F6E23","text":"FC 13.59","numeric_value":13.59,"display_value":13.59,"display_label":"13.59","classification":"Cota de fondo de conducto inferida por prefijo CAD"}},{"type":"Feature","geometry":{"type":"Point","coordinates":[-60.72159349,-31.59480467]},"properties":{"layer":"Cotas Fondo conductos","entity_type":"MTEXT","handle":"2F74A8","text":"FC 15.41","numeric_value":15.41,"display_value":15.41,"display_label":"15.41","classification":"Cota de fondo de conducto inferida por prefijo CAD"}},{"type":"Feature","geometry":{"type":"Point","coordinates":[-60.72054537,-31.59505025]},"properties":{"layer":"Cotas Fondo conductos","entity_type":"MTEXT","handle":"2F75FA","text":"FC 15.02","numeric_value":15.02,"display_value":15.02,"display_label":"15.02","classification":"Cota de fondo de conducto inferida por prefijo CAD"}},{"type":"Feature","geometry":{"type":"Point","coordinates":[-60.71701289,-31.59579793]},"properties":{"layer":"Cotas Fondo conductos","entity_type":"MTEXT","handle":"2F7635","text":"FC 15.44","numeric_value":15.44,"display_value":15.44,"display_label":"15.44","classification":"Cota de fondo de conducto inferida por prefijo CAD"}},{"type":"Feature","geometry":{"type":"Point","coordinates":[-60.71524189,-31.59617265]},"properties":{"layer":"Cotas Fondo conductos","entity_type":"MTEXT","handle":"2F7CEB","text":"FC 15.29","numeric_value":15.29,"display_value":15.29,"display_label":"15.29","classification":"Cota de fondo de conducto inferida por prefijo CAD"}},{"type":"Feature","geometry":{"type":"Point","coordinates":[-60.71294428,-31.59665809]},"properties":{"layer":"Cotas Fondo conductos","entity_type":"MTEXT","handle":"2F9B9C","text":"FC 15.48","numeric_value":15.48,"display_value":15.48,"display_label":"15.48","classification":"Cota de fondo de conducto inferida por prefijo CAD"}},{"type":"Feature","geometry":{"type":"Point","coordinates":[-60.70877651,-31.59762115]},"properties":{"layer":"Cotas Fondo conductos","entity_type":"MTEXT","handle":"2FAFD6","text":"FC 14.03","numeric_value":14.03,"display_value":14.03,"display_label":"14.03","classification":"Cota de fondo de conducto inferida por prefijo CAD"}},{"type":"Feature","geometry":{"type":"Point","coordinates":[-60.70988575,-31.59737682]},"properties":{"layer":"Cotas Fondo conductos","entity_type":"MTEXT","handle":"2FB11F","text":"FC 14.00","numeric_value":14.0,"display_value":14.0,"display_label":"14.00","classification":"Cota de fondo de conducto inferida por prefijo CAD"}},{"type":"Feature","geometry":{"type":"Point","coordinates":[-60.71367611,-31.63049359]},"properties":{"layer":"Cotas Fondo conductos","entity_type":"MTEXT","handle":"2FBE4A","text":"FC 14.98","numeric_value":14.98,"display_value":14.98,"display_label":"14.98","classification":"Cota de fondo de conducto inferida por prefijo CAD"}},{"type":"Feature","geometry":{"type":"Point","coordinates":[-60.71272492,-31.63071126]},"properties":{"layer":"Cotas Fondo conductos","entity_type":"MTEXT","handle":"2FBF24","text":"FC 14.80","numeric_value":14.8,"display_value":14.8,"display_label":"14.80","classification":"Cota de fondo de conducto inferida por prefijo CAD"}},{"type":"Feature","geometry":{"type":"Point","coordinates":[-60.71140152,-31.63100032]},"properties":{"layer":"Cotas Fondo conductos","entity_type":"MTEXT","handle":"2FBF28","text":"FC 14.86","numeric_value":14.86,"display_value":14.86,"display_label":"14.86","classification":"Cota de fondo de conducto inferida por prefijo CAD"}},{"type":"Feature","geometry":{"type":"Point","coordinates":[-60.71029101,-31.63123418]},"properties":{"layer":"Cotas Fondo conductos","entity_type":"MTEXT","handle":"2FBF2A","text":"FC 15.25","numeric_value":15.25,"display_value":15.25,"display_label":"15.25","classification":"Cota de fondo de conducto inferida por prefijo CAD"}},{"type":"Feature","geometry":{"type":"Point","coordinates":[-60.73497709,-31.63866897]},"properties":{"layer":"Cotas Fondo conductos","entity_type":"MTEXT","handle":"2FFB16","text":"FC 10.90","numeric_value":10.9,"display_value":10.9,"display_label":"10.90","classification":"Cota de fondo de conducto inferida por prefijo CAD"}},{"type":"Feature","geometry":{"type":"Point","coordinates":[-60.73419329,-31.63895082]},"properties":{"layer":"Cotas Fondo conductos","entity_type":"MTEXT","handle":"2FFB18","text":"FC 11.10","numeric_value":11.1,"display_value":11.1,"display_label":"11.10","classification":"Cota de fondo de conducto inferida por prefijo CAD"}},{"type":"Feature","geometry":{"type":"Point","coordinates":[-60.73352935,-31.63912448]},"properties":{"layer":"Cotas Fondo conductos","entity_type":"MTEXT","handle":"2FFB1A","text":"FC 11.17","numeric_value":11.17,"display_value":11.17,"display_label":"11.17","classification":"Cota de fondo de conducto inferida por prefijo CAD"}},{"type":"Feature","geometry":{"type":"Point","coordinates":[-60.7328586,-31.63929992]},"properties":{"layer":"Cotas Fondo conductos","entity_type":"MTEXT","handle":"2FFB2A","text":"FC 11.22","numeric_value":11.22,"display_value":11.22,"display_label":"11.22","classification":"Cota de fondo de conducto inferida por prefijo CAD"}},{"type":"Feature","geometry":{"type":"Point","coordinates":[-60.73163828,-31.63963908]},"properties":{"layer":"Cotas Fondo conductos","entity_type":"MTEXT","handle":"2FFB2C","text":"FC 11.36","numeric_value":11.36,"display_value":11.36,"display_label":"11.36","classification":"Cota de fondo de conducto inferida por prefijo CAD"}},{"type":"Feature","geometry":{"type":"Point","coordinates":[-60.73223081,-31.63927881]},"properties":{"layer":"Cotas Fondo conductos","entity_type":"MTEXT","handle":"2FFB2E","text":"FC 11.30","numeric_value":11.3,"display_value":11.3,"display_label":"11.30","classification":"Cota de fondo de conducto inferida por prefijo CAD"}},{"type":"Feature","geometry":{"type":"Point","coordinates":[-60.7308708,-31.63984364]},"properties":{"layer":"Cotas Fondo conductos","entity_type":"MTEXT","handle":"2FFC6D","text":"FC 11.68","numeric_value":11.68,"display_value":11.68,"display_label":"11.68","classification":"Cota de fondo de conducto inferida por prefijo CAD"}},{"type":"Feature","geometry":{"type":"Point","coordinates":[-60.67300185,-31.60162]},"properties":{"layer":"Cotas Fondo conductos","entity_type":"MTEXT","handle":"303FFB","text":"FC 15.10","numeric_value":15.1,"display_value":15.1,"display_label":"15.10","classification":"Cota de fondo de conducto inferida por prefijo CAD"}},{"type":"Feature","geometry":{"type":"Point","coordinates":[-60.68212633,-31.58660661]},"properties":{"layer":"Cotas Fondo conductos","entity_type":"MTEXT","handle":"3060EA","text":"FC 14.70","numeric_value":14.7,"display_value":14.7,"display_label":"14.70","classification":"Cota de fondo de conducto inferida por prefijo CAD"}},{"type":"Feature","geometry":{"type":"Point","coordinates":[-60.6815523,-31.58672043]},"properties":{"layer":"Cotas Fondo conductos","entity_type":"MTEXT","handle":"3060EE","text":"FC 14.58","numeric_value":14.58,"display_value":14.58,"display_label":"14.58","classification":"Cota de fondo de conducto inferida por prefijo CAD"}},{"type":"Feature","geometry":{"type":"Point","coordinates":[-60.68100386,-31.58683114]},"properties":{"layer":"Cotas Fondo conductos","entity_type":"MTEXT","handle":"3060F0","text":"FC 14.44","numeric_value":14.44,"display_value":14.44,"display_label":"14.44","classification":"Cota de fondo de conducto inferida por prefijo CAD"}},{"type":"Feature","geometry":{"type":"Point","coordinates":[-60.67881762,-31.5872634]},"properties":{"layer":"Cotas Fondo conductos","entity_type":"MTEXT","handle":"3060F8","text":"FC 13.90","numeric_value":13.9,"display_value":13.9,"display_label":"13.90","classification":"Cota de fondo de conducto inferida por prefijo CAD"}},{"type":"Feature","geometry":{"type":"Point","coordinates":[-60.68318209,-31.58667784]},"properties":{"layer":"Cotas Fondo conductos","entity_type":"MTEXT","handle":"306102","text":"FC 15.30","numeric_value":15.3,"display_value":15.3,"display_label":"15.30","classification":"Cota de fondo de conducto inferida por prefijo CAD"}},{"type":"Feature","geometry":{"type":"Point","coordinates":[-60.71134062,-31.58541223]},"properties":{"layer":"Cotas Fondo conductos","entity_type":"MTEXT","handle":"30911C","text":"FC 15.34","numeric_value":15.34,"display_value":15.34,"display_label":"15.34","classification":"Cota de fondo de conducto inferida por prefijo CAD"}},{"type":"Feature","geometry":{"type":"Point","coordinates":[-60.71152268,-31.58602915]},"properties":{"layer":"Cotas Fondo conductos","entity_type":"MTEXT","handle":"30CC20","text":"FC 15.28","numeric_value":15.28,"display_value":15.28,"display_label":"15.28","classification":"Cota de fondo de conducto inferida por prefijo CAD"}},{"type":"Feature","geometry":{"type":"Point","coordinates":[-60.71133164,-31.58520222]},"properties":{"layer":"Cotas Fondo conductos","entity_type":"MTEXT","handle":"30CC22","text":"FC 15.38","numeric_value":15.38,"display_value":15.38,"display_label":"15.38","classification":"Cota de fondo de conducto inferida por prefijo CAD"}},{"type":"Feature","geometry":{"type":"Point","coordinates":[-60.71130576,-31.58481022]},"properties":{"layer":"Cotas Fondo conductos","entity_type":"MTEXT","handle":"30CD54","text":"FC 15.60","numeric_value":15.6,"display_value":15.6,"display_label":"15.60","classification":"Cota de fondo de conducto inferida por prefijo CAD"}},{"type":"Feature","geometry":{"type":"Point","coordinates":[-60.7112933,-31.5845911]},"properties":{"layer":"Cotas Fondo conductos","entity_type":"MTEXT","handle":"30CD56","text":"FC 15.70","numeric_value":15.7,"display_value":15.7,"display_label":"15.70","classification":"Cota de fondo de conducto inferida por prefijo CAD"}},{"type":"Feature","geometry":{"type":"Point","coordinates":[-60.71119979,-31.58314365]},"properties":{"layer":"Cotas Fondo conductos","entity_type":"MTEXT","handle":"30CF82","text":"FC 15.40","numeric_value":15.4,"display_value":15.4,"display_label":"15.40","classification":"Cota de fondo de conducto inferida por prefijo CAD"}},{"type":"Feature","geometry":{"type":"Point","coordinates":[-60.71111183,-31.58163474]},"properties":{"layer":"Cotas Fondo conductos","entity_type":"MTEXT","handle":"30D1FE","text":"FC 14.80","numeric_value":14.8,"display_value":14.8,"display_label":"14.80","classification":"Cota de fondo de conducto inferida por prefijo CAD"}},{"type":"Feature","geometry":{"type":"Point","coordinates":[-60.71107974,-31.58109042]},"properties":{"layer":"Cotas Fondo conductos","entity_type":"MTEXT","handle":"30D491","text":"FC 14.79","numeric_value":14.79,"display_value":14.79,"display_label":"14.79","classification":"Cota de fondo de conducto inferida por prefijo CAD"}},{"type":"Feature","geometry":{"type":"Point","coordinates":[-60.7110342,-31.58049662]},"properties":{"layer":"Cotas Fondo conductos","entity_type":"MTEXT","handle":"30D49B","text":"FC 14.78","numeric_value":14.78,"display_value":14.78,"display_label":"14.78","classification":"Cota de fondo de conducto inferida por prefijo CAD"}},{"type":"Feature","geometry":{"type":"Point","coordinates":[-60.71095062,-31.57967427]},"properties":{"layer":"Cotas Fondo conductos","entity_type":"MTEXT","handle":"30D6C5","text":"FC 14.77","numeric_value":14.77,"display_value":14.77,"display_label":"14.77","classification":"Cota de fondo de conducto inferida por prefijo CAD"}},{"type":"Feature","geometry":{"type":"Point","coordinates":[-60.71116879,-31.57842661]},"properties":{"layer":"Cotas Fondo conductos","entity_type":"MTEXT","handle":"30D90C","text":"FC 14.73","numeric_value":14.73,"display_value":14.73,"display_label":"14.73","classification":"Cota de fondo de conducto inferida por prefijo CAD"}},{"type":"Feature","geometry":{"type":"Point","coordinates":[-60.71076777,-31.57761697]},"properties":{"layer":"Cotas Fondo conductos","entity_type":"MTEXT","handle":"30DB57","text":"FC 14.71","numeric_value":14.71,"display_value":14.71,"display_label":"14.71","classification":"Cota de fondo de conducto inferida por prefijo CAD"}},{"type":"Feature","geometry":{"type":"Point","coordinates":[-60.71073191,-31.57724416]},"properties":{"layer":"Cotas Fondo conductos","entity_type":"MTEXT","handle":"30DB59","text":"FC 14.70","numeric_value":14.7,"display_value":14.7,"display_label":"14.70","classification":"Cota de fondo de conducto inferida por prefijo CAD"}},{"type":"Feature","geometry":{"type":"Point","coordinates":[-60.71066834,-31.57657486]},"properties":{"layer":"Cotas Fondo conductos","entity_type":"MTEXT","handle":"30E122","text":"FC 14.69","numeric_value":14.69,"display_value":14.69,"display_label":"14.69","classification":"Cota de fondo de conducto inferida por prefijo CAD"}},{"type":"Feature","geometry":{"type":"Point","coordinates":[-60.71055488,-31.57520625]},"properties":{"layer":"Cotas Fondo conductos","entity_type":"MTEXT","handle":"30E124","text":"FC 15.77","numeric_value":15.77,"display_value":15.77,"display_label":"15.77","classification":"Cota de fondo de conducto inferida por prefijo CAD"}},{"type":"Feature","geometry":{"type":"Point","coordinates":[-60.71059201,-31.57500871]},"properties":{"layer":"Cotas Fondo conductos","entity_type":"MTEXT","handle":"30E126","text":"FC 14.65","numeric_value":14.65,"display_value":14.65,"display_label":"14.65","classification":"Cota de fondo de conducto inferida por prefijo CAD"}},{"type":"Feature","geometry":{"type":"Point","coordinates":[-60.72944352,-31.57069149]},"properties":{"layer":"Cotas Fondo conductos","entity_type":"MTEXT","handle":"30E4CE","text":"FC 15.50","numeric_value":15.5,"display_value":15.5,"display_label":"15.50","classification":"Cota de fondo de conducto inferida por prefijo CAD"}},{"type":"Feature","geometry":{"type":"Point","coordinates":[-60.72894532,-31.57070634]},"properties":{"layer":"Cotas Fondo conductos","entity_type":"MTEXT","handle":"30E4E1","text":"FC 15.62","numeric_value":15.62,"display_value":15.62,"display_label":"15.62","classification":"Cota de fondo de conducto inferida por prefijo CAD"}},{"type":"Feature","geometry":{"type":"Point","coordinates":[-60.72855572,-31.570986]},"properties":{"layer":"Cotas Fondo conductos","entity_type":"MTEXT","handle":"30E625","text":"FC 15.69","numeric_value":15.69,"display_value":15.69,"display_label":"15.69","classification":"Cota de fondo de conducto inferida por prefijo CAD"}},{"type":"Feature","geometry":{"type":"Point","coordinates":[-60.7103296,-31.57413684]},"properties":{"layer":"Cotas Fondo conductos","entity_type":"MTEXT","handle":"30F47F","text":"FC 14.88","numeric_value":14.88,"display_value":14.88,"display_label":"14.88","classification":"Cota de fondo de conducto inferida por prefijo CAD"}},{"type":"Feature","geometry":{"type":"Point","coordinates":[-60.71012357,-31.57352784]},"properties":{"layer":"Cotas Fondo conductos","entity_type":"MTEXT","handle":"30F481","text":"FC 14.90","numeric_value":14.9,"display_value":14.9,"display_label":"14.90","classification":"Cota de fondo de conducto inferida por prefijo CAD"}},{"type":"Feature","geometry":{"type":"Point","coordinates":[-60.70973568,-31.57234253]},"properties":{"layer":"Cotas Fondo conductos","entity_type":"MTEXT","handle":"30F483","text":"FC 14.94","numeric_value":14.94,"display_value":14.94,"display_label":"14.94","classification":"Cota de fondo de conducto inferida por prefijo CAD"}},{"type":"Feature","geometry":{"type":"Point","coordinates":[-60.70935297,-31.57114481]},"properties":{"layer":"Cotas Fondo conductos","entity_type":"MTEXT","handle":"30F485","text":"FC 14.98","numeric_value":14.98,"display_value":14.98,"display_label":"14.98","classification":"Cota de fondo de conducto inferida por prefijo CAD"}},{"type":"Feature","geometry":{"type":"Point","coordinates":[-60.70900005,-31.56995615]},"properties":{"layer":"Cotas Fondo conductos","entity_type":"MTEXT","handle":"30F48F","text":"FC 15.03","numeric_value":15.03,"display_value":15.03,"display_label":"15.03","classification":"Cota de fondo de conducto inferida por prefijo CAD"}},{"type":"Feature","geometry":{"type":"Point","coordinates":[-60.708288,-31.56798342]},"properties":{"layer":"Cotas Fondo conductos","entity_type":"MTEXT","handle":"30F49A","text":"FC 15.70","numeric_value":15.7,"display_value":15.7,"display_label":"15.70","classification":"Cota de fondo de conducto inferida por prefijo CAD"}},{"type":"Feature","geometry":{"type":"Point","coordinates":[-60.70836551,-31.56819241]},"properties":{"layer":"Cotas Fondo conductos","entity_type":"MTEXT","handle":"30F49E","text":"FC 15.50","numeric_value":15.5,"display_value":15.5,"display_label":"15.50","classification":"Cota de fondo de conducto inferida por prefijo CAD"}},{"type":"Feature","geometry":{"type":"Point","coordinates":[-60.70802579,-31.56623933]},"properties":{"layer":"Cotas Fondo conductos","entity_type":"MTEXT","handle":"30F4A8","text":"FC 15.60","numeric_value":15.6,"display_value":15.6,"display_label":"15.60","classification":"Cota de fondo de conducto inferida por prefijo CAD"}},{"type":"Feature","geometry":{"type":"Point","coordinates":[-60.70746157,-31.56455127]},"properties":{"layer":"Cotas Fondo conductos","entity_type":"MTEXT","handle":"30F824","text":"FC 15.20","numeric_value":15.2,"display_value":15.2,"display_label":"15.20","classification":"Cota de fondo de conducto inferida por prefijo CAD"}},{"type":"Feature","geometry":{"type":"Point","coordinates":[-60.58988176,-31.6188821]},"properties":{"layer":"Cotas Fondo conductos","entity_type":"TEXT","handle":"314C4D","text":"FC 14.02","numeric_value":14.02,"display_value":14.02,"display_label":"14.02","classification":"Cota de fondo de conducto inferida por prefijo CAD"}},{"type":"Feature","geometry":{"type":"Point","coordinates":[-60.58942011,-31.61901566]},"properties":{"layer":"Cotas Fondo conductos","entity_type":"TEXT","handle":"314C4E","text":"FC 13.93","numeric_value":13.93,"display_value":13.93,"display_label":"13.93","classification":"Cota de fondo de conducto inferida por prefijo CAD"}},{"type":"Feature","geometry":{"type":"Point","coordinates":[-60.5877684,-31.61950069]},"properties":{"layer":"Cotas Fondo conductos","entity_type":"TEXT","handle":"314C4F","text":"FC 13.72","numeric_value":13.72,"display_value":13.72,"display_label":"13.72","classification":"Cota de fondo de conducto inferida por prefijo CAD"}},{"type":"Feature","geometry":{"type":"Point","coordinates":[-60.58698479,-31.61972371]},"properties":{"layer":"Cotas Fondo conductos","entity_type":"TEXT","handle":"314C50","text":"FC 13.35","numeric_value":13.35,"display_value":13.35,"display_label":"13.35","classification":"Cota de fondo de conducto inferida por prefijo CAD"}},{"type":"Feature","geometry":{"type":"Point","coordinates":[-60.58891355,-31.61916739]},"properties":{"layer":"Cotas Fondo conductos","entity_type":"TEXT","handle":"314C51","text":"FC 13.83","numeric_value":13.83,"display_value":13.83,"display_label":"13.83","classification":"Cota de fondo de conducto inferida por prefijo CAD"}},{"type":"Feature","geometry":{"type":"Point","coordinates":[-60.60914481,-31.63000984]},"properties":{"layer":"Cotas Fondo conductos","entity_type":"TEXT","handle":"314C55","text":"FCa 13.95","numeric_value":13.95,"display_value":13.95,"display_label":"13.95","classification":"Cota de fondo de conducto inferida por prefijo CAD"}},{"type":"Feature","geometry":{"type":"Point","coordinates":[-60.60808328,-31.63019018]},"properties":{"layer":"Cotas Fondo conductos","entity_type":"TEXT","handle":"314C56","text":"FCa 13.90","numeric_value":13.9,"display_value":13.9,"display_label":"13.90","classification":"Cota de fondo de conducto inferida por prefijo CAD"}},{"type":"Feature","geometry":{"type":"Point","coordinates":[-60.60695386,-31.63039159]},"properties":{"layer":"Cotas Fondo conductos","entity_type":"TEXT","handle":"314C57","text":"FCa 13.61","numeric_value":13.61,"display_value":13.61,"display_label":"13.61","classification":"Cota de fondo de conducto inferida por prefijo CAD"}},{"type":"Feature","geometry":{"type":"Point","coordinates":[-60.60701247,-31.63143901]},"properties":{"layer":"Cotas Fondo conductos","entity_type":"TEXT","handle":"314C58","text":"FCa 13.41","numeric_value":13.41,"display_value":13.41,"display_label":"13.41","classification":"Cota de fondo de conducto inferida por prefijo CAD"}},{"type":"Feature","geometry":{"type":"Point","coordinates":[-60.60631334,-31.6282562]},"properties":{"layer":"Cotas Fondo conductos","entity_type":"TEXT","handle":"314C6C","text":"FCa 14.25","numeric_value":14.25,"display_value":14.25,"display_label":"14.25","classification":"Cota de fondo de conducto inferida por prefijo CAD"}},{"type":"Feature","geometry":{"type":"Point","coordinates":[-60.60385417,-31.62871428]},"properties":{"layer":"Cotas Fondo conductos","entity_type":"TEXT","handle":"314C77","text":"FCa 14.05","numeric_value":14.05,"display_value":14.05,"display_label":"14.05","classification":"Cota de fondo de conducto inferida por prefijo CAD"}},{"type":"Feature","geometry":{"type":"Point","coordinates":[-60.60111546,-31.62922743]},"properties":{"layer":"Cotas Fondo conductos","entity_type":"TEXT","handle":"314C8F","text":"FCa 13.83","numeric_value":13.83,"display_value":13.83,"display_label":"13.83","classification":"Cota de fondo de conducto inferida por prefijo CAD"}},{"type":"Feature","geometry":{"type":"Point","coordinates":[-60.61048987,-31.62970256]},"properties":{"layer":"Cotas Fondo conductos","entity_type":"TEXT","handle":"314C9B","text":"FCa 14.25","numeric_value":14.25,"display_value":14.25,"display_label":"14.25","classification":"Cota de fondo de conducto inferida por prefijo CAD"}},{"type":"Feature","geometry":{"type":"Point","coordinates":[-60.70019478,-31.66791266]},"properties":{"layer":"Cotas Fondo conductos","entity_type":"MTEXT","handle":"315D47","text":"FC 8.20","numeric_value":8.2,"display_value":8.2,"display_label":"8.20","classification":"Cota de fondo de conducto inferida por prefijo CAD"}},{"type":"Feature","geometry":{"type":"Point","coordinates":[-60.70031164,-31.66768306]},"properties":{"layer":"Cotas Fondo conductos","entity_type":"MTEXT","handle":"315D49","text":"FC 8.23","numeric_value":8.23,"display_value":8.23,"display_label":"8.23","classification":"Cota de fondo de conducto inferida por prefijo CAD"}},{"type":"Feature","geometry":{"type":"Point","coordinates":[-60.70052609,-31.66724395]},"properties":{"layer":"Cotas Fondo conductos","entity_type":"MTEXT","handle":"315D4B","text":"FC 8.28","numeric_value":8.28,"display_value":8.28,"display_label":"8.28","classification":"Cota de fondo de conducto inferida por prefijo CAD"}},{"type":"Feature","geometry":{"type":"Point","coordinates":[-60.70062262,-31.66696746]},"properties":{"layer":"Cotas Fondo conductos","entity_type":"MTEXT","handle":"315D4D","text":"FC 8.31","numeric_value":8.31,"display_value":8.31,"display_label":"8.31","classification":"Cota de fondo de conducto inferida por prefijo CAD"}},{"type":"Feature","geometry":{"type":"Point","coordinates":[-60.70106248,-31.66551674]},"properties":{"layer":"Cotas Fondo conductos","entity_type":"MTEXT","handle":"315D4F","text":"FC 8.58","numeric_value":8.58,"display_value":8.58,"display_label":"8.58","classification":"Cota de fondo de conducto inferida por prefijo CAD"}},{"type":"Feature","geometry":{"type":"Point","coordinates":[-60.70122505,-31.66437629]},"properties":{"layer":"Cotas Fondo conductos","entity_type":"MTEXT","handle":"315D51","text":"FC 8.98","numeric_value":8.98,"display_value":8.98,"display_label":"8.98","classification":"Cota de fondo de conducto inferida por prefijo CAD"}},{"type":"Feature","geometry":{"type":"Point","coordinates":[-60.7000767,-31.66549686]},"properties":{"layer":"Cotas Fondo conductos","entity_type":"MTEXT","handle":"315D53","text":"FC 8.48","numeric_value":8.48,"display_value":8.48,"display_label":"8.48","classification":"Cota de fondo de conducto inferida por prefijo CAD"}},{"type":"Feature","geometry":{"type":"Point","coordinates":[-60.69894848,-31.66538067]},"properties":{"layer":"Cotas Fondo conductos","entity_type":"MTEXT","handle":"315D55","text":"FC 8.37","numeric_value":8.37,"display_value":8.37,"display_label":"8.37","classification":"Cota de fondo de conducto inferida por prefijo CAD"}},{"type":"Feature","geometry":{"type":"Point","coordinates":[-60.69817954,-31.66536292]},"properties":{"layer":"Cotas Fondo conductos","entity_type":"MTEXT","handle":"315D57","text":"FC 8.29","numeric_value":8.29,"display_value":8.29,"display_label":"8.29","classification":"Cota de fondo de conducto inferida por prefijo CAD"}},{"type":"Feature","geometry":{"type":"Point","coordinates":[-60.69716678,-31.66533371]},"properties":{"layer":"Cotas Fondo conductos","entity_type":"MTEXT","handle":"315D59","text":"FC 8.21","numeric_value":8.21,"display_value":8.21,"display_label":"8.21","classification":"Cota de fondo de conducto inferida por prefijo CAD"}},{"type":"Feature","geometry":{"type":"Point","coordinates":[-60.69698641,-31.6654721]},"properties":{"layer":"Cotas Fondo conductos","entity_type":"MTEXT","handle":"315D5B","text":"FC 8.18","numeric_value":8.18,"display_value":8.18,"display_label":"8.18","classification":"Cota de fondo de conducto inferida por prefijo CAD"}},{"type":"Feature","geometry":{"type":"Point","coordinates":[-60.71757644,-31.60857457]},"properties":{"layer":"Cotas Fondo conductos","entity_type":"MTEXT","handle":"316322","text":"FC 15.12","numeric_value":15.12,"display_value":15.12,"display_label":"15.12","classification":"Cota de fondo de conducto inferida por prefijo CAD"}},{"type":"Feature","geometry":{"type":"Point","coordinates":[-60.71620835,-31.60855224]},"properties":{"layer":"Cotas Fondo conductos","entity_type":"MTEXT","handle":"316323","text":"FC 15.12","numeric_value":15.12,"display_value":15.12,"display_label":"15.12","classification":"Cota de fondo de conducto inferida por prefijo CAD"}},{"type":"Feature","geometry":{"type":"Point","coordinates":[-60.71500967,-31.60873883]},"properties":{"layer":"Cotas Fondo conductos","entity_type":"MTEXT","handle":"316326","text":"FC 15.12","numeric_value":15.12,"display_value":15.12,"display_label":"15.12","classification":"Cota de fondo de conducto inferida por prefijo CAD"}},{"type":"Feature","geometry":{"type":"Point","coordinates":[-60.71453921,-31.60883592]},"properties":{"layer":"Cotas Fondo conductos","entity_type":"MTEXT","handle":"316D59","text":"FC 15.15","numeric_value":15.15,"display_value":15.15,"display_label":"15.15","classification":"Cota de fondo de conducto inferida por prefijo CAD"}},{"type":"Feature","geometry":{"type":"Point","coordinates":[-60.73735832,-31.58645481]},"properties":{"layer":"Cotas Fondo conductos","entity_type":"MTEXT","handle":"3216A3","text":"FC 12.329","numeric_value":12.329,"display_value":12.329,"display_label":"12.33","classification":"Cota de fondo de conducto inferida por prefijo CAD"}},{"type":"Feature","geometry":{"type":"Point","coordinates":[-60.73523407,-31.58707815]},"properties":{"layer":"Cotas Fondo conductos","entity_type":"MTEXT","handle":"3216A6","text":"FC 12.87","numeric_value":12.87,"display_value":12.87,"display_label":"12.87","classification":"Cota de fondo de conducto inferida por prefijo CAD"}},{"type":"Feature","geometry":{"type":"Point","coordinates":[-60.7339374,-31.58721907]},"properties":{"layer":"Cotas Fondo conductos","entity_type":"MTEXT","handle":"3216A8","text":"FC 12.498","numeric_value":12.498,"display_value":12.498,"display_label":"12.50","classification":"Cota de fondo de conducto inferida por prefijo CAD"}},{"type":"Feature","geometry":{"type":"Point","coordinates":[-60.73363801,-31.58727481]},"properties":{"layer":"Cotas Fondo conductos","entity_type":"MTEXT","handle":"3216AA","text":"FC 12.521","numeric_value":12.521,"display_value":12.521,"display_label":"12.52","classification":"Cota de fondo de conducto inferida por prefijo CAD"}},{"type":"Feature","geometry":{"type":"Point","coordinates":[-60.73151734,-31.58766958]},"properties":{"layer":"Cotas Fondo conductos","entity_type":"MTEXT","handle":"3216AC","text":"FC 12.621","numeric_value":12.621,"display_value":12.621,"display_label":"12.62","classification":"Cota de fondo de conducto inferida por prefijo CAD"}},{"type":"Feature","geometry":{"type":"Point","coordinates":[-60.72901042,-31.58813422]},"properties":{"layer":"Cotas Fondo conductos","entity_type":"MTEXT","handle":"3216AE","text":"FC 12.766","numeric_value":12.766,"display_value":12.766,"display_label":"12.77","classification":"Cota de fondo de conducto inferida por prefijo CAD"}},{"type":"Feature","geometry":{"type":"Point","coordinates":[-60.7272645,-31.58850912]},"properties":{"layer":"Cotas Fondo conductos","entity_type":"MTEXT","handle":"3219D9","text":"FC 12.90","numeric_value":12.9,"display_value":12.9,"display_label":"12.90","classification":"Cota de fondo de conducto inferida por prefijo CAD"}},{"type":"Feature","geometry":{"type":"Point","coordinates":[-60.72541116,-31.58880662]},"properties":{"layer":"Cotas Fondo conductos","entity_type":"MTEXT","handle":"3219DB","text":"FC 13.013","numeric_value":13.013,"display_value":13.013,"display_label":"13.01","classification":"Cota de fondo de conducto inferida por prefijo CAD"}},{"type":"Feature","geometry":{"type":"Point","coordinates":[-60.72194256,-31.58958284]},"properties":{"layer":"Cotas Fondo conductos","entity_type":"MTEXT","handle":"321CBC","text":"FC 13.276","numeric_value":13.276,"display_value":13.276,"display_label":"13.28","classification":"Cota de fondo de conducto inferida por prefijo CAD"}},{"type":"Feature","geometry":{"type":"Point","coordinates":[-60.71985918,-31.59002419]},"properties":{"layer":"Cotas Fondo conductos","entity_type":"MTEXT","handle":"3230E9","text":"FC 13.413","numeric_value":13.413,"display_value":13.413,"display_label":"13.41","classification":"Cota de fondo de conducto inferida por prefijo CAD"}},{"type":"Feature","geometry":{"type":"Point","coordinates":[-60.75026065,-31.57319994]},"properties":{"layer":"Cotas Fondo conductos","entity_type":"MTEXT","handle":"323FC0","text":"FC 15.00","numeric_value":15.0,"display_value":15.0,"display_label":"15.00","classification":"Cota de fondo de conducto inferida por prefijo CAD"}},{"type":"Feature","geometry":{"type":"Point","coordinates":[-60.74916692,-31.57524958]},"properties":{"layer":"Cotas Fondo conductos","entity_type":"MTEXT","handle":"323FCC","text":"FC 14.57","numeric_value":14.57,"display_value":14.57,"display_label":"14.57","classification":"Cota de fondo de conducto inferida por prefijo CAD"}},{"type":"Feature","geometry":{"type":"Point","coordinates":[-60.74639532,-31.57558725]},"properties":{"layer":"Cotas Fondo conductos","entity_type":"MTEXT","handle":"323FD2","text":"FC 16.42","numeric_value":16.42,"display_value":16.42,"display_label":"16.42","classification":"Cota de fondo de conducto inferida por prefijo CAD"}},{"type":"Feature","geometry":{"type":"Point","coordinates":[-60.72848999,-31.57626166]},"properties":{"layer":"Cotas Fondo conductos","entity_type":"MTEXT","handle":"32E873","text":"FC 15.86","numeric_value":15.86,"display_value":15.86,"display_label":"15.86","classification":"Cota de fondo de conducto inferida por prefijo CAD"}},{"type":"Feature","geometry":{"type":"Point","coordinates":[-60.72820474,-31.57629548]},"properties":{"layer":"Cotas Fondo conductos","entity_type":"MTEXT","handle":"32E9BC","text":"FC 15.88","numeric_value":15.88,"display_value":15.88,"display_label":"15.88","classification":"Cota de fondo de conducto inferida por prefijo CAD"}},{"type":"Feature","geometry":{"type":"Point","coordinates":[-60.72986373,-31.56833214]},"properties":{"layer":"Cotas Fondo conductos","entity_type":"MTEXT","handle":"32F5F7","text":"FC 16.63","numeric_value":16.63,"display_value":16.63,"display_label":"16.63","classification":"Cota de fondo de conducto inferida por prefijo CAD"}},{"type":"Feature","geometry":{"type":"Point","coordinates":[-60.72921479,-31.57211977]},"properties":{"layer":"Cotas Fondo conductos","entity_type":"MTEXT","handle":"32FA8A","text":"FC 16.60","numeric_value":16.6,"display_value":16.6,"display_label":"16.60","classification":"Cota de fondo de conducto inferida por prefijo CAD"}},{"type":"Feature","geometry":{"type":"Point","coordinates":[-60.72909692,-31.57280706]},"properties":{"layer":"Cotas Fondo conductos","entity_type":"MTEXT","handle":"32FA9B","text":"FC 16.62","numeric_value":16.62,"display_value":16.62,"display_label":"16.62","classification":"Cota de fondo de conducto inferida por prefijo CAD"}},{"type":"Feature","geometry":{"type":"Point","coordinates":[-60.69776975,-31.57786142]},"properties":{"layer":"Cotas Fondo conductos","entity_type":"MTEXT","handle":"34A13F","text":"FC 13.958","numeric_value":13.958,"display_value":13.958,"display_label":"13.96","classification":"Cota de fondo de conducto inferida por prefijo CAD"}},{"type":"Feature","geometry":{"type":"Point","coordinates":[-60.6988351,-31.57761175]},"properties":{"layer":"Cotas Fondo conductos","entity_type":"MTEXT","handle":"34A40A","text":"FC 13.999","numeric_value":13.999,"display_value":13.999,"display_label":"14.00","classification":"Cota de fondo de conducto inferida por prefijo CAD"}},{"type":"Feature","geometry":{"type":"Point","coordinates":[-60.69675074,-31.57809709]},"properties":{"layer":"Cotas Fondo conductos","entity_type":"MTEXT","handle":"34A498","text":"FC 13.908","numeric_value":13.908,"display_value":13.908,"display_label":"13.91","classification":"Cota de fondo de conducto inferida por prefijo CAD"}},{"type":"Feature","geometry":{"type":"Point","coordinates":[-60.69255283,-31.57906677]},"properties":{"layer":"Cotas Fondo conductos","entity_type":"MTEXT","handle":"34A670","text":"FC 13.731","numeric_value":13.731,"display_value":13.731,"display_label":"13.73","classification":"Cota de fondo de conducto inferida por prefijo CAD"}},{"type":"Feature","geometry":{"type":"Point","coordinates":[-60.69363651,-31.5788957]},"properties":{"layer":"Cotas Fondo conductos","entity_type":"MTEXT","handle":"34A7A1","text":"FC 13.783","numeric_value":13.783,"display_value":13.783,"display_label":"13.78","classification":"Cota de fondo de conducto inferida por prefijo CAD"}},{"type":"Feature","geometry":{"type":"Point","coordinates":[-60.69122788,-31.57971286]},"properties":{"layer":"Cotas Fondo conductos","entity_type":"MTEXT","handle":"34ABBA","text":"FC 14.41","numeric_value":14.41,"display_value":14.41,"display_label":"14.41","classification":"Cota de fondo de conducto inferida por prefijo CAD"}},{"type":"Feature","geometry":{"type":"Point","coordinates":[-60.69119846,-31.57936529]},"properties":{"layer":"Cotas Fondo conductos","entity_type":"MTEXT","handle":"34AC41","text":"FC 13.688","numeric_value":13.688,"display_value":13.688,"display_label":"13.69","classification":"Cota de fondo de conducto inferida por prefijo CAD"}},{"type":"Feature","geometry":{"type":"Point","coordinates":[-60.69001549,-31.57965229]},"properties":{"layer":"Cotas Fondo conductos","entity_type":"MTEXT","handle":"34B259","text":"FC 13.638","numeric_value":13.638,"display_value":13.638,"display_label":"13.64","classification":"Cota de fondo de conducto inferida por prefijo CAD"}},{"type":"Feature","geometry":{"type":"Point","coordinates":[-60.68944126,-31.57983111]},"properties":{"layer":"Cotas Fondo conductos","entity_type":"MTEXT","handle":"34B26A","text":"FC 13.612","numeric_value":13.612,"display_value":13.612,"display_label":"13.61","classification":"Cota de fondo de conducto inferida por prefijo CAD"}},{"type":"Feature","geometry":{"type":"Point","coordinates":[-60.68914823,-31.57964972]},"properties":{"layer":"Cotas Fondo conductos","entity_type":"MTEXT","handle":"34B405","text":"FC 13.35","numeric_value":13.35,"display_value":13.35,"display_label":"13.35","classification":"Cota de fondo de conducto inferida por prefijo CAD"}},{"type":"Feature","geometry":{"type":"Point","coordinates":[-60.69519475,-31.578473]},"properties":{"layer":"Cotas Fondo conductos","entity_type":"MTEXT","handle":"34B59E","text":"FC 13.85","numeric_value":13.85,"display_value":13.85,"display_label":"13.85","classification":"Cota de fondo de conducto inferida por prefijo CAD"}},{"type":"Feature","geometry":{"type":"Point","coordinates":[-60.69996061,-31.57733028]},"properties":{"layer":"Cotas Fondo conductos","entity_type":"MTEXT","handle":"34B6B0","text":"FC 13.80","numeric_value":13.8,"display_value":13.8,"display_label":"13.80","classification":"Cota de fondo de conducto inferida por prefijo CAD"}},{"type":"Feature","geometry":{"type":"Point","coordinates":[-60.72521777,-31.6021984]},"properties":{"layer":"Cotas Fondo conductos","entity_type":"MTEXT","handle":"34BB7E","text":"FC 13.19","numeric_value":13.19,"display_value":13.19,"display_label":"13.19","classification":"Cota de fondo de conducto inferida por prefijo CAD"}},{"type":"Feature","geometry":{"type":"Point","coordinates":[-60.73104831,-31.60101019]},"properties":{"layer":"Cotas Fondo conductos","entity_type":"MTEXT","handle":"34BC09","text":"FC 12.07","numeric_value":12.07,"display_value":12.07,"display_label":"12.07","classification":"Cota de fondo de conducto inferida por prefijo CAD"}},{"type":"Feature","geometry":{"type":"Point","coordinates":[-60.72986589,-31.60125123]},"properties":{"layer":"Cotas Fondo conductos","entity_type":"MTEXT","handle":"34BC0C","text":"FC 12.35","numeric_value":12.35,"display_value":12.35,"display_label":"12.35","classification":"Cota de fondo de conducto inferida por prefijo CAD"}},{"type":"Feature","geometry":{"type":"Point","coordinates":[-60.72866668,-31.60149647]},"properties":{"layer":"Cotas Fondo conductos","entity_type":"MTEXT","handle":"34BC0F","text":"FC 12.59","numeric_value":12.59,"display_value":12.59,"display_label":"12.59","classification":"Cota de fondo de conducto inferida por prefijo CAD"}},{"type":"Feature","geometry":{"type":"Point","coordinates":[-60.72743154,-31.60174753]},"properties":{"layer":"Cotas Fondo conductos","entity_type":"MTEXT","handle":"34BDDE","text":"FC 12.84","numeric_value":12.84,"display_value":12.84,"display_label":"12.84","classification":"Cota de fondo de conducto inferida por prefijo CAD"}},{"type":"Feature","geometry":{"type":"Point","coordinates":[-60.72656819,-31.60190891]},"properties":{"layer":"Cotas Fondo conductos","entity_type":"MTEXT","handle":"34BDE1","text":"FC 12.92","numeric_value":12.92,"display_value":12.92,"display_label":"12.92","classification":"Cota de fondo de conducto inferida por prefijo CAD"}},{"type":"Feature","geometry":{"type":"Point","coordinates":[-60.71798823,-31.6068322]},"properties":{"layer":"Cotas Fondo conductos","entity_type":"MTEXT","handle":"34BF93","text":"FC 15.02","numeric_value":15.02,"display_value":15.02,"display_label":"15.02","classification":"Cota de fondo de conducto inferida por prefijo CAD"}},{"type":"Feature","geometry":{"type":"Point","coordinates":[-60.71828526,-31.60716692]},"properties":{"layer":"Cotas Fondo conductos","entity_type":"MTEXT","handle":"34C01A","text":"FC 14.97","numeric_value":14.97,"display_value":14.97,"display_label":"14.97","classification":"Cota de fondo de conducto inferida por prefijo CAD"}},{"type":"Feature","geometry":{"type":"Point","coordinates":[-60.71790802,-31.60650316]},"properties":{"layer":"Cotas Fondo conductos","entity_type":"MTEXT","handle":"34C144","text":"FC 15.07","numeric_value":15.07,"display_value":15.07,"display_label":"15.07","classification":"Cota de fondo de conducto inferida por prefijo CAD"}},{"type":"Feature","geometry":{"type":"Point","coordinates":[-60.71771985,-31.60594621]},"properties":{"layer":"Cotas Fondo conductos","entity_type":"MTEXT","handle":"34C146","text":"FC 15.33","numeric_value":15.33,"display_value":15.33,"display_label":"15.33","classification":"Cota de fondo de conducto inferida por prefijo CAD"}},{"type":"Feature","geometry":{"type":"Point","coordinates":[-60.71659132,-31.60753089]},"properties":{"layer":"Cotas Fondo conductos","entity_type":"MTEXT","handle":"34C1CC","text":"FC 15.45","numeric_value":15.45,"display_value":15.45,"display_label":"15.45","classification":"Cota de fondo de conducto inferida por prefijo CAD"}},{"type":"Feature","geometry":{"type":"Point","coordinates":[-60.71937666,-31.60478028]},"properties":{"layer":"Cotas Fondo conductos","entity_type":"MTEXT","handle":"355153","text":"FC 14.83","numeric_value":14.83,"display_value":14.83,"display_label":"14.83","classification":"Cota de fondo de conducto inferida por prefijo CAD"}},{"type":"Feature","geometry":{"type":"Point","coordinates":[-60.71989335,-31.6045037]},"properties":{"layer":"Cotas Fondo conductos","entity_type":"MTEXT","handle":"355303","text":"FC 14.78","numeric_value":14.78,"display_value":14.78,"display_label":"14.78","classification":"Cota de fondo de conducto inferida por prefijo CAD"}},{"type":"Feature","geometry":{"type":"Point","coordinates":[-60.72035114,-31.60456553]},"properties":{"layer":"Cotas Fondo conductos","entity_type":"MTEXT","handle":"3555BC","text":"FC 14.76","numeric_value":14.76,"display_value":14.76,"display_label":"14.76","classification":"Cota de fondo de conducto inferida por prefijo CAD"}},{"type":"Feature","geometry":{"type":"Point","coordinates":[-60.71901117,-31.60483918]},"properties":{"layer":"Cotas Fondo conductos","entity_type":"MTEXT","handle":"3556DC","text":"FC 15.09","numeric_value":15.09,"display_value":15.09,"display_label":"15.09","classification":"Cota de fondo de conducto inferida por prefijo CAD"}},{"type":"Feature","geometry":{"type":"Point","coordinates":[-60.71888934,-31.60377927]},"properties":{"layer":"Cotas Fondo conductos","entity_type":"MTEXT","handle":"355F74","text":"FC 14.73","numeric_value":14.73,"display_value":14.73,"display_label":"14.73","classification":"Cota de fondo de conducto inferida por prefijo CAD"}},{"type":"Feature","geometry":{"type":"Point","coordinates":[-60.71936119,-31.60380279]},"properties":{"layer":"Cotas Fondo conductos","entity_type":"MTEXT","handle":"356011","text":"FC 14.79","numeric_value":14.79,"display_value":14.79,"display_label":"14.79","classification":"Cota de fondo de conducto inferida por prefijo CAD"}},{"type":"Feature","geometry":{"type":"Point","coordinates":[-60.71867827,-31.60305299]},"properties":{"layer":"Cotas Fondo conductos","entity_type":"MTEXT","handle":"3560A7","text":"FC 14.05","numeric_value":14.05,"display_value":14.05,"display_label":"14.05","classification":"Cota de fondo de conducto inferida por prefijo CAD"}},{"type":"Feature","geometry":{"type":"Point","coordinates":[-60.7192673,-31.60286884]},"properties":{"layer":"Cotas Fondo conductos","entity_type":"MTEXT","handle":"35627E","text":"FC 14.00","numeric_value":14.0,"display_value":14.0,"display_label":"14.00","classification":"Cota de fondo de conducto inferida por prefijo CAD"}},{"type":"Feature","geometry":{"type":"Point","coordinates":[-60.71969223,-31.60273271]},"properties":{"layer":"Cotas Fondo conductos","entity_type":"MTEXT","handle":"356280","text":"FC 13.92","numeric_value":13.92,"display_value":13.92,"display_label":"13.92","classification":"Cota de fondo de conducto inferida por prefijo CAD"}},{"type":"Feature","geometry":{"type":"Point","coordinates":[-60.71881549,-31.60331854]},"properties":{"layer":"Cotas Fondo conductos","entity_type":"MTEXT","handle":"356557","text":"FC 14.67","numeric_value":14.67,"display_value":14.67,"display_label":"14.67","classification":"Cota de fondo de conducto inferida por prefijo CAD"}},{"type":"Feature","geometry":{"type":"Point","coordinates":[-60.7182257,-31.60309936]},"properties":{"layer":"Cotas Fondo conductos","entity_type":"MTEXT","handle":"35655B","text":"FC 14.27","numeric_value":14.27,"display_value":14.27,"display_label":"14.27","classification":"Cota de fondo de conducto inferida por prefijo CAD"}},{"type":"Feature","geometry":{"type":"Point","coordinates":[-60.71784282,-31.60317595]},"properties":{"layer":"Cotas Fondo conductos","entity_type":"MTEXT","handle":"356609","text":"FC 14.32","numeric_value":14.32,"display_value":14.32,"display_label":"14.32","classification":"Cota de fondo de conducto inferida por prefijo CAD"}},{"type":"Feature","geometry":{"type":"Point","coordinates":[-60.71816072,-31.60345809]},"properties":{"layer":"Cotas Fondo conductos","entity_type":"MTEXT","handle":"35661E","text":"FC 14.87","numeric_value":14.87,"display_value":14.87,"display_label":"14.87","classification":"Cota de fondo de conducto inferida por prefijo CAD"}},{"type":"Feature","geometry":{"type":"Point","coordinates":[-60.71704626,-31.60333987]},"properties":{"layer":"Cotas Fondo conductos","entity_type":"MTEXT","handle":"3566AC","text":"FC 14.39","numeric_value":14.39,"display_value":14.39,"display_label":"14.39","classification":"Cota de fondo de conducto inferida por prefijo CAD"}},{"type":"Feature","geometry":{"type":"Point","coordinates":[-60.71722435,-31.60387114]},"properties":{"layer":"Cotas Fondo conductos","entity_type":"MTEXT","handle":"3568AC","text":"FC 15.30","numeric_value":15.3,"display_value":15.3,"display_label":"15.30","classification":"Cota de fondo de conducto inferida por prefijo CAD"}},{"type":"Feature","geometry":{"type":"Point","coordinates":[-60.7166327,-31.60345578]},"properties":{"layer":"Cotas Fondo conductos","entity_type":"MTEXT","handle":"356A59","text":"FC 14.43","numeric_value":14.43,"display_value":14.43,"display_label":"14.43","classification":"Cota de fondo de conducto inferida por prefijo CAD"}},{"type":"Feature","geometry":{"type":"Point","coordinates":[-60.71602835,-31.60517515]},"properties":{"layer":"Cotas Fondo conductos","entity_type":"MTEXT","handle":"356B83","text":"FC 15.08","numeric_value":15.08,"display_value":15.08,"display_label":"15.08","classification":"Cota de fondo de conducto inferida por prefijo CAD"}},{"type":"Feature","geometry":{"type":"Point","coordinates":[-60.71582839,-31.60434178]},"properties":{"layer":"Cotas Fondo conductos","entity_type":"MTEXT","handle":"356B91","text":"FC 14.79","numeric_value":14.79,"display_value":14.79,"display_label":"14.79","classification":"Cota de fondo de conducto inferida por prefijo CAD"}},{"type":"Feature","geometry":{"type":"Point","coordinates":[-60.71590749,-31.60363195]},"properties":{"layer":"Cotas Fondo conductos","entity_type":"MTEXT","handle":"356C18","text":"FC 14.52","numeric_value":14.52,"display_value":14.52,"display_label":"14.52","classification":"Cota de fondo de conducto inferida por prefijo CAD"}},{"type":"Feature","geometry":{"type":"Point","coordinates":[-60.71634178,-31.60465173]},"properties":{"layer":"Cotas Fondo conductos","entity_type":"MTEXT","handle":"356D40","text":"FC 14.83","numeric_value":14.83,"display_value":14.83,"display_label":"14.83","classification":"Cota de fondo de conducto inferida por prefijo CAD"}},{"type":"Feature","geometry":{"type":"Point","coordinates":[-60.7490754,-31.5755656]},"properties":{"layer":"Cotas Fondo conductos","entity_type":"MTEXT","handle":"3578ED","text":"FC 14.37","numeric_value":14.37,"display_value":14.37,"display_label":"14.37","classification":"Cota de fondo de conducto inferida por prefijo CAD"}},{"type":"Feature","geometry":{"type":"Point","coordinates":[-60.74904252,-31.57483112]},"properties":{"layer":"Cotas Fondo conductos","entity_type":"MTEXT","handle":"357B0F","text":"FC 14.83","numeric_value":14.83,"display_value":14.83,"display_label":"14.83","classification":"Cota de fondo de conducto inferida por prefijo CAD"}},{"type":"Feature","geometry":{"type":"Point","coordinates":[-60.74893198,-31.574468]},"properties":{"layer":"Cotas Fondo conductos","entity_type":"MTEXT","handle":"357B12","text":"FC 15.08","numeric_value":15.08,"display_value":15.08,"display_label":"15.08","classification":"Cota de fondo de conducto inferida por prefijo CAD"}},{"type":"Feature","geometry":{"type":"Point","coordinates":[-60.7487811,-31.5739624]},"properties":{"layer":"Cotas Fondo conductos","entity_type":"MTEXT","handle":"357B15","text":"FC 15.32","numeric_value":15.32,"display_value":15.32,"display_label":"15.32","classification":"Cota de fondo de conducto inferida por prefijo CAD"}},{"type":"Feature","geometry":{"type":"Point","coordinates":[-60.74865535,-31.57353452]},"properties":{"layer":"Cotas Fondo conductos","entity_type":"MTEXT","handle":"357B9C","text":"FC 15.60","numeric_value":15.6,"display_value":15.6,"display_label":"15.60","classification":"Cota de fondo de conducto inferida por prefijo CAD"}},{"type":"Feature","geometry":{"type":"Point","coordinates":[-60.74852392,-31.57309241]},"properties":{"layer":"Cotas Fondo conductos","entity_type":"MTEXT","handle":"357B9F","text":"FC 15.82","numeric_value":15.82,"display_value":15.82,"display_label":"15.82","classification":"Cota de fondo de conducto inferida por prefijo CAD"}},{"type":"Feature","geometry":{"type":"Point","coordinates":[-60.75064677,-31.57328718]},"properties":{"layer":"Cotas Fondo conductos","entity_type":"MTEXT","handle":"357C2D","text":"FC 14.91","numeric_value":14.91,"display_value":14.91,"display_label":"14.91","classification":"Cota de fondo de conducto inferida por prefijo CAD"}},{"type":"Feature","geometry":{"type":"Point","coordinates":[-60.75069394,-31.57350351]},"properties":{"layer":"Cotas Fondo conductos","entity_type":"MTEXT","handle":"357C42","text":"FC 14.63","numeric_value":14.63,"display_value":14.63,"display_label":"14.63","classification":"Cota de fondo de conducto inferida por prefijo CAD"}},{"type":"Feature","geometry":{"type":"Point","coordinates":[-60.7508219,-31.57393384]},"properties":{"layer":"Cotas Fondo conductos","entity_type":"MTEXT","handle":"357CC9","text":"FC 14.41","numeric_value":14.41,"display_value":14.41,"display_label":"14.41","classification":"Cota de fondo de conducto inferida por prefijo CAD"}},{"type":"Feature","geometry":{"type":"Point","coordinates":[-60.75095237,-31.57437291]},"properties":{"layer":"Cotas Fondo conductos","entity_type":"MTEXT","handle":"357CCC","text":"FC 14.17","numeric_value":14.17,"display_value":14.17,"display_label":"14.17","classification":"Cota de fondo de conducto inferida por prefijo CAD"}},{"type":"Feature","geometry":{"type":"Point","coordinates":[-60.7512624,-31.57456493]},"properties":{"layer":"Cotas Fondo conductos","entity_type":"MTEXT","handle":"357CCF","text":"FC 14.12","numeric_value":14.12,"display_value":14.12,"display_label":"14.12","classification":"Cota de fondo de conducto inferida por prefijo CAD"}},{"type":"Feature","geometry":{"type":"Point","coordinates":[-60.75093618,-31.57471007]},"properties":{"layer":"Cotas Fondo conductos","entity_type":"MTEXT","handle":"357CD4","text":"FC 14.52","numeric_value":14.52,"display_value":14.52,"display_label":"14.52","classification":"Cota de fondo de conducto inferida por prefijo CAD"}},{"type":"Feature","geometry":{"type":"Point","coordinates":[-60.75141166,-31.57437021]},"properties":{"layer":"Cotas Fondo conductos","entity_type":"MTEXT","handle":"357CD7","text":"FC 14.07","numeric_value":14.07,"display_value":14.07,"display_label":"14.07","classification":"Cota de fondo de conducto inferida por prefijo CAD"}},{"type":"Feature","geometry":{"type":"Point","coordinates":[-60.7473835,-31.57624764]},"properties":{"layer":"Cotas Fondo conductos","entity_type":"MTEXT","handle":"357F96","text":"FC 14.37","numeric_value":14.37,"display_value":14.37,"display_label":"14.37","classification":"Cota de fondo de conducto inferida por prefijo CAD"}},{"type":"Feature","geometry":{"type":"Point","coordinates":[-60.74686625,-31.57472535]},"properties":{"layer":"Cotas Fondo conductos","entity_type":"MTEXT","handle":"358348","text":"FC 15.78","numeric_value":15.78,"display_value":15.78,"display_label":"15.78","classification":"Cota de fondo de conducto inferida por prefijo CAD"}},{"type":"Feature","geometry":{"type":"Point","coordinates":[-60.74698554,-31.57410804]},"properties":{"layer":"Cotas Fondo conductos","entity_type":"MTEXT","handle":"3583CE","text":"FC 15.95","numeric_value":15.95,"display_value":15.95,"display_label":"15.95","classification":"Cota de fondo de conducto inferida por prefijo CAD"}},{"type":"Feature","geometry":{"type":"Point","coordinates":[-60.74708476,-31.57360825]},"properties":{"layer":"Cotas Fondo conductos","entity_type":"MTEXT","handle":"3583D0","text":"FC 16.04","numeric_value":16.04,"display_value":16.04,"display_label":"16.04","classification":"Cota de fondo de conducto inferida por prefijo CAD"}},{"type":"Feature","geometry":{"type":"Point","coordinates":[-60.74717274,-31.57316503]},"properties":{"layer":"Cotas Fondo conductos","entity_type":"MTEXT","handle":"3583D2","text":"FC 16.25","numeric_value":16.25,"display_value":16.25,"display_label":"16.25","classification":"Cota de fondo de conducto inferida por prefijo CAD"}},{"type":"Feature","geometry":{"type":"Point","coordinates":[-60.72453943,-31.60219076]},"properties":{"layer":"Cotas Fondo conductos","entity_type":"MTEXT","handle":"358725","text":"FC 13.35","numeric_value":13.35,"display_value":13.35,"display_label":"13.35","classification":"Cota de fondo de conducto inferida por prefijo CAD"}},{"type":"Feature","geometry":{"type":"Point","coordinates":[-60.68506684,-31.59417369]},"properties":{"layer":"Cotas Fondo conductos","entity_type":"TEXT","handle":"35A535","text":"FC 14.22","numeric_value":14.22,"display_value":14.22,"display_label":"14.22","classification":"Cota de fondo de conducto inferida por prefijo CAD"}},{"type":"Feature","geometry":{"type":"Point","coordinates":[-60.68501024,-31.59407662]},"properties":{"layer":"Cotas Fondo conductos","entity_type":"TEXT","handle":"35A537","text":"FC 14.61","numeric_value":14.61,"display_value":14.61,"display_label":"14.61","classification":"Cota de fondo de conducto inferida por prefijo CAD"}},{"type":"Feature","geometry":{"type":"Point","coordinates":[-60.68495262,-31.59299439]},"properties":{"layer":"Cotas Fondo conductos","entity_type":"TEXT","handle":"35A6DA","text":"FC 15.02","numeric_value":15.02,"display_value":15.02,"display_label":"15.02","classification":"Cota de fondo de conducto inferida por prefijo CAD"}},{"type":"Feature","geometry":{"type":"Point","coordinates":[-60.68488578,-31.59359777]},"properties":{"layer":"Cotas Fondo conductos","entity_type":"TEXT","handle":"35A6EC","text":"FC 15.80","numeric_value":15.8,"display_value":15.8,"display_label":"15.80","classification":"Cota de fondo de conducto inferida por prefijo CAD"}},{"type":"Feature","geometry":{"type":"Point","coordinates":[-60.68475873,-31.5931281]},"properties":{"layer":"Cotas Fondo conductos","entity_type":"TEXT","handle":"35AAD1","text":"FC 15.80","numeric_value":15.8,"display_value":15.8,"display_label":"15.80","classification":"Cota de fondo de conducto inferida por prefijo CAD"}},{"type":"Feature","geometry":{"type":"Point","coordinates":[-60.68445493,-31.59305425]},"properties":{"layer":"Cotas Fondo conductos","entity_type":"TEXT","handle":"35AAD3","text":"FC 15.90","numeric_value":15.9,"display_value":15.9,"display_label":"15.90","classification":"Cota de fondo de conducto inferida por prefijo CAD"}},{"type":"Feature","geometry":{"type":"Point","coordinates":[-60.68443556,-31.59254198]},"properties":{"layer":"Cotas Fondo conductos","entity_type":"TEXT","handle":"35AAE0","text":"FC 16.00","numeric_value":16.0,"display_value":16.0,"display_label":"16.00","classification":"Cota de fondo de conducto inferida por prefijo CAD"}},{"type":"Feature","geometry":{"type":"Point","coordinates":[-60.68459055,-31.59351884]},"properties":{"layer":"Cotas Fondo conductos","entity_type":"TEXT","handle":"35AC89","text":"FC 16.00","numeric_value":16.0,"display_value":16.0,"display_label":"16.00","classification":"Cota de fondo de conducto inferida por prefijo CAD"}},{"type":"Feature","geometry":{"type":"Point","coordinates":[-60.68508132,-31.59346862]},"properties":{"layer":"Cotas Fondo conductos","entity_type":"TEXT","handle":"35AD11","text":"FC 14.82","numeric_value":14.82,"display_value":14.82,"display_label":"14.82","classification":"Cota de fondo de conducto inferida por prefijo CAD"}},{"type":"Feature","geometry":{"type":"Point","coordinates":[-60.68481396,-31.59248191]},"properties":{"layer":"Cotas Fondo conductos","entity_type":"TEXT","handle":"35AD98","text":"FC 15.15","numeric_value":15.15,"display_value":15.15,"display_label":"15.15","classification":"Cota de fondo de conducto inferida por prefijo CAD"}},{"type":"Feature","geometry":{"type":"Point","coordinates":[-60.68465332,-31.5916317]},"properties":{"layer":"Cotas Fondo conductos","entity_type":"TEXT","handle":"35AE28","text":"FC 15.70","numeric_value":15.7,"display_value":15.7,"display_label":"15.70","classification":"Cota de fondo de conducto inferida por prefijo CAD"}},{"type":"Feature","geometry":{"type":"Point","coordinates":[-60.68426467,-31.59171529]},"properties":{"layer":"Cotas Fondo conductos","entity_type":"TEXT","handle":"35AE38","text":"FC 15.70","numeric_value":15.7,"display_value":15.7,"display_label":"15.70","classification":"Cota de fondo de conducto inferida por prefijo CAD"}},{"type":"Feature","geometry":{"type":"Point","coordinates":[-60.68459533,-31.59172637]},"properties":{"layer":"Cotas Fondo conductos","entity_type":"TEXT","handle":"35AEBF","text":"FC 15.35","numeric_value":15.35,"display_value":15.35,"display_label":"15.35","classification":"Cota de fondo de conducto inferida por prefijo CAD"}},{"type":"Feature","geometry":{"type":"Point","coordinates":[-60.68377899,-31.5902658]},"properties":{"layer":"Cotas Fondo conductos","entity_type":"TEXT","handle":"35AFEF","text":"FC 16.10","numeric_value":16.1,"display_value":16.1,"display_label":"16.10","classification":"Cota de fondo de conducto inferida por prefijo CAD"}},{"type":"Feature","geometry":{"type":"Point","coordinates":[-60.6844844,-31.59124878]},"properties":{"layer":"Cotas Fondo conductos","entity_type":"TEXT","handle":"35AFF5","text":"FC 15.56","numeric_value":15.56,"display_value":15.56,"display_label":"15.56","classification":"Cota de fondo de conducto inferida por prefijo CAD"}},{"type":"Feature","geometry":{"type":"Point","coordinates":[-60.68462024,-31.59261605]},"properties":{"layer":"Cotas Fondo conductos","entity_type":"TEXT","handle":"35B191","text":"FC 15.80","numeric_value":15.8,"display_value":15.8,"display_label":"15.80","classification":"Cota de fondo de conducto inferida por prefijo CAD"}},{"type":"Feature","geometry":{"type":"Point","coordinates":[-60.6844454,-31.59072833]},"properties":{"layer":"Cotas Fondo conductos","entity_type":"TEXT","handle":"35B193","text":"FC 16.00","numeric_value":16.0,"display_value":16.0,"display_label":"16.00","classification":"Cota de fondo de conducto inferida por prefijo CAD"}},{"type":"Feature","geometry":{"type":"Point","coordinates":[-60.68429368,-31.59034104]},"properties":{"layer":"Cotas Fondo conductos","entity_type":"TEXT","handle":"35B222","text":"FC 15.80","numeric_value":15.8,"display_value":15.8,"display_label":"15.80","classification":"Cota de fondo de conducto inferida por prefijo CAD"}},{"type":"Feature","geometry":{"type":"Point","coordinates":[-60.68427881,-31.5901949]},"properties":{"layer":"Cotas Fondo conductos","entity_type":"TEXT","handle":"35B332","text":"FC 16.00","numeric_value":16.0,"display_value":16.0,"display_label":"16.00","classification":"Cota de fondo de conducto inferida por prefijo CAD"}},{"type":"Feature","geometry":{"type":"Point","coordinates":[-60.68389931,-31.59037422]},"properties":{"layer":"Cotas Fondo conductos","entity_type":"TEXT","handle":"35B334","text":"FC 16.00","numeric_value":16.0,"display_value":16.0,"display_label":"16.00","classification":"Cota de fondo de conducto inferida por prefijo CAD"}},{"type":"Feature","geometry":{"type":"Point","coordinates":[-60.68404436,-31.59079223]},"properties":{"layer":"Cotas Fondo conductos","entity_type":"TEXT","handle":"35B337","text":"FC 16.00","numeric_value":16.0,"display_value":16.0,"display_label":"16.00","classification":"Cota de fondo de conducto inferida por prefijo CAD"}},{"type":"Feature","geometry":{"type":"Point","coordinates":[-60.68437645,-31.59065257]},"properties":{"layer":"Cotas Fondo conductos","entity_type":"TEXT","handle":"35B5F7","text":"FC 15.70","numeric_value":15.7,"display_value":15.7,"display_label":"15.70","classification":"Cota de fondo de conducto inferida por prefijo CAD"}},{"type":"Feature","geometry":{"type":"Point","coordinates":[-60.68610204,-31.59215727]},"properties":{"layer":"Cotas Fondo conductos","entity_type":"TEXT","handle":"35B687","text":"FC 15.90","numeric_value":15.9,"display_value":15.9,"display_label":"15.90","classification":"Cota de fondo de conducto inferida por prefijo CAD"}},{"type":"Feature","geometry":{"type":"Point","coordinates":[-60.68612995,-31.59229624]},"properties":{"layer":"Cotas Fondo conductos","entity_type":"TEXT","handle":"35B691","text":"FC 15.47","numeric_value":15.47,"display_value":15.47,"display_label":"15.47","classification":"Cota de fondo de conducto inferida por prefijo CAD"}},{"type":"Feature","geometry":{"type":"Point","coordinates":[-60.68582472,-31.59215379]},"properties":{"layer":"Cotas Fondo conductos","entity_type":"TEXT","handle":"35B693","text":"FC 15.80","numeric_value":15.8,"display_value":15.8,"display_label":"15.80","classification":"Cota de fondo de conducto inferida por prefijo CAD"}},{"type":"Feature","geometry":{"type":"Point","coordinates":[-60.68619359,-31.59270606]},"properties":{"layer":"Cotas Fondo conductos","entity_type":"TEXT","handle":"35B719","text":"FC 15.90","numeric_value":15.9,"display_value":15.9,"display_label":"15.90","classification":"Cota de fondo de conducto inferida por prefijo CAD"}},{"type":"Feature","geometry":{"type":"Point","coordinates":[-60.68622459,-31.59284245]},"properties":{"layer":"Cotas Fondo conductos","entity_type":"TEXT","handle":"35B722","text":"FC 15.23","numeric_value":15.23,"display_value":15.23,"display_label":"15.23","classification":"Cota de fondo de conducto inferida por prefijo CAD"}},{"type":"Feature","geometry":{"type":"Point","coordinates":[-60.68590764,-31.59269749]},"properties":{"layer":"Cotas Fondo conductos","entity_type":"TEXT","handle":"35B723","text":"FC 15.33","numeric_value":15.33,"display_value":15.33,"display_label":"15.33","classification":"Cota de fondo de conducto inferida por prefijo CAD"}},{"type":"Feature","geometry":{"type":"Point","coordinates":[-60.68626422,-31.5932092]},"properties":{"layer":"Cotas Fondo conductos","entity_type":"TEXT","handle":"35B725","text":"FC 15.90","numeric_value":15.9,"display_value":15.9,"display_label":"15.90","classification":"Cota de fondo de conducto inferida por prefijo CAD"}},{"type":"Feature","geometry":{"type":"Point","coordinates":[-60.68599605,-31.59332226]},"properties":{"layer":"Cotas Fondo conductos","entity_type":"TEXT","handle":"35B7C6","text":"FC 15.09","numeric_value":15.09,"display_value":15.09,"display_label":"15.09","classification":"Cota de fondo de conducto inferida por prefijo CAD"}},{"type":"Feature","geometry":{"type":"Point","coordinates":[-60.68602877,-31.59372998]},"properties":{"layer":"Cotas Fondo conductos","entity_type":"TEXT","handle":"35B7C9","text":"FC 14.93","numeric_value":14.93,"display_value":14.93,"display_label":"14.93","classification":"Cota de fondo de conducto inferida por prefijo CAD"}},{"type":"Feature","geometry":{"type":"Point","coordinates":[-60.68491501,-31.59396584]},"properties":{"layer":"Cotas Fondo conductos","entity_type":"TEXT","handle":"35B7CD","text":"FC 16.00","numeric_value":16.0,"display_value":16.0,"display_label":"16.00","classification":"Cota de fondo de conducto inferida por prefijo CAD"}},{"type":"Feature","geometry":{"type":"Point","coordinates":[-60.6852682,-31.59390081]},"properties":{"layer":"Cotas Fondo conductos","entity_type":"TEXT","handle":"35B853","text":"FC 16.00","numeric_value":16.0,"display_value":16.0,"display_label":"16.00","classification":"Cota de fondo de conducto inferida por prefijo CAD"}},{"type":"Feature","geometry":{"type":"Point","coordinates":[-60.67319754,-31.5966273]},"properties":{"layer":"Cotas Fondo conductos","entity_type":"TEXT","handle":"35BC19","text":"FC 15.71","numeric_value":15.71,"display_value":15.71,"display_label":"15.71","classification":"Cota de fondo de conducto inferida por prefijo CAD"}},{"type":"Feature","geometry":{"type":"Point","coordinates":[-60.67654825,-31.59578967]},"properties":{"layer":"Cotas Fondo conductos","entity_type":"TEXT","handle":"35BD34","text":"FC 13.73","numeric_value":13.73,"display_value":13.73,"display_label":"13.73","classification":"Cota de fondo de conducto inferida por prefijo CAD"}},{"type":"Feature","geometry":{"type":"Point","coordinates":[-60.6776021,-31.59559976]},"properties":{"layer":"Cotas Fondo conductos","entity_type":"TEXT","handle":"35BDBA","text":"FC 13.79","numeric_value":13.79,"display_value":13.79,"display_label":"13.79","classification":"Cota de fondo de conducto inferida por prefijo CAD"}},{"type":"Feature","geometry":{"type":"Point","coordinates":[-60.72618802,-31.57141643]},"properties":{"layer":"Cotas Fondo conductos","entity_type":"MTEXT","handle":"35BFD5","text":"FC 15.75","numeric_value":15.75,"display_value":15.75,"display_label":"15.75","classification":"Cota de fondo de conducto inferida por prefijo CAD"}},{"type":"Feature","geometry":{"type":"Point","coordinates":[-60.7255583,-31.5715598]},"properties":{"layer":"Cotas Fondo conductos","entity_type":"MTEXT","handle":"35BFD7","text":"FC 15.79","numeric_value":15.79,"display_value":15.79,"display_label":"15.79","classification":"Cota de fondo de conducto inferida por prefijo CAD"}},{"type":"Feature","geometry":{"type":"Point","coordinates":[-60.72949397,-31.57048044]},"properties":{"layer":"Cotas Fondo conductos","entity_type":"MTEXT","handle":"35C05D","text":"FC 16.50","numeric_value":16.5,"display_value":16.5,"display_label":"16.50","classification":"Cota de fondo de conducto inferida por prefijo CAD"}},{"type":"Feature","geometry":{"type":"Point","coordinates":[-60.72992495,-31.56954201]},"properties":{"layer":"Cotas Fondo conductos","entity_type":"MTEXT","handle":"35C32F","text":"FC 16.65","numeric_value":16.65,"display_value":16.65,"display_label":"16.65","classification":"Cota de fondo de conducto inferida por prefijo CAD"}},{"type":"Feature","geometry":{"type":"Point","coordinates":[-60.72950183,-31.56947583]},"properties":{"layer":"Cotas Fondo conductos","entity_type":"MTEXT","handle":"35C331","text":"FC 16.73","numeric_value":16.73,"display_value":16.73,"display_label":"16.73","classification":"Cota de fondo de conducto inferida por prefijo CAD"}},{"type":"Feature","geometry":{"type":"Point","coordinates":[-60.7288735,-31.57191873]},"properties":{"layer":"Cotas Fondo conductos","entity_type":"MTEXT","handle":"35C9C5","text":"FC 16.68","numeric_value":16.68,"display_value":16.68,"display_label":"16.68","classification":"Cota de fondo de conducto inferida por prefijo CAD"}},{"type":"Feature","geometry":{"type":"Point","coordinates":[-60.72874227,-31.57262062]},"properties":{"layer":"Cotas Fondo conductos","entity_type":"MTEXT","handle":"35CA73","text":"FC 16.68","numeric_value":16.68,"display_value":16.68,"display_label":"16.68","classification":"Cota de fondo de conducto inferida por prefijo CAD"}},{"type":"Feature","geometry":{"type":"Point","coordinates":[-60.72850988,-31.57347637]},"properties":{"layer":"Cotas Fondo conductos","entity_type":"MTEXT","handle":"35CB7E","text":"FC 16.80","numeric_value":16.8,"display_value":16.8,"display_label":"16.80","classification":"Cota de fondo de conducto inferida por prefijo CAD"}},{"type":"Feature","geometry":{"type":"Point","coordinates":[-60.72863059,-31.57363173]},"properties":{"layer":"Cotas Fondo conductos","entity_type":"MTEXT","handle":"35CB80","text":"FC 16.86","numeric_value":16.86,"display_value":16.86,"display_label":"16.86","classification":"Cota de fondo de conducto inferida por prefijo CAD"}},{"type":"Feature","geometry":{"type":"Point","coordinates":[-60.72895268,-31.57354519]},"properties":{"layer":"Cotas Fondo conductos","entity_type":"MTEXT","handle":"35CB82","text":"FC 16.50","numeric_value":16.5,"display_value":16.5,"display_label":"16.50","classification":"Cota de fondo de conducto inferida por prefijo CAD"}},{"type":"Feature","geometry":{"type":"Point","coordinates":[-60.72876857,-31.57337393]},"properties":{"layer":"Cotas Fondo conductos","entity_type":"MTEXT","handle":"35CC08","text":"FC 16.57","numeric_value":16.57,"display_value":16.57,"display_label":"16.57","classification":"Cota de fondo de conducto inferida por prefijo CAD"}},{"type":"Feature","geometry":{"type":"Point","coordinates":[-60.72863862,-31.57478829]},"properties":{"layer":"Cotas Fondo conductos","entity_type":"MTEXT","handle":"35CF3E","text":"FC 16.50","numeric_value":16.5,"display_value":16.5,"display_label":"16.50","classification":"Cota de fondo de conducto inferida por prefijo CAD"}},{"type":"Feature","geometry":{"type":"Point","coordinates":[-60.72832149,-31.57457352]},"properties":{"layer":"Cotas Fondo conductos","entity_type":"MTEXT","handle":"35CF46","text":"FC 16.86","numeric_value":16.86,"display_value":16.86,"display_label":"16.86","classification":"Cota de fondo de conducto inferida por prefijo CAD"}},{"type":"Feature","geometry":{"type":"Point","coordinates":[-60.72857442,-31.57618392]},"properties":{"layer":"Cotas Fondo conductos","entity_type":"MTEXT","handle":"35D3AC","text":"FC 15.85","numeric_value":15.85,"display_value":15.85,"display_label":"15.85","classification":"Cota de fondo de conducto inferida por prefijo CAD"}},{"type":"Feature","geometry":{"type":"Point","coordinates":[-60.72793157,-31.57609321]},"properties":{"layer":"Cotas Fondo conductos","entity_type":"MTEXT","handle":"35D436","text":"FC 15.76","numeric_value":15.76,"display_value":15.76,"display_label":"15.76","classification":"Cota de fondo de conducto inferida por prefijo CAD"}},{"type":"Feature","geometry":{"type":"Point","coordinates":[-60.72787992,-31.57634214]},"properties":{"layer":"Cotas Fondo conductos","entity_type":"MTEXT","handle":"35D438","text":"FC 15.76","numeric_value":15.76,"display_value":15.76,"display_label":"15.76","classification":"Cota de fondo de conducto inferida por prefijo CAD"}},{"type":"Feature","geometry":{"type":"Point","coordinates":[-60.72727699,-31.57622209]},"properties":{"layer":"Cotas Fondo conductos","entity_type":"MTEXT","handle":"35D43A","text":"FC 15.97","numeric_value":15.97,"display_value":15.97,"display_label":"15.97","classification":"Cota de fondo de conducto inferida por prefijo CAD"}},{"type":"Feature","geometry":{"type":"Point","coordinates":[-60.72747528,-31.57805799]},"properties":{"layer":"Cotas Fondo conductos","entity_type":"MTEXT","handle":"35D694","text":"FC 15.53","numeric_value":15.53,"display_value":15.53,"display_label":"15.53","classification":"Cota de fondo de conducto inferida por prefijo CAD"}},{"type":"Feature","geometry":{"type":"Point","coordinates":[-60.72708332,-31.57702029]},"properties":{"layer":"Cotas Fondo conductos","entity_type":"MTEXT","handle":"35D8B7","text":"FC 16.04","numeric_value":16.04,"display_value":16.04,"display_label":"16.04","classification":"Cota de fondo de conducto inferida por prefijo CAD"}},{"type":"Feature","geometry":{"type":"Point","coordinates":[-60.7266055,-31.57684227]},"properties":{"layer":"Cotas Fondo conductos","entity_type":"MTEXT","handle":"35D93D","text":"FC 16.07","numeric_value":16.07,"display_value":16.07,"display_label":"16.07","classification":"Cota de fondo de conducto inferida por prefijo CAD"}},{"type":"Feature","geometry":{"type":"Point","coordinates":[-60.72701494,-31.57670149]},"properties":{"layer":"Cotas Fondo conductos","entity_type":"MTEXT","handle":"35D93F","text":"FC 16.05","numeric_value":16.05,"display_value":16.05,"display_label":"16.05","classification":"Cota de fondo de conducto inferida por prefijo CAD"}},{"type":"Feature","geometry":{"type":"Point","coordinates":[-60.72790642,-31.57734404]},"properties":{"layer":"Cotas Fondo conductos","entity_type":"MTEXT","handle":"35DFEC","text":"FC 16.31","numeric_value":16.31,"display_value":16.31,"display_label":"16.31","classification":"Cota de fondo de conducto inferida por prefijo CAD"}},{"type":"Feature","geometry":{"type":"Point","coordinates":[-60.72746683,-31.57737344]},"properties":{"layer":"Cotas Fondo conductos","entity_type":"MTEXT","handle":"35E073","text":"FC 16.56","numeric_value":16.56,"display_value":16.56,"display_label":"16.56","classification":"Cota de fondo de conducto inferida por prefijo CAD"}},{"type":"Feature","geometry":{"type":"Point","coordinates":[-60.7275539,-31.57725979]},"properties":{"layer":"Cotas Fondo conductos","entity_type":"MTEXT","handle":"35E075","text":"FC 16.56","numeric_value":16.56,"display_value":16.56,"display_label":"16.56","classification":"Cota de fondo de conducto inferida por prefijo CAD"}},{"type":"Feature","geometry":{"type":"Point","coordinates":[-60.727722,-31.57718921]},"properties":{"layer":"Cotas Fondo conductos","entity_type":"MTEXT","handle":"35E077","text":"FC 16.11","numeric_value":16.11,"display_value":16.11,"display_label":"16.11","classification":"Cota de fondo de conducto inferida por prefijo CAD"}},{"type":"Feature","geometry":{"type":"Point","coordinates":[-60.72755354,-31.57721397]},"properties":{"layer":"Cotas Fondo conductos","entity_type":"MTEXT","handle":"35E0FD","text":"FC 16.51","numeric_value":16.51,"display_value":16.51,"display_label":"16.51","classification":"Cota de fondo de conducto inferida por prefijo CAD"}},{"type":"Feature","geometry":{"type":"Point","coordinates":[-60.72747081,-31.57785859]},"properties":{"layer":"Cotas Fondo conductos","entity_type":"MTEXT","handle":"35E187","text":"FC 15.68","numeric_value":15.68,"display_value":15.68,"display_label":"15.68","classification":"Cota de fondo de conducto inferida por prefijo CAD"}},{"type":"Feature","geometry":{"type":"Point","coordinates":[-60.72775458,-31.57792341]},"properties":{"layer":"Cotas Fondo conductos","entity_type":"MTEXT","handle":"35E189","text":"FC 15.43","numeric_value":15.43,"display_value":15.43,"display_label":"15.43","classification":"Cota de fondo de conducto inferida por prefijo CAD"}},{"type":"Feature","geometry":{"type":"Point","coordinates":[-60.72955441,-31.56856717]},"properties":{"layer":"Cotas Fondo conductos","entity_type":"MTEXT","handle":"35E98C","text":"FC 16.75","numeric_value":16.75,"display_value":16.75,"display_label":"16.75","classification":"Cota de fondo de conducto inferida por prefijo CAD"}},{"type":"Feature","geometry":{"type":"Point","coordinates":[-60.72000172,-31.58162521]},"properties":{"layer":"Cotas Fondo conductos","entity_type":"MTEXT","handle":"35FE54","text":"FC 15.50","numeric_value":15.5,"display_value":15.5,"display_label":"15.50","classification":"Cota de fondo de conducto inferida por prefijo CAD"}},{"type":"Feature","geometry":{"type":"Point","coordinates":[-60.72001891,-31.58274351]},"properties":{"layer":"Cotas Fondo conductos","entity_type":"MTEXT","handle":"3600BE","text":"FC 15.70","numeric_value":15.7,"display_value":15.7,"display_label":"15.70","classification":"Cota de fondo de conducto inferida por prefijo CAD"}},{"type":"Feature","geometry":{"type":"Point","coordinates":[-60.71998144,-31.58189504]},"properties":{"layer":"Cotas Fondo conductos","entity_type":"MTEXT","handle":"360170","text":"FC 15.58","numeric_value":15.58,"display_value":15.58,"display_label":"15.58","classification":"Cota de fondo de conducto inferida por prefijo CAD"}},{"type":"Feature","geometry":{"type":"Point","coordinates":[-60.71040416,-31.59228847]},"properties":{"layer":"Cotas Fondo conductos","entity_type":"MTEXT","handle":"360A85","text":"FC 14.50","numeric_value":14.5,"display_value":14.5,"display_label":"14.50","classification":"Cota de fondo de conducto inferida por prefijo CAD"}},{"type":"Feature","geometry":{"type":"Point","coordinates":[-60.71002164,-31.59250614]},"properties":{"layer":"Cotas Fondo conductos","entity_type":"MTEXT","handle":"360B0B","text":"FC 14.50","numeric_value":14.5,"display_value":14.5,"display_label":"14.50","classification":"Cota de fondo de conducto inferida por prefijo CAD"}},{"type":"Feature","geometry":{"type":"Point","coordinates":[-60.71049534,-31.59399922]},"properties":{"layer":"Cotas Fondo conductos","entity_type":"MTEXT","handle":"360B0E","text":"FC 14.93","numeric_value":14.93,"display_value":14.93,"display_label":"14.93","classification":"Cota de fondo de conducto inferida por prefijo CAD"}},{"type":"Feature","geometry":{"type":"Point","coordinates":[-60.71073968,-31.59424174]},"properties":{"layer":"Cotas Fondo conductos","entity_type":"MTEXT","handle":"360B95","text":"FC 14.91","numeric_value":14.91,"display_value":14.91,"display_label":"14.91","classification":"Cota de fondo de conducto inferida por prefijo CAD"}},{"type":"Feature","geometry":{"type":"Point","coordinates":[-60.7108389,-31.59394003]},"properties":{"layer":"Cotas Fondo conductos","entity_type":"MTEXT","handle":"360CA1","text":"FC 14.91","numeric_value":14.91,"display_value":14.91,"display_label":"14.91","classification":"Cota de fondo de conducto inferida por prefijo CAD"}},{"type":"Feature","geometry":{"type":"Point","coordinates":[-60.70965794,-31.59424775]},"properties":{"layer":"Cotas Fondo conductos","entity_type":"MTEXT","handle":"360CA7","text":"FC 15.08","numeric_value":15.08,"display_value":15.08,"display_label":"15.08","classification":"Cota de fondo de conducto inferida por prefijo CAD"}},{"type":"Feature","geometry":{"type":"Point","coordinates":[-60.70940967,-31.59453792]},"properties":{"layer":"Cotas Fondo conductos","entity_type":"MTEXT","handle":"360D34","text":"FC 15.11","numeric_value":15.11,"display_value":15.11,"display_label":"15.11","classification":"Cota de fondo de conducto inferida por prefijo CAD"}},{"type":"Feature","geometry":{"type":"Point","coordinates":[-60.70487641,-31.59363075]},"properties":{"layer":"Cotas Fondo conductos","entity_type":"MTEXT","handle":"361454","text":"FC 14.75","numeric_value":14.75,"display_value":14.75,"display_label":"14.75","classification":"Cota de fondo de conducto inferida por prefijo CAD"}},{"type":"Feature","geometry":{"type":"Point","coordinates":[-60.70505518,-31.59427349]},"properties":{"layer":"Cotas Fondo conductos","entity_type":"MTEXT","handle":"3614DC","text":"FC 14.82","numeric_value":14.82,"display_value":14.82,"display_label":"14.82","classification":"Cota de fondo de conducto inferida por prefijo CAD"}},{"type":"Feature","geometry":{"type":"Point","coordinates":[-60.70514321,-31.59329286]},"properties":{"layer":"Cotas Fondo conductos","entity_type":"MTEXT","handle":"361569","text":"FC 14.75","numeric_value":14.75,"display_value":14.75,"display_label":"14.75","classification":"Cota de fondo de conducto inferida por prefijo CAD"}},{"type":"Feature","geometry":{"type":"Point","coordinates":[-60.7060353,-31.59416627]},"properties":{"layer":"Cotas Fondo conductos","entity_type":"MTEXT","handle":"3615F9","text":"FC 14.99","numeric_value":14.99,"display_value":14.99,"display_label":"14.99","classification":"Cota de fondo de conducto inferida por prefijo CAD"}},{"type":"Feature","geometry":{"type":"Point","coordinates":[-60.70562642,-31.59510719]},"properties":{"layer":"Cotas Fondo conductos","entity_type":"MTEXT","handle":"3617BA","text":"FC 15.10","numeric_value":15.1,"display_value":15.1,"display_label":"15.10","classification":"Cota de fondo de conducto inferida por prefijo CAD"}},{"type":"Feature","geometry":{"type":"Point","coordinates":[-60.70560985,-31.59527046]},"properties":{"layer":"Cotas Fondo conductos","entity_type":"MTEXT","handle":"3617BF","text":"FC 15.33","numeric_value":15.33,"display_value":15.33,"display_label":"15.33","classification":"Cota de fondo de conducto inferida por prefijo CAD"}},{"type":"Feature","geometry":{"type":"Point","coordinates":[-60.70643144,-31.59508996]},"properties":{"layer":"Cotas Fondo conductos","entity_type":"MTEXT","handle":"3617C3","text":"FC 15.16","numeric_value":15.16,"display_value":15.16,"display_label":"15.16","classification":"Cota de fondo de conducto inferida por prefijo CAD"}},{"type":"Feature","geometry":{"type":"Point","coordinates":[-60.70671817,-31.5950012]},"properties":{"layer":"Cotas Fondo conductos","entity_type":"MTEXT","handle":"361855","text":"FC 15.36","numeric_value":15.36,"display_value":15.36,"display_label":"15.36","classification":"Cota de fondo de conducto inferida por prefijo CAD"}},{"type":"Feature","geometry":{"type":"Point","coordinates":[-60.70574681,-31.59490508]},"properties":{"layer":"Cotas Fondo conductos","entity_type":"MTEXT","handle":"361E58","text":"FC 15.09","numeric_value":15.09,"display_value":15.09,"display_label":"15.09","classification":"Cota de fondo de conducto inferida por prefijo CAD"}},{"type":"Feature","geometry":{"type":"Point","coordinates":[-60.70571746,-31.59498132]},"properties":{"layer":"Cotas Fondo conductos","entity_type":"MTEXT","handle":"361E5B","text":"FC 15.09","numeric_value":15.09,"display_value":15.09,"display_label":"15.09","classification":"Cota de fondo de conducto inferida por prefijo CAD"}},{"type":"Feature","geometry":{"type":"Point","coordinates":[-60.7059988,-31.59496736]},"properties":{"layer":"Cotas Fondo conductos","entity_type":"MTEXT","handle":"361E5F","text":"FC 15.33","numeric_value":15.33,"display_value":15.33,"display_label":"15.33","classification":"Cota de fondo de conducto inferida por prefijo CAD"}},{"type":"Feature","geometry":{"type":"Point","coordinates":[-60.70665751,-31.59320832]},"properties":{"layer":"Cotas Fondo conductos","entity_type":"MTEXT","handle":"36219E","text":"FC 14.87","numeric_value":14.87,"display_value":14.87,"display_label":"14.87","classification":"Cota de fondo de conducto inferida por prefijo CAD"}},{"type":"Feature","geometry":{"type":"Point","coordinates":[-60.70651608,-31.59306661]},"properties":{"layer":"Cotas Fondo conductos","entity_type":"MTEXT","handle":"3621A1","text":"FC 14.67","numeric_value":14.67,"display_value":14.67,"display_label":"14.67","classification":"Cota de fondo de conducto inferida por prefijo CAD"}},{"type":"Feature","geometry":{"type":"Point","coordinates":[-60.73461402,-31.65598997]},"properties":{"layer":"Cotas Fondo conductos","entity_type":"MTEXT","handle":"362646","text":"FC 11.20","numeric_value":11.2,"display_value":11.2,"display_label":"11.20","classification":"Cota de fondo de conducto inferida por prefijo CAD"}},{"type":"Feature","geometry":{"type":"Point","coordinates":[-60.73412519,-31.65521688]},"properties":{"layer":"Cotas Fondo conductos","entity_type":"MTEXT","handle":"3627AA","text":"FC 11.75","numeric_value":11.75,"display_value":11.75,"display_label":"11.75","classification":"Cota de fondo de conducto inferida por prefijo CAD"}},{"type":"Feature","geometry":{"type":"Point","coordinates":[-60.7340044,-31.65493253]},"properties":{"layer":"Cotas Fondo conductos","entity_type":"MTEXT","handle":"362901","text":"FC 12.05","numeric_value":12.05,"display_value":12.05,"display_label":"12.05","classification":"Cota de fondo de conducto inferida por prefijo CAD"}},{"type":"Feature","geometry":{"type":"Point","coordinates":[-60.73401178,-31.65502423]},"properties":{"layer":"Cotas Fondo conductos","entity_type":"MTEXT","handle":"362903","text":"FC 11.80","numeric_value":11.8,"display_value":11.8,"display_label":"11.80","classification":"Cota de fondo de conducto inferida por prefijo CAD"}},{"type":"Feature","geometry":{"type":"Point","coordinates":[-60.73147633,-31.65550934]},"properties":{"layer":"Cotas Fondo conductos","entity_type":"MTEXT","handle":"36290C","text":"FC 12.09","numeric_value":12.09,"display_value":12.09,"display_label":"12.09","classification":"Cota de fondo de conducto inferida por prefijo CAD"}},{"type":"Feature","geometry":{"type":"Point","coordinates":[-60.73137332,-31.65543862]},"properties":{"layer":"Cotas Fondo conductos","entity_type":"MTEXT","handle":"36290E","text":"FC 12.00","numeric_value":12.0,"display_value":12.0,"display_label":"12.00","classification":"Cota de fondo de conducto inferida por prefijo CAD"}},{"type":"Feature","geometry":{"type":"Point","coordinates":[-60.73103671,-31.65545034]},"properties":{"layer":"Cotas Fondo conductos","entity_type":"MTEXT","handle":"362910","text":"FC 11.75","numeric_value":11.75,"display_value":11.75,"display_label":"11.75","classification":"Cota de fondo de conducto inferida por prefijo CAD"}},{"type":"Feature","geometry":{"type":"Point","coordinates":[-60.7337228,-31.63907416]},"properties":{"layer":"Cotas Fondo conductos","entity_type":"MTEXT","handle":"362D1B","text":"FC 11.16","numeric_value":11.16,"display_value":11.16,"display_label":"11.16","classification":"Cota de fondo de conducto inferida por prefijo CAD"}},{"type":"Feature","geometry":{"type":"Point","coordinates":[-60.73348841,-31.63918336]},"properties":{"layer":"Cotas Fondo conductos","entity_type":"MTEXT","handle":"362D1D","text":"FC 11.36","numeric_value":11.36,"display_value":11.36,"display_label":"11.36","classification":"Cota de fondo de conducto inferida por prefijo CAD"}},{"type":"Feature","geometry":{"type":"Point","coordinates":[-60.73238278,-31.63942309]},"properties":{"layer":"Cotas Fondo conductos","entity_type":"MTEXT","handle":"362D1F","text":"FC 11.28","numeric_value":11.28,"display_value":11.28,"display_label":"11.28","classification":"Cota de fondo de conducto inferida por prefijo CAD"}},{"type":"Feature","geometry":{"type":"Point","coordinates":[-60.73179284,-31.63960779]},"properties":{"layer":"Cotas Fondo conductos","entity_type":"MTEXT","handle":"362D21","text":"FC 11.35","numeric_value":11.35,"display_value":11.35,"display_label":"11.35","classification":"Cota de fondo de conducto inferida por prefijo CAD"}},{"type":"Feature","geometry":{"type":"Point","coordinates":[-60.71225092,-31.59862693]},"properties":{"layer":"Cotas Fondo conductos","entity_type":"MTEXT","handle":"3633C8","text":"FC 13.92","numeric_value":13.92,"display_value":13.92,"display_label":"13.92","classification":"Cota de fondo de conducto inferida por prefijo CAD"}},{"type":"Feature","geometry":{"type":"Point","coordinates":[-60.69925083,-31.59295371]},"properties":{"layer":"Cotas Fondo conductos","entity_type":"TEXT","handle":"3637F0","text":"FC 15.175","numeric_value":15.175,"display_value":15.175,"display_label":"15.18","classification":"Cota de fondo de conducto inferida por prefijo CAD"}},{"type":"Feature","geometry":{"type":"Point","coordinates":[-60.69881371,-31.59309934]},"properties":{"layer":"Cotas Fondo conductos","entity_type":"TEXT","handle":"3637F4","text":"FC 15.348","numeric_value":15.348,"display_value":15.348,"display_label":"15.35","classification":"Cota de fondo de conducto inferida por prefijo CAD"}},{"type":"Feature","geometry":{"type":"Point","coordinates":[-60.69816847,-31.59324658]},"properties":{"layer":"Cotas Fondo conductos","entity_type":"TEXT","handle":"363949","text":"FC 15.415","numeric_value":15.415,"display_value":15.415,"display_label":"15.41","classification":"Cota de fondo de conducto inferida por prefijo CAD"}},{"type":"Feature","geometry":{"type":"Point","coordinates":[-60.69753093,-31.59339234]},"properties":{"layer":"Cotas Fondo conductos","entity_type":"TEXT","handle":"363BF4","text":"FC 15.415","numeric_value":15.415,"display_value":15.415,"display_label":"15.41","classification":"Cota de fondo de conducto inferida por prefijo CAD"}},{"type":"Feature","geometry":{"type":"Point","coordinates":[-60.69773545,-31.59303341]},"properties":{"layer":"Cotas Fondo conductos","entity_type":"TEXT","handle":"363BFA","text":"FC 15.75","numeric_value":15.75,"display_value":15.75,"display_label":"15.75","classification":"Cota de fondo de conducto inferida por prefijo CAD"}},{"type":"Feature","geometry":{"type":"Point","coordinates":[-60.69789779,-31.59335405]},"properties":{"layer":"Cotas Fondo conductos","entity_type":"TEXT","handle":"363BFD","text":"FC 15.72","numeric_value":15.72,"display_value":15.72,"display_label":"15.72","classification":"Cota de fondo de conducto inferida por prefijo CAD"}},{"type":"Feature","geometry":{"type":"Point","coordinates":[-60.69709826,-31.59317777]},"properties":{"layer":"Cotas Fondo conductos","entity_type":"TEXT","handle":"363C03","text":"FC 15.80","numeric_value":15.8,"display_value":15.8,"display_label":"15.80","classification":"Cota de fondo de conducto inferida por prefijo CAD"}},{"type":"Feature","geometry":{"type":"Point","coordinates":[-60.69726059,-31.59349842]},"properties":{"layer":"Cotas Fondo conductos","entity_type":"TEXT","handle":"363C06","text":"FC 15.75","numeric_value":15.75,"display_value":15.75,"display_label":"15.75","classification":"Cota de fondo de conducto inferida por prefijo CAD"}},{"type":"Feature","geometry":{"type":"Point","coordinates":[-60.69684636,-31.59354778]},"properties":{"layer":"Cotas Fondo conductos","entity_type":"TEXT","handle":"363C09","text":"FC 15.645","numeric_value":15.645,"display_value":15.645,"display_label":"15.64","classification":"Cota de fondo de conducto inferida por prefijo CAD"}},{"type":"Feature","geometry":{"type":"Point","coordinates":[-60.69641369,-31.59333321]},"properties":{"layer":"Cotas Fondo conductos","entity_type":"TEXT","handle":"363C0F","text":"FC 16.02","numeric_value":16.02,"display_value":16.02,"display_label":"16.02","classification":"Cota de fondo de conducto inferida por prefijo CAD"}},{"type":"Feature","geometry":{"type":"Point","coordinates":[-60.69657602,-31.59365386]},"properties":{"layer":"Cotas Fondo conductos","entity_type":"TEXT","handle":"363C12","text":"FC 15.86","numeric_value":15.86,"display_value":15.86,"display_label":"15.86","classification":"Cota de fondo de conducto inferida por prefijo CAD"}},{"type":"Feature","geometry":{"type":"Point","coordinates":[-60.69616984,-31.59370499]},"properties":{"layer":"Cotas Fondo conductos","entity_type":"TEXT","handle":"363C15","text":"FC 15.772","numeric_value":15.772,"display_value":15.772,"display_label":"15.77","classification":"Cota de fondo de conducto inferida por prefijo CAD"}},{"type":"Feature","geometry":{"type":"Point","coordinates":[-60.69573717,-31.59349042]},"properties":{"layer":"Cotas Fondo conductos","entity_type":"TEXT","handle":"363C1B","text":"FC 16.36","numeric_value":16.36,"display_value":16.36,"display_label":"16.36","classification":"Cota de fondo de conducto inferida por prefijo CAD"}},{"type":"Feature","geometry":{"type":"Point","coordinates":[-60.6958995,-31.59381107]},"properties":{"layer":"Cotas Fondo conductos","entity_type":"TEXT","handle":"363C1E","text":"FC 16.48","numeric_value":16.48,"display_value":16.48,"display_label":"16.48","classification":"Cota de fondo de conducto inferida por prefijo CAD"}},{"type":"Feature","geometry":{"type":"Point","coordinates":[-60.71059347,-31.5697577]},"properties":{"layer":"Cotas Fondo conductos","entity_type":"MTEXT","handle":"364574","text":"FC 15.91","numeric_value":15.91,"display_value":15.91,"display_label":"15.91","classification":"Cota de fondo de conducto inferida por prefijo CAD"}},{"type":"Feature","geometry":{"type":"Point","coordinates":[-60.71024463,-31.56982326]},"properties":{"layer":"Cotas Fondo conductos","entity_type":"MTEXT","handle":"364576","text":"FC 15.90","numeric_value":15.9,"display_value":15.9,"display_label":"15.90","classification":"Cota de fondo de conducto inferida por prefijo CAD"}},{"type":"Feature","geometry":{"type":"Point","coordinates":[-60.73837412,-31.57279276]},"properties":{"layer":"Cotas Fondo conductos","entity_type":"MTEXT","handle":"365466","text":"FC 14.59","numeric_value":14.59,"display_value":14.59,"display_label":"14.59","classification":"Cota de fondo de conducto inferida por prefijo CAD"}},{"type":"Feature","geometry":{"type":"Point","coordinates":[-60.73828142,-31.57246487]},"properties":{"layer":"Cotas Fondo conductos","entity_type":"MTEXT","handle":"3655F1","text":"FC 15.19","numeric_value":15.19,"display_value":15.19,"display_label":"15.19","classification":"Cota de fondo de conducto inferida por prefijo CAD"}},{"type":"Feature","geometry":{"type":"Point","coordinates":[-60.73872713,-31.57259138]},"properties":{"layer":"Cotas Fondo conductos","entity_type":"MTEXT","handle":"365747","text":"FC 15.39","numeric_value":15.39,"display_value":15.39,"display_label":"15.39","classification":"Cota de fondo de conducto inferida por prefijo CAD"}},{"type":"Feature","geometry":{"type":"Point","coordinates":[-60.7385594,-31.57341965]},"properties":{"layer":"Cotas Fondo conductos","entity_type":"MTEXT","handle":"3658BF","text":"FC 14.55","numeric_value":14.55,"display_value":14.55,"display_label":"14.55","classification":"Cota de fondo de conducto inferida por prefijo CAD"}},{"type":"Feature","geometry":{"type":"Point","coordinates":[-60.73893347,-31.57318721]},"properties":{"layer":"Cotas Fondo conductos","entity_type":"MTEXT","handle":"3658C3","text":"FC 15.35","numeric_value":15.35,"display_value":15.35,"display_label":"15.35","classification":"Cota de fondo de conducto inferida por prefijo CAD"}},{"type":"Feature","geometry":{"type":"Point","coordinates":[-60.73890147,-31.57426985]},"properties":{"layer":"Cotas Fondo conductos","entity_type":"MTEXT","handle":"365A2C","text":"FC 15.05","numeric_value":15.05,"display_value":15.05,"display_label":"15.05","classification":"Cota de fondo de conducto inferida por prefijo CAD"}},{"type":"Feature","geometry":{"type":"Point","coordinates":[-60.73882798,-31.57434353]},"properties":{"layer":"Cotas Fondo conductos","entity_type":"MTEXT","handle":"365FD9","text":"FC 15.05","numeric_value":15.05,"display_value":15.05,"display_label":"15.05","classification":"Cota de fondo de conducto inferida por prefijo CAD"}},{"type":"Feature","geometry":{"type":"Point","coordinates":[-60.73926495,-31.57471019]},"properties":{"layer":"Cotas Fondo conductos","entity_type":"MTEXT","handle":"366D42","text":"FC 14.46","numeric_value":14.46,"display_value":14.46,"display_label":"14.46","classification":"Cota de fondo de conducto inferida por prefijo CAD"}},{"type":"Feature","geometry":{"type":"Point","coordinates":[-60.73872445,-31.57403166]},"properties":{"layer":"Cotas Fondo conductos","entity_type":"MTEXT","handle":"368089","text":"FC 14.52","numeric_value":14.52,"display_value":14.52,"display_label":"14.52","classification":"Cota de fondo de conducto inferida por prefijo CAD"}},{"type":"Feature","geometry":{"type":"Point","coordinates":[-60.73923074,-31.57384994]},"properties":{"layer":"Cotas Fondo conductos","entity_type":"MTEXT","handle":"36808C","text":"FC 15.49","numeric_value":15.49,"display_value":15.49,"display_label":"15.49","classification":"Cota de fondo de conducto inferida por prefijo CAD"}},{"type":"Feature","geometry":{"type":"Point","coordinates":[-60.73911303,-31.57395563]},"properties":{"layer":"Cotas Fondo conductos","entity_type":"TEXT","handle":"3681EC","text":"FC 14.92","numeric_value":14.92,"display_value":14.92,"display_label":"14.92","classification":"Cota de fondo de conducto inferida por prefijo CAD"}},{"type":"Feature","geometry":{"type":"Point","coordinates":[-60.73922955,-31.57369814]},"properties":{"layer":"Cotas Fondo conductos","entity_type":"MTEXT","handle":"3681ED","text":"FC 15.49","numeric_value":15.49,"display_value":15.49,"display_label":"15.49","classification":"Cota de fondo de conducto inferida por prefijo CAD"}},{"type":"Feature","geometry":{"type":"Point","coordinates":[-60.73862533,-31.57388293]},"properties":{"layer":"Cotas Fondo conductos","entity_type":"MTEXT","handle":"3681F1","text":"FC 15.32","numeric_value":15.32,"display_value":15.32,"display_label":"15.32","classification":"Cota de fondo de conducto inferida por prefijo CAD"}},{"type":"Feature","geometry":{"type":"Point","coordinates":[-60.73974907,-31.57100212]},"properties":{"layer":"Cotas Fondo conductos","entity_type":"MTEXT","handle":"368A11","text":"FC 16.02","numeric_value":16.02,"display_value":16.02,"display_label":"16.02","classification":"Cota de fondo de conducto inferida por prefijo CAD"}},{"type":"Feature","geometry":{"type":"Point","coordinates":[-60.73852202,-31.57145949]},"properties":{"layer":"Cotas Fondo conductos","entity_type":"MTEXT","handle":"368B6B","text":"FC 16.05","numeric_value":16.05,"display_value":16.05,"display_label":"16.05","classification":"Cota de fondo de conducto inferida por prefijo CAD"}},{"type":"Feature","geometry":{"type":"Point","coordinates":[-60.73852082,-31.5713077]},"properties":{"layer":"Cotas Fondo conductos","entity_type":"MTEXT","handle":"368B6E","text":"FC 16.05","numeric_value":16.05,"display_value":16.05,"display_label":"16.05","classification":"Cota de fondo de conducto inferida por prefijo CAD"}},{"type":"Feature","geometry":{"type":"Point","coordinates":[-60.73801576,-31.57161871]},"properties":{"layer":"Cotas Fondo conductos","entity_type":"MTEXT","handle":"368B71","text":"FC 15.55","numeric_value":15.55,"display_value":15.55,"display_label":"15.55","classification":"Cota de fondo de conducto inferida por prefijo CAD"}},{"type":"Feature","geometry":{"type":"Point","coordinates":[-60.73798372,-31.57128844]},"properties":{"layer":"Cotas Fondo conductos","entity_type":"MTEXT","handle":"368B74","text":"FC 15.75","numeric_value":15.75,"display_value":15.75,"display_label":"15.75","classification":"Cota de fondo de conducto inferida por prefijo CAD"}},{"type":"Feature","geometry":{"type":"Point","coordinates":[-60.73769328,-31.57093319]},"properties":{"layer":"Cotas Fondo conductos","entity_type":"MTEXT","handle":"368CED","text":"FC 16.40","numeric_value":16.4,"display_value":16.4,"display_label":"16.40","classification":"Cota de fondo de conducto inferida por prefijo CAD"}},{"type":"Feature","geometry":{"type":"Point","coordinates":[-60.73784104,-31.57102135]},"properties":{"layer":"Cotas Fondo conductos","entity_type":"MTEXT","handle":"368CF0","text":"FC 16.25","numeric_value":16.25,"display_value":16.25,"display_label":"16.25","classification":"Cota de fondo de conducto inferida por prefijo CAD"}},{"type":"Feature","geometry":{"type":"Point","coordinates":[-60.73652937,-31.57125988]},"properties":{"layer":"Cotas Fondo conductos","entity_type":"MTEXT","handle":"368E57","text":"FC 16.65","numeric_value":16.65,"display_value":16.65,"display_label":"16.65","classification":"Cota de fondo de conducto inferida por prefijo CAD"}},{"type":"Feature","geometry":{"type":"Point","coordinates":[-60.73613271,-31.57116721]},"properties":{"layer":"Cotas Fondo conductos","entity_type":"MTEXT","handle":"368E5A","text":"FC 16.80","numeric_value":16.8,"display_value":16.8,"display_label":"16.80","classification":"Cota de fondo de conducto inferida por prefijo CAD"}},{"type":"Feature","geometry":{"type":"Point","coordinates":[-60.73775326,-31.57049923]},"properties":{"layer":"Cotas Fondo conductos","entity_type":"MTEXT","handle":"3697FE","text":"FC 16.50","numeric_value":16.5,"display_value":16.5,"display_label":"16.50","classification":"Cota de fondo de conducto inferida por prefijo CAD"}},{"type":"Feature","geometry":{"type":"Point","coordinates":[-60.73774415,-31.57031595]},"properties":{"layer":"Cotas Fondo conductos","entity_type":"MTEXT","handle":"369806","text":"FC 16.55","numeric_value":16.55,"display_value":16.55,"display_label":"16.55","classification":"Cota de fondo de conducto inferida por prefijo CAD"}},{"type":"Feature","geometry":{"type":"Point","coordinates":[-60.72011568,-31.59809362]},"properties":{"layer":"Cotas Fondo conductos","entity_type":"MTEXT","handle":"36A47F","text":"FC 14.80","numeric_value":14.8,"display_value":14.8,"display_label":"14.80","classification":"Cota de fondo de conducto inferida por prefijo CAD"}},{"type":"Feature","geometry":{"type":"Point","coordinates":[-60.72006294,-31.59822742]},"properties":{"layer":"Cotas Fondo conductos","entity_type":"MTEXT","handle":"36A481","text":"FC 14.85","numeric_value":14.85,"display_value":14.85,"display_label":"14.85","classification":"Cota de fondo de conducto inferida por prefijo CAD"}},{"type":"Feature","geometry":{"type":"Point","coordinates":[-60.72028733,-31.59888716]},"properties":{"layer":"Cotas Fondo conductos","entity_type":"MTEXT","handle":"36A483","text":"FC 15.20","numeric_value":15.2,"display_value":15.2,"display_label":"15.20","classification":"Cota de fondo de conducto inferida por prefijo CAD"}},{"type":"Feature","geometry":{"type":"Point","coordinates":[-60.72038019,-31.59903746]},"properties":{"layer":"Cotas Fondo conductos","entity_type":"MTEXT","handle":"36A48C","text":"FC 15.30","numeric_value":15.3,"display_value":15.3,"display_label":"15.30","classification":"Cota de fondo de conducto inferida por prefijo CAD"}},{"type":"Feature","geometry":{"type":"Point","coordinates":[-60.7203805,-31.59907801]},"properties":{"layer":"Cotas Fondo conductos","entity_type":"MTEXT","handle":"36A5EB","text":"FC 15.40","numeric_value":15.4,"display_value":15.4,"display_label":"15.40","classification":"Cota de fondo de conducto inferida por prefijo CAD"}},{"type":"Feature","geometry":{"type":"Point","coordinates":[-60.71985194,-31.59899658]},"properties":{"layer":"Cotas Fondo conductos","entity_type":"MTEXT","handle":"36A5ED","text":"FC 15.55","numeric_value":15.55,"display_value":15.55,"display_label":"15.55","classification":"Cota de fondo de conducto inferida por prefijo CAD"}},{"type":"Feature","geometry":{"type":"Point","coordinates":[-60.73922259,-31.57546204]},"properties":{"layer":"Cotas Fondo conductos","entity_type":"MTEXT","handle":"36ACF8","text":"FC 14.42","numeric_value":14.42,"display_value":14.42,"display_label":"14.42","classification":"Cota de fondo de conducto inferida por prefijo CAD"}},{"type":"Feature","geometry":{"type":"Point","coordinates":[-60.73956735,-31.57651538]},"properties":{"layer":"Cotas Fondo conductos","entity_type":"MTEXT","handle":"36ACFB","text":"FC 14.37","numeric_value":14.37,"display_value":14.37,"display_label":"14.37","classification":"Cota de fondo de conducto inferida por prefijo CAD"}},{"type":"Feature","geometry":{"type":"Point","coordinates":[-60.73984294,-31.57736551]},"properties":{"layer":"Cotas Fondo conductos","entity_type":"MTEXT","handle":"36AD01","text":"FC 14.32","numeric_value":14.32,"display_value":14.32,"display_label":"14.32","classification":"Cota de fondo de conducto inferida por prefijo CAD"}},{"type":"Feature","geometry":{"type":"Point","coordinates":[-60.74011493,-31.57829451]},"properties":{"layer":"Cotas Fondo conductos","entity_type":"MTEXT","handle":"36AD04","text":"FC 14.27","numeric_value":14.27,"display_value":14.27,"display_label":"14.27","classification":"Cota de fondo de conducto inferida por prefijo CAD"}},{"type":"Feature","geometry":{"type":"Point","coordinates":[-60.74036057,-31.57913317]},"properties":{"layer":"Cotas Fondo conductos","entity_type":"MTEXT","handle":"36AD07","text":"FC 14.22","numeric_value":14.22,"display_value":14.22,"display_label":"14.22","classification":"Cota de fondo de conducto inferida por prefijo CAD"}},{"type":"Feature","geometry":{"type":"Point","coordinates":[-60.73652675,-31.5731691]},"properties":{"layer":"Cotas Fondo conductos","entity_type":"MTEXT","handle":"36AE77","text":"FC 15.93","numeric_value":15.93,"display_value":15.93,"display_label":"15.93","classification":"Cota de fondo de conducto inferida por prefijo CAD"}},{"type":"Feature","geometry":{"type":"Point","coordinates":[-60.73648348,-31.57275302]},"properties":{"layer":"Cotas Fondo conductos","entity_type":"MTEXT","handle":"36AE9D","text":"FC 15.32","numeric_value":15.32,"display_value":15.32,"display_label":"15.32","classification":"Cota de fondo de conducto inferida por prefijo CAD"}},{"type":"Feature","geometry":{"type":"Point","coordinates":[-60.7368572,-31.57290273]},"properties":{"layer":"Cotas Fondo conductos","entity_type":"MTEXT","handle":"36AEA0","text":"FC 15.39","numeric_value":15.39,"display_value":15.39,"display_label":"15.39","classification":"Cota de fondo de conducto inferida por prefijo CAD"}},{"type":"Feature","geometry":{"type":"Point","coordinates":[-60.74681333,-31.57499308]},"properties":{"layer":"Cotas Fondo conductos","entity_type":"MTEXT","handle":"36BA38","text":"FC 15.42","numeric_value":15.42,"display_value":15.42,"display_label":"15.42","classification":"Cota de fondo de conducto inferida por prefijo CAD"}},{"type":"Feature","geometry":{"type":"Point","coordinates":[-60.6780666,-31.59026167]},"properties":{"layer":"Cotas Fondo conductos","entity_type":"MTEXT","handle":"36E7B0","text":"FC 15.70","numeric_value":15.7,"display_value":15.7,"display_label":"15.70","classification":"Cota de fondo de conducto inferida por prefijo CAD"}},{"type":"Feature","geometry":{"type":"Point","coordinates":[-60.67802342,-31.59030737]},"properties":{"layer":"Cotas Fondo conductos","entity_type":"MTEXT","handle":"36E7B6","text":"FC 15.50","numeric_value":15.5,"display_value":15.5,"display_label":"15.50","classification":"Cota de fondo de conducto inferida por prefijo CAD"}},{"type":"Feature","geometry":{"type":"Point","coordinates":[-60.67785698,-31.59007327]},"properties":{"layer":"Cotas Fondo conductos","entity_type":"MTEXT","handle":"36E7B8","text":"FC 14.77","numeric_value":14.77,"display_value":14.77,"display_label":"14.77","classification":"Cota de fondo de conducto inferida por prefijo CAD"}},{"type":"Feature","geometry":{"type":"Point","coordinates":[-60.68270219,-31.58649086]},"properties":{"layer":"Cotas Fondo conductos","entity_type":"MTEXT","handle":"36E930","text":"FC 14.83","numeric_value":14.83,"display_value":14.83,"display_label":"14.83","classification":"Cota de fondo de conducto inferida por prefijo CAD"}},{"type":"Feature","geometry":{"type":"Point","coordinates":[-60.68280966,-31.58641786]},"properties":{"layer":"Cotas Fondo conductos","entity_type":"MTEXT","handle":"36E932","text":"FC 15.03","numeric_value":15.03,"display_value":15.03,"display_label":"15.03","classification":"Cota de fondo de conducto inferida por prefijo CAD"}},{"type":"Feature","geometry":{"type":"Point","coordinates":[-60.68127461,-31.58677468]},"properties":{"layer":"Cotas Fondo conductos","entity_type":"MTEXT","handle":"36EC24","text":"FC 14.52","numeric_value":14.52,"display_value":14.52,"display_label":"14.52","classification":"Cota de fondo de conducto inferida por prefijo CAD"}},{"type":"Feature","geometry":{"type":"Point","coordinates":[-60.6807828,-31.58687326]},"properties":{"layer":"Cotas Fondo conductos","entity_type":"MTEXT","handle":"36EC26","text":"FC 14.41","numeric_value":14.41,"display_value":14.41,"display_label":"14.41","classification":"Cota de fondo de conducto inferida por prefijo CAD"}},{"type":"Feature","geometry":{"type":"Point","coordinates":[-60.68044299,-31.58694304]},"properties":{"layer":"Cotas Fondo conductos","entity_type":"MTEXT","handle":"36EC28","text":"FC 14.32","numeric_value":14.32,"display_value":14.32,"display_label":"14.32","classification":"Cota de fondo de conducto inferida por prefijo CAD"}},{"type":"Feature","geometry":{"type":"Point","coordinates":[-60.68022193,-31.58698516]},"properties":{"layer":"Cotas Fondo conductos","entity_type":"MTEXT","handle":"36EC2A","text":"FC 14.29","numeric_value":14.29,"display_value":14.29,"display_label":"14.29","classification":"Cota de fondo de conducto inferida por prefijo CAD"}},{"type":"Feature","geometry":{"type":"Point","coordinates":[-60.679884,-31.5870549]},"properties":{"layer":"Cotas Fondo conductos","entity_type":"MTEXT","handle":"36EC2C","text":"FC 14.20","numeric_value":14.2,"display_value":14.2,"display_label":"14.20","classification":"Cota de fondo de conducto inferida por prefijo CAD"}},{"type":"Feature","geometry":{"type":"Point","coordinates":[-60.67966294,-31.58709701]},"properties":{"layer":"Cotas Fondo conductos","entity_type":"MTEXT","handle":"36EC2E","text":"FC 14.17","numeric_value":14.17,"display_value":14.17,"display_label":"14.17","classification":"Cota de fondo de conducto inferida por prefijo CAD"}},{"type":"Feature","geometry":{"type":"Point","coordinates":[-60.67931727,-31.58716805]},"properties":{"layer":"Cotas Fondo conductos","entity_type":"MTEXT","handle":"36EDA8","text":"FC 14.08","numeric_value":14.08,"display_value":14.08,"display_label":"14.08","classification":"Cota de fondo de conducto inferida por prefijo CAD"}},{"type":"Feature","geometry":{"type":"Point","coordinates":[-60.67909621,-31.58721017]},"properties":{"layer":"Cotas Fondo conductos","entity_type":"MTEXT","handle":"36EDAA","text":"FC 14.05","numeric_value":14.05,"display_value":14.05,"display_label":"14.05","classification":"Cota de fondo de conducto inferida por prefijo CAD"}},{"type":"Feature","geometry":{"type":"Point","coordinates":[-60.68323465,-31.58788806]},"properties":{"layer":"Cotas Fondo conductos","entity_type":"MTEXT","handle":"36F09C","text":"FC 15.84","numeric_value":15.84,"display_value":15.84,"display_label":"15.84","classification":"Cota de fondo de conducto inferida por prefijo CAD"}},{"type":"Feature","geometry":{"type":"Point","coordinates":[-60.68326446,-31.58802046]},"properties":{"layer":"Cotas Fondo conductos","entity_type":"MTEXT","handle":"36F09E","text":"FC 16.33","numeric_value":16.33,"display_value":16.33,"display_label":"16.33","classification":"Cota de fondo de conducto inferida por prefijo CAD"}},{"type":"Feature","geometry":{"type":"Point","coordinates":[-60.68353141,-31.58814586]},"properties":{"layer":"Cotas Fondo conductos","entity_type":"MTEXT","handle":"36F0A0","text":"FC 16.30","numeric_value":16.3,"display_value":16.3,"display_label":"16.30","classification":"Cota de fondo de conducto inferida por prefijo CAD"}},{"type":"Feature","geometry":{"type":"Point","coordinates":[-60.68359658,-31.58800731]},"properties":{"layer":"Cotas Fondo conductos","entity_type":"MTEXT","handle":"36F0A2","text":"FC 15.90","numeric_value":15.9,"display_value":15.9,"display_label":"15.90","classification":"Cota de fondo de conducto inferida por prefijo CAD"}},{"type":"Feature","geometry":{"type":"Point","coordinates":[-60.6830956,-31.58745434]},"properties":{"layer":"Cotas Fondo conductos","entity_type":"MTEXT","handle":"36F0A4","text":"FC 15.61","numeric_value":15.61,"display_value":15.61,"display_label":"15.61","classification":"Cota de fondo de conducto inferida por prefijo CAD"}},{"type":"Feature","geometry":{"type":"Point","coordinates":[-60.68340062,-31.58749212]},"properties":{"layer":"Cotas Fondo conductos","entity_type":"MTEXT","handle":"36F0A6","text":"FC 16.00","numeric_value":16.0,"display_value":16.0,"display_label":"16.00","classification":"Cota de fondo de conducto inferida por prefijo CAD"}},{"type":"Feature","geometry":{"type":"Point","coordinates":[-60.68303319,-31.58722601]},"properties":{"layer":"Cotas Fondo conductos","entity_type":"MTEXT","handle":"36F229","text":"FC 15.51","numeric_value":15.51,"display_value":15.51,"display_label":"15.51","classification":"Cota de fondo de conducto inferida por prefijo CAD"}},{"type":"Feature","geometry":{"type":"Point","coordinates":[-60.68333821,-31.58726379]},"properties":{"layer":"Cotas Fondo conductos","entity_type":"MTEXT","handle":"36F22B","text":"FC 15.91","numeric_value":15.91,"display_value":15.91,"display_label":"15.91","classification":"Cota de fondo de conducto inferida por prefijo CAD"}},{"type":"Feature","geometry":{"type":"Point","coordinates":[-60.68314325,-31.58655526]},"properties":{"layer":"Cotas Fondo conductos","entity_type":"MTEXT","handle":"36F51F","text":"FC 15.70","numeric_value":15.7,"display_value":15.7,"display_label":"15.70","classification":"Cota de fondo de conducto inferida por prefijo CAD"}},{"type":"Feature","geometry":{"type":"Point","coordinates":[-60.68290159,-31.58672247]},"properties":{"layer":"Cotas Fondo conductos","entity_type":"MTEXT","handle":"36F521","text":"FC 15.70","numeric_value":15.7,"display_value":15.7,"display_label":"15.70","classification":"Cota de fondo de conducto inferida por prefijo CAD"}},{"type":"Feature","geometry":{"type":"Point","coordinates":[-60.68313196,-31.58650799]},"properties":{"layer":"Cotas Fondo conductos","entity_type":"MTEXT","handle":"36F523","text":"FC 15.10","numeric_value":15.1,"display_value":15.1,"display_label":"15.10","classification":"Cota de fondo de conducto inferida por prefijo CAD"}},{"type":"Feature","geometry":{"type":"Point","coordinates":[-60.72242448,-31.58129384]},"properties":{"layer":"Cotas Fondo conductos","entity_type":"MTEXT","handle":"36F993","text":"FC 15.90","numeric_value":15.9,"display_value":15.9,"display_label":"15.90","classification":"Cota de fondo de conducto inferida por prefijo CAD"}},{"type":"Feature","geometry":{"type":"Point","coordinates":[-60.72228744,-31.58110912]},"properties":{"layer":"Cotas Fondo conductos","entity_type":"MTEXT","handle":"36F995","text":"FC 14.41","numeric_value":14.41,"display_value":14.41,"display_label":"14.41","classification":"Cota de fondo de conducto inferida por prefijo CAD"}},{"type":"Feature","geometry":{"type":"Point","coordinates":[-60.72257777,-31.58190598]},"properties":{"layer":"Cotas Fondo conductos","entity_type":"MTEXT","handle":"36FC88","text":"FC 15.76","numeric_value":15.76,"display_value":15.76,"display_label":"15.76","classification":"Cota de fondo de conducto inferida por prefijo CAD"}},{"type":"Feature","geometry":{"type":"Point","coordinates":[-60.72299256,-31.58230748]},"properties":{"layer":"Cotas Fondo conductos","entity_type":"MTEXT","handle":"370104","text":"FC 16.58","numeric_value":16.58,"display_value":16.58,"display_label":"16.58","classification":"Cota de fondo de conducto inferida por prefijo CAD"}},{"type":"Feature","geometry":{"type":"Point","coordinates":[-60.72341334,-31.58227624]},"properties":{"layer":"Cotas Fondo conductos","entity_type":"MTEXT","handle":"370106","text":"FC 16.61","numeric_value":16.61,"display_value":16.61,"display_label":"16.61","classification":"Cota de fondo de conducto inferida por prefijo CAD"}},{"type":"Feature","geometry":{"type":"Point","coordinates":[-60.7226715,-31.58236734]},"properties":{"layer":"Cotas Fondo conductos","entity_type":"MTEXT","handle":"370866","text":"FC 16.56","numeric_value":16.56,"display_value":16.56,"display_label":"16.56","classification":"Cota de fondo de conducto inferida por prefijo CAD"}},{"type":"Feature","geometry":{"type":"Point","coordinates":[-60.72276426,-31.58271766]},"properties":{"layer":"Cotas Fondo conductos","entity_type":"MTEXT","handle":"370868","text":"FC 15.68","numeric_value":15.68,"display_value":15.68,"display_label":"15.68","classification":"Cota de fondo de conducto inferida por prefijo CAD"}},{"type":"Feature","geometry":{"type":"Point","coordinates":[-60.72256535,-31.58253564]},"properties":{"layer":"Cotas Fondo conductos","entity_type":"MTEXT","handle":"3709E2","text":"FC 16.53","numeric_value":16.53,"display_value":16.53,"display_label":"16.53","classification":"Cota de fondo de conducto inferida por prefijo CAD"}},{"type":"Feature","geometry":{"type":"Point","coordinates":[-60.72302996,-31.58263527]},"properties":{"layer":"Cotas Fondo conductos","entity_type":"MTEXT","handle":"3709E4","text":"FC 16.43","numeric_value":16.43,"display_value":16.43,"display_label":"16.43","classification":"Cota de fondo de conducto inferida por prefijo CAD"}},{"type":"Feature","geometry":{"type":"Point","coordinates":[-60.72295253,-31.58354438]},"properties":{"layer":"Cotas Fondo conductos","entity_type":"MTEXT","handle":"3709E7","text":"FC 15.63","numeric_value":15.63,"display_value":15.63,"display_label":"15.63","classification":"Cota de fondo de conducto inferida por prefijo CAD"}},{"type":"Feature","geometry":{"type":"Point","coordinates":[-60.72295936,-31.58359926]},"properties":{"layer":"Cotas Fondo conductos","entity_type":"MTEXT","handle":"3709E9","text":"FC 15.60","numeric_value":15.6,"display_value":15.6,"display_label":"15.60","classification":"Cota de fondo de conducto inferida por prefijo CAD"}},{"type":"Feature","geometry":{"type":"Point","coordinates":[-60.72333423,-31.58369262]},"properties":{"layer":"Cotas Fondo conductos","entity_type":"MTEXT","handle":"3709EE","text":"FC 15.52","numeric_value":15.52,"display_value":15.52,"display_label":"15.52","classification":"Cota de fondo de conducto inferida por prefijo CAD"}},{"type":"Feature","geometry":{"type":"Point","coordinates":[-60.72332087,-31.5835142]},"properties":{"layer":"Cotas Fondo conductos","entity_type":"MTEXT","handle":"370E54","text":"FC 15.05","numeric_value":15.05,"display_value":15.05,"display_label":"15.05","classification":"Cota de fondo de conducto inferida por prefijo CAD"}},{"type":"Feature","geometry":{"type":"Point","coordinates":[-60.73687956,-31.57314316]},"properties":{"layer":"Cotas Fondo conductos","entity_type":"MTEXT","handle":"3715B5","text":"FC 15.28","numeric_value":15.28,"display_value":15.28,"display_label":"15.28","classification":"Cota de fondo de conducto inferida por prefijo CAD"}},{"type":"Feature","geometry":{"type":"Point","coordinates":[-60.73685785,-31.57298444]},"properties":{"layer":"Cotas Fondo conductos","entity_type":"MTEXT","handle":"3715B8","text":"FC 14.67","numeric_value":14.67,"display_value":14.67,"display_label":"14.67","classification":"Cota de fondo de conducto inferida por prefijo CAD"}},{"type":"Feature","geometry":{"type":"Point","coordinates":[-60.73665722,-31.57243853]},"properties":{"layer":"Cotas Fondo conductos","entity_type":"MTEXT","handle":"371752","text":"FC 15.55","numeric_value":15.55,"display_value":15.55,"display_label":"15.55","classification":"Cota de fondo de conducto inferida por prefijo CAD"}},{"type":"Feature","geometry":{"type":"Point","coordinates":[-60.7364736,-31.57233608]},"properties":{"layer":"Cotas Fondo conductos","entity_type":"MTEXT","handle":"371755","text":"FC 16.02","numeric_value":16.02,"display_value":16.02,"display_label":"16.02","classification":"Cota de fondo de conducto inferida por prefijo CAD"}},{"type":"Feature","geometry":{"type":"Point","coordinates":[-60.73663929,-31.57347538]},"properties":{"layer":"Cotas Fondo conductos","entity_type":"MTEXT","handle":"3718EA","text":"FC 15.41","numeric_value":15.41,"display_value":15.41,"display_label":"15.41","classification":"Cota de fondo de conducto inferida por prefijo CAD"}},{"type":"Feature","geometry":{"type":"Point","coordinates":[-60.73713303,-31.57352631]},"properties":{"layer":"Cotas Fondo conductos","entity_type":"MTEXT","handle":"3718ED","text":"FC 15.70","numeric_value":15.7,"display_value":15.7,"display_label":"15.70","classification":"Cota de fondo de conducto inferida por prefijo CAD"}},{"type":"Feature","geometry":{"type":"Point","coordinates":[-60.7365433,-31.57363677]},"properties":{"layer":"Cotas Fondo conductos","entity_type":"MTEXT","handle":"371A6D","text":"FC 15.73","numeric_value":15.73,"display_value":15.73,"display_label":"15.73","classification":"Cota de fondo de conducto inferida por prefijo CAD"}},{"type":"Feature","geometry":{"type":"Point","coordinates":[-60.71010557,-31.56967266]},"properties":{"layer":"Cotas Fondo conductos","entity_type":"MTEXT","handle":"3736BE","text":"FC 15.90","numeric_value":15.9,"display_value":15.9,"display_label":"15.90","classification":"Cota de fondo de conducto inferida por prefijo CAD"}},{"type":"Feature","geometry":{"type":"Point","coordinates":[-60.70959612,-31.56978741]},"properties":{"layer":"Cotas Fondo conductos","entity_type":"MTEXT","handle":"373840","text":"FC 15.69","numeric_value":15.69,"display_value":15.69,"display_label":"15.69","classification":"Cota de fondo de conducto inferida por prefijo CAD"}},{"type":"Feature","geometry":{"type":"Point","coordinates":[-60.70987293,-31.56984268]},"properties":{"layer":"Cotas Fondo conductos","entity_type":"MTEXT","handle":"3739B8","text":"FC 15.84","numeric_value":15.84,"display_value":15.84,"display_label":"15.84","classification":"Cota de fondo de conducto inferida por prefijo CAD"}},{"type":"Feature","geometry":{"type":"Point","coordinates":[-60.70938861,-31.56993782]},"properties":{"layer":"Cotas Fondo conductos","entity_type":"MTEXT","handle":"3739BB","text":"FC 15.63","numeric_value":15.63,"display_value":15.63,"display_label":"15.63","classification":"Cota de fondo de conducto inferida por prefijo CAD"}},{"type":"Feature","geometry":{"type":"Point","coordinates":[-60.68880219,-31.5933248]},"properties":{"layer":"Cotas Fondo conductos","entity_type":"TEXT","handle":"3748F1","text":"FC 14.56","numeric_value":14.56,"display_value":14.56,"display_label":"14.56","classification":"Cota de fondo de conducto inferida por prefijo CAD"}},{"type":"Feature","geometry":{"type":"Point","coordinates":[-60.6875024,-31.59342081]},"properties":{"layer":"Cotas Fondo conductos","entity_type":"TEXT","handle":"374A6B","text":"FC 14.48","numeric_value":14.48,"display_value":14.48,"display_label":"14.48","classification":"Cota de fondo de conducto inferida por prefijo CAD"}},{"type":"Feature","geometry":{"type":"Point","coordinates":[-60.68704459,-31.59352076]},"properties":{"layer":"Cotas Fondo conductos","entity_type":"TEXT","handle":"374A6E","text":"FC 14.45","numeric_value":14.45,"display_value":14.45,"display_label":"14.45","classification":"Cota de fondo de conducto inferida por prefijo CAD"}},{"type":"Feature","geometry":{"type":"Point","coordinates":[-60.68635527,-31.59366431]},"properties":{"layer":"Cotas Fondo conductos","entity_type":"TEXT","handle":"374A71","text":"FC 14.45","numeric_value":14.45,"display_value":14.45,"display_label":"14.45","classification":"Cota de fondo de conducto inferida por prefijo CAD"}},{"type":"Feature","geometry":{"type":"Point","coordinates":[-60.68925871,-31.59491555]},"properties":{"layer":"Cotas Fondo conductos","entity_type":"TEXT","handle":"374BF2","text":"FC 15.33","numeric_value":15.33,"display_value":15.33,"display_label":"15.33","classification":"Cota de fondo de conducto inferida por prefijo CAD"}},{"type":"Feature","geometry":{"type":"Point","coordinates":[-60.67314322,-31.59638157]},"properties":{"layer":"Cotas Fondo conductos","entity_type":"TEXT","handle":"374F05","text":"FC 15.77","numeric_value":15.77,"display_value":15.77,"display_label":"15.77","classification":"Cota de fondo de conducto inferida por prefijo CAD"}},{"type":"Feature","geometry":{"type":"Point","coordinates":[-60.67781125,-31.59565687]},"properties":{"layer":"Cotas Fondo conductos","entity_type":"TEXT","handle":"3756C5","text":"FC 14.39","numeric_value":14.39,"display_value":14.39,"display_label":"14.39","classification":"Cota de fondo de conducto inferida por prefijo CAD"}},{"type":"Feature","geometry":{"type":"Point","coordinates":[-60.67822357,-31.59546364]},"properties":{"layer":"Cotas Fondo conductos","entity_type":"TEXT","handle":"375B6B","text":"FC 13.82","numeric_value":13.82,"display_value":13.82,"display_label":"13.82","classification":"Cota de fondo de conducto inferida por prefijo CAD"}},{"type":"Feature","geometry":{"type":"Point","coordinates":[-60.67791018,-31.59578362]},"properties":{"layer":"Cotas Fondo conductos","entity_type":"TEXT","handle":"375B7A","text":"FC 14.93","numeric_value":14.93,"display_value":14.93,"display_label":"14.93","classification":"Cota de fondo de conducto inferida por prefijo CAD"}},{"type":"Feature","geometry":{"type":"Point","coordinates":[-60.67787098,-31.59658506]},"properties":{"layer":"Cotas Fondo conductos","entity_type":"TEXT","handle":"376045","text":"FC 15.32","numeric_value":15.32,"display_value":15.32,"display_label":"15.32","classification":"Cota de fondo de conducto inferida por prefijo CAD"}},{"type":"Feature","geometry":{"type":"Point","coordinates":[-60.67788782,-31.59679641]},"properties":{"layer":"Cotas Fondo conductos","entity_type":"TEXT","handle":"3761DC","text":"FC 15.61","numeric_value":15.61,"display_value":15.61,"display_label":"15.61","classification":"Cota de fondo de conducto inferida por prefijo CAD"}},{"type":"Feature","geometry":{"type":"Point","coordinates":[-60.67828472,-31.5974678]},"properties":{"layer":"Cotas Fondo conductos","entity_type":"TEXT","handle":"3761F2","text":"FC 15.57","numeric_value":15.57,"display_value":15.57,"display_label":"15.57","classification":"Cota de fondo de conducto inferida por prefijo CAD"}},{"type":"Feature","geometry":{"type":"Point","coordinates":[-60.67822585,-31.59751748]},"properties":{"layer":"Cotas Fondo conductos","entity_type":"TEXT","handle":"376202","text":"FC 15.75","numeric_value":15.75,"display_value":15.75,"display_label":"15.75","classification":"Cota de fondo de conducto inferida por prefijo CAD"}},{"type":"Feature","geometry":{"type":"Point","coordinates":[-60.67799236,-31.59749028]},"properties":{"layer":"Cotas Fondo conductos","entity_type":"TEXT","handle":"376204","text":"FC 15.71","numeric_value":15.71,"display_value":15.71,"display_label":"15.71","classification":"Cota de fondo de conducto inferida por prefijo CAD"}},{"type":"Feature","geometry":{"type":"Point","coordinates":[-60.67804366,-31.59737756]},"properties":{"layer":"Cotas Fondo conductos","entity_type":"TEXT","handle":"376397","text":"FC 15.61","numeric_value":15.61,"display_value":15.61,"display_label":"15.61","classification":"Cota de fondo de conducto inferida por prefijo CAD"}},{"type":"Feature","geometry":{"type":"Point","coordinates":[-60.67860843,-31.59538245]},"properties":{"layer":"Cotas Fondo conductos","entity_type":"TEXT","handle":"376896","text":"FC 13.85","numeric_value":13.85,"display_value":13.85,"display_label":"13.85","classification":"Cota de fondo de conducto inferida por prefijo CAD"}},{"type":"Feature","geometry":{"type":"Point","coordinates":[-60.67891404,-31.59528948]},"properties":{"layer":"Cotas Fondo conductos","entity_type":"TEXT","handle":"376898","text":"FC 14.55","numeric_value":14.55,"display_value":14.55,"display_label":"14.55","classification":"Cota de fondo de conducto inferida por prefijo CAD"}},{"type":"Feature","geometry":{"type":"Point","coordinates":[-60.67895863,-31.59542956]},"properties":{"layer":"Cotas Fondo conductos","entity_type":"TEXT","handle":"37689A","text":"FC 14.25","numeric_value":14.25,"display_value":14.25,"display_label":"14.25","classification":"Cota de fondo de conducto inferida por prefijo CAD"}},{"type":"Feature","geometry":{"type":"Point","coordinates":[-60.67897516,-31.59558644]},"properties":{"layer":"Cotas Fondo conductos","entity_type":"TEXT","handle":"37689C","text":"FC 15.20","numeric_value":15.2,"display_value":15.2,"display_label":"15.20","classification":"Cota de fondo de conducto inferida por prefijo CAD"}},{"type":"Feature","geometry":{"type":"Point","coordinates":[-60.6788523,-31.59629233]},"properties":{"layer":"Cotas Fondo conductos","entity_type":"TEXT","handle":"376D8C","text":"FC 15.53","numeric_value":15.53,"display_value":15.53,"display_label":"15.53","classification":"Cota de fondo de conducto inferida por prefijo CAD"}},{"type":"Feature","geometry":{"type":"Point","coordinates":[-60.67913932,-31.59614318]},"properties":{"layer":"Cotas Fondo conductos","entity_type":"TEXT","handle":"376D94","text":"FC 15.58","numeric_value":15.58,"display_value":15.58,"display_label":"15.58","classification":"Cota de fondo de conducto inferida por prefijo CAD"}},{"type":"Feature","geometry":{"type":"Point","coordinates":[-60.67934292,-31.59631357]},"properties":{"layer":"Cotas Fondo conductos","entity_type":"TEXT","handle":"376D9A","text":"FC 15.62","numeric_value":15.62,"display_value":15.62,"display_label":"15.62","classification":"Cota de fondo de conducto inferida por prefijo CAD"}},{"type":"Feature","geometry":{"type":"Point","coordinates":[-60.67911228,-31.59527046]},"properties":{"layer":"Cotas Fondo conductos","entity_type":"TEXT","handle":"37778D","text":"FC 13.88","numeric_value":13.88,"display_value":13.88,"display_label":"13.88","classification":"Cota de fondo de conducto inferida por prefijo CAD"}},{"type":"Feature","geometry":{"type":"Point","coordinates":[-60.67935936,-31.59519057]},"properties":{"layer":"Cotas Fondo conductos","entity_type":"TEXT","handle":"37778F","text":"FC 14.58","numeric_value":14.58,"display_value":14.58,"display_label":"14.58","classification":"Cota de fondo de conducto inferida por prefijo CAD"}},{"type":"Feature","geometry":{"type":"Point","coordinates":[-60.67987059,-31.59507553]},"properties":{"layer":"Cotas Fondo conductos","entity_type":"TEXT","handle":"377791","text":"FC 14.61","numeric_value":14.61,"display_value":14.61,"display_label":"14.61","classification":"Cota de fondo de conducto inferida por prefijo CAD"}},{"type":"Feature","geometry":{"type":"Point","coordinates":[-60.67961177,-31.59513877]},"properties":{"layer":"Cotas Fondo conductos","entity_type":"TEXT","handle":"377793","text":"FC 13.91","numeric_value":13.91,"display_value":13.91,"display_label":"13.91","classification":"Cota de fondo de conducto inferida por prefijo CAD"}},{"type":"Feature","geometry":{"type":"Point","coordinates":[-60.67992521,-31.59519879]},"properties":{"layer":"Cotas Fondo conductos","entity_type":"TEXT","handle":"377795","text":"FC 14.61","numeric_value":14.61,"display_value":14.61,"display_label":"14.61","classification":"Cota de fondo de conducto inferida por prefijo CAD"}},{"type":"Feature","geometry":{"type":"Point","coordinates":[-60.6803567,-31.59497172]},"properties":{"layer":"Cotas Fondo conductos","entity_type":"TEXT","handle":"377944","text":"FC 14.61","numeric_value":14.61,"display_value":14.61,"display_label":"14.61","classification":"Cota de fondo de conducto inferida por prefijo CAD"}},{"type":"Feature","geometry":{"type":"Point","coordinates":[-60.68012499,-31.59502146]},"properties":{"layer":"Cotas Fondo conductos","entity_type":"TEXT","handle":"377946","text":"FC 13.94","numeric_value":13.94,"display_value":13.94,"display_label":"13.94","classification":"Cota de fondo de conducto inferida por prefijo CAD"}},{"type":"Feature","geometry":{"type":"Point","coordinates":[-60.68078764,-31.59487463]},"properties":{"layer":"Cotas Fondo conductos","entity_type":"TEXT","handle":"377CDA","text":"FC 13.97","numeric_value":13.97,"display_value":13.97,"display_label":"13.97","classification":"Cota de fondo de conducto inferida por prefijo CAD"}},{"type":"Feature","geometry":{"type":"Point","coordinates":[-60.68101089,-31.59482504]},"properties":{"layer":"Cotas Fondo conductos","entity_type":"TEXT","handle":"377E95","text":"FC 14.67","numeric_value":14.67,"display_value":14.67,"display_label":"14.67","classification":"Cota de fondo de conducto inferida por prefijo CAD"}},{"type":"Feature","geometry":{"type":"Point","coordinates":[-60.68084696,-31.59510652]},"properties":{"layer":"Cotas Fondo conductos","entity_type":"TEXT","handle":"377E97","text":"FC 15.18","numeric_value":15.18,"display_value":15.18,"display_label":"15.18","classification":"Cota de fondo de conducto inferida por prefijo CAD"}},{"type":"Feature","geometry":{"type":"Point","coordinates":[-60.68108468,-31.59590779]},"properties":{"layer":"Cotas Fondo conductos","entity_type":"TEXT","handle":"378209","text":"FC 15.55","numeric_value":15.55,"display_value":15.55,"display_label":"15.55","classification":"Cota de fondo de conducto inferida por prefijo CAD"}},{"type":"Feature","geometry":{"type":"Point","coordinates":[-60.68140472,-31.59603551]},"properties":{"layer":"Cotas Fondo conductos","entity_type":"TEXT","handle":"37820B","text":"FC 15.70","numeric_value":15.7,"display_value":15.7,"display_label":"15.70","classification":"Cota de fondo de conducto inferida por prefijo CAD"}},{"type":"Feature","geometry":{"type":"Point","coordinates":[-60.68124589,-31.59478019]},"properties":{"layer":"Cotas Fondo conductos","entity_type":"TEXT","handle":"37820F","text":"FC 14.00","numeric_value":14.0,"display_value":14.0,"display_label":"14.00","classification":"Cota de fondo de conducto inferida por prefijo CAD"}},{"type":"Feature","geometry":{"type":"Point","coordinates":[-60.68171031,-31.5947204]},"properties":{"layer":"Cotas Fondo conductos","entity_type":"TEXT","handle":"3783DD","text":"FC 14.03","numeric_value":14.03,"display_value":14.03,"display_label":"14.03","classification":"Cota de fondo de conducto inferida por prefijo CAD"}},{"type":"Feature","geometry":{"type":"Point","coordinates":[-60.68169395,-31.59449067]},"properties":{"layer":"Cotas Fondo conductos","entity_type":"TEXT","handle":"378786","text":"FC 15.57","numeric_value":15.57,"display_value":15.57,"display_label":"15.57","classification":"Cota de fondo de conducto inferida por prefijo CAD"}},{"type":"Feature","geometry":{"type":"Point","coordinates":[-60.68182558,-31.59443297]},"properties":{"layer":"Cotas Fondo conductos","entity_type":"TEXT","handle":"378788","text":"FC 15.61","numeric_value":15.61,"display_value":15.61,"display_label":"15.61","classification":"Cota de fondo de conducto inferida por prefijo CAD"}},{"type":"Feature","geometry":{"type":"Point","coordinates":[-60.68184467,-31.59479243]},"properties":{"layer":"Cotas Fondo conductos","entity_type":"TEXT","handle":"37924B","text":"FC 14.74","numeric_value":14.74,"display_value":14.74,"display_label":"14.74","classification":"Cota de fondo de conducto inferida por prefijo CAD"}},{"type":"Feature","geometry":{"type":"Point","coordinates":[-60.68205988,-31.59466032]},"properties":{"layer":"Cotas Fondo conductos","entity_type":"TEXT","handle":"379417","text":"FC 14.05","numeric_value":14.05,"display_value":14.05,"display_label":"14.05","classification":"Cota de fondo de conducto inferida por prefijo CAD"}},{"type":"Feature","geometry":{"type":"Point","coordinates":[-60.68247376,-31.59458086]},"properties":{"layer":"Cotas Fondo conductos","entity_type":"TEXT","handle":"3795E1","text":"FC 14.05","numeric_value":14.05,"display_value":14.05,"display_label":"14.05","classification":"Cota de fondo de conducto inferida por prefijo CAD"}},{"type":"Feature","geometry":{"type":"Point","coordinates":[-60.68289045,-31.59450172]},"properties":{"layer":"Cotas Fondo conductos","entity_type":"TEXT","handle":"3797B4","text":"FC 14.10","numeric_value":14.1,"display_value":14.1,"display_label":"14.10","classification":"Cota de fondo de conducto inferida por prefijo CAD"}},{"type":"Feature","geometry":{"type":"Point","coordinates":[-60.68289151,-31.59441482]},"properties":{"layer":"Cotas Fondo conductos","entity_type":"TEXT","handle":"379B58","text":"FC 14.80","numeric_value":14.8,"display_value":14.8,"display_label":"14.80","classification":"Cota de fondo de conducto inferida por prefijo CAD"}},{"type":"Feature","geometry":{"type":"Point","coordinates":[-60.68329914,-31.59443894]},"properties":{"layer":"Cotas Fondo conductos","entity_type":"TEXT","handle":"379B5A","text":"FC 15.52","numeric_value":15.52,"display_value":15.52,"display_label":"15.52","classification":"Cota de fondo de conducto inferida por prefijo CAD"}},{"type":"Feature","geometry":{"type":"Point","coordinates":[-60.68390066,-31.59430837]},"properties":{"layer":"Cotas Fondo conductos","entity_type":"TEXT","handle":"379D3C","text":"FC 14.16","numeric_value":14.16,"display_value":14.16,"display_label":"14.16","classification":"Cota de fondo de conducto inferida por prefijo CAD"}},{"type":"Feature","geometry":{"type":"Point","coordinates":[-60.68391286,-31.59441782]},"properties":{"layer":"Cotas Fondo conductos","entity_type":"TEXT","handle":"379D3E","text":"FC 14.86","numeric_value":14.86,"display_value":14.86,"display_label":"14.86","classification":"Cota de fondo de conducto inferida por prefijo CAD"}},{"type":"Feature","geometry":{"type":"Point","coordinates":[-60.68387386,-31.59421899]},"properties":{"layer":"Cotas Fondo conductos","entity_type":"TEXT","handle":"379D43","text":"FC 15.93","numeric_value":15.93,"display_value":15.93,"display_label":"15.93","classification":"Cota de fondo de conducto inferida por prefijo CAD"}},{"type":"Feature","geometry":{"type":"Point","coordinates":[-60.68537636,-31.59402961]},"properties":{"layer":"Cotas Fondo conductos","entity_type":"TEXT","handle":"37A117","text":"FC 14.30","numeric_value":14.3,"display_value":14.3,"display_label":"14.30","classification":"Cota de fondo de conducto inferida por prefijo CAD"}},{"type":"Feature","geometry":{"type":"Point","coordinates":[-60.68535981,-31.59521762]},"properties":{"layer":"Cotas Fondo conductos","entity_type":"TEXT","handle":"37B22E","text":"FC 16.02","numeric_value":16.02,"display_value":16.02,"display_label":"16.02","classification":"Cota de fondo de conducto inferida por prefijo CAD"}},{"type":"Feature","geometry":{"type":"Point","coordinates":[-60.68560725,-31.59514638]},"properties":{"layer":"Cotas Fondo conductos","entity_type":"TEXT","handle":"37B230","text":"FC 16.10","numeric_value":16.1,"display_value":16.1,"display_label":"16.10","classification":"Cota de fondo de conducto inferida por prefijo CAD"}},{"type":"Feature","geometry":{"type":"Point","coordinates":[-60.68551248,-31.59573578]},"properties":{"layer":"Cotas Fondo conductos","entity_type":"TEXT","handle":"37B419","text":"FC 15.70","numeric_value":15.7,"display_value":15.7,"display_label":"15.70","classification":"Cota de fondo de conducto inferida por prefijo CAD"}},{"type":"Feature","geometry":{"type":"Point","coordinates":[-60.68568236,-31.59591536]},"properties":{"layer":"Cotas Fondo conductos","entity_type":"TEXT","handle":"37B603","text":"FC 16.00","numeric_value":16.0,"display_value":16.0,"display_label":"16.00","classification":"Cota de fondo de conducto inferida por prefijo CAD"}},{"type":"Feature","geometry":{"type":"Point","coordinates":[-60.68577126,-31.59567396]},"properties":{"layer":"Cotas Fondo conductos","entity_type":"TEXT","handle":"37B606","text":"FC 15.90","numeric_value":15.9,"display_value":15.9,"display_label":"15.90","classification":"Cota de fondo de conducto inferida por prefijo CAD"}},{"type":"Feature","geometry":{"type":"Point","coordinates":[-60.68342814,-31.59522492]},"properties":{"layer":"Cotas Fondo conductos","entity_type":"TEXT","handle":"37B60A","text":"FC 14.84","numeric_value":14.84,"display_value":14.84,"display_label":"14.84","classification":"Cota de fondo de conducto inferida por prefijo CAD"}},{"type":"Feature","geometry":{"type":"Point","coordinates":[-60.68340451,-31.59534885]},"properties":{"layer":"Cotas Fondo conductos","entity_type":"TEXT","handle":"37B7F6","text":"FC 15.49","numeric_value":15.49,"display_value":15.49,"display_label":"15.49","classification":"Cota de fondo de conducto inferida por prefijo CAD"}},{"type":"Feature","geometry":{"type":"Point","coordinates":[-60.68316048,-31.59552789]},"properties":{"layer":"Cotas Fondo conductos","entity_type":"TEXT","handle":"37B9E8","text":"FC 15.08","numeric_value":15.08,"display_value":15.08,"display_label":"15.08","classification":"Cota de fondo de conducto inferida por prefijo CAD"}},{"type":"Feature","geometry":{"type":"Point","coordinates":[-60.68225717,-31.59552273]},"properties":{"layer":"Cotas Fondo conductos","entity_type":"TEXT","handle":"37B9EA","text":"FC 15.43","numeric_value":15.43,"display_value":15.43,"display_label":"15.43","classification":"Cota de fondo de conducto inferida por prefijo CAD"}},{"type":"Feature","geometry":{"type":"Point","coordinates":[-60.68935157,-31.59520566]},"properties":{"layer":"Cotas Fondo conductos","entity_type":"TEXT","handle":"37C1BC","text":"FC 14.83","numeric_value":14.83,"display_value":14.83,"display_label":"14.83","classification":"Cota de fondo de conducto inferida por prefijo CAD"}},{"type":"Feature","geometry":{"type":"Point","coordinates":[-60.68898545,-31.59496328]},"properties":{"layer":"Cotas Fondo conductos","entity_type":"TEXT","handle":"37C1C2","text":"FC 15.33","numeric_value":15.33,"display_value":15.33,"display_label":"15.33","classification":"Cota de fondo de conducto inferida por prefijo CAD"}},{"type":"Feature","geometry":{"type":"Point","coordinates":[-60.71135892,-31.5856903]},"properties":{"layer":"Cotas Fondo conductos","entity_type":"MTEXT","handle":"37E49E","text":"FC 15.70","numeric_value":15.7,"display_value":15.7,"display_label":"15.70","classification":"Cota de fondo de conducto inferida por prefijo CAD"}},{"type":"Feature","geometry":{"type":"Point","coordinates":[-60.71190043,-31.58553002]},"properties":{"layer":"Cotas Fondo conductos","entity_type":"MTEXT","handle":"37EA22","text":"FC 15.90","numeric_value":15.9,"display_value":15.9,"display_label":"15.90","classification":"Cota de fondo de conducto inferida por prefijo CAD"}},{"type":"Feature","geometry":{"type":"Point","coordinates":[-60.71169188,-31.58539427]},"properties":{"layer":"Cotas Fondo conductos","entity_type":"MTEXT","handle":"37EA24","text":"FC 15.78","numeric_value":15.78,"display_value":15.78,"display_label":"15.78","classification":"Cota de fondo de conducto inferida por prefijo CAD"}},{"type":"Feature","geometry":{"type":"Point","coordinates":[-60.71169153,-31.58534844]},"properties":{"layer":"Cotas Fondo conductos","entity_type":"MTEXT","handle":"37F185","text":"FC 15.78","numeric_value":15.78,"display_value":15.78,"display_label":"15.78","classification":"Cota de fondo de conducto inferida por prefijo CAD"}},{"type":"Feature","geometry":{"type":"Point","coordinates":[-60.71132037,-31.58505655]},"properties":{"layer":"Cotas Fondo conductos","entity_type":"MTEXT","handle":"37F359","text":"FC 15.58","numeric_value":15.58,"display_value":15.58,"display_label":"15.58","classification":"Cota de fondo de conducto inferida por prefijo CAD"}},{"type":"Feature","geometry":{"type":"Point","coordinates":[-60.71195609,-31.58497422]},"properties":{"layer":"Cotas Fondo conductos","entity_type":"MTEXT","handle":"37F35B","text":"FC 15.85","numeric_value":15.85,"display_value":15.85,"display_label":"15.85","classification":"Cota de fondo de conducto inferida por prefijo CAD"}},{"type":"Feature","geometry":{"type":"Point","coordinates":[-60.71158728,-31.58459829]},"properties":{"layer":"Cotas Fondo conductos","entity_type":"MTEXT","handle":"37F35D","text":"FC 15.80","numeric_value":15.8,"display_value":15.8,"display_label":"15.80","classification":"Cota de fondo de conducto inferida por prefijo CAD"}},{"type":"Feature","geometry":{"type":"Point","coordinates":[-60.7116919,-31.58438094]},"properties":{"layer":"Cotas Fondo conductos","entity_type":"MTEXT","handle":"37F52E","text":"FC 15.95","numeric_value":15.95,"display_value":15.95,"display_label":"15.95","classification":"Cota de fondo de conducto inferida por prefijo CAD"}},{"type":"Feature","geometry":{"type":"Point","coordinates":[-60.71169254,-31.58446552]},"properties":{"layer":"Cotas Fondo conductos","entity_type":"MTEXT","handle":"37F530","text":"FC 15.83","numeric_value":15.83,"display_value":15.83,"display_label":"15.83","classification":"Cota de fondo de conducto inferida por prefijo CAD"}},{"type":"Feature","geometry":{"type":"Point","coordinates":[-60.71151212,-31.58332195]},"properties":{"layer":"Cotas Fondo conductos","entity_type":"MTEXT","handle":"37F8DE","text":"FC 15.42","numeric_value":15.42,"display_value":15.42,"display_label":"15.42","classification":"Cota de fondo de conducto inferida por prefijo CAD"}},{"type":"Feature","geometry":{"type":"Point","coordinates":[-60.71144794,-31.58174363]},"properties":{"layer":"Cotas Fondo conductos","entity_type":"MTEXT","handle":"37FAB4","text":"FC 15.46","numeric_value":15.46,"display_value":15.46,"display_label":"15.46","classification":"Cota de fondo de conducto inferida por prefijo CAD"}},{"type":"Feature","geometry":{"type":"Point","coordinates":[-60.71159565,-31.58165963]},"properties":{"layer":"Cotas Fondo conductos","entity_type":"MTEXT","handle":"37FAB7","text":"FC 15.60","numeric_value":15.6,"display_value":15.6,"display_label":"15.60","classification":"Cota de fondo de conducto inferida por prefijo CAD"}},{"type":"Feature","geometry":{"type":"Point","coordinates":[-60.71121156,-31.57967282]},"properties":{"layer":"Cotas Fondo conductos","entity_type":"MTEXT","handle":"3803DE","text":"FC 15.55","numeric_value":15.55,"display_value":15.55,"display_label":"15.55","classification":"Cota de fondo de conducto inferida por prefijo CAD"}},{"type":"Feature","geometry":{"type":"Point","coordinates":[-60.7110598,-31.57483584]},"properties":{"layer":"Cotas Fondo conductos","entity_type":"MTEXT","handle":"3803E0","text":"FC 15.95","numeric_value":15.95,"display_value":15.95,"display_label":"15.95","classification":"Cota de fondo de conducto inferida por prefijo CAD"}},{"type":"Feature","geometry":{"type":"Point","coordinates":[-60.71058154,-31.57481766]},"properties":{"layer":"Cotas Fondo conductos","entity_type":"MTEXT","handle":"3803E3","text":"FC 14.85","numeric_value":14.85,"display_value":14.85,"display_label":"14.85","classification":"Cota de fondo de conducto inferida por prefijo CAD"}},{"type":"Feature","geometry":{"type":"Point","coordinates":[-60.70878446,-31.56796452]},"properties":{"layer":"Cotas Fondo conductos","entity_type":"MTEXT","handle":"3814B0","text":"FC 15.95","numeric_value":15.95,"display_value":15.95,"display_label":"15.95","classification":"Cota de fondo de conducto inferida por prefijo CAD"}},{"type":"Feature","geometry":{"type":"Point","coordinates":[-60.70831431,-31.56806559]},"properties":{"layer":"Cotas Fondo conductos","entity_type":"MTEXT","handle":"3814BF","text":"FC 15.65","numeric_value":15.65,"display_value":15.65,"display_label":"15.65","classification":"Cota de fondo de conducto inferida por prefijo CAD"}},{"type":"Feature","geometry":{"type":"Point","coordinates":[-60.70763654,-31.56480534]},"properties":{"layer":"Cotas Fondo conductos","entity_type":"MTEXT","handle":"381872","text":"FC 15.80","numeric_value":15.8,"display_value":15.8,"display_label":"15.80","classification":"Cota de fondo de conducto inferida por prefijo CAD"}},{"type":"Feature","geometry":{"type":"Point","coordinates":[-60.70732243,-31.56488627]},"properties":{"layer":"Cotas Fondo conductos","entity_type":"MTEXT","handle":"381874","text":"FC 15.45","numeric_value":15.45,"display_value":15.45,"display_label":"15.45","classification":"Cota de fondo de conducto inferida por prefijo CAD"}},{"type":"Feature","geometry":{"type":"Point","coordinates":[-60.69157523,-31.58980784]},"properties":{"layer":"Cotas Fondo conductos","entity_type":"TEXT","handle":"38303F","text":"FC 15.78","numeric_value":15.78,"display_value":15.78,"display_label":"15.78","classification":"Cota de fondo de conducto inferida por prefijo CAD"}},{"type":"Feature","geometry":{"type":"Point","coordinates":[-60.69095068,-31.589936]},"properties":{"layer":"Cotas Fondo conductos","entity_type":"TEXT","handle":"383043","text":"FC 15.85","numeric_value":15.85,"display_value":15.85,"display_label":"15.85","classification":"Cota de fondo de conducto inferida por prefijo CAD"}},{"type":"Feature","geometry":{"type":"Point","coordinates":[-60.69049811,-31.59004554]},"properties":{"layer":"Cotas Fondo conductos","entity_type":"TEXT","handle":"383045","text":"FC 15.90","numeric_value":15.9,"display_value":15.9,"display_label":"15.90","classification":"Cota de fondo de conducto inferida por prefijo CAD"}},{"type":"Feature","geometry":{"type":"Point","coordinates":[-60.69008997,-31.59025374]},"properties":{"layer":"Cotas Fondo conductos","entity_type":"TEXT","handle":"383047","text":"FC 15.96","numeric_value":15.96,"display_value":15.96,"display_label":"15.96","classification":"Cota de fondo de conducto inferida por prefijo CAD"}},{"type":"Feature","geometry":{"type":"Point","coordinates":[-60.68941731,-31.59038988]},"properties":{"layer":"Cotas Fondo conductos","entity_type":"TEXT","handle":"383232","text":"FC 16.00","numeric_value":16.0,"display_value":16.0,"display_label":"16.00","classification":"Cota de fondo de conducto inferida por prefijo CAD"}},{"type":"Feature","geometry":{"type":"Point","coordinates":[-60.6887059,-31.59053129]},"properties":{"layer":"Cotas Fondo conductos","entity_type":"TEXT","handle":"383234","text":"FC 16.10","numeric_value":16.1,"display_value":16.1,"display_label":"16.10","classification":"Cota de fondo de conducto inferida por prefijo CAD"}},{"type":"Feature","geometry":{"type":"Point","coordinates":[-60.68865707,-31.59036984]},"properties":{"layer":"Cotas Fondo conductos","entity_type":"TEXT","handle":"383236","text":"FC 16.20","numeric_value":16.2,"display_value":16.2,"display_label":"16.20","classification":"Cota de fondo de conducto inferida por prefijo CAD"}},{"type":"Feature","geometry":{"type":"Point","coordinates":[-60.68800019,-31.5906824]},"properties":{"layer":"Cotas Fondo conductos","entity_type":"TEXT","handle":"383238","text":"FC 16.20","numeric_value":16.2,"display_value":16.2,"display_label":"16.20","classification":"Cota de fondo de conducto inferida por prefijo CAD"}},{"type":"Feature","geometry":{"type":"Point","coordinates":[-60.68760804,-31.59058073]},"properties":{"layer":"Cotas Fondo conductos","entity_type":"TEXT","handle":"38323A","text":"FC 16.30","numeric_value":16.3,"display_value":16.3,"display_label":"16.30","classification":"Cota de fondo de conducto inferida por prefijo CAD"}},{"type":"Feature","geometry":{"type":"Point","coordinates":[-60.68762468,-31.59047034]},"properties":{"layer":"Cotas Fondo conductos","entity_type":"TEXT","handle":"38323C","text":"FC 16.30","numeric_value":16.3,"display_value":16.3,"display_label":"16.30","classification":"Cota de fondo de conducto inferida por prefijo CAD"}},{"type":"Feature","geometry":{"type":"Point","coordinates":[-60.69155974,-31.58864553]},"properties":{"layer":"Cotas Fondo conductos","entity_type":"TEXT","handle":"38323E","text":"cfc 14.93","numeric_value":14.93,"display_value":14.93,"display_label":"14.93","classification":"Cota de fondo de conducto inferida por prefijo CAD"}},{"type":"Feature","geometry":{"type":"Point","coordinates":[-60.69134002,-31.58887052]},"properties":{"layer":"Cotas Fondo conductos","entity_type":"TEXT","handle":"383240","text":"cfc 14.96","numeric_value":14.96,"display_value":14.96,"display_label":"14.96","classification":"Cota de fondo de conducto inferida por prefijo CAD"}},{"type":"Feature","geometry":{"type":"Point","coordinates":[-60.69125174,-31.58870717]},"properties":{"layer":"Cotas Fondo conductos","entity_type":"TEXT","handle":"383430","text":"FC 15.73","numeric_value":15.73,"display_value":15.73,"display_label":"15.73","classification":"Cota de fondo de conducto inferida por prefijo CAD"}},{"type":"Feature","geometry":{"type":"Point","coordinates":[-60.69053159,-31.58885251]},"properties":{"layer":"Cotas Fondo conductos","entity_type":"TEXT","handle":"383434","text":"FC 15.75","numeric_value":15.75,"display_value":15.75,"display_label":"15.75","classification":"Cota de fondo de conducto inferida por prefijo CAD"}},{"type":"Feature","geometry":{"type":"Point","coordinates":[-60.69020901,-31.58910044]},"properties":{"layer":"Cotas Fondo conductos","entity_type":"TEXT","handle":"383436","text":"cfc 15.88","numeric_value":15.88,"display_value":15.88,"display_label":"15.88","classification":"Cota de fondo de conducto inferida por prefijo CAD"}},{"type":"Feature","geometry":{"type":"Point","coordinates":[-60.69009651,-31.5888065]},"properties":{"layer":"Cotas Fondo conductos","entity_type":"TEXT","handle":"38362C","text":"cfc 15.85","numeric_value":15.85,"display_value":15.85,"display_label":"15.85","classification":"Cota de fondo de conducto inferida por prefijo CAD"}},{"type":"Feature","geometry":{"type":"Point","coordinates":[-60.68918921,-31.58930334]},"properties":{"layer":"Cotas Fondo conductos","entity_type":"TEXT","handle":"383633","text":"cfc 15.80","numeric_value":15.8,"display_value":15.8,"display_label":"15.80","classification":"Cota de fondo de conducto inferida por prefijo CAD"}},{"type":"Feature","geometry":{"type":"Point","coordinates":[-60.68984265,-31.58917487]},"properties":{"layer":"Cotas Fondo conductos","entity_type":"TEXT","handle":"383635","text":"cfc 15.80","numeric_value":15.8,"display_value":15.8,"display_label":"15.80","classification":"Cota de fondo de conducto inferida por prefijo CAD"}},{"type":"Feature","geometry":{"type":"Point","coordinates":[-60.68842163,-31.58945916]},"properties":{"layer":"Cotas Fondo conductos","entity_type":"TEXT","handle":"383637","text":"cfc 15.90","numeric_value":15.9,"display_value":15.9,"display_label":"15.90","classification":"Cota de fondo de conducto inferida por prefijo CAD"}},{"type":"Feature","geometry":{"type":"Point","coordinates":[-60.68845599,-31.58958367]},"properties":{"layer":"Cotas Fondo conductos","entity_type":"TEXT","handle":"383639","text":"cfc 15.92","numeric_value":15.92,"display_value":15.92,"display_label":"15.92","classification":"Cota de fondo de conducto inferida por prefijo CAD"}},{"type":"Feature","geometry":{"type":"Point","coordinates":[-60.6883616,-31.58916348]},"properties":{"layer":"Cotas Fondo conductos","entity_type":"TEXT","handle":"38363B","text":"cfc 15.92","numeric_value":15.92,"display_value":15.92,"display_label":"15.92","classification":"Cota de fondo de conducto inferida por prefijo CAD"}},{"type":"Feature","geometry":{"type":"Point","coordinates":[-60.68833886,-31.58929022]},"properties":{"layer":"Cotas Fondo conductos","entity_type":"TEXT","handle":"383640","text":"FC 16.10","numeric_value":16.1,"display_value":16.1,"display_label":"16.10","classification":"Cota de fondo de conducto inferida por prefijo CAD"}},{"type":"Feature","geometry":{"type":"Point","coordinates":[-60.68741474,-31.58975361]},"properties":{"layer":"Cotas Fondo conductos","entity_type":"TEXT","handle":"383643","text":"cfc 16.35","numeric_value":16.35,"display_value":16.35,"display_label":"16.35","classification":"Cota de fondo de conducto inferida por prefijo CAD"}},{"type":"Feature","geometry":{"type":"Point","coordinates":[-60.68730997,-31.58947912]},"properties":{"layer":"Cotas Fondo conductos","entity_type":"TEXT","handle":"383645","text":"cfc 16.20","numeric_value":16.2,"display_value":16.2,"display_label":"16.20","classification":"Cota de fondo de conducto inferida por prefijo CAD"}},{"type":"Feature","geometry":{"type":"Point","coordinates":[-60.70497742,-31.64024539]},"properties":{"layer":"Cotas Fondo conductos","entity_type":"TEXT","handle":"384090","text":"Cota: 13.83","numeric_value":13.83,"display_value":13.83,"display_label":"13.83","classification":"Cota de fondo de conducto inferida por prefijo CAD"}},{"type":"Feature","geometry":{"type":"Point","coordinates":[-60.70479532,-31.64122]},"properties":{"layer":"Cotas Fondo conductos","entity_type":"TEXT","handle":"38449D","text":"FC 14.988","numeric_value":14.988,"display_value":14.988,"display_label":"14.99","classification":"Cota de fondo de conducto inferida por prefijo CAD"}},{"type":"Feature","geometry":{"type":"Point","coordinates":[-60.70508878,-31.64220025]},"properties":{"layer":"Cotas Fondo conductos","entity_type":"TEXT","handle":"3844A8","text":"FC 15.22","numeric_value":15.22,"display_value":15.22,"display_label":"15.22","classification":"Cota de fondo de conducto inferida por prefijo CAD"}},{"type":"Feature","geometry":{"type":"Point","coordinates":[-60.70510052,-31.64205207]},"properties":{"layer":"Cotas Fondo conductos","entity_type":"TEXT","handle":"3844AA","text":"FC 15.19","numeric_value":15.19,"display_value":15.19,"display_label":"15.19","classification":"Cota de fondo de conducto inferida por prefijo CAD"}},{"type":"Feature","geometry":{"type":"Point","coordinates":[-60.70546196,-31.64325989]},"properties":{"layer":"Cotas Fondo conductos","entity_type":"TEXT","handle":"3846B9","text":"FC 15.54","numeric_value":15.54,"display_value":15.54,"display_label":"15.54","classification":"Cota de fondo de conducto inferida por prefijo CAD"}},{"type":"Feature","geometry":{"type":"Point","coordinates":[-60.70555636,-31.64343771]},"properties":{"layer":"Cotas Fondo conductos","entity_type":"TEXT","handle":"3846BD","text":"FC 15.65","numeric_value":15.65,"display_value":15.65,"display_label":"15.65","classification":"Cota de fondo de conducto inferida por prefijo CAD"}},{"type":"Feature","geometry":{"type":"Point","coordinates":[-60.70560143,-31.64356701]},"properties":{"layer":"Cotas Fondo conductos","entity_type":"TEXT","handle":"3846BF","text":"FC 15.68","numeric_value":15.68,"display_value":15.68,"display_label":"15.68","classification":"Cota de fondo de conducto inferida por prefijo CAD"}},{"type":"Feature","geometry":{"type":"Point","coordinates":[-60.70570901,-31.64392483]},"properties":{"layer":"Cotas Fondo conductos","entity_type":"TEXT","handle":"3848C6","text":"FC 15.81","numeric_value":15.81,"display_value":15.81,"display_label":"15.81","classification":"Cota de fondo de conducto inferida por prefijo CAD"}},{"type":"Feature","geometry":{"type":"Point","coordinates":[-60.70586421,-31.64443647]},"properties":{"layer":"Cotas Fondo conductos","entity_type":"TEXT","handle":"384AD5","text":"FC 15.95","numeric_value":15.95,"display_value":15.95,"display_label":"15.95","classification":"Cota de fondo de conducto inferida por prefijo CAD"}},{"type":"Feature","geometry":{"type":"Point","coordinates":[-60.68975454,-31.57683189]},"properties":{"layer":"Cotas Fondo conductos","entity_type":"MTEXT","handle":"3E58C8","text":"FC 14.19","numeric_value":14.19,"display_value":14.19,"display_label":"14.19","classification":"Cota de fondo de conducto inferida por prefijo CAD"}},{"type":"Feature","geometry":{"type":"Point","coordinates":[-60.68989859,-31.57732012]},"properties":{"layer":"Cotas Fondo conductos","entity_type":"MTEXT","handle":"3E58CD","text":"FC 14.20","numeric_value":14.2,"display_value":14.2,"display_label":"14.20","classification":"Cota de fondo de conducto inferida por prefijo CAD"}},{"type":"Feature","geometry":{"type":"Point","coordinates":[-60.68917398,-31.57722427]},"properties":{"layer":"Cotas Fondo conductos","entity_type":"MTEXT","handle":"3E58CF","text":"FC %%C1000 14.33","numeric_value":100014.33,"display_value":14.33,"display_label":"14.33","classification":"Cota de fondo de conducto inferida por prefijo CAD"}},{"type":"Feature","geometry":{"type":"Point","coordinates":[-60.68917429,-31.57726725]},"properties":{"layer":"Cotas Fondo conductos","entity_type":"MTEXT","handle":"3E58D1","text":"FC %%C500 15.66","numeric_value":50015.66,"display_value":15.66,"display_label":"15.66","classification":"Cota de fondo de conducto inferida por prefijo CAD"}},{"type":"Feature","geometry":{"type":"Point","coordinates":[-60.68975179,-31.57749167]},"properties":{"layer":"Cotas Fondo conductos","entity_type":"MTEXT","handle":"3E58D3","text":"FC %%C1000 14.33","numeric_value":100014.33,"display_value":14.33,"display_label":"14.33","classification":"Cota de fondo de conducto inferida por prefijo CAD"}},{"type":"Feature","geometry":{"type":"Point","coordinates":[-60.68740723,-31.57755155]},"properties":{"layer":"Cotas Fondo conductos","entity_type":"MTEXT","handle":"3EE4E7","text":"FC 13.87","numeric_value":13.87,"display_value":13.87,"display_label":"13.87","classification":"Cota de fondo de conducto inferida por prefijo CAD"}},{"type":"Feature","geometry":{"type":"Point","coordinates":[-60.68183742,-31.5786635]},"properties":{"layer":"Cotas Fondo conductos","entity_type":"MTEXT","handle":"3EE4E9","text":"FC 13.56","numeric_value":13.56,"display_value":13.56,"display_label":"13.56","classification":"Cota de fondo de conducto inferida por prefijo CAD"}},{"type":"Feature","geometry":{"type":"Point","coordinates":[-60.67995646,-31.57902144]},"properties":{"layer":"Cotas Fondo conductos","entity_type":"MTEXT","handle":"3EE4EB","text":"FC 13.64","numeric_value":13.64,"display_value":13.64,"display_label":"13.64","classification":"Cota de fondo de conducto inferida por prefijo CAD"}},{"type":"Feature","geometry":{"type":"Point","coordinates":[-60.67478123,-31.58002926]},"properties":{"layer":"Cotas Fondo conductos","entity_type":"MTEXT","handle":"3EE4F0","text":"FC 12.41","numeric_value":12.41,"display_value":12.41,"display_label":"12.41","classification":"Cota de fondo de conducto inferida por prefijo CAD"}},{"type":"Feature","geometry":{"type":"Point","coordinates":[-60.67156229,-31.58065951]},"properties":{"layer":"Cotas Fondo conductos","entity_type":"MTEXT","handle":"3EE4F2","text":"FC 12.45","numeric_value":12.45,"display_value":12.45,"display_label":"12.45","classification":"Cota de fondo de conducto inferida por prefijo CAD"}},{"type":"Feature","geometry":{"type":"Point","coordinates":[-60.68395415,-31.57825379]},"properties":{"layer":"Cotas Fondo conductos","entity_type":"MTEXT","handle":"3EE4F4","text":"FC 13.77","numeric_value":13.77,"display_value":13.77,"display_label":"13.77","classification":"Cota de fondo de conducto inferida por prefijo CAD"}},{"type":"Feature","geometry":{"type":"Point","coordinates":[-60.66845479,-31.58134035]},"properties":{"layer":"Cotas Fondo conductos","entity_type":"MTEXT","handle":"3F01B1","text":"FC 12.43","numeric_value":12.43,"display_value":12.43,"display_label":"12.43","classification":"Cota de fondo de conducto inferida por prefijo CAD"}},{"type":"Feature","geometry":{"type":"Point","coordinates":[-60.66842576,-31.58122863]},"properties":{"layer":"Cotas Fondo conductos","entity_type":"MTEXT","handle":"3F01CE","text":"FC 12.45","numeric_value":12.45,"display_value":12.45,"display_label":"12.45","classification":"Cota de fondo de conducto inferida por prefijo CAD"}},{"type":"Feature","geometry":{"type":"Point","coordinates":[-60.6690073,-31.58108299]},"properties":{"layer":"Cotas Fondo conductos","entity_type":"MTEXT","handle":"3F041E","text":"FC 12.52","numeric_value":12.52,"display_value":12.52,"display_label":"12.52","classification":"Cota de fondo de conducto inferida por prefijo CAD"}},{"type":"Feature","geometry":{"type":"Point","coordinates":[-60.66914248,-31.58131638]},"properties":{"layer":"Cotas Fondo conductos","entity_type":"MTEXT","handle":"3F0420","text":"FC 12.45","numeric_value":12.45,"display_value":12.45,"display_label":"12.45","classification":"Cota de fondo de conducto inferida por prefijo CAD"}},{"type":"Feature","geometry":{"type":"Point","coordinates":[-60.71966075,-31.64370983]},"properties":{"layer":"Cotas Fondo conductos","entity_type":"TEXT","handle":"423575","text":"FC 14.612","numeric_value":14.612,"display_value":14.612,"display_label":"14.61","classification":"Cota de fondo de conducto inferida por prefijo CAD"}},{"type":"Feature","geometry":{"type":"Point","coordinates":[-60.72126433,-31.64331457]},"properties":{"layer":"Cotas Fondo conductos","entity_type":"TEXT","handle":"423578","text":"FC 15.11","numeric_value":15.11,"display_value":15.11,"display_label":"15.11","classification":"Cota de fondo de conducto inferida por prefijo CAD"}},{"type":"Feature","geometry":{"type":"Point","coordinates":[-60.72222493,-31.64212115]},"properties":{"layer":"Cotas Fondo conductos","entity_type":"TEXT","handle":"42357D","text":"FC 14.91","numeric_value":14.91,"display_value":14.91,"display_label":"14.91","classification":"Cota de fondo de conducto inferida por prefijo CAD"}},{"type":"Feature","geometry":{"type":"Point","coordinates":[-60.72214835,-31.64188548]},"properties":{"layer":"Cotas Fondo conductos","entity_type":"TEXT","handle":"423A22","text":"FC 14.90","numeric_value":14.9,"display_value":14.9,"display_label":"14.90","classification":"Cota de fondo de conducto inferida por prefijo CAD"}},{"type":"Feature","geometry":{"type":"Point","coordinates":[-60.72247946,-31.64302869]},"properties":{"layer":"Cotas Fondo conductos","entity_type":"TEXT","handle":"423A26","text":"FC 15.11","numeric_value":15.11,"display_value":15.11,"display_label":"15.11","classification":"Cota de fondo de conducto inferida por prefijo CAD"}},{"type":"Feature","geometry":{"type":"Point","coordinates":[-60.72204259,-31.64292457]},"properties":{"layer":"Cotas Fondo conductos","entity_type":"TEXT","handle":"423A2B","text":"FC 15.11","numeric_value":15.11,"display_value":15.11,"display_label":"15.11","classification":"Cota de fondo de conducto inferida por prefijo CAD"}},{"type":"Feature","geometry":{"type":"Point","coordinates":[-60.72239068,-31.6428583]},"properties":{"layer":"Cotas Fondo conductos","entity_type":"TEXT","handle":"423A2D","text":"FC 15.00","numeric_value":15.0,"display_value":15.0,"display_label":"15.00","classification":"Cota de fondo de conducto inferida por prefijo CAD"}},{"type":"Feature","geometry":{"type":"Point","coordinates":[-60.59965499,-31.62945536]},"properties":{"layer":"Cotas Fondo conductos","entity_type":"TEXT","handle":"42FBA6","text":"Fca 13.41","numeric_value":13.41,"display_value":13.41,"display_label":"13.41","classification":"Cota de fondo de conducto inferida por prefijo CAD"}},{"type":"Feature","geometry":{"type":"Point","coordinates":[-60.60004933,-31.6293864]},"properties":{"layer":"Cotas Fondo conductos","entity_type":"TEXT","handle":"42FBA9","text":"Fca 13.744","numeric_value":13.744,"display_value":13.744,"display_label":"13.74","classification":"Cota de fondo de conducto inferida por prefijo CAD"}},{"type":"Feature","geometry":{"type":"Point","coordinates":[-60.60209426,-31.62900046]},"properties":{"layer":"Cotas Fondo conductos","entity_type":"TEXT","handle":"42FBAB","text":"Fca 13.92","numeric_value":13.92,"display_value":13.92,"display_label":"13.92","classification":"Cota de fondo de conducto inferida por prefijo CAD"}},{"type":"Feature","geometry":{"type":"Point","coordinates":[-60.60289514,-31.62884995]},"properties":{"layer":"Cotas Fondo conductos","entity_type":"TEXT","handle":"42FBAD","text":"Fca 13.99","numeric_value":13.99,"display_value":13.99,"display_label":"13.99","classification":"Cota de fondo de conducto inferida por prefijo CAD"}},{"type":"Feature","geometry":{"type":"Point","coordinates":[-60.60447314,-31.62855336]},"properties":{"layer":"Cotas Fondo conductos","entity_type":"TEXT","handle":"42FBAF","text":"Fca 14.10","numeric_value":14.1,"display_value":14.1,"display_label":"14.10","classification":"Cota de fondo de conducto inferida por prefijo CAD"}},{"type":"Feature","geometry":{"type":"Point","coordinates":[-60.60536346,-31.62838601]},"properties":{"layer":"Cotas Fondo conductos","entity_type":"TEXT","handle":"42FBB9","text":"Fca 14.21","numeric_value":14.21,"display_value":14.21,"display_label":"14.21","classification":"Cota de fondo de conducto inferida por prefijo CAD"}},{"type":"Feature","geometry":{"type":"Point","coordinates":[-60.60722053,-31.62804471]},"properties":{"layer":"Cotas Fondo conductos","entity_type":"TEXT","handle":"42FBC1","text":"Fca 14.38","numeric_value":14.38,"display_value":14.38,"display_label":"14.38","classification":"Cota de fondo de conducto inferida por prefijo CAD"}},{"type":"Feature","geometry":{"type":"Point","coordinates":[-60.7468276,-31.5729594]},"properties":{"layer":"Cotas Fondo conductos","entity_type":"MTEXT","handle":"46A40A","text":"FC 16.48","numeric_value":16.48,"display_value":16.48,"display_label":"16.48","classification":"Cota de fondo de conducto inferida por prefijo CAD"}},{"type":"Feature","geometry":{"type":"Point","coordinates":[-60.71212169,-31.63084521]},"properties":{"layer":"Cotas Fondo conductos","entity_type":"MTEXT","handle":"4954CF","text":"FC 14.80","numeric_value":14.8,"display_value":14.8,"display_label":"14.80","classification":"Cota de fondo de conducto inferida por prefijo CAD"}},{"type":"Feature","geometry":{"type":"Point","coordinates":[-60.70956475,-31.63139405]},"properties":{"layer":"Cotas Fondo conductos","entity_type":"MTEXT","handle":"4959AC","text":"FC 15.29","numeric_value":15.29,"display_value":15.29,"display_label":"15.29","classification":"Cota de fondo de conducto inferida por prefijo CAD"}},{"type":"Feature","geometry":{"type":"Point","coordinates":[-60.70917296,-31.6314803]},"properties":{"layer":"Cotas Fondo conductos","entity_type":"MTEXT","handle":"4959AE","text":"FC 15.25","numeric_value":15.25,"display_value":15.25,"display_label":"15.25","classification":"Cota de fondo de conducto inferida por prefijo CAD"}},{"type":"Feature","geometry":{"type":"Point","coordinates":[-60.70896223,-31.63152668]},"properties":{"layer":"Cotas Fondo conductos","entity_type":"MTEXT","handle":"495C2E","text":"FC 15.33","numeric_value":15.33,"display_value":15.33,"display_label":"15.33","classification":"Cota de fondo de conducto inferida por prefijo CAD"}},{"type":"Feature","geometry":{"type":"Point","coordinates":[-60.74084823,-31.57992356]},"properties":{"layer":"Cotas Fondo conductos","entity_type":"TEXT","handle":"49800A","text":"FC: 14.22","numeric_value":14.22,"display_value":14.22,"display_label":"14.22","classification":"Cota de fondo de conducto inferida por prefijo CAD"}},{"type":"Feature","geometry":{"type":"Point","coordinates":[-60.73855947,-31.58269712]},"properties":{"layer":"Cotas Fondo conductos","entity_type":"TEXT","handle":"4A2B83","text":"FC 15.98","numeric_value":15.98,"display_value":15.98,"display_label":"15.98","classification":"Cota de fondo de conducto inferida por prefijo CAD"}},{"type":"Feature","geometry":{"type":"Point","coordinates":[-60.73856168,-31.5829483]},"properties":{"layer":"Cotas Fondo conductos","entity_type":"TEXT","handle":"4A2DDD","text":"FC 15.95","numeric_value":15.95,"display_value":15.95,"display_label":"15.95","classification":"Cota de fondo de conducto inferida por prefijo CAD"}},{"type":"Feature","geometry":{"type":"Point","coordinates":[-60.73849136,-31.58279796]},"properties":{"layer":"Cotas Fondo conductos","entity_type":"TEXT","handle":"4A2DDF","text":"FC 15.33","numeric_value":15.33,"display_value":15.33,"display_label":"15.33","classification":"Cota de fondo de conducto inferida por prefijo CAD"}},{"type":"Feature","geometry":{"type":"Point","coordinates":[-60.73792597,-31.5827937]},"properties":{"layer":"Cotas Fondo conductos","entity_type":"TEXT","handle":"4A32B8","text":"FC 16.06","numeric_value":16.06,"display_value":16.06,"display_label":"16.06","classification":"Cota de fondo de conducto inferida por prefijo CAD"}},{"type":"Feature","geometry":{"type":"Point","coordinates":[-60.73759728,-31.58313872]},"properties":{"layer":"Cotas Fondo conductos","entity_type":"TEXT","handle":"4A32BA","text":"FC 16.10","numeric_value":16.1,"display_value":16.1,"display_label":"16.10","classification":"Cota de fondo de conducto inferida por prefijo CAD"}},{"type":"Feature","geometry":{"type":"Point","coordinates":[-60.73772323,-31.58305862]},"properties":{"layer":"Cotas Fondo conductos","entity_type":"TEXT","handle":"4A32BC","text":"FC 16.06","numeric_value":16.06,"display_value":16.06,"display_label":"16.06","classification":"Cota de fondo de conducto inferida por prefijo CAD"}},{"type":"Feature","geometry":{"type":"Point","coordinates":[-60.7379972,-31.58289265]},"properties":{"layer":"Cotas Fondo conductos","entity_type":"TEXT","handle":"4A32BE","text":"FC 15.56","numeric_value":15.56,"display_value":15.56,"display_label":"15.56","classification":"Cota de fondo de conducto inferida por prefijo CAD"}},{"type":"Feature","geometry":{"type":"Point","coordinates":[-60.73633342,-31.58309139]},"properties":{"layer":"Cotas Fondo conductos","entity_type":"TEXT","handle":"4A3538","text":"FC 16.45","numeric_value":16.45,"display_value":16.45,"display_label":"16.45","classification":"Cota de fondo de conducto inferida por prefijo CAD"}},{"type":"Feature","geometry":{"type":"Point","coordinates":[-60.73599832,-31.58343945]},"properties":{"layer":"Cotas Fondo conductos","entity_type":"TEXT","handle":"4A353A","text":"FC 16.49","numeric_value":16.49,"display_value":16.49,"display_label":"16.49","classification":"Cota de fondo de conducto inferida por prefijo CAD"}},{"type":"Feature","geometry":{"type":"Point","coordinates":[-60.73613068,-31.5833563]},"properties":{"layer":"Cotas Fondo conductos","entity_type":"TEXT","handle":"4A353C","text":"FC 16.45","numeric_value":16.45,"display_value":16.45,"display_label":"16.45","classification":"Cota de fondo de conducto inferida por prefijo CAD"}},{"type":"Feature","geometry":{"type":"Point","coordinates":[-60.73640465,-31.58319034]},"properties":{"layer":"Cotas Fondo conductos","entity_type":"TEXT","handle":"4A3540","text":"FC 15.95","numeric_value":15.95,"display_value":15.95,"display_label":"15.95","classification":"Cota de fondo de conducto inferida por prefijo CAD"}},{"type":"Feature","geometry":{"type":"Point","coordinates":[-60.73753157,-31.5828833]},"properties":{"layer":"Cotas Fondo conductos","entity_type":"TEXT","handle":"4A3544","text":"FC 16.10","numeric_value":16.1,"display_value":16.1,"display_label":"16.10","classification":"Cota de fondo de conducto inferida por prefijo CAD"}},{"type":"Feature","geometry":{"type":"Point","coordinates":[-60.73593914,-31.58318109]},"properties":{"layer":"Cotas Fondo conductos","entity_type":"TEXT","handle":"4A3546","text":"FC 16.49","numeric_value":16.49,"display_value":16.49,"display_label":"16.49","classification":"Cota de fondo de conducto inferida por prefijo CAD"}},{"type":"Feature","geometry":{"type":"Point","coordinates":[-60.73473098,-31.58339101]},"properties":{"layer":"Cotas Fondo conductos","entity_type":"TEXT","handle":"4A37B8","text":"FC 16.36","numeric_value":16.36,"display_value":16.36,"display_label":"16.36","classification":"Cota de fondo de conducto inferida por prefijo CAD"}},{"type":"Feature","geometry":{"type":"Point","coordinates":[-60.73472421,-31.58350664]},"properties":{"layer":"Cotas Fondo conductos","entity_type":"TEXT","handle":"4A37BA","text":"FC 15.95","numeric_value":15.95,"display_value":15.95,"display_label":"15.95","classification":"Cota de fondo de conducto inferida por prefijo CAD"}},{"type":"Feature","geometry":{"type":"Point","coordinates":[-60.73433669,-31.58348071]},"properties":{"layer":"Cotas Fondo conductos","entity_type":"TEXT","handle":"4A37BC","text":"FC 16.36","numeric_value":16.36,"display_value":16.36,"display_label":"16.36","classification":"Cota de fondo de conducto inferida por prefijo CAD"}},{"type":"Feature","geometry":{"type":"Point","coordinates":[-60.73437454,-31.58372271]},"properties":{"layer":"Cotas Fondo conductos","entity_type":"TEXT","handle":"4A4151","text":"FC 16.40","numeric_value":16.4,"display_value":16.4,"display_label":"16.40","classification":"Cota de fondo de conducto inferida por prefijo CAD"}},{"type":"Feature","geometry":{"type":"Point","coordinates":[-60.73472511,-31.58376107]},"properties":{"layer":"Cotas Fondo conductos","entity_type":"TEXT","handle":"4A4155","text":"FC 15.91","numeric_value":15.91,"display_value":15.91,"display_label":"15.91","classification":"Cota de fondo de conducto inferida por prefijo CAD"}},{"type":"Feature","geometry":{"type":"Point","coordinates":[-60.73394574,-31.58368708]},"properties":{"layer":"Cotas Fondo conductos","entity_type":"TEXT","handle":"4A4159","text":"FC 16.11","numeric_value":16.11,"display_value":16.11,"display_label":"16.11","classification":"Cota de fondo de conducto inferida por prefijo CAD"}},{"type":"Feature","geometry":{"type":"Point","coordinates":[-60.73315271,-31.58376559]},"properties":{"layer":"Cotas Fondo conductos","entity_type":"TEXT","handle":"4A4627","text":"FC 16.56","numeric_value":16.56,"display_value":16.56,"display_label":"16.56","classification":"Cota de fondo de conducto inferida por prefijo CAD"}},{"type":"Feature","geometry":{"type":"Point","coordinates":[-60.73275842,-31.58385528]},"properties":{"layer":"Cotas Fondo conductos","entity_type":"TEXT","handle":"4A4629","text":"FC 16.60","numeric_value":16.6,"display_value":16.6,"display_label":"16.60","classification":"Cota de fondo de conducto inferida por prefijo CAD"}},{"type":"Feature","geometry":{"type":"Point","coordinates":[-60.73322057,-31.58402993]},"properties":{"layer":"Cotas Fondo conductos","entity_type":"TEXT","handle":"4A4636","text":"FC 16.46","numeric_value":16.46,"display_value":16.46,"display_label":"16.46","classification":"Cota de fondo de conducto inferida por prefijo CAD"}},{"type":"Feature","geometry":{"type":"Point","coordinates":[-60.73282629,-31.58411962]},"properties":{"layer":"Cotas Fondo conductos","entity_type":"TEXT","handle":"4A4638","text":"FC 16.60","numeric_value":16.6,"display_value":16.6,"display_label":"16.60","classification":"Cota de fondo de conducto inferida por prefijo CAD"}},{"type":"Feature","geometry":{"type":"Point","coordinates":[-60.73318175,-31.58386651]},"properties":{"layer":"Cotas Fondo conductos","entity_type":"TEXT","handle":"4A4640","text":"FC 16.26","numeric_value":16.26,"display_value":16.26,"display_label":"16.26","classification":"Cota de fondo de conducto inferida por prefijo CAD"}},{"type":"Feature","geometry":{"type":"Point","coordinates":[-60.73185127,-31.58414683]},"properties":{"layer":"Cotas Fondo conductos","entity_type":"TEXT","handle":"4A48B6","text":"FC 16.91","numeric_value":16.91,"display_value":16.91,"display_label":"16.91","classification":"Cota de fondo de conducto inferida por prefijo CAD"}},{"type":"Feature","geometry":{"type":"Point","coordinates":[-60.73216767,-31.58416057]},"properties":{"layer":"Cotas Fondo conductos","entity_type":"TEXT","handle":"4A48B8","text":"FC 16.88","numeric_value":16.88,"display_value":16.88,"display_label":"16.88","classification":"Cota de fondo de conducto inferida por prefijo CAD"}},{"type":"Feature","geometry":{"type":"Point","coordinates":[-60.73201778,-31.58390475]},"properties":{"layer":"Cotas Fondo conductos","entity_type":"TEXT","handle":"4A4B11","text":"FC 16.75","numeric_value":16.75,"display_value":16.75,"display_label":"16.75","classification":"Cota de fondo de conducto inferida por prefijo CAD"}},{"type":"Feature","geometry":{"type":"Point","coordinates":[-60.74559708,-31.58129503]},"properties":{"layer":"Cotas Fondo conductos","entity_type":"TEXT","handle":"4A4D89","text":"FC 16.55","numeric_value":16.55,"display_value":16.55,"display_label":"16.55","classification":"Cota de fondo de conducto inferida por prefijo CAD"}},{"type":"Feature","geometry":{"type":"Point","coordinates":[-60.74524688,-31.58138619]},"properties":{"layer":"Cotas Fondo conductos","entity_type":"TEXT","handle":"4A4D8B","text":"FC 16.58","numeric_value":16.58,"display_value":16.58,"display_label":"16.58","classification":"Cota de fondo de conducto inferida por prefijo CAD"}},{"type":"Feature","geometry":{"type":"Point","coordinates":[-60.73874952,-31.58265826]},"properties":{"layer":"Cotas Fondo conductos","entity_type":"TEXT","handle":"4A4D93","text":"FC 15.25","numeric_value":15.25,"display_value":15.25,"display_label":"15.25","classification":"Cota de fondo de conducto inferida por prefijo CAD"}},{"type":"Feature","geometry":{"type":"Point","coordinates":[-60.74552387,-31.58140863]},"properties":{"layer":"Cotas Fondo conductos","entity_type":"TEXT","handle":"4A4FF2","text":"FC 15.73","numeric_value":15.73,"display_value":15.73,"display_label":"15.73","classification":"Cota de fondo de conducto inferida por prefijo CAD"}},{"type":"Feature","geometry":{"type":"Point","coordinates":[-60.74505232,-31.58141383]},"properties":{"layer":"Cotas Fondo conductos","entity_type":"TEXT","handle":"4A5261","text":"FC 16.67","numeric_value":16.67,"display_value":16.67,"display_label":"16.67","classification":"Cota de fondo de conducto inferida por prefijo CAD"}},{"type":"Feature","geometry":{"type":"Point","coordinates":[-60.74470212,-31.58150498]},"properties":{"layer":"Cotas Fondo conductos","entity_type":"TEXT","handle":"4A5263","text":"FC 16.70","numeric_value":16.7,"display_value":16.7,"display_label":"16.70","classification":"Cota de fondo de conducto inferida por prefijo CAD"}},{"type":"Feature","geometry":{"type":"Point","coordinates":[-60.74513689,-31.58170251]},"properties":{"layer":"Cotas Fondo conductos","entity_type":"TEXT","handle":"4A5270","text":"FC 16.61","numeric_value":16.61,"display_value":16.61,"display_label":"16.61","classification":"Cota de fondo de conducto inferida por prefijo CAD"}},{"type":"Feature","geometry":{"type":"Point","coordinates":[-60.74478669,-31.58179366]},"properties":{"layer":"Cotas Fondo conductos","entity_type":"TEXT","handle":"4A5272","text":"FC 16.64","numeric_value":16.64,"display_value":16.64,"display_label":"16.64","classification":"Cota de fondo de conducto inferida por prefijo CAD"}},{"type":"Feature","geometry":{"type":"Point","coordinates":[-60.74509394,-31.58150062]},"properties":{"layer":"Cotas Fondo conductos","entity_type":"TEXT","handle":"4A527B","text":"FC 15.89","numeric_value":15.89,"display_value":15.89,"display_label":"15.89","classification":"Cota de fondo de conducto inferida por prefijo CAD"}},{"type":"Feature","geometry":{"type":"Point","coordinates":[-60.74451565,-31.5815308]},"properties":{"layer":"Cotas Fondo conductos","entity_type":"TEXT","handle":"4A5288","text":"FC 16.62","numeric_value":16.62,"display_value":16.62,"display_label":"16.62","classification":"Cota de fondo de conducto inferida por prefijo CAD"}},{"type":"Feature","geometry":{"type":"Point","coordinates":[-60.74416546,-31.58162195]},"properties":{"layer":"Cotas Fondo conductos","entity_type":"TEXT","handle":"4A528A","text":"FC 16.65","numeric_value":16.65,"display_value":16.65,"display_label":"16.65","classification":"Cota de fondo de conducto inferida por prefijo CAD"}},{"type":"Feature","geometry":{"type":"Point","coordinates":[-60.74460022,-31.58181948]},"properties":{"layer":"Cotas Fondo conductos","entity_type":"TEXT","handle":"4A5298","text":"FC 16.62","numeric_value":16.62,"display_value":16.62,"display_label":"16.62","classification":"Cota de fondo de conducto inferida por prefijo CAD"}},{"type":"Feature","geometry":{"type":"Point","coordinates":[-60.74425002,-31.58191063]},"properties":{"layer":"Cotas Fondo conductos","entity_type":"TEXT","handle":"4A529A","text":"FC 16.65","numeric_value":16.65,"display_value":16.65,"display_label":"16.65","classification":"Cota de fondo de conducto inferida por prefijo CAD"}},{"type":"Feature","geometry":{"type":"Point","coordinates":[-60.74455727,-31.58161759]},"properties":{"layer":"Cotas Fondo conductos","entity_type":"TEXT","handle":"4A52A1","text":"FC 16.05","numeric_value":16.05,"display_value":16.05,"display_label":"16.05","classification":"Cota de fondo de conducto inferida por prefijo CAD"}},{"type":"Feature","geometry":{"type":"Point","coordinates":[-60.74352211,-31.58176211]},"properties":{"layer":"Cotas Fondo conductos","entity_type":"TEXT","handle":"4A59D1","text":"FC 16.67","numeric_value":16.67,"display_value":16.67,"display_label":"16.67","classification":"Cota de fondo de conducto inferida por prefijo CAD"}},{"type":"Feature","geometry":{"type":"Point","coordinates":[-60.74391527,-31.58165927]},"properties":{"layer":"Cotas Fondo conductos","entity_type":"TEXT","handle":"4A59E9","text":"FC 16.70","numeric_value":16.7,"display_value":16.7,"display_label":"16.70","classification":"Cota de fondo de conducto inferida por prefijo CAD"}},{"type":"Feature","geometry":{"type":"Point","coordinates":[-60.74399992,-31.58194934]},"properties":{"layer":"Cotas Fondo conductos","entity_type":"TEXT","handle":"4A59EB","text":"FC 16.70","numeric_value":16.7,"display_value":16.7,"display_label":"16.70","classification":"Cota de fondo de conducto inferida por prefijo CAD"}},{"type":"Feature","geometry":{"type":"Point","coordinates":[-60.74360613,-31.58205114]},"properties":{"layer":"Cotas Fondo conductos","entity_type":"TEXT","handle":"4A59EE","text":"FC 16.67","numeric_value":16.67,"display_value":16.67,"display_label":"16.67","classification":"Cota de fondo de conducto inferida por prefijo CAD"}},{"type":"Feature","geometry":{"type":"Point","coordinates":[-60.74353912,-31.58197781]},"properties":{"layer":"Cotas Fondo conductos","entity_type":"TEXT","handle":"4A59F0","text":"FC 16.12","numeric_value":16.12,"display_value":16.12,"display_label":"16.12","classification":"Cota de fondo de conducto inferida por prefijo CAD"}},{"type":"Feature","geometry":{"type":"Point","coordinates":[-60.7429866,-31.58187885]},"properties":{"layer":"Cotas Fondo conductos","entity_type":"TEXT","handle":"4A5C5B","text":"FC 16.66","numeric_value":16.66,"display_value":16.66,"display_label":"16.66","classification":"Cota de fondo de conducto inferida por prefijo CAD"}},{"type":"Feature","geometry":{"type":"Point","coordinates":[-60.74333885,-31.58178501]},"properties":{"layer":"Cotas Fondo conductos","entity_type":"TEXT","handle":"4A5C6C","text":"FC 16.69","numeric_value":16.69,"display_value":16.69,"display_label":"16.69","classification":"Cota de fondo de conducto inferida por prefijo CAD"}},{"type":"Feature","geometry":{"type":"Point","coordinates":[-60.74341794,-31.58208202]},"properties":{"layer":"Cotas Fondo conductos","entity_type":"TEXT","handle":"4A5C6E","text":"FC 16.63","numeric_value":16.63,"display_value":16.63,"display_label":"16.63","classification":"Cota de fondo de conducto inferida por prefijo CAD"}},{"type":"Feature","geometry":{"type":"Point","coordinates":[-60.74307062,-31.58216789]},"properties":{"layer":"Cotas Fondo conductos","entity_type":"TEXT","handle":"4A5C70","text":"FC 16.60","numeric_value":16.6,"display_value":16.6,"display_label":"16.60","classification":"Cota de fondo de conducto inferida por prefijo CAD"}},{"type":"Feature","geometry":{"type":"Point","coordinates":[-60.7431432,-31.58201578]},"properties":{"layer":"Cotas Fondo conductos","entity_type":"TEXT","handle":"4A5C72","text":"FC 15.95","numeric_value":15.95,"display_value":15.95,"display_label":"15.95","classification":"Cota de fondo de conducto inferida por prefijo CAD"}},{"type":"Feature","geometry":{"type":"Point","coordinates":[-60.74245499,-31.58199476]},"properties":{"layer":"Cotas Fondo conductos","entity_type":"TEXT","handle":"4A5C81","text":"FC 16.66","numeric_value":16.66,"display_value":16.66,"display_label":"16.66","classification":"Cota de fondo de conducto inferida por prefijo CAD"}},{"type":"Feature","geometry":{"type":"Point","coordinates":[-60.74280724,-31.58190092]},"properties":{"layer":"Cotas Fondo conductos","entity_type":"TEXT","handle":"4A5C92","text":"FC 16.69","numeric_value":16.69,"display_value":16.69,"display_label":"16.69","classification":"Cota de fondo de conducto inferida por prefijo CAD"}},{"type":"Feature","geometry":{"type":"Point","coordinates":[-60.74288632,-31.58219794]},"properties":{"layer":"Cotas Fondo conductos","entity_type":"TEXT","handle":"4A5C94","text":"FC 16.67","numeric_value":16.67,"display_value":16.67,"display_label":"16.67","classification":"Cota de fondo de conducto inferida por prefijo CAD"}},{"type":"Feature","geometry":{"type":"Point","coordinates":[-60.742539,-31.5822838]},"properties":{"layer":"Cotas Fondo conductos","entity_type":"TEXT","handle":"4A5C96","text":"FC 16.64","numeric_value":16.64,"display_value":16.64,"display_label":"16.64","classification":"Cota de fondo de conducto inferida por prefijo CAD"}},{"type":"Feature","geometry":{"type":"Point","coordinates":[-60.742472,-31.58221047]},"properties":{"layer":"Cotas Fondo conductos","entity_type":"TEXT","handle":"4A5C98","text":"FC 15.79","numeric_value":15.79,"display_value":15.79,"display_label":"15.79","classification":"Cota de fondo de conducto inferida por prefijo CAD"}},{"type":"Feature","geometry":{"type":"Point","coordinates":[-60.74191327,-31.5821129]},"properties":{"layer":"Cotas Fondo conductos","entity_type":"TEXT","handle":"4A5CA7","text":"FC 16.56","numeric_value":16.56,"display_value":16.56,"display_label":"16.56","classification":"Cota de fondo de conducto inferida por prefijo CAD"}},{"type":"Feature","geometry":{"type":"Point","coordinates":[-60.74226552,-31.58201905]},"properties":{"layer":"Cotas Fondo conductos","entity_type":"TEXT","handle":"4A5CB8","text":"FC 16.59","numeric_value":16.59,"display_value":16.59,"display_label":"16.59","classification":"Cota de fondo de conducto inferida por prefijo CAD"}},{"type":"Feature","geometry":{"type":"Point","coordinates":[-60.7423446,-31.58231607]},"properties":{"layer":"Cotas Fondo conductos","entity_type":"TEXT","handle":"4A5CBA","text":"FC 16.61","numeric_value":16.61,"display_value":16.61,"display_label":"16.61","classification":"Cota de fondo de conducto inferida por prefijo CAD"}},{"type":"Feature","geometry":{"type":"Point","coordinates":[-60.74199728,-31.58240193]},"properties":{"layer":"Cotas Fondo conductos","entity_type":"TEXT","handle":"4A5CBC","text":"FC 16.58","numeric_value":16.58,"display_value":16.58,"display_label":"16.58","classification":"Cota de fondo de conducto inferida por prefijo CAD"}},{"type":"Feature","geometry":{"type":"Point","coordinates":[-60.74193028,-31.5823286]},"properties":{"layer":"Cotas Fondo conductos","entity_type":"TEXT","handle":"4A5CBE","text":"FC 15.79","numeric_value":15.79,"display_value":15.79,"display_label":"15.79","classification":"Cota de fondo de conducto inferida por prefijo CAD"}},{"type":"Feature","geometry":{"type":"Point","coordinates":[-60.74161538,-31.58216081]},"properties":{"layer":"Cotas Fondo conductos","entity_type":"TEXT","handle":"4A5F2C","text":"FC 16.59","numeric_value":16.59,"display_value":16.59,"display_label":"16.59","classification":"Cota de fondo de conducto inferida por prefijo CAD"}},{"type":"Feature","geometry":{"type":"Point","coordinates":[-60.74178164,-31.58243883]},"properties":{"layer":"Cotas Fondo conductos","entity_type":"TEXT","handle":"4A5F32","text":"FC 16.52","numeric_value":16.52,"display_value":16.52,"display_label":"16.52","classification":"Cota de fondo de conducto inferida por prefijo CAD"}},{"type":"Feature","geometry":{"type":"Point","coordinates":[-60.74166437,-31.58258019]},"properties":{"layer":"Cotas Fondo conductos","entity_type":"TEXT","handle":"4A5F43","text":"FC 16.49","numeric_value":16.49,"display_value":16.49,"display_label":"16.49","classification":"Cota de fondo de conducto inferida por prefijo CAD"}},{"type":"Feature","geometry":{"type":"Point","coordinates":[-60.74134884,-31.58240436]},"properties":{"layer":"Cotas Fondo conductos","entity_type":"TEXT","handle":"4A5F45","text":"FC 15.79","numeric_value":15.79,"display_value":15.79,"display_label":"15.79","classification":"Cota de fondo de conducto inferida por prefijo CAD"}},{"type":"Feature","geometry":{"type":"Point","coordinates":[-60.74127404,-31.58217428]},"properties":{"layer":"Cotas Fondo conductos","entity_type":"TEXT","handle":"4A61AB","text":"FC 15.18","numeric_value":15.18,"display_value":15.18,"display_label":"15.18","classification":"Cota de fondo de conducto inferida por prefijo CAD"}},{"type":"Feature","geometry":{"type":"Point","coordinates":[-60.74106372,-31.5823369]},"properties":{"layer":"Cotas Fondo conductos","entity_type":"TEXT","handle":"4A61B3","text":"FC 16.25","numeric_value":16.25,"display_value":16.25,"display_label":"16.25","classification":"Cota de fondo de conducto inferida por prefijo CAD"}},{"type":"Feature","geometry":{"type":"Point","coordinates":[-60.74084994,-31.58251292]},"properties":{"layer":"Cotas Fondo conductos","entity_type":"TEXT","handle":"4A61BC","text":"FC 15.48","numeric_value":15.48,"display_value":15.48,"display_label":"15.48","classification":"Cota de fondo de conducto inferida por prefijo CAD"}},{"type":"Feature","geometry":{"type":"Point","coordinates":[-60.74115867,-31.5825649]},"properties":{"layer":"Cotas Fondo conductos","entity_type":"TEXT","handle":"4A61C3","text":"FC 16.34","numeric_value":16.34,"display_value":16.34,"display_label":"16.34","classification":"Cota de fondo de conducto inferida por prefijo CAD"}},{"type":"Feature","geometry":{"type":"Point","coordinates":[-60.74056924,-31.58277531]},"properties":{"layer":"Cotas Fondo conductos","entity_type":"TEXT","handle":"4A6426","text":"FC 16.15","numeric_value":16.15,"display_value":16.15,"display_label":"16.15","classification":"Cota de fondo de conducto inferida por prefijo CAD"}},{"type":"Feature","geometry":{"type":"Point","coordinates":[-60.74023484,-31.5827717]},"properties":{"layer":"Cotas Fondo conductos","entity_type":"TEXT","handle":"4A642E","text":"FC 16.15","numeric_value":16.15,"display_value":16.15,"display_label":"16.15","classification":"Cota de fondo de conducto inferida por prefijo CAD"}},{"type":"Feature","geometry":{"type":"Point","coordinates":[-60.74020554,-31.58252488]},"properties":{"layer":"Cotas Fondo conductos","entity_type":"TEXT","handle":"4A6438","text":"FC 16.10","numeric_value":16.1,"display_value":16.1,"display_label":"16.10","classification":"Cota de fondo de conducto inferida por prefijo CAD"}},{"type":"Feature","geometry":{"type":"Point","coordinates":[-60.74042596,-31.5824709]},"properties":{"layer":"Cotas Fondo conductos","entity_type":"TEXT","handle":"4A669C","text":"FC 15.55","numeric_value":15.55,"display_value":15.55,"display_label":"15.55","classification":"Cota de fondo de conducto inferida por prefijo CAD"}},{"type":"Feature","geometry":{"type":"Point","coordinates":[-60.7413304,-31.5814442]},"properties":{"layer":"Cotas Fondo conductos","entity_type":"TEXT","handle":"4A6B5A","text":"FC 15.06","numeric_value":15.06,"display_value":15.06,"display_label":"15.06","classification":"Cota de fondo de conducto inferida por prefijo CAD"}},{"type":"Feature","geometry":{"type":"Point","coordinates":[-60.74120311,-31.58099569]},"properties":{"layer":"Cotas Fondo conductos","entity_type":"TEXT","handle":"4A6B5C","text":"FC 14.97","numeric_value":14.97,"display_value":14.97,"display_label":"14.97","classification":"Cota de fondo de conducto inferida por prefijo CAD"}},{"type":"Feature","geometry":{"type":"Point","coordinates":[-60.74106514,-31.58035144]},"properties":{"layer":"Cotas Fondo conductos","entity_type":"TEXT","handle":"4A6B69","text":"FC 14.89","numeric_value":14.89,"display_value":14.89,"display_label":"14.89","classification":"Cota de fondo de conducto inferida por prefijo CAD"}},{"type":"Feature","geometry":{"type":"Point","coordinates":[-60.74116533,-31.57997848]},"properties":{"layer":"Cotas Fondo conductos","entity_type":"TEXT","handle":"4A6B6E","text":"FC 14.81","numeric_value":14.81,"display_value":14.81,"display_label":"14.81","classification":"Cota de fondo de conducto inferida por prefijo CAD"}},{"type":"Feature","geometry":{"type":"Point","coordinates":[-60.74113304,-31.58006548]},"properties":{"layer":"Cotas Fondo conductos","entity_type":"TEXT","handle":"4A702C","text":"FC 14.82","numeric_value":14.82,"display_value":14.82,"display_label":"14.82","classification":"Cota de fondo de conducto inferida por prefijo CAD"}},{"type":"Feature","geometry":{"type":"Point","coordinates":[-60.75327725,-31.57950046]},"properties":{"layer":"Cotas Fondo conductos","entity_type":"MTEXT","handle":"4A8580","text":"Fondo Canal 14.00","numeric_value":14.0,"display_value":14.0,"display_label":"14.00","classification":"Cota de fondo de conducto inferida por prefijo CAD"}},{"type":"Feature","geometry":{"type":"Point","coordinates":[-60.70382615,-31.59464207]},"properties":{"layer":"Cotas Fondo conductos","entity_type":"MTEXT","handle":"4AD67D","text":"FC 14.94","numeric_value":14.94,"display_value":14.94,"display_label":"14.94","classification":"Cota de fondo de conducto inferida por prefijo CAD"}},{"type":"Feature","geometry":{"type":"Point","coordinates":[-60.7025532,-31.59494252]},"properties":{"layer":"Cotas Fondo conductos","entity_type":"MTEXT","handle":"4AD8EA","text":"FC 15.04","numeric_value":15.04,"display_value":15.04,"display_label":"15.04","classification":"Cota de fondo de conducto inferida por prefijo CAD"}},{"type":"Feature","geometry":{"type":"Point","coordinates":[-60.70118007,-31.59526723]},"properties":{"layer":"Cotas Fondo conductos","entity_type":"MTEXT","handle":"4AD905","text":"FC 15.15","numeric_value":15.15,"display_value":15.15,"display_label":"15.15","classification":"Cota de fondo de conducto inferida por prefijo CAD"}},{"type":"Feature","geometry":{"type":"Point","coordinates":[-60.70042308,-31.59562896]},"properties":{"layer":"Cotas Fondo conductos","entity_type":"MTEXT","handle":"4AD929","text":"FC 15.31","numeric_value":15.31,"display_value":15.31,"display_label":"15.31","classification":"Cota de fondo de conducto inferida por prefijo CAD"}},{"type":"Feature","geometry":{"type":"Point","coordinates":[-60.71253384,-31.59144264]},"properties":{"layer":"Cotas Fondo conductos","entity_type":"TEXT","handle":"4AEE97","text":"FC 13.95","numeric_value":13.95,"display_value":13.95,"display_label":"13.95","classification":"Cota de fondo de conducto inferida por prefijo CAD"}},{"type":"Feature","geometry":{"type":"Point","coordinates":[-60.71612112,-31.59051155]},"properties":{"layer":"Cotas Fondo conductos","entity_type":"TEXT","handle":"4AF0F9","text":"FC 13.666","numeric_value":13.666,"display_value":13.666,"display_label":"13.67","classification":"Cota de fondo de conducto inferida por prefijo CAD"}},{"type":"Feature","geometry":{"type":"Point","coordinates":[-60.71755795,-31.590233]},"properties":{"layer":"Cotas Fondo conductos","entity_type":"TEXT","handle":"4AF365","text":"FC 13.588","numeric_value":13.588,"display_value":13.588,"display_label":"13.59","classification":"Cota de fondo de conducto inferida por prefijo CAD"}},{"type":"Feature","geometry":{"type":"Point","coordinates":[-60.71853593,-31.59005519]},"properties":{"layer":"Cotas Fondo conductos","entity_type":"TEXT","handle":"4AF832","text":"FC 13.497","numeric_value":13.497,"display_value":13.497,"display_label":"13.50","classification":"Cota de fondo de conducto inferida por prefijo CAD"}},{"type":"Feature","geometry":{"type":"Point","coordinates":[-60.71355628,-31.59849074]},"properties":{"layer":"Cotas Fondo conductos","entity_type":"MTEXT","handle":"4B8E3F","text":"FC 13.65","numeric_value":13.65,"display_value":13.65,"display_label":"13.65","classification":"Cota de fondo de conducto inferida por prefijo CAD"}},{"type":"Feature","geometry":{"type":"Point","coordinates":[-60.71289921,-31.59868886]},"properties":{"layer":"Cotas Fondo conductos","entity_type":"MTEXT","handle":"4B90A2","text":"FC 13.70","numeric_value":13.7,"display_value":13.7,"display_label":"13.70","classification":"Cota de fondo de conducto inferida por prefijo CAD"}},{"type":"Feature","geometry":{"type":"Point","coordinates":[-60.70727238,-31.59794819]},"properties":{"layer":"Cotas Fondo conductos","entity_type":"MTEXT","handle":"4BB97C","text":"FC 14.00","numeric_value":14.0,"display_value":14.0,"display_label":"14.00","classification":"Cota de fondo de conducto inferida por prefijo CAD"}},{"type":"Feature","geometry":{"type":"Point","coordinates":[-60.72286985,-31.62372242]},"properties":{"layer":"Cotas Fondo conductos","entity_type":"TEXT","handle":"4BDFFA","text":"FC 10.98","numeric_value":10.98,"display_value":10.98,"display_label":"10.98","classification":"Cota de fondo de conducto inferida por prefijo CAD"}},{"type":"Feature","geometry":{"type":"Point","coordinates":[-60.72234853,-31.62379207]},"properties":{"layer":"Cotas Fondo conductos","entity_type":"TEXT","handle":"4BDFFD","text":"FC 11.25","numeric_value":11.25,"display_value":11.25,"display_label":"11.25","classification":"Cota de fondo de conducto inferida por prefijo CAD"}},{"type":"Feature","geometry":{"type":"Point","coordinates":[-60.72268079,-31.62147551]},"properties":{"layer":"Cotas Fondo conductos","entity_type":"TEXT","handle":"4BEC10","text":"FC 11.20","numeric_value":11.2,"display_value":11.2,"display_label":"11.20","classification":"Cota de fondo de conducto inferida por prefijo CAD"}},{"type":"Feature","geometry":{"type":"Point","coordinates":[-60.72222313,-31.62136735]},"properties":{"layer":"Cotas Fondo conductos","entity_type":"TEXT","handle":"4BEC12","text":"FC 11.65","numeric_value":11.65,"display_value":11.65,"display_label":"11.65","classification":"Cota de fondo de conducto inferida por prefijo CAD"}},{"type":"Feature","geometry":{"type":"Point","coordinates":[-60.72056645,-31.6216438]},"properties":{"layer":"Cotas Fondo conductos","entity_type":"TEXT","handle":"4BEE7D","text":"FC 12.30","numeric_value":12.3,"display_value":12.3,"display_label":"12.30","classification":"Cota de fondo de conducto inferida por prefijo CAD"}},{"type":"Feature","geometry":{"type":"Point","coordinates":[-60.7208633,-31.61796983]},"properties":{"layer":"Cotas Fondo conductos","entity_type":"TEXT","handle":"4BFCC3","text":"FC 12.66","numeric_value":12.66,"display_value":12.66,"display_label":"12.66","classification":"Cota de fondo de conducto inferida por prefijo CAD"}},{"type":"Feature","geometry":{"type":"Point","coordinates":[-60.72043211,-31.62017997]},"properties":{"layer":"Cotas Fondo conductos","entity_type":"TEXT","handle":"4BFCCA","text":"FC 12.40","numeric_value":12.4,"display_value":12.4,"display_label":"12.40","classification":"Cota de fondo de conducto inferida por prefijo CAD"}},{"type":"Feature","geometry":{"type":"Point","coordinates":[-60.72108449,-31.62008443]},"properties":{"layer":"Cotas Fondo conductos","entity_type":"TEXT","handle":"4BFF42","text":"FC 12.28","numeric_value":12.28,"display_value":12.28,"display_label":"12.28","classification":"Cota de fondo de conducto inferida por prefijo CAD"}},{"type":"Feature","geometry":{"type":"Point","coordinates":[-60.72179946,-31.61888845]},"properties":{"layer":"Cotas Fondo conductos","entity_type":"TEXT","handle":"4BFF45","text":"FC 10.67","numeric_value":10.67,"display_value":10.67,"display_label":"10.67","classification":"Cota de fondo de conducto inferida por prefijo CAD"}},{"type":"Feature","geometry":{"type":"Point","coordinates":[-60.71842762,-31.58782562]},"properties":{"layer":"Cotas Fondo conductos","entity_type":"TEXT","handle":"4C852A","text":"FC 15.10","numeric_value":15.1,"display_value":15.1,"display_label":"15.10","classification":"Cota de fondo de conducto inferida por prefijo CAD"}},{"type":"Feature","geometry":{"type":"Point","coordinates":[-60.71875839,-31.58682933]},"properties":{"layer":"Cotas Fondo conductos","entity_type":"TEXT","handle":"4C89ED","text":"FC 16.08","numeric_value":16.08,"display_value":16.08,"display_label":"16.08","classification":"Cota de fondo de conducto inferida por prefijo CAD"}},{"type":"Feature","geometry":{"type":"Point","coordinates":[-60.71866302,-31.58720073]},"properties":{"layer":"Cotas Fondo conductos","entity_type":"TEXT","handle":"4C937E","text":"FC 16.03","numeric_value":16.03,"display_value":16.03,"display_label":"16.03","classification":"Cota de fondo de conducto inferida por prefijo CAD"}},{"type":"Feature","geometry":{"type":"Point","coordinates":[-60.71897709,-31.58626419]},"properties":{"layer":"Cotas Fondo conductos","entity_type":"TEXT","handle":"4C983C","text":"FC 16.38","numeric_value":16.38,"display_value":16.38,"display_label":"16.38","classification":"Cota de fondo de conducto inferida por prefijo CAD"}},{"type":"Feature","geometry":{"type":"Point","coordinates":[-60.71897388,-31.58641659]},"properties":{"layer":"Cotas Fondo conductos","entity_type":"TEXT","handle":"4C983E","text":"FC 16.34","numeric_value":16.34,"display_value":16.34,"display_label":"16.34","classification":"Cota de fondo de conducto inferida por prefijo CAD"}},{"type":"Feature","geometry":{"type":"Point","coordinates":[-60.71842421,-31.58628754]},"properties":{"layer":"Cotas Fondo conductos","entity_type":"TEXT","handle":"4C9843","text":"FC 16.38","numeric_value":16.38,"display_value":16.38,"display_label":"16.38","classification":"Cota de fondo de conducto inferida por prefijo CAD"}},{"type":"Feature","geometry":{"type":"Point","coordinates":[-60.71884157,-31.58665458]},"properties":{"layer":"Cotas Fondo conductos","entity_type":"TEXT","handle":"4C9AAA","text":"FC 16.29","numeric_value":16.29,"display_value":16.29,"display_label":"16.29","classification":"Cota de fondo de conducto inferida por prefijo CAD"}},{"type":"Feature","geometry":{"type":"Point","coordinates":[-60.71864458,-31.58622807]},"properties":{"layer":"Cotas Fondo conductos","entity_type":"TEXT","handle":"4CA1CB","text":"FC 16.32","numeric_value":16.32,"display_value":16.32,"display_label":"16.32","classification":"Cota de fondo de conducto inferida por prefijo CAD"}},{"type":"Feature","geometry":{"type":"Point","coordinates":[-60.71903754,-31.58614713]},"properties":{"layer":"Cotas Fondo conductos","entity_type":"TEXT","handle":"4CA1CD","text":"FC 16.30","numeric_value":16.3,"display_value":16.3,"display_label":"16.30","classification":"Cota de fondo de conducto inferida por prefijo CAD"}},{"type":"Feature","geometry":{"type":"Point","coordinates":[-60.71906233,-31.58581819]},"properties":{"layer":"Cotas Fondo conductos","entity_type":"TEXT","handle":"4CA1D2","text":"FC 16.40","numeric_value":16.4,"display_value":16.4,"display_label":"16.40","classification":"Cota de fondo de conducto inferida por prefijo CAD"}},{"type":"Feature","geometry":{"type":"Point","coordinates":[-60.71914973,-31.5860966]},"properties":{"layer":"Cotas Fondo conductos","entity_type":"TEXT","handle":"4CA1D4","text":"FC 16.36","numeric_value":16.36,"display_value":16.36,"display_label":"16.36","classification":"Cota de fondo de conducto inferida por prefijo CAD"}},{"type":"Feature","geometry":{"type":"Point","coordinates":[-60.7185127,-31.58617442]},"properties":{"layer":"Cotas Fondo conductos","entity_type":"TEXT","handle":"4CA1DB","text":"FC 16.36","numeric_value":16.36,"display_value":16.36,"display_label":"16.36","classification":"Cota de fondo de conducto inferida por prefijo CAD"}},{"type":"Feature","geometry":{"type":"Point","coordinates":[-60.7185203,-31.58588793]},"properties":{"layer":"Cotas Fondo conductos","entity_type":"TEXT","handle":"4CA43F","text":"FC 16.40","numeric_value":16.4,"display_value":16.4,"display_label":"16.40","classification":"Cota de fondo de conducto inferida por prefijo CAD"}},{"type":"Feature","geometry":{"type":"Point","coordinates":[-60.71836251,-31.58663647]},"properties":{"layer":"Cotas Fondo conductos","entity_type":"TEXT","handle":"4CA453","text":"FC 16.29","numeric_value":16.29,"display_value":16.29,"display_label":"16.29","classification":"Cota de fondo de conducto inferida por prefijo CAD"}},{"type":"Feature","geometry":{"type":"Point","coordinates":[-60.67818824,-31.57953385]},"properties":{"layer":"Cotas Fondo conductos","entity_type":"MTEXT","handle":"4D08A8","text":"FC 13.27","numeric_value":13.27,"display_value":13.27,"display_label":"13.27","classification":"Cota de fondo de conducto inferida por prefijo CAD"}},{"type":"Feature","geometry":{"type":"Point","coordinates":[-60.67881986,-31.57953981]},"properties":{"layer":"Cotas Fondo conductos","entity_type":"MTEXT","handle":"4D08AA","text":"FC 13.41","numeric_value":13.41,"display_value":13.41,"display_label":"13.41","classification":"Cota de fondo de conducto inferida por prefijo CAD"}},{"type":"Feature","geometry":{"type":"Point","coordinates":[-60.67884792,-31.57942094]},"properties":{"layer":"Cotas Fondo conductos","entity_type":"MTEXT","handle":"4D08AC","text":"FC 14.21","numeric_value":14.21,"display_value":14.21,"display_label":"14.21","classification":"Cota de fondo de conducto inferida por prefijo CAD"}},{"type":"Feature","geometry":{"type":"Point","coordinates":[-60.67887512,-31.57911008]},"properties":{"layer":"Cotas Fondo conductos","entity_type":"MTEXT","handle":"4D08AE","text":"FC 14.15","numeric_value":14.15,"display_value":14.15,"display_label":"14.15","classification":"Cota de fondo de conducto inferida por prefijo CAD"}},{"type":"Feature","geometry":{"type":"Point","coordinates":[-60.6781892,-31.57966696]},"properties":{"layer":"Cotas Fondo conductos","entity_type":"MTEXT","handle":"4D08B3","text":"FC 12.99","numeric_value":12.99,"display_value":12.99,"display_label":"12.99","classification":"Cota de fondo de conducto inferida por prefijo CAD"}},{"type":"Feature","geometry":{"type":"Point","coordinates":[-60.67818429,-31.57912317]},"properties":{"layer":"Cotas Fondo conductos","entity_type":"MTEXT","handle":"4D08B5","text":"FC 13.29","numeric_value":13.29,"display_value":13.29,"display_label":"13.29","classification":"Cota de fondo de conducto inferida por prefijo CAD"}},{"type":"Feature","geometry":{"type":"Point","coordinates":[-60.73586476,-31.58789489]},"properties":{"layer":"Cotas Fondo conductos","entity_type":"MTEXT","handle":"52ED43","text":"FC 15.50","numeric_value":15.5,"display_value":15.5,"display_label":"15.50","classification":"Cota de fondo de conducto inferida por prefijo CAD"}},{"type":"Feature","geometry":{"type":"Point","coordinates":[-60.72847647,-31.57742024]},"properties":{"layer":"Cotas Fondo conductos","entity_type":"MTEXT","handle":"55A54B","text":"FC 16.68","numeric_value":16.68,"display_value":16.68,"display_label":"16.68","classification":"Cota de fondo de conducto inferida por prefijo CAD"}},{"type":"Feature","geometry":{"type":"Point","coordinates":[-60.72818958,-31.57751048]},"properties":{"layer":"Cotas Fondo conductos","entity_type":"MTEXT","handle":"55A54D","text":"FC 16.63","numeric_value":16.63,"display_value":16.63,"display_label":"16.63","classification":"Cota de fondo de conducto inferida por prefijo CAD"}},{"type":"Feature","geometry":{"type":"Point","coordinates":[-60.72899179,-31.57732701]},"properties":{"layer":"Cotas Fondo conductos","entity_type":"MTEXT","handle":"55A559","text":"FC 16.73","numeric_value":16.73,"display_value":16.73,"display_label":"16.73","classification":"Cota de fondo de conducto inferida por prefijo CAD"}},{"type":"Feature","geometry":{"type":"Point","coordinates":[-60.72950709,-31.57723367]},"properties":{"layer":"Cotas Fondo conductos","entity_type":"MTEXT","handle":"55A564","text":"FC 16.78","numeric_value":16.78,"display_value":16.78,"display_label":"16.78","classification":"Cota de fondo de conducto inferida por prefijo CAD"}},{"type":"Feature","geometry":{"type":"Point","coordinates":[-60.73002239,-31.57714034]},"properties":{"layer":"Cotas Fondo conductos","entity_type":"MTEXT","handle":"55A56F","text":"FC 16.83","numeric_value":16.83,"display_value":16.83,"display_label":"16.83","classification":"Cota de fondo de conducto inferida por prefijo CAD"}},{"type":"Feature","geometry":{"type":"Point","coordinates":[-60.73053769,-31.577047]},"properties":{"layer":"Cotas Fondo conductos","entity_type":"MTEXT","handle":"55A57A","text":"FC 16.88","numeric_value":16.88,"display_value":16.88,"display_label":"16.88","classification":"Cota de fondo de conducto inferida por prefijo CAD"}},{"type":"Feature","geometry":{"type":"Point","coordinates":[-60.71634716,-31.60723735]},"properties":{"layer":"Cotas Fondo conductos","entity_type":"MTEXT","handle":"593F75","text":"FC 15.49","numeric_value":15.49,"display_value":15.49,"display_label":"15.49","classification":"Cota de fondo de conducto inferida por prefijo CAD"}},{"type":"Feature","geometry":{"type":"Point","coordinates":[-60.71783916,-31.60566739]},"properties":{"layer":"Cotas Fondo conductos","entity_type":"MTEXT","handle":"593F77","text":"FC 15.60","numeric_value":15.6,"display_value":15.6,"display_label":"15.60","classification":"Cota de fondo de conducto inferida por prefijo CAD"}},{"type":"Feature","geometry":{"type":"Point","coordinates":[-60.71797046,-31.60580707]},"properties":{"layer":"Cotas Fondo conductos","entity_type":"MTEXT","handle":"593F79","text":"FC 15.43","numeric_value":15.43,"display_value":15.43,"display_label":"15.43","classification":"Cota de fondo de conducto inferida por prefijo CAD"}},{"type":"Feature","geometry":{"type":"Point","coordinates":[-60.71929078,-31.60590398]},"properties":{"layer":"Cotas Fondo conductos","entity_type":"MTEXT","handle":"5946FE","text":"FC 15.95","numeric_value":15.95,"display_value":15.95,"display_label":"15.95","classification":"Cota de fondo de conducto inferida por prefijo CAD"}},{"type":"Feature","geometry":{"type":"Point","coordinates":[-60.71912507,-31.60576293]},"properties":{"layer":"Cotas Fondo conductos","entity_type":"MTEXT","handle":"594702","text":"FC 15.33","numeric_value":15.33,"display_value":15.33,"display_label":"15.33","classification":"Cota de fondo de conducto inferida por prefijo CAD"}},{"type":"Feature","geometry":{"type":"Point","coordinates":[-60.7160721,-31.60537685]},"properties":{"layer":"Cotas Fondo conductos","entity_type":"MTEXT","handle":"594BD1","text":"FC 15.60","numeric_value":15.6,"display_value":15.6,"display_label":"15.60","classification":"Cota de fondo de conducto inferida por prefijo CAD"}},{"type":"Feature","geometry":{"type":"Point","coordinates":[-60.71669839,-31.60522676]},"properties":{"layer":"Cotas Fondo conductos","entity_type":"MTEXT","handle":"594BD3","text":"FC 15.46","numeric_value":15.46,"display_value":15.46,"display_label":"15.46","classification":"Cota de fondo de conducto inferida por prefijo CAD"}},{"type":"Feature","geometry":{"type":"Point","coordinates":[-60.71629823,-31.60411678]},"properties":{"layer":"Cotas Fondo conductos","entity_type":"MTEXT","handle":"594BD5","text":"FC 15.60","numeric_value":15.6,"display_value":15.6,"display_label":"15.60","classification":"Cota de fondo de conducto inferida por prefijo CAD"}},{"type":"Feature","geometry":{"type":"Point","coordinates":[-60.71620312,-31.60444424]},"properties":{"layer":"Cotas Fondo conductos","entity_type":"MTEXT","handle":"594BD7","text":"FC 15.09","numeric_value":15.09,"display_value":15.09,"display_label":"15.09","classification":"Cota de fondo de conducto inferida por prefijo CAD"}},{"type":"Feature","geometry":{"type":"Point","coordinates":[-60.71640464,-31.60444311]},"properties":{"layer":"Cotas Fondo conductos","entity_type":"MTEXT","handle":"594BD9","text":"FC 15.09","numeric_value":15.09,"display_value":15.09,"display_label":"15.09","classification":"Cota de fondo de conducto inferida por prefijo CAD"}},{"type":"Feature","geometry":{"type":"Point","coordinates":[-60.71562324,-31.60375211]},"properties":{"layer":"Cotas Fondo conductos","entity_type":"MTEXT","handle":"594BDB","text":"FC 15.75","numeric_value":15.75,"display_value":15.75,"display_label":"15.75","classification":"Cota de fondo de conducto inferida por prefijo CAD"}},{"type":"Feature","geometry":{"type":"Point","coordinates":[-60.71573549,-31.60389018]},"properties":{"layer":"Cotas Fondo conductos","entity_type":"MTEXT","handle":"594BDD","text":"FC 15.02","numeric_value":15.02,"display_value":15.02,"display_label":"15.02","classification":"Cota de fondo de conducto inferida por prefijo CAD"}},{"type":"Feature","geometry":{"type":"Point","coordinates":[-60.71747728,-31.60349341]},"properties":{"layer":"Cotas Fondo conductos","entity_type":"MTEXT","handle":"594E44","text":"FC 14.89","numeric_value":14.89,"display_value":14.89,"display_label":"14.89","classification":"Cota de fondo de conducto inferida por prefijo CAD"}},{"type":"Feature","geometry":{"type":"Point","coordinates":[-60.7178636,-31.6033408]},"properties":{"layer":"Cotas Fondo conductos","entity_type":"MTEXT","handle":"594E47","text":"FC 14.82","numeric_value":14.82,"display_value":14.82,"display_label":"14.82","classification":"Cota de fondo de conducto inferida por prefijo CAD"}},{"type":"Feature","geometry":{"type":"Point","coordinates":[-60.71826354,-31.60388126]},"properties":{"layer":"Cotas Fondo conductos","entity_type":"MTEXT","handle":"594E4B","text":"FC 15.14","numeric_value":15.14,"display_value":15.14,"display_label":"15.14","classification":"Cota de fondo de conducto inferida por prefijo CAD"}},{"type":"Feature","geometry":{"type":"Point","coordinates":[-60.71822643,-31.60416907]},"properties":{"layer":"Cotas Fondo conductos","entity_type":"MTEXT","handle":"594E4D","text":"FC 15.30","numeric_value":15.3,"display_value":15.3,"display_label":"15.30","classification":"Cota de fondo de conducto inferida por prefijo CAD"}},{"type":"Feature","geometry":{"type":"Point","coordinates":[-60.71852271,-31.60319975]},"properties":{"layer":"Cotas Fondo conductos","entity_type":"MTEXT","handle":"595322","text":"FC 14.47","numeric_value":14.47,"display_value":14.47,"display_label":"14.47","classification":"Cota de fondo de conducto inferida por prefijo CAD"}},{"type":"Feature","geometry":{"type":"Point","coordinates":[-60.71869393,-31.60298049]},"properties":{"layer":"Cotas Fondo conductos","entity_type":"MTEXT","handle":"595324","text":"FC 14.25","numeric_value":14.25,"display_value":14.25,"display_label":"14.25","classification":"Cota de fondo de conducto inferida por prefijo CAD"}},{"type":"Feature","geometry":{"type":"Point","coordinates":[-60.71852599,-31.60239875]},"properties":{"layer":"Cotas Fondo conductos","entity_type":"MTEXT","handle":"595CCD","text":"FC 15.30","numeric_value":15.3,"display_value":15.3,"display_label":"15.30","classification":"Cota de fondo de conducto inferida por prefijo CAD"}},{"type":"Feature","geometry":{"type":"Point","coordinates":[-60.71797649,-31.6023757]},"properties":{"layer":"Cotas Fondo conductos","entity_type":"MTEXT","handle":"595CD2","text":"FC 15.30","numeric_value":15.3,"display_value":15.3,"display_label":"15.30","classification":"Cota de fondo de conducto inferida por prefijo CAD"}},{"type":"Feature","geometry":{"type":"Point","coordinates":[-60.71708211,-31.60193744]},"properties":{"layer":"Cotas Fondo conductos","entity_type":"MTEXT","handle":"595F46","text":"FC 15.19","numeric_value":15.19,"display_value":15.19,"display_label":"15.19","classification":"Cota de fondo de conducto inferida por prefijo CAD"}},{"type":"Feature","geometry":{"type":"Point","coordinates":[-60.71705082,-31.60205627]},"properties":{"layer":"Cotas Fondo conductos","entity_type":"MTEXT","handle":"595F48","text":"FC 15.07","numeric_value":15.07,"display_value":15.07,"display_label":"15.07","classification":"Cota de fondo de conducto inferida por prefijo CAD"}},{"type":"Feature","geometry":{"type":"Point","coordinates":[-60.71698601,-31.60210604]},"properties":{"layer":"Cotas Fondo conductos","entity_type":"MTEXT","handle":"5961AD","text":"FC 15.03","numeric_value":15.03,"display_value":15.03,"display_label":"15.03","classification":"Cota de fondo de conducto inferida por prefijo CAD"}},{"type":"Feature","geometry":{"type":"Point","coordinates":[-60.73349519,-31.6003497]},"properties":{"layer":"Cotas Fondo conductos","entity_type":"MTEXT","handle":"596B5A","text":"FC 11.61","numeric_value":11.61,"display_value":11.61,"display_label":"11.61","classification":"Cota de fondo de conducto inferida por prefijo CAD"}},{"type":"Feature","geometry":{"type":"Point","coordinates":[-60.7325135,-31.6005767]},"properties":{"layer":"Cotas Fondo conductos","entity_type":"MTEXT","handle":"596B5C","text":"FC 11.87","numeric_value":11.87,"display_value":11.87,"display_label":"11.87","classification":"Cota de fondo de conducto inferida por prefijo CAD"}},{"type":"Feature","geometry":{"type":"Point","coordinates":[-60.73423009,-31.6002588]},"properties":{"layer":"Cotas Fondo conductos","entity_type":"MTEXT","handle":"597032","text":"FC 11.35","numeric_value":11.35,"display_value":11.35,"display_label":"11.35","classification":"Cota de fondo de conducto inferida por prefijo CAD"}}]}