{"type":"FeatureCollection","name":"cuencas","features":[{"type":"Feature","geometry":{"type":"LineString","coordinates":[[-60.75385136,-31.56797862],[-60.74660339,-31.57244562]]},"properties":{"layer":"Cuencas","entity_type":"LINE","handle":"1723B4"}},{"type":"Feature","geometry":{"type":"LineString","coordinates":[[-60.75385136,-31.56797862],[-60.74899883,-31.57096938]]},"properties":{"layer":"Cuencas","entity_type":"LINE","handle":"1723B7"}},{"type":"Feature","geometry":{"type":"LineString","coordinates":[[-60.71427013,-31.60559786],[-60.71426959,-31.60560661]]},"properties":{"layer":"Cuencas","entity_type":"LINE","handle":"177E8A"}},{"type":"Feature","geometry":{"type":"LineString","coordinates":[[-60.71509112,-31.60558386],[-60.71508638,-31.60556864]]},"properties":{"layer":"Cuencas","entity_type":"LINE","handle":"177E8B"}},{"type":"Feature","geometry":{"type":"LineString","coordinates":[[-60.74287943,-31.59777652],[-60.74031572,-31.59826611]]},"properties":{"layer":"Cuencas","entity_type":"LINE","handle":"1BBED9"}},{"type":"Feature","geometry":{"type":"LineString","coordinates":[[-60.74031572,-31.59826611],[-60.73513632,-31.59924421]]},"properties":{"layer":"Cuencas","entity_type":"LINE","handle":"1BBEDA"}},{"type":"Feature","geometry":{"type":"LineString","coordinates":[[-60.73513632,-31.59924421],[-60.73429068,-31.5994024]]},"properties":{"layer":"Cuencas","entity_type":"LINE","handle":"1BBEDB"}},{"type":"Feature","geometry":{"type":"LineString","coordinates":[[-60.73429068,-31.5994024],[-60.73399091,-31.60041865]]},"properties":{"layer":"Cuencas","entity_type":"LINE","handle":"1BBEDC"}},{"type":"Feature","geometry":{"type":"LineString","coordinates":[[-60.73399091,-31.60041865],[-60.73375116,-31.60047272]]},"properties":{"layer":"Cuencas","entity_type":"LINE","handle":"1BBEDD"}},{"type":"Feature","geometry":{"type":"LineString","coordinates":[[-60.73375116,-31.60047272],[-60.73344212,-31.60054667]]},"properties":{"layer":"Cuencas","entity_type":"LINE","handle":"1BBEDE"}},{"type":"Feature","geometry":{"type":"LineString","coordinates":[[-60.73344212,-31.60054667],[-60.72948118,-31.60155576]]},"properties":{"layer":"Cuencas","entity_type":"LINE","handle":"1BBEDF"}},{"type":"Feature","geometry":{"type":"LineString","coordinates":[[-60.72948118,-31.60155576],[-60.729402,-31.60222986]]},"properties":{"layer":"Cuencas","entity_type":"LINE","handle":"1BBEE0"}},{"type":"Feature","geometry":{"type":"LineString","coordinates":[[-60.729402,-31.60222986],[-60.72921192,-31.60227251]]},"properties":{"layer":"Cuencas","entity_type":"LINE","handle":"1BBEE1"}},{"type":"Feature","geometry":{"type":"LineString","coordinates":[[-60.72921192,-31.60227251],[-60.72854005,-31.60237364]]},"properties":{"layer":"Cuencas","entity_type":"LINE","handle":"1BBEE2"}},{"type":"Feature","geometry":{"type":"LineString","coordinates":[[-60.72854005,-31.60237364],[-60.72841525,-31.60229475]]},"properties":{"layer":"Cuencas","entity_type":"LINE","handle":"1BBEE3"}},{"type":"Feature","geometry":{"type":"LineString","coordinates":[[-60.72841525,-31.60229475],[-60.72829052,-31.6022247]]},"properties":{"layer":"Cuencas","entity_type":"LINE","handle":"1BBEE4"}},{"type":"Feature","geometry":{"type":"LineString","coordinates":[[-60.72829052,-31.6022247],[-60.72810357,-31.60213731]]},"properties":{"layer":"Cuencas","entity_type":"LINE","handle":"1BBEE5"}},{"type":"Feature","geometry":{"type":"LineString","coordinates":[[-60.72810357,-31.60213731],[-60.72801016,-31.60210247]]},"properties":{"layer":"Cuencas","entity_type":"LINE","handle":"1BBEE6"}},{"type":"Feature","geometry":{"type":"LineString","coordinates":[[-60.72801016,-31.60210247],[-60.72774084,-31.60206862]]},"properties":{"layer":"Cuencas","entity_type":"LINE","handle":"1BBEE7"}},{"type":"Feature","geometry":{"type":"LineString","coordinates":[[-60.72774084,-31.60206862],[-60.72759596,-31.60206945]]},"properties":{"layer":"Cuencas","entity_type":"LINE","handle":"1BBEE8"}},{"type":"Feature","geometry":{"type":"LineString","coordinates":[[-60.72759596,-31.60206945],[-60.72736844,-31.60208843]]},"properties":{"layer":"Cuencas","entity_type":"LINE","handle":"1BBEE9"}},{"type":"Feature","geometry":{"type":"LineString","coordinates":[[-60.72736844,-31.60208843],[-60.72718232,-31.60210718]]},"properties":{"layer":"Cuencas","entity_type":"LINE","handle":"1BBEEA"}},{"type":"Feature","geometry":{"type":"LineString","coordinates":[[-60.72718232,-31.60210718],[-60.72619669,-31.60231623]]},"properties":{"layer":"Cuencas","entity_type":"LINE","handle":"1BBEEB"}},{"type":"Feature","geometry":{"type":"LineString","coordinates":[[-60.72619669,-31.60231623],[-60.72216212,-31.60316346]]},"properties":{"layer":"Cuencas","entity_type":"LINE","handle":"1BBEEC"}},{"type":"Feature","geometry":{"type":"LineString","coordinates":[[-60.72216212,-31.60316346],[-60.72203863,-31.60325261]]},"properties":{"layer":"Cuencas","entity_type":"LINE","handle":"1BBEED"}},{"type":"Feature","geometry":{"type":"LineString","coordinates":[[-60.72203863,-31.60325261],[-60.72187442,-31.60343044]]},"properties":{"layer":"Cuencas","entity_type":"LINE","handle":"1BBEEE"}},{"type":"Feature","geometry":{"type":"LineString","coordinates":[[-60.72187442,-31.60343044],[-60.72176182,-31.60359029]]},"properties":{"layer":"Cuencas","entity_type":"LINE","handle":"1BBEEF"}},{"type":"Feature","geometry":{"type":"LineString","coordinates":[[-60.72176182,-31.60359029],[-60.72169013,-31.60368799]]},"properties":{"layer":"Cuencas","entity_type":"LINE","handle":"1BBEF0"}},{"type":"Feature","geometry":{"type":"LineString","coordinates":[[-60.72169013,-31.60368799],[-60.72161282,-31.60365525]]},"properties":{"layer":"Cuencas","entity_type":"LINE","handle":"1BBEF1"}},{"type":"Feature","geometry":{"type":"LineString","coordinates":[[-60.72161282,-31.60365525],[-60.72139067,-31.60352285]]},"properties":{"layer":"Cuencas","entity_type":"LINE","handle":"1BBEF2"}},{"type":"Feature","geometry":{"type":"LineString","coordinates":[[-60.72139067,-31.60352285],[-60.72090023,-31.60323054]]},"properties":{"layer":"Cuencas","entity_type":"LINE","handle":"1BBEF3"}},{"type":"Feature","geometry":{"type":"LineString","coordinates":[[-60.72090023,-31.60323054],[-60.72052316,-31.60312583]]},"properties":{"layer":"Cuencas","entity_type":"LINE","handle":"1BBEF4"}},{"type":"Feature","geometry":{"type":"LineString","coordinates":[[-60.72052316,-31.60312583],[-60.71915621,-31.6034337]]},"properties":{"layer":"Cuencas","entity_type":"LINE","handle":"1BBEF5"}},{"type":"Feature","geometry":{"type":"LineString","coordinates":[[-60.71915621,-31.6034337],[-60.71894378,-31.6036806]]},"properties":{"layer":"Cuencas","entity_type":"LINE","handle":"1BBEF6"}},{"type":"Feature","geometry":{"type":"LineString","coordinates":[[-60.71894378,-31.6036806],[-60.71900499,-31.60389902]]},"properties":{"layer":"Cuencas","entity_type":"LINE","handle":"1BBEF7"}},{"type":"Feature","geometry":{"type":"LineString","coordinates":[[-60.71900499,-31.60389902],[-60.71920208,-31.60397931]]},"properties":{"layer":"Cuencas","entity_type":"LINE","handle":"1BBEF8"}},{"type":"Feature","geometry":{"type":"LineString","coordinates":[[-60.71920208,-31.60397931],[-60.71926318,-31.60418246]]},"properties":{"layer":"Cuencas","entity_type":"LINE","handle":"1BBEF9"}},{"type":"Feature","geometry":{"type":"LineString","coordinates":[[-60.71926318,-31.60418246],[-60.7175196,-31.60452396]]},"properties":{"layer":"Cuencas","entity_type":"LINE","handle":"1BBEFA"}},{"type":"Feature","geometry":{"type":"LineString","coordinates":[[-60.7175196,-31.60452396],[-60.71633029,-31.6047087]]},"properties":{"layer":"Cuencas","entity_type":"LINE","handle":"1BBEFB"}},{"type":"Feature","geometry":{"type":"LineString","coordinates":[[-60.71633029,-31.6047087],[-60.71624185,-31.60482112]]},"properties":{"layer":"Cuencas","entity_type":"LINE","handle":"1BBEFC"}},{"type":"Feature","geometry":{"type":"LineString","coordinates":[[-60.71624185,-31.60482112],[-60.71617399,-31.60490033]]},"properties":{"layer":"Cuencas","entity_type":"LINE","handle":"1BBEFD"}},{"type":"Feature","geometry":{"type":"LineString","coordinates":[[-60.71617399,-31.60490033],[-60.71602792,-31.60526236]]},"properties":{"layer":"Cuencas","entity_type":"LINE","handle":"1BBEFE"}},{"type":"Feature","geometry":{"type":"LineString","coordinates":[[-60.71602792,-31.60526236],[-60.71605345,-31.60548607]]},"properties":{"layer":"Cuencas","entity_type":"LINE","handle":"1BBEFF"}},{"type":"Feature","geometry":{"type":"LineString","coordinates":[[-60.71605345,-31.60548607],[-60.71599859,-31.60555251]]},"properties":{"layer":"Cuencas","entity_type":"LINE","handle":"1BBF00"}},{"type":"Feature","geometry":{"type":"LineString","coordinates":[[-60.71599859,-31.60555251],[-60.71566095,-31.60577825]]},"properties":{"layer":"Cuencas","entity_type":"LINE","handle":"1BBF01"}},{"type":"Feature","geometry":{"type":"LineString","coordinates":[[-60.71566095,-31.60577825],[-60.71528441,-31.60558704]]},"properties":{"layer":"Cuencas","entity_type":"LINE","handle":"1BBF02"}},{"type":"Feature","geometry":{"type":"LineString","coordinates":[[-60.71528441,-31.60558704],[-60.71515903,-31.60554195]]},"properties":{"layer":"Cuencas","entity_type":"LINE","handle":"1BBF03"}},{"type":"Feature","geometry":{"type":"LineString","coordinates":[[-60.71515903,-31.60554195],[-60.71460781,-31.60586555]]},"properties":{"layer":"Cuencas","entity_type":"LINE","handle":"1BBF04"}},{"type":"Feature","geometry":{"type":"LineString","coordinates":[[-60.71460781,-31.60586555],[-60.71427236,-31.60559779]]},"properties":{"layer":"Cuencas","entity_type":"LINE","handle":"1BBF05"}},{"type":"Feature","geometry":{"type":"LineString","coordinates":[[-60.71427236,-31.60559779],[-60.71411757,-31.60559865]]},"properties":{"layer":"Cuencas","entity_type":"LINE","handle":"1BBF06"}},{"type":"Feature","geometry":{"type":"LineString","coordinates":[[-60.71411757,-31.60559865],[-60.71371778,-31.60579421]]},"properties":{"layer":"Cuencas","entity_type":"LINE","handle":"1BBF07"}},{"type":"Feature","geometry":{"type":"LineString","coordinates":[[-60.7099832,-31.60605777],[-60.70997173,-31.60605302]]},"properties":{"layer":"Cuencas","entity_type":"LINE","handle":"1BBF08"}},{"type":"Feature","geometry":{"type":"LineString","coordinates":[[-60.70997173,-31.60605302],[-60.70932446,-31.60619395]]},"properties":{"layer":"Cuencas","entity_type":"LINE","handle":"1BBF09"}},{"type":"Feature","geometry":{"type":"LineString","coordinates":[[-60.71371864,-31.60579417],[-60.71335341,-31.60551939]]},"properties":{"layer":"Cuencas","entity_type":"LINE","handle":"1BBF0A"}},{"type":"Feature","geometry":{"type":"LineString","coordinates":[[-60.71335341,-31.60551939],[-60.71318682,-31.60538765]]},"properties":{"layer":"Cuencas","entity_type":"LINE","handle":"1BBF0B"}},{"type":"Feature","geometry":{"type":"LineString","coordinates":[[-60.71318682,-31.60538765],[-60.71293853,-31.60539788]]},"properties":{"layer":"Cuencas","entity_type":"LINE","handle":"1BBF0C"}},{"type":"Feature","geometry":{"type":"LineString","coordinates":[[-60.71293853,-31.60539788],[-60.71237407,-31.60602019]]},"properties":{"layer":"Cuencas","entity_type":"LINE","handle":"1BBF0D"}},{"type":"Feature","geometry":{"type":"LineString","coordinates":[[-60.71237407,-31.60602019],[-60.71191955,-31.60612886]]},"properties":{"layer":"Cuencas","entity_type":"LINE","handle":"1BBF0E"}},{"type":"Feature","geometry":{"type":"LineString","coordinates":[[-60.71191955,-31.60612886],[-60.7115138,-31.60584808]]},"properties":{"layer":"Cuencas","entity_type":"LINE","handle":"1BBF0F"}},{"type":"Feature","geometry":{"type":"LineString","coordinates":[[-60.7115138,-31.60584808],[-60.71113151,-31.60592981]]},"properties":{"layer":"Cuencas","entity_type":"LINE","handle":"1BBF10"}},{"type":"Feature","geometry":{"type":"LineString","coordinates":[[-60.71113151,-31.60592981],[-60.71098804,-31.60611636]]},"properties":{"layer":"Cuencas","entity_type":"LINE","handle":"1BBF11"}},{"type":"Feature","geometry":{"type":"LineString","coordinates":[[-60.71098804,-31.60611636],[-60.71005815,-31.60631613]]},"properties":{"layer":"Cuencas","entity_type":"LINE","handle":"1BBF12"}},{"type":"Feature","geometry":{"type":"LineString","coordinates":[[-60.71005815,-31.60631613],[-60.7099832,-31.60605777]]},"properties":{"layer":"Cuencas","entity_type":"LINE","handle":"1BBF13"}},{"type":"Feature","geometry":{"type":"LineString","coordinates":[[-60.66475946,-31.59690132],[-60.66423549,-31.59474476]]},"properties":{"layer":"Cuencas","entity_type":"LINE","handle":"1BBF14"}},{"type":"Feature","geometry":{"type":"LineString","coordinates":[[-60.66423549,-31.59474476],[-60.67075945,-31.59343067]]},"properties":{"layer":"Cuencas","entity_type":"LINE","handle":"1BBF15"}},{"type":"Feature","geometry":{"type":"LineString","coordinates":[[-60.67075945,-31.59343067],[-60.67240475,-31.59017445]]},"properties":{"layer":"Cuencas","entity_type":"LINE","handle":"1BBF16"}},{"type":"Feature","geometry":{"type":"LineString","coordinates":[[-60.6728737,-31.59535706],[-60.67292616,-31.59601765]]},"properties":{"layer":"Cuencas","entity_type":"LINE","handle":"1BBF18"}},{"type":"Feature","geometry":{"type":"LineString","coordinates":[[-60.67292616,-31.59601765],[-60.67320516,-31.59601618]]},"properties":{"layer":"Cuencas","entity_type":"LINE","handle":"1BBF19"}},{"type":"Feature","geometry":{"type":"LineString","coordinates":[[-60.67320516,-31.59601618],[-60.67365338,-31.59572308]]},"properties":{"layer":"Cuencas","entity_type":"LINE","handle":"1BBF1A"}},{"type":"Feature","geometry":{"type":"LineString","coordinates":[[-60.67365338,-31.59572308],[-60.67382242,-31.59562063]]},"properties":{"layer":"Cuencas","entity_type":"LINE","handle":"1BBF1B"}},{"type":"Feature","geometry":{"type":"LineString","coordinates":[[-60.67382242,-31.59562063],[-60.6760436,-31.59523167]]},"properties":{"layer":"Cuencas","entity_type":"LINE","handle":"1BBF1C"}},{"type":"Feature","geometry":{"type":"LineString","coordinates":[[-60.6760436,-31.59523167],[-60.67787328,-31.58992847]]},"properties":{"layer":"Cuencas","entity_type":"LINE","handle":"1BBF1D"}},{"type":"Feature","geometry":{"type":"LineString","coordinates":[[-60.66766258,-31.60124677],[-60.667301,-31.60173459]]},"properties":{"layer":"Cuencas","entity_type":"LINE","handle":"1BBF1E"}},{"type":"Feature","geometry":{"type":"LineString","coordinates":[[-60.667301,-31.60173459],[-60.66722446,-31.60183098]]},"properties":{"layer":"Cuencas","entity_type":"LINE","handle":"1BBF1F"}},{"type":"Feature","geometry":{"type":"LineString","coordinates":[[-60.66722446,-31.60183098],[-60.66743354,-31.60259957]]},"properties":{"layer":"Cuencas","entity_type":"LINE","handle":"1BBF20"}},{"type":"Feature","geometry":{"type":"LineString","coordinates":[[-60.66743354,-31.60259957],[-60.66718817,-31.60264884]]},"properties":{"layer":"Cuencas","entity_type":"LINE","handle":"1BBF21"}},{"type":"Feature","geometry":{"type":"LineString","coordinates":[[-60.66718817,-31.60264884],[-60.66682146,-31.60241679]]},"properties":{"layer":"Cuencas","entity_type":"LINE","handle":"1BBF22"}},{"type":"Feature","geometry":{"type":"LineString","coordinates":[[-60.66682146,-31.60241679],[-60.66661997,-31.6027118]]},"properties":{"layer":"Cuencas","entity_type":"LINE","handle":"1BBF23"}},{"type":"Feature","geometry":{"type":"LineString","coordinates":[[-60.66661997,-31.6027118],[-60.66609133,-31.60281055]]},"properties":{"layer":"Cuencas","entity_type":"LINE","handle":"1BBF24"}},{"type":"Feature","geometry":{"type":"LineString","coordinates":[[-60.66609133,-31.60281055],[-60.66528787,-31.60237079]]},"properties":{"layer":"Cuencas","entity_type":"LINE","handle":"1BBF25"}},{"type":"Feature","geometry":{"type":"LineString","coordinates":[[-60.66528787,-31.60237079],[-60.66520869,-31.60209524]]},"properties":{"layer":"Cuencas","entity_type":"LINE","handle":"1BBF26"}},{"type":"Feature","geometry":{"type":"LineString","coordinates":[[-60.66520869,-31.60209524],[-60.66551493,-31.60172169]]},"properties":{"layer":"Cuencas","entity_type":"LINE","handle":"1BBF27"}},{"type":"Feature","geometry":{"type":"LineString","coordinates":[[-60.66551493,-31.60172169],[-60.66495821,-31.60142463]]},"properties":{"layer":"Cuencas","entity_type":"LINE","handle":"1BBF28"}},{"type":"Feature","geometry":{"type":"LineString","coordinates":[[-60.66495821,-31.60142463],[-60.66471328,-31.60054646]]},"properties":{"layer":"Cuencas","entity_type":"LINE","handle":"1BBF29"}},{"type":"Feature","geometry":{"type":"LineString","coordinates":[[-60.66471328,-31.60054646],[-60.66476161,-31.60043222]]},"properties":{"layer":"Cuencas","entity_type":"LINE","handle":"1BBF2A"}},{"type":"Feature","geometry":{"type":"LineString","coordinates":[[-60.66476161,-31.60043222],[-60.66491186,-31.59984174]]},"properties":{"layer":"Cuencas","entity_type":"LINE","handle":"1BBF2B"}},{"type":"Feature","geometry":{"type":"LineString","coordinates":[[-60.66491186,-31.59984174],[-60.66466573,-31.59899589]]},"properties":{"layer":"Cuencas","entity_type":"LINE","handle":"1BBF2C"}},{"type":"Feature","geometry":{"type":"LineString","coordinates":[[-60.66466573,-31.59899589],[-60.66466202,-31.59847316]]},"properties":{"layer":"Cuencas","entity_type":"LINE","handle":"1BBF2D"}},{"type":"Feature","geometry":{"type":"LineString","coordinates":[[-60.66466202,-31.59847316],[-60.66438522,-31.59834135]]},"properties":{"layer":"Cuencas","entity_type":"LINE","handle":"1BBF2E"}},{"type":"Feature","geometry":{"type":"LineString","coordinates":[[-60.66438522,-31.59834135],[-60.66443174,-31.5981361]]},"properties":{"layer":"Cuencas","entity_type":"LINE","handle":"1BBF2F"}},{"type":"Feature","geometry":{"type":"LineString","coordinates":[[-60.66443174,-31.5981361],[-60.66505461,-31.59802011]]},"properties":{"layer":"Cuencas","entity_type":"LINE","handle":"1BBF30"}},{"type":"Feature","geometry":{"type":"LineString","coordinates":[[-60.66505461,-31.59802011],[-60.66475946,-31.59690132]]},"properties":{"layer":"Cuencas","entity_type":"LINE","handle":"1BBF31"}},{"type":"Feature","geometry":{"type":"LineString","coordinates":[[-60.67121078,-31.60409352],[-60.6711207,-31.60377253]]},"properties":{"layer":"Cuencas","entity_type":"LINE","handle":"1BBF32"}},{"type":"Feature","geometry":{"type":"LineString","coordinates":[[-60.6711207,-31.60377253],[-60.67093292,-31.60381638]]},"properties":{"layer":"Cuencas","entity_type":"LINE","handle":"1BBF33"}},{"type":"Feature","geometry":{"type":"LineString","coordinates":[[-60.67093292,-31.60381638],[-60.67049993,-31.60358939]]},"properties":{"layer":"Cuencas","entity_type":"LINE","handle":"1BBF34"}},{"type":"Feature","geometry":{"type":"LineString","coordinates":[[-60.67049993,-31.60358939],[-60.67078534,-31.60316998]]},"properties":{"layer":"Cuencas","entity_type":"LINE","handle":"1BBF35"}},{"type":"Feature","geometry":{"type":"LineString","coordinates":[[-60.67078534,-31.60316998],[-60.6707208,-31.60291315]]},"properties":{"layer":"Cuencas","entity_type":"LINE","handle":"1BBF36"}},{"type":"Feature","geometry":{"type":"LineString","coordinates":[[-60.6707208,-31.60291315],[-60.67019216,-31.60263732]]},"properties":{"layer":"Cuencas","entity_type":"LINE","handle":"1BBF37"}},{"type":"Feature","geometry":{"type":"LineString","coordinates":[[-60.67019216,-31.60263732],[-60.67055326,-31.60228182]]},"properties":{"layer":"Cuencas","entity_type":"LINE","handle":"1BBF38"}},{"type":"Feature","geometry":{"type":"LineString","coordinates":[[-60.67055326,-31.60228182],[-60.67064034,-31.60218492]]},"properties":{"layer":"Cuencas","entity_type":"LINE","handle":"1BBF39"}},{"type":"Feature","geometry":{"type":"LineString","coordinates":[[-60.67064034,-31.60218492],[-60.67067742,-31.60210972]]},"properties":{"layer":"Cuencas","entity_type":"LINE","handle":"1BBF3A"}},{"type":"Feature","geometry":{"type":"LineString","coordinates":[[-60.67067742,-31.60210972],[-60.67041996,-31.60117882]]},"properties":{"layer":"Cuencas","entity_type":"LINE","handle":"1BBF3B"}},{"type":"Feature","geometry":{"type":"LineString","coordinates":[[-60.67041996,-31.60117882],[-60.66825943,-31.60151734]]},"properties":{"layer":"Cuencas","entity_type":"LINE","handle":"1BBF3C"}},{"type":"Feature","geometry":{"type":"LineString","coordinates":[[-60.66825943,-31.60151734],[-60.66824249,-31.60137163]]},"properties":{"layer":"Cuencas","entity_type":"LINE","handle":"1BBF3D"}},{"type":"Feature","geometry":{"type":"LineString","coordinates":[[-60.66824249,-31.60137163],[-60.66796413,-31.6014403]]},"properties":{"layer":"Cuencas","entity_type":"LINE","handle":"1BBF3E"}},{"type":"Feature","geometry":{"type":"LineString","coordinates":[[-60.66796413,-31.6014403],[-60.66765476,-31.60125732]]},"properties":{"layer":"Cuencas","entity_type":"LINE","handle":"1BBF3F"}},{"type":"Feature","geometry":{"type":"LineString","coordinates":[[-60.66542241,-31.6042631],[-60.66460568,-31.6047549]]},"properties":{"layer":"Cuencas","entity_type":"LINE","handle":"1BBF40"}},{"type":"Feature","geometry":{"type":"LineString","coordinates":[[-60.66460568,-31.6047549],[-60.66484322,-31.60569551]]},"properties":{"layer":"Cuencas","entity_type":"LINE","handle":"1BBF41"}},{"type":"Feature","geometry":{"type":"LineString","coordinates":[[-60.66786443,-31.61202232],[-60.66842337,-31.6117029]]},"properties":{"layer":"Cuencas","entity_type":"LINE","handle":"1BBF42"}},{"type":"Feature","geometry":{"type":"LineString","coordinates":[[-60.66842337,-31.6117029],[-60.66833221,-31.61151156]]},"properties":{"layer":"Cuencas","entity_type":"LINE","handle":"1BBF43"}},{"type":"Feature","geometry":{"type":"LineString","coordinates":[[-60.66833221,-31.61151156],[-60.6684877,-31.61128056]]},"properties":{"layer":"Cuencas","entity_type":"LINE","handle":"1BBF44"}},{"type":"Feature","geometry":{"type":"LineString","coordinates":[[-60.6684877,-31.61128056],[-60.66845004,-31.61112501]]},"properties":{"layer":"Cuencas","entity_type":"LINE","handle":"1BBF45"}},{"type":"Feature","geometry":{"type":"LineString","coordinates":[[-60.66845004,-31.61112501],[-60.66860988,-31.61108818]]},"properties":{"layer":"Cuencas","entity_type":"LINE","handle":"1BBF46"}},{"type":"Feature","geometry":{"type":"LineString","coordinates":[[-60.66860988,-31.61108818],[-60.66830684,-31.60995214]]},"properties":{"layer":"Cuencas","entity_type":"LINE","handle":"1BBF47"}},{"type":"Feature","geometry":{"type":"LineString","coordinates":[[-60.66830684,-31.60995214],[-60.66813856,-31.60998689]]},"properties":{"layer":"Cuencas","entity_type":"LINE","handle":"1BBF48"}},{"type":"Feature","geometry":{"type":"LineString","coordinates":[[-60.66813856,-31.60998689],[-60.6677414,-31.60983056]]},"properties":{"layer":"Cuencas","entity_type":"LINE","handle":"1BBF49"}},{"type":"Feature","geometry":{"type":"LineString","coordinates":[[-60.6677414,-31.60983056],[-60.66763736,-31.6094207]]},"properties":{"layer":"Cuencas","entity_type":"LINE","handle":"1BBF4A"}},{"type":"Feature","geometry":{"type":"LineString","coordinates":[[-60.66763736,-31.6094207],[-60.66719843,-31.60931499]]},"properties":{"layer":"Cuencas","entity_type":"LINE","handle":"1BBF4B"}},{"type":"Feature","geometry":{"type":"LineString","coordinates":[[-60.66719843,-31.60931499],[-60.66712032,-31.60899646]]},"properties":{"layer":"Cuencas","entity_type":"LINE","handle":"1BBF4C"}},{"type":"Feature","geometry":{"type":"LineString","coordinates":[[-60.66712032,-31.60899646],[-60.66742171,-31.60872128]]},"properties":{"layer":"Cuencas","entity_type":"LINE","handle":"1BBF4D"}},{"type":"Feature","geometry":{"type":"LineString","coordinates":[[-60.66742171,-31.60872128],[-60.66703298,-31.60856491]]},"properties":{"layer":"Cuencas","entity_type":"LINE","handle":"1BBF4E"}},{"type":"Feature","geometry":{"type":"LineString","coordinates":[[-60.66703298,-31.60856491],[-60.66699446,-31.60842416]]},"properties":{"layer":"Cuencas","entity_type":"LINE","handle":"1BBF4F"}},{"type":"Feature","geometry":{"type":"LineString","coordinates":[[-60.66912392,-31.58137881],[-60.67197023,-31.58583058]]},"properties":{"layer":"Cuencas","entity_type":"LINE","handle":"1BBF50"}},{"type":"Feature","geometry":{"type":"LineString","coordinates":[[-60.67197023,-31.58583058],[-60.67224466,-31.58808892]]},"properties":{"layer":"Cuencas","entity_type":"LINE","handle":"1BBF51"}},{"type":"Feature","geometry":{"type":"LineString","coordinates":[[-60.67224466,-31.58808892],[-60.67250104,-31.59142874]]},"properties":{"layer":"Cuencas","entity_type":"LINE","handle":"1BBF52"}},{"type":"Feature","geometry":{"type":"LineString","coordinates":[[-60.67250104,-31.59142874],[-60.67261131,-31.5923992]]},"properties":{"layer":"Cuencas","entity_type":"LINE","handle":"1BBF53"}},{"type":"Feature","geometry":{"type":"LineString","coordinates":[[-60.67261131,-31.5923992],[-60.67266581,-31.59279616]]},"properties":{"layer":"Cuencas","entity_type":"LINE","handle":"1BBF54"}},{"type":"Feature","geometry":{"type":"LineString","coordinates":[[-60.67266581,-31.59279616],[-60.67269432,-31.59317119]]},"properties":{"layer":"Cuencas","entity_type":"LINE","handle":"1BBF55"}},{"type":"Feature","geometry":{"type":"LineString","coordinates":[[-60.67269432,-31.59317119],[-60.6728737,-31.59535706]]},"properties":{"layer":"Cuencas","entity_type":"LINE","handle":"1BBF56"}},{"type":"Feature","geometry":{"type":"LineString","coordinates":[[-60.66203623,-31.57014868],[-60.66253734,-31.57157674]]},"properties":{"layer":"Cuencas","entity_type":"LINE","handle":"1BBF57"}},{"type":"Feature","geometry":{"type":"LineString","coordinates":[[-60.66253734,-31.57157674],[-60.66284053,-31.57233887]]},"properties":{"layer":"Cuencas","entity_type":"LINE","handle":"1BBF58"}},{"type":"Feature","geometry":{"type":"LineString","coordinates":[[-60.66284053,-31.57233887],[-60.66407244,-31.57426245]]},"properties":{"layer":"Cuencas","entity_type":"LINE","handle":"1BBF59"}},{"type":"Feature","geometry":{"type":"LineString","coordinates":[[-60.66407244,-31.57426245],[-60.66667455,-31.5784954]]},"properties":{"layer":"Cuencas","entity_type":"LINE","handle":"1BBF5A"}},{"type":"Feature","geometry":{"type":"LineString","coordinates":[[-60.66667455,-31.5784954],[-60.66912392,-31.58137881]]},"properties":{"layer":"Cuencas","entity_type":"LINE","handle":"1BBF5B"}},{"type":"Feature","geometry":{"type":"LineString","coordinates":[[-60.66204917,-31.57018556],[-60.66370984,-31.57009918]]},"properties":{"layer":"Cuencas","entity_type":"LINE","handle":"1BBF5C"}},{"type":"Feature","geometry":{"type":"LineString","coordinates":[[-60.66370984,-31.57009918],[-60.66507455,-31.56998196]]},"properties":{"layer":"Cuencas","entity_type":"LINE","handle":"1BBF5D"}},{"type":"Feature","geometry":{"type":"LineString","coordinates":[[-60.66507455,-31.56998196],[-60.66628451,-31.56984351]]},"properties":{"layer":"Cuencas","entity_type":"LINE","handle":"1BBF5E"}},{"type":"Feature","geometry":{"type":"LineString","coordinates":[[-60.66628451,-31.56984351],[-60.66762407,-31.5698145]]},"properties":{"layer":"Cuencas","entity_type":"LINE","handle":"1BBF5F"}},{"type":"Feature","geometry":{"type":"LineString","coordinates":[[-60.66762407,-31.5698145],[-60.66901595,-31.56989532]]},"properties":{"layer":"Cuencas","entity_type":"LINE","handle":"1BBF60"}},{"type":"Feature","geometry":{"type":"LineString","coordinates":[[-60.66901595,-31.56989532],[-60.67017532,-31.56988925]]},"properties":{"layer":"Cuencas","entity_type":"LINE","handle":"1BBF61"}},{"type":"Feature","geometry":{"type":"LineString","coordinates":[[-60.67017532,-31.56988925],[-60.67260153,-31.56941398]]},"properties":{"layer":"Cuencas","entity_type":"LINE","handle":"1BBF62"}},{"type":"Feature","geometry":{"type":"LineString","coordinates":[[-60.67260153,-31.56941398],[-60.67504448,-31.56876238]]},"properties":{"layer":"Cuencas","entity_type":"LINE","handle":"1BBF63"}},{"type":"Feature","geometry":{"type":"LineString","coordinates":[[-60.67504448,-31.56876238],[-60.67607438,-31.56866884]]},"properties":{"layer":"Cuencas","entity_type":"LINE","handle":"1BBF64"}},{"type":"Feature","geometry":{"type":"LineString","coordinates":[[-60.67607438,-31.56866884],[-60.67801296,-31.56810795]]},"properties":{"layer":"Cuencas","entity_type":"LINE","handle":"1BBF65"}},{"type":"Feature","geometry":{"type":"LineString","coordinates":[[-60.67801296,-31.56810795],[-60.67885437,-31.56689212]]},"properties":{"layer":"Cuencas","entity_type":"LINE","handle":"1BBF66"}},{"type":"Feature","geometry":{"type":"LineString","coordinates":[[-60.67885437,-31.56689212],[-60.67903312,-31.56667092]]},"properties":{"layer":"Cuencas","entity_type":"LINE","handle":"1BBF67"}},{"type":"Feature","geometry":{"type":"LineString","coordinates":[[-60.67903312,-31.56667092],[-60.68006683,-31.56710592]]},"properties":{"layer":"Cuencas","entity_type":"LINE","handle":"1BBF68"}},{"type":"Feature","geometry":{"type":"LineString","coordinates":[[-60.68006683,-31.56710592],[-60.68086756,-31.56738798]]},"properties":{"layer":"Cuencas","entity_type":"LINE","handle":"1BBF69"}},{"type":"Feature","geometry":{"type":"LineString","coordinates":[[-60.68086756,-31.56738798],[-60.68210515,-31.56751353]]},"properties":{"layer":"Cuencas","entity_type":"LINE","handle":"1BBF6A"}},{"type":"Feature","geometry":{"type":"LineString","coordinates":[[-60.68210515,-31.56751353],[-60.68308479,-31.5675964]]},"properties":{"layer":"Cuencas","entity_type":"LINE","handle":"1BBF6B"}},{"type":"Feature","geometry":{"type":"LineString","coordinates":[[-60.68308479,-31.5675964],[-60.68424779,-31.56703303]]},"properties":{"layer":"Cuencas","entity_type":"LINE","handle":"1BBF6C"}},{"type":"Feature","geometry":{"type":"LineString","coordinates":[[-60.68424779,-31.56703303],[-60.68542693,-31.56621179]]},"properties":{"layer":"Cuencas","entity_type":"LINE","handle":"1BBF6D"}},{"type":"Feature","geometry":{"type":"LineString","coordinates":[[-60.68542693,-31.56621179],[-60.68712436,-31.56580623]]},"properties":{"layer":"Cuencas","entity_type":"LINE","handle":"1BBF6E"}},{"type":"Feature","geometry":{"type":"LineString","coordinates":[[-60.68712436,-31.56580623],[-60.68827721,-31.56491904]]},"properties":{"layer":"Cuencas","entity_type":"LINE","handle":"1BBF6F"}},{"type":"Feature","geometry":{"type":"LineString","coordinates":[[-60.68827721,-31.56491904],[-60.68861067,-31.56471902]]},"properties":{"layer":"Cuencas","entity_type":"LINE","handle":"1BBF70"}},{"type":"Feature","geometry":{"type":"LineString","coordinates":[[-60.68861067,-31.56471902],[-60.68907406,-31.56467247]]},"properties":{"layer":"Cuencas","entity_type":"LINE","handle":"1BBF71"}},{"type":"Feature","geometry":{"type":"LineString","coordinates":[[-60.68907406,-31.56467247],[-60.69215463,-31.56527253]]},"properties":{"layer":"Cuencas","entity_type":"LINE","handle":"1BBF72"}},{"type":"Feature","geometry":{"type":"LineString","coordinates":[[-60.69215463,-31.56527253],[-60.69393583,-31.56574741]]},"properties":{"layer":"Cuencas","entity_type":"LINE","handle":"1BBF73"}},{"type":"Feature","geometry":{"type":"LineString","coordinates":[[-60.69393583,-31.56574741],[-60.69553638,-31.56617921]]},"properties":{"layer":"Cuencas","entity_type":"LINE","handle":"1BBF74"}},{"type":"Feature","geometry":{"type":"LineString","coordinates":[[-60.69553638,-31.56617921],[-60.69651618,-31.566284]]},"properties":{"layer":"Cuencas","entity_type":"LINE","handle":"1BBF75"}},{"type":"Feature","geometry":{"type":"LineString","coordinates":[[-60.69651618,-31.566284],[-60.69731351,-31.56610345]]},"properties":{"layer":"Cuencas","entity_type":"LINE","handle":"1BBF76"}},{"type":"Feature","geometry":{"type":"LineString","coordinates":[[-60.69731351,-31.56610345],[-60.6979538,-31.56559339]]},"properties":{"layer":"Cuencas","entity_type":"LINE","handle":"1BBF77"}},{"type":"Feature","geometry":{"type":"LineString","coordinates":[[-60.6979538,-31.56559339],[-60.69849719,-31.5645267]]},"properties":{"layer":"Cuencas","entity_type":"LINE","handle":"1BBF78"}},{"type":"Feature","geometry":{"type":"LineString","coordinates":[[-60.69849719,-31.5645267],[-60.69910678,-31.56335605]]},"properties":{"layer":"Cuencas","entity_type":"LINE","handle":"1BBF79"}},{"type":"Feature","geometry":{"type":"LineString","coordinates":[[-60.69910678,-31.56335605],[-60.69979758,-31.56271355]]},"properties":{"layer":"Cuencas","entity_type":"LINE","handle":"1BBF7A"}},{"type":"Feature","geometry":{"type":"LineString","coordinates":[[-60.69979758,-31.56271355],[-60.70190641,-31.56221745]]},"properties":{"layer":"Cuencas","entity_type":"LINE","handle":"1BBF7B"}},{"type":"Feature","geometry":{"type":"LineString","coordinates":[[-60.70190641,-31.56221745],[-60.70474304,-31.56155441]]},"properties":{"layer":"Cuencas","entity_type":"LINE","handle":"1BBF7C"}},{"type":"Feature","geometry":{"type":"LineString","coordinates":[[-60.70474304,-31.56155441],[-60.70536015,-31.56139684]]},"properties":{"layer":"Cuencas","entity_type":"LINE","handle":"1BBF7D"}},{"type":"Feature","geometry":{"type":"LineString","coordinates":[[-60.70536015,-31.56139684],[-60.70610192,-31.56068795]]},"properties":{"layer":"Cuencas","entity_type":"LINE","handle":"1BBF7E"}},{"type":"Feature","geometry":{"type":"LineString","coordinates":[[-60.70610192,-31.56068795],[-60.70666634,-31.56037648]]},"properties":{"layer":"Cuencas","entity_type":"LINE","handle":"1BBF7F"}},{"type":"Feature","geometry":{"type":"LineString","coordinates":[[-60.70666634,-31.56037648],[-60.70712987,-31.5603519]]},"properties":{"layer":"Cuencas","entity_type":"LINE","handle":"1BBF80"}},{"type":"Feature","geometry":{"type":"LineString","coordinates":[[-60.70712987,-31.5603519],[-60.70859958,-31.56051996]]},"properties":{"layer":"Cuencas","entity_type":"LINE","handle":"1BBF81"}},{"type":"Feature","geometry":{"type":"LineString","coordinates":[[-60.70859958,-31.56051996],[-60.70929596,-31.56062622]]},"properties":{"layer":"Cuencas","entity_type":"LINE","handle":"1BBF82"}},{"type":"Feature","geometry":{"type":"LineString","coordinates":[[-60.70929596,-31.56062622],[-60.71015601,-31.56057304]]},"properties":{"layer":"Cuencas","entity_type":"LINE","handle":"1BBF83"}},{"type":"Feature","geometry":{"type":"LineString","coordinates":[[-60.71015601,-31.56057304],[-60.71131175,-31.56010409]]},"properties":{"layer":"Cuencas","entity_type":"LINE","handle":"1BBF84"}},{"type":"Feature","geometry":{"type":"LineString","coordinates":[[-60.71131175,-31.56010409],[-60.71272425,-31.55952358]]},"properties":{"layer":"Cuencas","entity_type":"LINE","handle":"1BBF85"}},{"type":"Feature","geometry":{"type":"LineString","coordinates":[[-60.71272425,-31.55952358],[-60.71444367,-31.55865502]]},"properties":{"layer":"Cuencas","entity_type":"LINE","handle":"1BBF86"}},{"type":"Feature","geometry":{"type":"LineString","coordinates":[[-60.71444367,-31.55865502],[-60.71625092,-31.55876669]]},"properties":{"layer":"Cuencas","entity_type":"LINE","handle":"1BBF87"}},{"type":"Feature","geometry":{"type":"LineString","coordinates":[[-60.73825112,-31.55445448],[-60.73535133,-31.5549093]]},"properties":{"layer":"Cuencas","entity_type":"LINE","handle":"1BBF91"}},{"type":"Feature","geometry":{"type":"LineString","coordinates":[[-60.73535133,-31.5549093],[-60.73309339,-31.55445495]]},"properties":{"layer":"Cuencas","entity_type":"LINE","handle":"1BBF92"}},{"type":"Feature","geometry":{"type":"LineString","coordinates":[[-60.73309339,-31.55445495],[-60.72783773,-31.55503991]]},"properties":{"layer":"Cuencas","entity_type":"LINE","handle":"1BBF93"}},{"type":"Feature","geometry":{"type":"LineString","coordinates":[[-60.72783773,-31.55503991],[-60.71756035,-31.55734694]]},"properties":{"layer":"Cuencas","entity_type":"LINE","handle":"1BBF94"}},{"type":"Feature","geometry":{"type":"LineString","coordinates":[[-60.71756035,-31.55734694],[-60.7170125,-31.55717477]]},"properties":{"layer":"Cuencas","entity_type":"LINE","handle":"1BBF95"}},{"type":"Feature","geometry":{"type":"LineString","coordinates":[[-60.7170125,-31.55717477],[-60.71657152,-31.55715525]]},"properties":{"layer":"Cuencas","entity_type":"LINE","handle":"1BBF96"}},{"type":"Feature","geometry":{"type":"LineString","coordinates":[[-60.71657152,-31.55715525],[-60.71493265,-31.56539223]]},"properties":{"layer":"Cuencas","entity_type":"LINE","handle":"1BBF97"}},{"type":"Feature","geometry":{"type":"LineString","coordinates":[[-60.71493265,-31.56539223],[-60.71930757,-31.56549578]]},"properties":{"layer":"Cuencas","entity_type":"LINE","handle":"1BBF98"}},{"type":"Feature","geometry":{"type":"LineString","coordinates":[[-60.71930757,-31.56549578],[-60.72160186,-31.56681169]]},"properties":{"layer":"Cuencas","entity_type":"LINE","handle":"1BBF99"}},{"type":"Feature","geometry":{"type":"LineString","coordinates":[[-60.72160186,-31.56681169],[-60.72196072,-31.56676116]]},"properties":{"layer":"Cuencas","entity_type":"LINE","handle":"1BBF9A"}},{"type":"Feature","geometry":{"type":"LineString","coordinates":[[-60.73896677,-31.59852087],[-60.73933028,-31.59775103]]},"properties":{"layer":"Cuencas","entity_type":"LINE","handle":"1BBF9C"}},{"type":"Feature","geometry":{"type":"LineString","coordinates":[[-60.73933028,-31.59775103],[-60.73946623,-31.59738102]]},"properties":{"layer":"Cuencas","entity_type":"LINE","handle":"1BBF9D"}},{"type":"Feature","geometry":{"type":"LineString","coordinates":[[-60.73946623,-31.59738102],[-60.73955599,-31.59702447]]},"properties":{"layer":"Cuencas","entity_type":"LINE","handle":"1BBF9E"}},{"type":"Feature","geometry":{"type":"LineString","coordinates":[[-60.73955599,-31.59702447],[-60.73976815,-31.59653534]]},"properties":{"layer":"Cuencas","entity_type":"LINE","handle":"1BBF9F"}},{"type":"Feature","geometry":{"type":"LineString","coordinates":[[-60.73976815,-31.59653534],[-60.73995017,-31.5961387]]},"properties":{"layer":"Cuencas","entity_type":"LINE","handle":"1BBFA0"}},{"type":"Feature","geometry":{"type":"LineString","coordinates":[[-60.73995017,-31.5961387],[-60.7401641,-31.59587373]]},"properties":{"layer":"Cuencas","entity_type":"LINE","handle":"1BBFA1"}},{"type":"Feature","geometry":{"type":"LineString","coordinates":[[-60.7401641,-31.59587373],[-60.74042399,-31.59556894]]},"properties":{"layer":"Cuencas","entity_type":"LINE","handle":"1BBFA2"}},{"type":"Feature","geometry":{"type":"LineString","coordinates":[[-60.74042399,-31.59556894],[-60.74091339,-31.59501894]]},"properties":{"layer":"Cuencas","entity_type":"LINE","handle":"1BBFA3"}},{"type":"Feature","geometry":{"type":"LineString","coordinates":[[-60.74091339,-31.59501894],[-60.74151022,-31.59439572]]},"properties":{"layer":"Cuencas","entity_type":"LINE","handle":"1BBFA4"}},{"type":"Feature","geometry":{"type":"LineString","coordinates":[[-60.74151022,-31.59439572],[-60.74160122,-31.5941974]]},"properties":{"layer":"Cuencas","entity_type":"LINE","handle":"1BBFA5"}},{"type":"Feature","geometry":{"type":"LineString","coordinates":[[-60.74160122,-31.5941974],[-60.74159746,-31.59372271]]},"properties":{"layer":"Cuencas","entity_type":"LINE","handle":"1BBFA6"}},{"type":"Feature","geometry":{"type":"LineString","coordinates":[[-60.74159746,-31.59372271],[-60.74144004,-31.59332803]]},"properties":{"layer":"Cuencas","entity_type":"LINE","handle":"1BBFA7"}},{"type":"Feature","geometry":{"type":"LineString","coordinates":[[-60.74144004,-31.59332803],[-60.74095622,-31.59263196]]},"properties":{"layer":"Cuencas","entity_type":"LINE","handle":"1BBFA8"}},{"type":"Feature","geometry":{"type":"LineString","coordinates":[[-60.74095622,-31.59263196],[-60.74079918,-31.59228481]]},"properties":{"layer":"Cuencas","entity_type":"LINE","handle":"1BBFA9"}},{"type":"Feature","geometry":{"type":"LineString","coordinates":[[-60.74079918,-31.59228481],[-60.74085922,-31.59207348]]},"properties":{"layer":"Cuencas","entity_type":"LINE","handle":"1BBFAA"}},{"type":"Feature","geometry":{"type":"LineString","coordinates":[[-60.74085922,-31.59207348],[-60.74101069,-31.59171656]]},"properties":{"layer":"Cuencas","entity_type":"LINE","handle":"1BBFAB"}},{"type":"Feature","geometry":{"type":"LineString","coordinates":[[-60.74101069,-31.59171656],[-60.74126963,-31.5912931]]},"properties":{"layer":"Cuencas","entity_type":"LINE","handle":"1BBFAC"}},{"type":"Feature","geometry":{"type":"LineString","coordinates":[[-60.74126963,-31.5912931],[-60.74132926,-31.59102902]]},"properties":{"layer":"Cuencas","entity_type":"LINE","handle":"1BBFAD"}},{"type":"Feature","geometry":{"type":"LineString","coordinates":[[-60.74132926,-31.59102902],[-60.74148197,-31.59083034]]},"properties":{"layer":"Cuencas","entity_type":"LINE","handle":"1BBFAE"}},{"type":"Feature","geometry":{"type":"LineString","coordinates":[[-60.74148197,-31.59083034],[-60.74183345,-31.59040243]]},"properties":{"layer":"Cuencas","entity_type":"LINE","handle":"1BBFAF"}},{"type":"Feature","geometry":{"type":"LineString","coordinates":[[-60.74183345,-31.59040243],[-60.74217068,-31.59012355]]},"properties":{"layer":"Cuencas","entity_type":"LINE","handle":"1BBFB0"}},{"type":"Feature","geometry":{"type":"LineString","coordinates":[[-60.69376733,-31.60850628],[-60.69328308,-31.60733079]]},"properties":{"layer":"Cuencas","entity_type":"LINE","handle":"1BBFB1"}},{"type":"Feature","geometry":{"type":"LineString","coordinates":[[-60.69328308,-31.60733079],[-60.69301122,-31.60663612]]},"properties":{"layer":"Cuencas","entity_type":"LINE","handle":"1BBFB2"}},{"type":"Feature","geometry":{"type":"LineString","coordinates":[[-60.69301122,-31.60663612],[-60.69270318,-31.6056098]]},"properties":{"layer":"Cuencas","entity_type":"LINE","handle":"1BBFB3"}},{"type":"Feature","geometry":{"type":"LineString","coordinates":[[-60.7099832,-31.60605777],[-60.70997173,-31.60605302]]},"properties":{"layer":"Cuencas","entity_type":"LINE","handle":"1BBFB4"}},{"type":"Feature","geometry":{"type":"LineString","coordinates":[[-60.70997173,-31.60605302],[-60.70932446,-31.60619395]]},"properties":{"layer":"Cuencas","entity_type":"LINE","handle":"1BBFB5"}},{"type":"Feature","geometry":{"type":"LineString","coordinates":[[-60.71510215,-31.6055757],[-60.71514396,-31.60554476]]},"properties":{"layer":"Cuencas","entity_type":"LINE","handle":"1BBFB6"}},{"type":"Feature","geometry":{"type":"LineString","coordinates":[[-60.71514396,-31.60554476],[-60.71515099,-31.60554703]]},"properties":{"layer":"Cuencas","entity_type":"LINE","handle":"1BBFB7"}},{"type":"Feature","geometry":{"type":"LineString","coordinates":[[-60.71371864,-31.60579417],[-60.71335341,-31.60551939]]},"properties":{"layer":"Cuencas","entity_type":"LINE","handle":"1BBFB8"}},{"type":"Feature","geometry":{"type":"LineString","coordinates":[[-60.71335341,-31.60551939],[-60.71318682,-31.60538765]]},"properties":{"layer":"Cuencas","entity_type":"LINE","handle":"1BBFB9"}},{"type":"Feature","geometry":{"type":"LineString","coordinates":[[-60.71318682,-31.60538765],[-60.71293853,-31.60539788]]},"properties":{"layer":"Cuencas","entity_type":"LINE","handle":"1BBFBA"}},{"type":"Feature","geometry":{"type":"LineString","coordinates":[[-60.71293853,-31.60539788],[-60.71237407,-31.60602019]]},"properties":{"layer":"Cuencas","entity_type":"LINE","handle":"1BBFBB"}},{"type":"Feature","geometry":{"type":"LineString","coordinates":[[-60.71237407,-31.60602019],[-60.71191955,-31.60612886]]},"properties":{"layer":"Cuencas","entity_type":"LINE","handle":"1BBFBC"}},{"type":"Feature","geometry":{"type":"LineString","coordinates":[[-60.71191955,-31.60612886],[-60.7115138,-31.60584808]]},"properties":{"layer":"Cuencas","entity_type":"LINE","handle":"1BBFBD"}},{"type":"Feature","geometry":{"type":"LineString","coordinates":[[-60.7115138,-31.60584808],[-60.71113151,-31.60592981]]},"properties":{"layer":"Cuencas","entity_type":"LINE","handle":"1BBFBE"}},{"type":"Feature","geometry":{"type":"LineString","coordinates":[[-60.71113151,-31.60592981],[-60.71098804,-31.60611636]]},"properties":{"layer":"Cuencas","entity_type":"LINE","handle":"1BBFBF"}},{"type":"Feature","geometry":{"type":"LineString","coordinates":[[-60.71098804,-31.60611636],[-60.71005815,-31.60631613]]},"properties":{"layer":"Cuencas","entity_type":"LINE","handle":"1BBFC0"}},{"type":"Feature","geometry":{"type":"LineString","coordinates":[[-60.71005815,-31.60631613],[-60.7099832,-31.60605777]]},"properties":{"layer":"Cuencas","entity_type":"LINE","handle":"1BBFC1"}},{"type":"Feature","geometry":{"type":"LineString","coordinates":[[-60.70233294,-31.6037585],[-60.7023414,-31.60376187]]},"properties":{"layer":"Cuencas","entity_type":"LINE","handle":"1BBFC2"}},{"type":"Feature","geometry":{"type":"LineString","coordinates":[[-60.70072255,-31.60236709],[-60.70099066,-31.60249754]]},"properties":{"layer":"Cuencas","entity_type":"LINE","handle":"1BBFC3"}},{"type":"Feature","geometry":{"type":"LineString","coordinates":[[-60.70623315,-31.60708755],[-60.70620699,-31.6070933]]},"properties":{"layer":"Cuencas","entity_type":"LINE","handle":"1BBFC4"}},{"type":"Feature","geometry":{"type":"LineString","coordinates":[[-60.70998351,-31.60605724],[-60.70997204,-31.6060525]]},"properties":{"layer":"Cuencas","entity_type":"LINE","handle":"1BBFC5"}},{"type":"Feature","geometry":{"type":"LineString","coordinates":[[-60.70997204,-31.6060525],[-60.70932477,-31.60619342]]},"properties":{"layer":"Cuencas","entity_type":"LINE","handle":"1BBFC6"}},{"type":"Feature","geometry":{"type":"LineString","coordinates":[[-60.71234819,-31.60602592],[-60.71233836,-31.60603594]]},"properties":{"layer":"Cuencas","entity_type":"LINE","handle":"1BBFC7"}},{"type":"Feature","geometry":{"type":"LineString","coordinates":[[-60.71233836,-31.60603594],[-60.71209977,-31.60608532]]},"properties":{"layer":"Cuencas","entity_type":"LINE","handle":"1BBFC8"}},{"type":"Feature","geometry":{"type":"LineString","coordinates":[[-60.71510246,-31.60557517],[-60.71514427,-31.60554423]]},"properties":{"layer":"Cuencas","entity_type":"LINE","handle":"1BBFC9"}},{"type":"Feature","geometry":{"type":"LineString","coordinates":[[-60.71514427,-31.60554423],[-60.71515129,-31.6055465]]},"properties":{"layer":"Cuencas","entity_type":"LINE","handle":"1BBFCA"}},{"type":"Feature","geometry":{"type":"LineString","coordinates":[[-60.71371895,-31.60579364],[-60.71335372,-31.60551886]]},"properties":{"layer":"Cuencas","entity_type":"LINE","handle":"1BBFCB"}},{"type":"Feature","geometry":{"type":"LineString","coordinates":[[-60.71335372,-31.60551886],[-60.71318713,-31.60538712]]},"properties":{"layer":"Cuencas","entity_type":"LINE","handle":"1BBFCC"}},{"type":"Feature","geometry":{"type":"LineString","coordinates":[[-60.71318713,-31.60538712],[-60.71293883,-31.60539735]]},"properties":{"layer":"Cuencas","entity_type":"LINE","handle":"1BBFCD"}},{"type":"Feature","geometry":{"type":"LineString","coordinates":[[-60.71293883,-31.60539735],[-60.71237438,-31.60601966]]},"properties":{"layer":"Cuencas","entity_type":"LINE","handle":"1BBFCE"}},{"type":"Feature","geometry":{"type":"LineString","coordinates":[[-60.71237438,-31.60601966],[-60.71191986,-31.60612833]]},"properties":{"layer":"Cuencas","entity_type":"LINE","handle":"1BBFCF"}},{"type":"Feature","geometry":{"type":"LineString","coordinates":[[-60.71191986,-31.60612833],[-60.71151411,-31.60584755]]},"properties":{"layer":"Cuencas","entity_type":"LINE","handle":"1BBFD0"}},{"type":"Feature","geometry":{"type":"LineString","coordinates":[[-60.71151411,-31.60584755],[-60.71113182,-31.60592928]]},"properties":{"layer":"Cuencas","entity_type":"LINE","handle":"1BBFD1"}},{"type":"Feature","geometry":{"type":"LineString","coordinates":[[-60.71113182,-31.60592928],[-60.71098835,-31.60611583]]},"properties":{"layer":"Cuencas","entity_type":"LINE","handle":"1BBFD2"}},{"type":"Feature","geometry":{"type":"LineString","coordinates":[[-60.71098835,-31.60611583],[-60.71005846,-31.6063156]]},"properties":{"layer":"Cuencas","entity_type":"LINE","handle":"1BBFD3"}},{"type":"Feature","geometry":{"type":"LineString","coordinates":[[-60.71005846,-31.6063156],[-60.70997873,-31.60604078]]},"properties":{"layer":"Cuencas","entity_type":"LINE","handle":"1BBFD4"}},{"type":"Feature","geometry":{"type":"LineString","coordinates":[[-60.66475946,-31.59690132],[-60.66423549,-31.59474476]]},"properties":{"layer":"Cuencas","entity_type":"LINE","handle":"1BBFD5"}},{"type":"Feature","geometry":{"type":"LineString","coordinates":[[-60.66423549,-31.59474476],[-60.67075945,-31.59343067]]},"properties":{"layer":"Cuencas","entity_type":"LINE","handle":"1BBFD6"}},{"type":"Feature","geometry":{"type":"LineString","coordinates":[[-60.67075945,-31.59343067],[-60.67240475,-31.59017445]]},"properties":{"layer":"Cuencas","entity_type":"LINE","handle":"1BBFD7"}},{"type":"Feature","geometry":{"type":"LineString","coordinates":[[-60.6728737,-31.59535706],[-60.67292616,-31.59601765]]},"properties":{"layer":"Cuencas","entity_type":"LINE","handle":"1BBFD9"}},{"type":"Feature","geometry":{"type":"LineString","coordinates":[[-60.67292616,-31.59601765],[-60.67320516,-31.59601618]]},"properties":{"layer":"Cuencas","entity_type":"LINE","handle":"1BBFDA"}},{"type":"Feature","geometry":{"type":"LineString","coordinates":[[-60.67320516,-31.59601618],[-60.67365338,-31.59572308]]},"properties":{"layer":"Cuencas","entity_type":"LINE","handle":"1BBFDB"}},{"type":"Feature","geometry":{"type":"LineString","coordinates":[[-60.67365338,-31.59572308],[-60.67382242,-31.59562063]]},"properties":{"layer":"Cuencas","entity_type":"LINE","handle":"1BBFDC"}},{"type":"Feature","geometry":{"type":"LineString","coordinates":[[-60.67382242,-31.59562063],[-60.6760436,-31.59523167]]},"properties":{"layer":"Cuencas","entity_type":"LINE","handle":"1BBFDD"}},{"type":"Feature","geometry":{"type":"LineString","coordinates":[[-60.6760436,-31.59523167],[-60.67787328,-31.58992847]]},"properties":{"layer":"Cuencas","entity_type":"LINE","handle":"1BBFDE"}},{"type":"Feature","geometry":{"type":"LineString","coordinates":[[-60.66766258,-31.60124677],[-60.667301,-31.60173459]]},"properties":{"layer":"Cuencas","entity_type":"LINE","handle":"1BBFDF"}},{"type":"Feature","geometry":{"type":"LineString","coordinates":[[-60.667301,-31.60173459],[-60.66722446,-31.60183098]]},"properties":{"layer":"Cuencas","entity_type":"LINE","handle":"1BBFE0"}},{"type":"Feature","geometry":{"type":"LineString","coordinates":[[-60.66722446,-31.60183098],[-60.66743354,-31.60259957]]},"properties":{"layer":"Cuencas","entity_type":"LINE","handle":"1BBFE1"}},{"type":"Feature","geometry":{"type":"LineString","coordinates":[[-60.66743354,-31.60259957],[-60.66718817,-31.60264884]]},"properties":{"layer":"Cuencas","entity_type":"LINE","handle":"1BBFE2"}},{"type":"Feature","geometry":{"type":"LineString","coordinates":[[-60.66718817,-31.60264884],[-60.66682146,-31.60241679]]},"properties":{"layer":"Cuencas","entity_type":"LINE","handle":"1BBFE3"}},{"type":"Feature","geometry":{"type":"LineString","coordinates":[[-60.66682146,-31.60241679],[-60.66661997,-31.6027118]]},"properties":{"layer":"Cuencas","entity_type":"LINE","handle":"1BBFE4"}},{"type":"Feature","geometry":{"type":"LineString","coordinates":[[-60.66661997,-31.6027118],[-60.66609133,-31.60281055]]},"properties":{"layer":"Cuencas","entity_type":"LINE","handle":"1BBFE5"}},{"type":"Feature","geometry":{"type":"LineString","coordinates":[[-60.66609133,-31.60281055],[-60.66528787,-31.60237079]]},"properties":{"layer":"Cuencas","entity_type":"LINE","handle":"1BBFE6"}},{"type":"Feature","geometry":{"type":"LineString","coordinates":[[-60.66528787,-31.60237079],[-60.66520869,-31.60209524]]},"properties":{"layer":"Cuencas","entity_type":"LINE","handle":"1BBFE7"}},{"type":"Feature","geometry":{"type":"LineString","coordinates":[[-60.66520869,-31.60209524],[-60.66551493,-31.60172169]]},"properties":{"layer":"Cuencas","entity_type":"LINE","handle":"1BBFE8"}},{"type":"Feature","geometry":{"type":"LineString","coordinates":[[-60.66551493,-31.60172169],[-60.66495821,-31.60142463]]},"properties":{"layer":"Cuencas","entity_type":"LINE","handle":"1BBFE9"}},{"type":"Feature","geometry":{"type":"LineString","coordinates":[[-60.66495821,-31.60142463],[-60.66471328,-31.60054646]]},"properties":{"layer":"Cuencas","entity_type":"LINE","handle":"1BBFEA"}},{"type":"Feature","geometry":{"type":"LineString","coordinates":[[-60.66471328,-31.60054646],[-60.66476161,-31.60043222]]},"properties":{"layer":"Cuencas","entity_type":"LINE","handle":"1BBFEB"}},{"type":"Feature","geometry":{"type":"LineString","coordinates":[[-60.66476161,-31.60043222],[-60.66491186,-31.59984174]]},"properties":{"layer":"Cuencas","entity_type":"LINE","handle":"1BBFEC"}},{"type":"Feature","geometry":{"type":"LineString","coordinates":[[-60.66491186,-31.59984174],[-60.66466573,-31.59899589]]},"properties":{"layer":"Cuencas","entity_type":"LINE","handle":"1BBFED"}},{"type":"Feature","geometry":{"type":"LineString","coordinates":[[-60.66466573,-31.59899589],[-60.66466202,-31.59847316]]},"properties":{"layer":"Cuencas","entity_type":"LINE","handle":"1BBFEE"}},{"type":"Feature","geometry":{"type":"LineString","coordinates":[[-60.66466202,-31.59847316],[-60.66438522,-31.59834135]]},"properties":{"layer":"Cuencas","entity_type":"LINE","handle":"1BBFEF"}},{"type":"Feature","geometry":{"type":"LineString","coordinates":[[-60.66438522,-31.59834135],[-60.66443174,-31.5981361]]},"properties":{"layer":"Cuencas","entity_type":"LINE","handle":"1BBFF0"}},{"type":"Feature","geometry":{"type":"LineString","coordinates":[[-60.66443174,-31.5981361],[-60.66505461,-31.59802011]]},"properties":{"layer":"Cuencas","entity_type":"LINE","handle":"1BBFF1"}},{"type":"Feature","geometry":{"type":"LineString","coordinates":[[-60.66505461,-31.59802011],[-60.66475946,-31.59690132]]},"properties":{"layer":"Cuencas","entity_type":"LINE","handle":"1BBFF2"}},{"type":"Feature","geometry":{"type":"LineString","coordinates":[[-60.66602805,-31.60277591],[-60.66600123,-31.60278135]]},"properties":{"layer":"Cuencas","entity_type":"LINE","handle":"1BBFF3"}},{"type":"Feature","geometry":{"type":"LineString","coordinates":[[-60.66600123,-31.60278135],[-60.66574923,-31.60261121]]},"properties":{"layer":"Cuencas","entity_type":"LINE","handle":"1BBFF4"}},{"type":"Feature","geometry":{"type":"LineString","coordinates":[[-60.66574923,-31.60261121],[-60.66502296,-31.6027543]]},"properties":{"layer":"Cuencas","entity_type":"LINE","handle":"1BBFF5"}},{"type":"Feature","geometry":{"type":"LineString","coordinates":[[-60.66502296,-31.6027543],[-60.66542241,-31.6042631]]},"properties":{"layer":"Cuencas","entity_type":"LINE","handle":"1BBFF6"}},{"type":"Feature","geometry":{"type":"LineString","coordinates":[[-60.66542241,-31.6042631],[-60.6658106,-31.60418607]]},"properties":{"layer":"Cuencas","entity_type":"LINE","handle":"1BBFF7"}},{"type":"Feature","geometry":{"type":"LineString","coordinates":[[-60.6658106,-31.60418607],[-60.66625115,-31.60441952]]},"properties":{"layer":"Cuencas","entity_type":"LINE","handle":"1BBFF8"}},{"type":"Feature","geometry":{"type":"LineString","coordinates":[[-60.66625115,-31.60441952],[-60.66649652,-31.60541901]]},"properties":{"layer":"Cuencas","entity_type":"LINE","handle":"1BBFF9"}},{"type":"Feature","geometry":{"type":"LineString","coordinates":[[-60.66649652,-31.60541901],[-60.66624764,-31.6056882]]},"properties":{"layer":"Cuencas","entity_type":"LINE","handle":"1BBFFA"}},{"type":"Feature","geometry":{"type":"LineString","coordinates":[[-60.66624764,-31.6056882],[-60.66558397,-31.60582024]]},"properties":{"layer":"Cuencas","entity_type":"LINE","handle":"1BBFFB"}},{"type":"Feature","geometry":{"type":"LineString","coordinates":[[-60.66558397,-31.60582024],[-60.66515633,-31.60564031]]},"properties":{"layer":"Cuencas","entity_type":"LINE","handle":"1BBFFC"}},{"type":"Feature","geometry":{"type":"LineString","coordinates":[[-60.66515633,-31.60564031],[-60.66484322,-31.60569551]]},"properties":{"layer":"Cuencas","entity_type":"LINE","handle":"1BBFFD"}},{"type":"Feature","geometry":{"type":"LineString","coordinates":[[-60.66484322,-31.60569551],[-60.66439432,-31.60605146]]},"properties":{"layer":"Cuencas","entity_type":"LINE","handle":"1BBFFE"}},{"type":"Feature","geometry":{"type":"LineString","coordinates":[[-60.66439432,-31.60605146],[-60.66444676,-31.60637265]]},"properties":{"layer":"Cuencas","entity_type":"LINE","handle":"1BBFFF"}},{"type":"Feature","geometry":{"type":"LineString","coordinates":[[-60.66444676,-31.60637265],[-60.66488719,-31.60658891]]},"properties":{"layer":"Cuencas","entity_type":"LINE","handle":"1BC000"}},{"type":"Feature","geometry":{"type":"LineString","coordinates":[[-60.66488719,-31.60658891],[-60.66453905,-31.60700862]]},"properties":{"layer":"Cuencas","entity_type":"LINE","handle":"1BC001"}},{"type":"Feature","geometry":{"type":"LineString","coordinates":[[-60.66453905,-31.60700862],[-60.66462198,-31.60730175]]},"properties":{"layer":"Cuencas","entity_type":"LINE","handle":"1BC002"}},{"type":"Feature","geometry":{"type":"LineString","coordinates":[[-60.66462198,-31.60730175],[-60.66548351,-31.60756409]]},"properties":{"layer":"Cuencas","entity_type":"LINE","handle":"1BC003"}},{"type":"Feature","geometry":{"type":"LineString","coordinates":[[-60.66548351,-31.60756409],[-60.66561287,-31.60812062]]},"properties":{"layer":"Cuencas","entity_type":"LINE","handle":"1BC004"}},{"type":"Feature","geometry":{"type":"LineString","coordinates":[[-60.66561287,-31.60812062],[-60.66526473,-31.60854034]]},"properties":{"layer":"Cuencas","entity_type":"LINE","handle":"1BC005"}},{"type":"Feature","geometry":{"type":"LineString","coordinates":[[-60.66526473,-31.60854034],[-60.6653038,-31.60874373]]},"properties":{"layer":"Cuencas","entity_type":"LINE","handle":"1BC006"}},{"type":"Feature","geometry":{"type":"LineString","coordinates":[[-60.6653038,-31.60874373],[-60.66699446,-31.60842416]]},"properties":{"layer":"Cuencas","entity_type":"LINE","handle":"1BC007"}},{"type":"Feature","geometry":{"type":"LineString","coordinates":[[-60.66699446,-31.60842416],[-60.66693031,-31.6082209]]},"properties":{"layer":"Cuencas","entity_type":"LINE","handle":"1BC008"}},{"type":"Feature","geometry":{"type":"LineString","coordinates":[[-60.66693031,-31.6082209],[-60.66716666,-31.60795178]]},"properties":{"layer":"Cuencas","entity_type":"LINE","handle":"1BC009"}},{"type":"Feature","geometry":{"type":"LineString","coordinates":[[-60.66716666,-31.60795178],[-60.66706344,-31.60754513]]},"properties":{"layer":"Cuencas","entity_type":"LINE","handle":"1BC00A"}},{"type":"Feature","geometry":{"type":"LineString","coordinates":[[-60.66706344,-31.60754513],[-60.66764048,-31.60744047]]},"properties":{"layer":"Cuencas","entity_type":"LINE","handle":"1BC00B"}},{"type":"Feature","geometry":{"type":"LineString","coordinates":[[-60.66764048,-31.60744047],[-60.66892276,-31.6080176]]},"properties":{"layer":"Cuencas","entity_type":"LINE","handle":"1BC00C"}},{"type":"Feature","geometry":{"type":"LineString","coordinates":[[-60.66892276,-31.6080176],[-60.66976817,-31.6069952]]},"properties":{"layer":"Cuencas","entity_type":"LINE","handle":"1BC00D"}},{"type":"Feature","geometry":{"type":"LineString","coordinates":[[-60.66976817,-31.6069952],[-60.67025276,-31.60637116]]},"properties":{"layer":"Cuencas","entity_type":"LINE","handle":"1BC00E"}},{"type":"Feature","geometry":{"type":"LineString","coordinates":[[-60.67025276,-31.60637116],[-60.67124183,-31.60614954]]},"properties":{"layer":"Cuencas","entity_type":"LINE","handle":"1BC00F"}},{"type":"Feature","geometry":{"type":"LineString","coordinates":[[-60.67124183,-31.60614954],[-60.67148639,-31.60702693]]},"properties":{"layer":"Cuencas","entity_type":"LINE","handle":"1BC010"}},{"type":"Feature","geometry":{"type":"LineString","coordinates":[[-60.67148639,-31.60702693],[-60.6719122,-31.60694968]]},"properties":{"layer":"Cuencas","entity_type":"LINE","handle":"1BC011"}},{"type":"Feature","geometry":{"type":"LineString","coordinates":[[-60.6719122,-31.60694968],[-60.67240271,-31.60715069]]},"properties":{"layer":"Cuencas","entity_type":"LINE","handle":"1BC012"}},{"type":"Feature","geometry":{"type":"LineString","coordinates":[[-60.67240271,-31.60715069],[-60.67268195,-31.60709564]]},"properties":{"layer":"Cuencas","entity_type":"LINE","handle":"1BC013"}},{"type":"Feature","geometry":{"type":"LineString","coordinates":[[-60.67268195,-31.60709564],[-60.67289305,-31.60680522]]},"properties":{"layer":"Cuencas","entity_type":"LINE","handle":"1BC014"}},{"type":"Feature","geometry":{"type":"LineString","coordinates":[[-60.67289305,-31.60680522],[-60.67361918,-31.60664066]]},"properties":{"layer":"Cuencas","entity_type":"LINE","handle":"1BC015"}},{"type":"Feature","geometry":{"type":"LineString","coordinates":[[-60.67361918,-31.60664066],[-60.6735034,-31.60623408]]},"properties":{"layer":"Cuencas","entity_type":"LINE","handle":"1BC016"}},{"type":"Feature","geometry":{"type":"LineString","coordinates":[[-60.6735034,-31.60623408],[-60.67490832,-31.60594806]]},"properties":{"layer":"Cuencas","entity_type":"LINE","handle":"1BC017"}},{"type":"Feature","geometry":{"type":"LineString","coordinates":[[-60.67490832,-31.60594806],[-60.67495971,-31.60611924]]},"properties":{"layer":"Cuencas","entity_type":"LINE","handle":"1BC018"}},{"type":"Feature","geometry":{"type":"LineString","coordinates":[[-60.67495971,-31.60611924],[-60.67464901,-31.60650664]]},"properties":{"layer":"Cuencas","entity_type":"LINE","handle":"1BC019"}},{"type":"Feature","geometry":{"type":"LineString","coordinates":[[-60.67464901,-31.60650664],[-60.67560054,-31.60629801]]},"properties":{"layer":"Cuencas","entity_type":"LINE","handle":"1BC01A"}},{"type":"Feature","geometry":{"type":"LineString","coordinates":[[-60.67560054,-31.60629801],[-60.67566448,-31.60646912]]},"properties":{"layer":"Cuencas","entity_type":"LINE","handle":"1BC01B"}},{"type":"Feature","geometry":{"type":"LineString","coordinates":[[-60.67566448,-31.60646912],[-60.6754897,-31.6065772]]},"properties":{"layer":"Cuencas","entity_type":"LINE","handle":"1BC01C"}},{"type":"Feature","geometry":{"type":"LineString","coordinates":[[-60.6754897,-31.6065772],[-60.67555464,-31.60688761]]},"properties":{"layer":"Cuencas","entity_type":"LINE","handle":"1BC01D"}},{"type":"Feature","geometry":{"type":"LineString","coordinates":[[-60.67555464,-31.60688761],[-60.67591945,-31.60704641]]},"properties":{"layer":"Cuencas","entity_type":"LINE","handle":"1BC01E"}},{"type":"Feature","geometry":{"type":"LineString","coordinates":[[-60.67591945,-31.60704641],[-60.67623968,-31.60797696]]},"properties":{"layer":"Cuencas","entity_type":"LINE","handle":"1BC01F"}},{"type":"Feature","geometry":{"type":"LineString","coordinates":[[-60.69586809,-31.62080824],[-60.69502175,-31.6204647]]},"properties":{"layer":"Cuencas","entity_type":"LINE","handle":"1BC020"}},{"type":"Feature","geometry":{"type":"LineString","coordinates":[[-60.69502175,-31.6204647],[-60.69326065,-31.62081836]]},"properties":{"layer":"Cuencas","entity_type":"LINE","handle":"1BC021"}},{"type":"Feature","geometry":{"type":"LineString","coordinates":[[-60.69326065,-31.62081836],[-60.69321784,-31.62066435]]},"properties":{"layer":"Cuencas","entity_type":"LINE","handle":"1BC022"}},{"type":"Feature","geometry":{"type":"LineString","coordinates":[[-60.69321784,-31.62066435],[-60.6932436,-31.62039131]]},"properties":{"layer":"Cuencas","entity_type":"LINE","handle":"1BC023"}},{"type":"Feature","geometry":{"type":"LineString","coordinates":[[-60.6932436,-31.62039131],[-60.69336655,-31.62011774]]},"properties":{"layer":"Cuencas","entity_type":"LINE","handle":"1BC024"}},{"type":"Feature","geometry":{"type":"LineString","coordinates":[[-60.69336655,-31.62011774],[-60.6936566,-31.61990259]]},"properties":{"layer":"Cuencas","entity_type":"LINE","handle":"1BC025"}},{"type":"Feature","geometry":{"type":"LineString","coordinates":[[-60.6936566,-31.61990259],[-60.69371171,-31.61984296]]},"properties":{"layer":"Cuencas","entity_type":"LINE","handle":"1BC026"}},{"type":"Feature","geometry":{"type":"LineString","coordinates":[[-60.69371171,-31.61984296],[-60.69373227,-31.61975026]]},"properties":{"layer":"Cuencas","entity_type":"LINE","handle":"1BC027"}},{"type":"Feature","geometry":{"type":"LineString","coordinates":[[-60.69373227,-31.61975026],[-60.69357087,-31.61918821]]},"properties":{"layer":"Cuencas","entity_type":"LINE","handle":"1BC028"}},{"type":"Feature","geometry":{"type":"LineString","coordinates":[[-60.69357087,-31.61918821],[-60.69315009,-31.61898579]]},"properties":{"layer":"Cuencas","entity_type":"LINE","handle":"1BC029"}},{"type":"Feature","geometry":{"type":"LineString","coordinates":[[-60.69315009,-31.61898579],[-60.69308868,-31.61878142]]},"properties":{"layer":"Cuencas","entity_type":"LINE","handle":"1BC02A"}},{"type":"Feature","geometry":{"type":"LineString","coordinates":[[-60.69308868,-31.61878142],[-60.69266994,-31.61885406]]},"properties":{"layer":"Cuencas","entity_type":"LINE","handle":"1BC02B"}},{"type":"Feature","geometry":{"type":"LineString","coordinates":[[-60.69266994,-31.61885406],[-60.69255863,-31.618989]]},"properties":{"layer":"Cuencas","entity_type":"LINE","handle":"1BC02C"}},{"type":"Feature","geometry":{"type":"LineString","coordinates":[[-60.69255863,-31.618989],[-60.69227451,-31.61904171]]},"properties":{"layer":"Cuencas","entity_type":"LINE","handle":"1BC02D"}},{"type":"Feature","geometry":{"type":"LineString","coordinates":[[-60.69227451,-31.61904171],[-60.69210919,-31.61895945]]},"properties":{"layer":"Cuencas","entity_type":"LINE","handle":"1BC02E"}},{"type":"Feature","geometry":{"type":"LineString","coordinates":[[-60.69210919,-31.61895945],[-60.69099521,-31.61917658]]},"properties":{"layer":"Cuencas","entity_type":"LINE","handle":"1BC02F"}},{"type":"Feature","geometry":{"type":"LineString","coordinates":[[-60.69099521,-31.61917658],[-60.69053056,-31.61962238]]},"properties":{"layer":"Cuencas","entity_type":"LINE","handle":"1BC030"}},{"type":"Feature","geometry":{"type":"LineString","coordinates":[[-60.69053056,-31.61962238],[-60.69017925,-31.61970104]]},"properties":{"layer":"Cuencas","entity_type":"LINE","handle":"1BC031"}},{"type":"Feature","geometry":{"type":"LineString","coordinates":[[-60.69017925,-31.61970104],[-60.68987087,-31.6195108]]},"properties":{"layer":"Cuencas","entity_type":"LINE","handle":"1BC032"}},{"type":"Feature","geometry":{"type":"LineString","coordinates":[[-60.68987087,-31.6195108],[-60.68960916,-31.61955699]]},"properties":{"layer":"Cuencas","entity_type":"LINE","handle":"1BC033"}},{"type":"Feature","geometry":{"type":"LineString","coordinates":[[-60.68960916,-31.61955699],[-60.6894614,-31.61982646]]},"properties":{"layer":"Cuencas","entity_type":"LINE","handle":"1BC034"}},{"type":"Feature","geometry":{"type":"LineString","coordinates":[[-60.6894614,-31.61982646],[-60.68905019,-31.61990544]]},"properties":{"layer":"Cuencas","entity_type":"LINE","handle":"1BC035"}},{"type":"Feature","geometry":{"type":"LineString","coordinates":[[-60.68905019,-31.61990544],[-60.68874911,-31.61968957]]},"properties":{"layer":"Cuencas","entity_type":"LINE","handle":"1BC036"}},{"type":"Feature","geometry":{"type":"LineString","coordinates":[[-60.68874911,-31.61968957],[-60.68847243,-31.61973584]]},"properties":{"layer":"Cuencas","entity_type":"LINE","handle":"1BC037"}},{"type":"Feature","geometry":{"type":"LineString","coordinates":[[-60.68847243,-31.61973584],[-60.68836234,-31.62003709]]},"properties":{"layer":"Cuencas","entity_type":"LINE","handle":"1BC038"}},{"type":"Feature","geometry":{"type":"LineString","coordinates":[[-60.68836234,-31.62003709],[-60.68801841,-31.62010291]]},"properties":{"layer":"Cuencas","entity_type":"LINE","handle":"1BC039"}},{"type":"Feature","geometry":{"type":"LineString","coordinates":[[-60.68801841,-31.62010291],[-60.68772189,-31.61989531]]},"properties":{"layer":"Cuencas","entity_type":"LINE","handle":"1BC03A"}},{"type":"Feature","geometry":{"type":"LineString","coordinates":[[-60.68772189,-31.61989531],[-60.68745278,-31.61995433]]},"properties":{"layer":"Cuencas","entity_type":"LINE","handle":"1BC03B"}},{"type":"Feature","geometry":{"type":"LineString","coordinates":[[-60.68745278,-31.61995433],[-60.68721231,-31.61983408]]},"properties":{"layer":"Cuencas","entity_type":"LINE","handle":"1BC03C"}},{"type":"Feature","geometry":{"type":"LineString","coordinates":[[-60.68721231,-31.61983408],[-60.68684601,-31.61991281]]},"properties":{"layer":"Cuencas","entity_type":"LINE","handle":"1BC03D"}},{"type":"Feature","geometry":{"type":"LineString","coordinates":[[-60.68684601,-31.61991281],[-60.68676154,-31.61962541]]},"properties":{"layer":"Cuencas","entity_type":"LINE","handle":"1BC03E"}},{"type":"Feature","geometry":{"type":"LineString","coordinates":[[-60.68676154,-31.61962541],[-60.68637847,-31.61945862]]},"properties":{"layer":"Cuencas","entity_type":"LINE","handle":"1BC03F"}},{"type":"Feature","geometry":{"type":"LineString","coordinates":[[-60.68637847,-31.61945862],[-60.68632471,-31.6192734]]},"properties":{"layer":"Cuencas","entity_type":"LINE","handle":"1BC040"}},{"type":"Feature","geometry":{"type":"LineString","coordinates":[[-60.68632471,-31.6192734],[-60.68578425,-31.61908439]]},"properties":{"layer":"Cuencas","entity_type":"LINE","handle":"1BC041"}},{"type":"Feature","geometry":{"type":"LineString","coordinates":[[-60.68578425,-31.61908439],[-60.68565363,-31.61903779]]},"properties":{"layer":"Cuencas","entity_type":"LINE","handle":"1BC042"}},{"type":"Feature","geometry":{"type":"LineString","coordinates":[[-60.68565363,-31.61903779],[-60.68560009,-31.61888455]]},"properties":{"layer":"Cuencas","entity_type":"LINE","handle":"1BC043"}},{"type":"Feature","geometry":{"type":"LineString","coordinates":[[-60.68560009,-31.61888455],[-60.68536828,-31.61892417]]},"properties":{"layer":"Cuencas","entity_type":"LINE","handle":"1BC044"}},{"type":"Feature","geometry":{"type":"LineString","coordinates":[[-60.68536828,-31.61892417],[-60.68516988,-31.61841349]]},"properties":{"layer":"Cuencas","entity_type":"LINE","handle":"1BC045"}},{"type":"Feature","geometry":{"type":"LineString","coordinates":[[-60.68516988,-31.61841349],[-60.68486961,-31.61830635]]},"properties":{"layer":"Cuencas","entity_type":"LINE","handle":"1BC046"}},{"type":"Feature","geometry":{"type":"LineString","coordinates":[[-60.68486961,-31.61830635],[-60.68447978,-31.61823807]]},"properties":{"layer":"Cuencas","entity_type":"LINE","handle":"1BC047"}},{"type":"Feature","geometry":{"type":"LineString","coordinates":[[-60.68447978,-31.61823807],[-60.68389786,-31.61749662]]},"properties":{"layer":"Cuencas","entity_type":"LINE","handle":"1BC048"}},{"type":"Feature","geometry":{"type":"LineString","coordinates":[[-60.68389786,-31.61749662],[-60.68194302,-31.61791008]]},"properties":{"layer":"Cuencas","entity_type":"LINE","handle":"1BC049"}},{"type":"Feature","geometry":{"type":"LineString","coordinates":[[-60.68194302,-31.61791008],[-60.68154303,-31.61850073]]},"properties":{"layer":"Cuencas","entity_type":"LINE","handle":"1BC04A"}},{"type":"Feature","geometry":{"type":"LineString","coordinates":[[-60.68154303,-31.61850073],[-60.68106982,-31.61829216]]},"properties":{"layer":"Cuencas","entity_type":"LINE","handle":"1BC04B"}},{"type":"Feature","geometry":{"type":"LineString","coordinates":[[-60.68106982,-31.61829216],[-60.68077816,-31.61833849]]},"properties":{"layer":"Cuencas","entity_type":"LINE","handle":"1BC04C"}},{"type":"Feature","geometry":{"type":"LineString","coordinates":[[-60.68077816,-31.61833849],[-60.68055244,-31.61859747]]},"properties":{"layer":"Cuencas","entity_type":"LINE","handle":"1BC04D"}},{"type":"Feature","geometry":{"type":"LineString","coordinates":[[-60.68055244,-31.61859747],[-60.68023674,-31.61842643]]},"properties":{"layer":"Cuencas","entity_type":"LINE","handle":"1BC04E"}},{"type":"Feature","geometry":{"type":"LineString","coordinates":[[-60.68023674,-31.61842643],[-60.67983306,-31.61851174]]},"properties":{"layer":"Cuencas","entity_type":"LINE","handle":"1BC04F"}},{"type":"Feature","geometry":{"type":"LineString","coordinates":[[-60.67983306,-31.61851174],[-60.68064138,-31.62155931]]},"properties":{"layer":"Cuencas","entity_type":"LINE","handle":"1BC050"}},{"type":"Feature","geometry":{"type":"LineString","coordinates":[[-60.68064138,-31.62155931],[-60.68046188,-31.62158586]]},"properties":{"layer":"Cuencas","entity_type":"LINE","handle":"1BC051"}},{"type":"Feature","geometry":{"type":"LineString","coordinates":[[-60.68046188,-31.62158586],[-60.67882403,-31.62184406]]},"properties":{"layer":"Cuencas","entity_type":"LINE","handle":"1BC052"}},{"type":"Feature","geometry":{"type":"LineString","coordinates":[[-60.67882403,-31.62184406],[-60.67817752,-31.62189867]]},"properties":{"layer":"Cuencas","entity_type":"LINE","handle":"1BC053"}},{"type":"Feature","geometry":{"type":"LineString","coordinates":[[-60.67817752,-31.62189867],[-60.67717398,-31.62186561]]},"properties":{"layer":"Cuencas","entity_type":"LINE","handle":"1BC054"}},{"type":"Feature","geometry":{"type":"LineString","coordinates":[[-60.69282827,-31.60502188],[-60.69279086,-31.604867]]},"properties":{"layer":"Cuencas","entity_type":"LINE","handle":"1BC055"}},{"type":"Feature","geometry":{"type":"LineString","coordinates":[[-60.69279086,-31.604867],[-60.69321497,-31.60438251]]},"properties":{"layer":"Cuencas","entity_type":"LINE","handle":"1BC056"}},{"type":"Feature","geometry":{"type":"LineString","coordinates":[[-60.69321497,-31.60438251],[-60.69479158,-31.60403667]]},"properties":{"layer":"Cuencas","entity_type":"LINE","handle":"1BC057"}},{"type":"Feature","geometry":{"type":"LineString","coordinates":[[-60.69479158,-31.60403667],[-60.69488136,-31.60406535]]},"properties":{"layer":"Cuencas","entity_type":"LINE","handle":"1BC058"}},{"type":"Feature","geometry":{"type":"LineString","coordinates":[[-60.69488136,-31.60406535],[-60.69507555,-31.60402338]]},"properties":{"layer":"Cuencas","entity_type":"LINE","handle":"1BC059"}},{"type":"Feature","geometry":{"type":"LineString","coordinates":[[-60.69507555,-31.60402338],[-60.69540052,-31.60420598]]},"properties":{"layer":"Cuencas","entity_type":"LINE","handle":"1BC05A"}},{"type":"Feature","geometry":{"type":"LineString","coordinates":[[-60.69540052,-31.60420598],[-60.69582559,-31.60409969]]},"properties":{"layer":"Cuencas","entity_type":"LINE","handle":"1BC05B"}},{"type":"Feature","geometry":{"type":"LineString","coordinates":[[-60.69582559,-31.60409969],[-60.69607705,-31.60376928]]},"properties":{"layer":"Cuencas","entity_type":"LINE","handle":"1BC05C"}},{"type":"Feature","geometry":{"type":"LineString","coordinates":[[-60.69607705,-31.60376928],[-60.69611865,-31.60376085]]},"properties":{"layer":"Cuencas","entity_type":"LINE","handle":"1BC05D"}},{"type":"Feature","geometry":{"type":"LineString","coordinates":[[-60.69611865,-31.60376085],[-60.69651867,-31.60329125]]},"properties":{"layer":"Cuencas","entity_type":"LINE","handle":"1BC05E"}},{"type":"Feature","geometry":{"type":"LineString","coordinates":[[-60.69651867,-31.60329125],[-60.69659474,-31.60315915]]},"properties":{"layer":"Cuencas","entity_type":"LINE","handle":"1BC05F"}},{"type":"Feature","geometry":{"type":"LineString","coordinates":[[-60.69659474,-31.60315915],[-60.6967185,-31.60322432]]},"properties":{"layer":"Cuencas","entity_type":"LINE","handle":"1BC060"}},{"type":"Feature","geometry":{"type":"LineString","coordinates":[[-60.6967185,-31.60322432],[-60.69727551,-31.60352416]]},"properties":{"layer":"Cuencas","entity_type":"LINE","handle":"1BC061"}},{"type":"Feature","geometry":{"type":"LineString","coordinates":[[-60.69727551,-31.60352416],[-60.69770334,-31.60303459]]},"properties":{"layer":"Cuencas","entity_type":"LINE","handle":"1BC062"}},{"type":"Feature","geometry":{"type":"LineString","coordinates":[[-60.69770334,-31.60303459],[-60.69772819,-31.60292477]]},"properties":{"layer":"Cuencas","entity_type":"LINE","handle":"1BC063"}},{"type":"Feature","geometry":{"type":"LineString","coordinates":[[-60.69772819,-31.60292477],[-60.69775314,-31.60291956]]},"properties":{"layer":"Cuencas","entity_type":"LINE","handle":"1BC064"}},{"type":"Feature","geometry":{"type":"LineString","coordinates":[[-60.69775314,-31.60291956],[-60.69854219,-31.60273779]]},"properties":{"layer":"Cuencas","entity_type":"LINE","handle":"1BC065"}},{"type":"Feature","geometry":{"type":"LineString","coordinates":[[-60.69854219,-31.60273779],[-60.69861093,-31.60281893]]},"properties":{"layer":"Cuencas","entity_type":"LINE","handle":"1BC066"}},{"type":"Feature","geometry":{"type":"LineString","coordinates":[[-60.69861093,-31.60281893],[-60.69896653,-31.60297501]]},"properties":{"layer":"Cuencas","entity_type":"LINE","handle":"1BC067"}},{"type":"Feature","geometry":{"type":"LineString","coordinates":[[-60.69896653,-31.60297501],[-60.69902935,-31.60313269]]},"properties":{"layer":"Cuencas","entity_type":"LINE","handle":"1BC068"}},{"type":"Feature","geometry":{"type":"LineString","coordinates":[[-60.69902935,-31.60313269],[-60.70008189,-31.60292939]]},"properties":{"layer":"Cuencas","entity_type":"LINE","handle":"1BC069"}},{"type":"Feature","geometry":{"type":"LineString","coordinates":[[-60.70008189,-31.60292939],[-60.69964924,-31.60277374]]},"properties":{"layer":"Cuencas","entity_type":"LINE","handle":"1BC06A"}},{"type":"Feature","geometry":{"type":"LineString","coordinates":[[-60.69964924,-31.60277374],[-60.69957022,-31.6025108]]},"properties":{"layer":"Cuencas","entity_type":"LINE","handle":"1BC06B"}},{"type":"Feature","geometry":{"type":"LineString","coordinates":[[-60.69957022,-31.6025108],[-60.70056584,-31.6023001]]},"properties":{"layer":"Cuencas","entity_type":"LINE","handle":"1BC06C"}},{"type":"Feature","geometry":{"type":"LineString","coordinates":[[-60.70056584,-31.6023001],[-60.70067852,-31.60234671]]},"properties":{"layer":"Cuencas","entity_type":"LINE","handle":"1BC06D"}},{"type":"Feature","geometry":{"type":"LineString","coordinates":[[-60.70067852,-31.60234671],[-60.70098779,-31.60248986]]},"properties":{"layer":"Cuencas","entity_type":"LINE","handle":"1BC06E"}},{"type":"Feature","geometry":{"type":"LineString","coordinates":[[-60.70098779,-31.60248986],[-60.70106642,-31.60270013]]},"properties":{"layer":"Cuencas","entity_type":"LINE","handle":"1BC06F"}},{"type":"Feature","geometry":{"type":"LineString","coordinates":[[-60.70106642,-31.60270013],[-60.70168181,-31.60256506]]},"properties":{"layer":"Cuencas","entity_type":"LINE","handle":"1BC070"}},{"type":"Feature","geometry":{"type":"LineString","coordinates":[[-60.70168181,-31.60256506],[-60.70172913,-31.60270966]]},"properties":{"layer":"Cuencas","entity_type":"LINE","handle":"1BC071"}},{"type":"Feature","geometry":{"type":"LineString","coordinates":[[-60.70172913,-31.60270966],[-60.70196096,-31.60280056]]},"properties":{"layer":"Cuencas","entity_type":"LINE","handle":"1BC072"}},{"type":"Feature","geometry":{"type":"LineString","coordinates":[[-60.70196096,-31.60280056],[-60.7020713,-31.60312917]]},"properties":{"layer":"Cuencas","entity_type":"LINE","handle":"1BC073"}},{"type":"Feature","geometry":{"type":"LineString","coordinates":[[-60.7020713,-31.60312917],[-60.70191819,-31.6032617]]},"properties":{"layer":"Cuencas","entity_type":"LINE","handle":"1BC074"}},{"type":"Feature","geometry":{"type":"LineString","coordinates":[[-60.70191819,-31.6032617],[-60.70201593,-31.60357386]]},"properties":{"layer":"Cuencas","entity_type":"LINE","handle":"1BC075"}},{"type":"Feature","geometry":{"type":"LineString","coordinates":[[-60.70201593,-31.60357386],[-60.7023496,-31.60376821]]},"properties":{"layer":"Cuencas","entity_type":"LINE","handle":"1BC076"}},{"type":"Feature","geometry":{"type":"LineString","coordinates":[[-60.7023496,-31.60376821],[-60.70325825,-31.60411427]]},"properties":{"layer":"Cuencas","entity_type":"LINE","handle":"1BC077"}},{"type":"Feature","geometry":{"type":"LineString","coordinates":[[-60.70325825,-31.60411427],[-60.70456103,-31.60385928]]},"properties":{"layer":"Cuencas","entity_type":"LINE","handle":"1BC078"}},{"type":"Feature","geometry":{"type":"LineString","coordinates":[[-60.70456103,-31.60385928],[-60.70444895,-31.60341282]]},"properties":{"layer":"Cuencas","entity_type":"LINE","handle":"1BC079"}},{"type":"Feature","geometry":{"type":"LineString","coordinates":[[-60.70444895,-31.60341282],[-60.70820817,-31.60258254]]},"properties":{"layer":"Cuencas","entity_type":"LINE","handle":"1BC07A"}},{"type":"Feature","geometry":{"type":"LineString","coordinates":[[-60.70820817,-31.60258254],[-60.71307447,-31.6015126]]},"properties":{"layer":"Cuencas","entity_type":"LINE","handle":"1BC07B"}},{"type":"Feature","geometry":{"type":"LineString","coordinates":[[-60.71307447,-31.6015126],[-60.72095736,-31.59985348]]},"properties":{"layer":"Cuencas","entity_type":"LINE","handle":"1BC07C"}},{"type":"Feature","geometry":{"type":"LineString","coordinates":[[-60.72095736,-31.59985348],[-60.72108134,-31.60026579]]},"properties":{"layer":"Cuencas","entity_type":"LINE","handle":"1BC07D"}},{"type":"Feature","geometry":{"type":"LineString","coordinates":[[-60.72108134,-31.60026579],[-60.72128637,-31.60022334]]},"properties":{"layer":"Cuencas","entity_type":"LINE","handle":"1BC07E"}},{"type":"Feature","geometry":{"type":"LineString","coordinates":[[-60.72128637,-31.60022334],[-60.72167013,-31.59985978]]},"properties":{"layer":"Cuencas","entity_type":"LINE","handle":"1BC07F"}},{"type":"Feature","geometry":{"type":"LineString","coordinates":[[-60.72167013,-31.59985978],[-60.7224118,-31.60001047]]},"properties":{"layer":"Cuencas","entity_type":"LINE","handle":"1BC080"}},{"type":"Feature","geometry":{"type":"LineString","coordinates":[[-60.7224118,-31.60001047],[-60.7225546,-31.59973088]]},"properties":{"layer":"Cuencas","entity_type":"LINE","handle":"1BC081"}},{"type":"Feature","geometry":{"type":"LineString","coordinates":[[-60.7225546,-31.59973088],[-60.7231113,-31.59986196]]},"properties":{"layer":"Cuencas","entity_type":"LINE","handle":"1BC082"}},{"type":"Feature","geometry":{"type":"LineString","coordinates":[[-60.7231113,-31.59986196],[-60.72373161,-31.59884656]]},"properties":{"layer":"Cuencas","entity_type":"LINE","handle":"1BC083"}},{"type":"Feature","geometry":{"type":"LineString","coordinates":[[-60.72373161,-31.59884656],[-60.72512789,-31.59913807]]},"properties":{"layer":"Cuencas","entity_type":"LINE","handle":"1BC084"}},{"type":"Feature","geometry":{"type":"LineString","coordinates":[[-60.72512789,-31.59913807],[-60.72624415,-31.59821278]]},"properties":{"layer":"Cuencas","entity_type":"LINE","handle":"1BC085"}},{"type":"Feature","geometry":{"type":"LineString","coordinates":[[-60.72624415,-31.59821278],[-60.72670252,-31.59812757]]},"properties":{"layer":"Cuencas","entity_type":"LINE","handle":"1BC086"}},{"type":"Feature","geometry":{"type":"LineString","coordinates":[[-60.72670252,-31.59812757],[-60.72705443,-31.59833207]]},"properties":{"layer":"Cuencas","entity_type":"LINE","handle":"1BC087"}},{"type":"Feature","geometry":{"type":"LineString","coordinates":[[-60.72705443,-31.59833207],[-60.72729043,-31.59916708]]},"properties":{"layer":"Cuencas","entity_type":"LINE","handle":"1BC088"}},{"type":"Feature","geometry":{"type":"LineString","coordinates":[[-60.72729043,-31.59916708],[-60.72887502,-31.59881732]]},"properties":{"layer":"Cuencas","entity_type":"LINE","handle":"1BC089"}},{"type":"Feature","geometry":{"type":"LineString","coordinates":[[-60.72887502,-31.59881732],[-60.72904163,-31.59849628]]},"properties":{"layer":"Cuencas","entity_type":"LINE","handle":"1BC08A"}},{"type":"Feature","geometry":{"type":"LineString","coordinates":[[-60.72904163,-31.59849628],[-60.72947585,-31.5984112]]},"properties":{"layer":"Cuencas","entity_type":"LINE","handle":"1BC08B"}},{"type":"Feature","geometry":{"type":"LineString","coordinates":[[-60.72947585,-31.5984112],[-60.72996063,-31.59861493]]},"properties":{"layer":"Cuencas","entity_type":"LINE","handle":"1BC08C"}},{"type":"Feature","geometry":{"type":"LineString","coordinates":[[-60.72996063,-31.59861493],[-60.73018748,-31.5982729]]},"properties":{"layer":"Cuencas","entity_type":"LINE","handle":"1BC08D"}},{"type":"Feature","geometry":{"type":"LineString","coordinates":[[-60.73018748,-31.5982729],[-60.73056129,-31.59818816]]},"properties":{"layer":"Cuencas","entity_type":"LINE","handle":"1BC08E"}},{"type":"Feature","geometry":{"type":"LineString","coordinates":[[-60.73056129,-31.59818816],[-60.73104616,-31.59840222]]},"properties":{"layer":"Cuencas","entity_type":"LINE","handle":"1BC08F"}},{"type":"Feature","geometry":{"type":"LineString","coordinates":[[-60.73104616,-31.59840222],[-60.73136932,-31.59801833]]},"properties":{"layer":"Cuencas","entity_type":"LINE","handle":"1BC090"}},{"type":"Feature","geometry":{"type":"LineString","coordinates":[[-60.73225207,-31.59813718],[-60.73414031,-31.5977623]]},"properties":{"layer":"Cuencas","entity_type":"LINE","handle":"1BC094"}},{"type":"Feature","geometry":{"type":"LineString","coordinates":[[-60.73414031,-31.5977623],[-60.73483724,-31.59754244]]},"properties":{"layer":"Cuencas","entity_type":"LINE","handle":"1BC095"}},{"type":"Feature","geometry":{"type":"LineString","coordinates":[[-60.66542241,-31.6042631],[-60.66460568,-31.6047549]]},"properties":{"layer":"Cuencas","entity_type":"LINE","handle":"1BC096"}},{"type":"Feature","geometry":{"type":"LineString","coordinates":[[-60.66460568,-31.6047549],[-60.66484322,-31.60569551]]},"properties":{"layer":"Cuencas","entity_type":"LINE","handle":"1BC097"}},{"type":"Feature","geometry":{"type":"LineString","coordinates":[[-60.66786443,-31.61202232],[-60.66842337,-31.6117029]]},"properties":{"layer":"Cuencas","entity_type":"LINE","handle":"1BC098"}},{"type":"Feature","geometry":{"type":"LineString","coordinates":[[-60.66842337,-31.6117029],[-60.66833221,-31.61151156]]},"properties":{"layer":"Cuencas","entity_type":"LINE","handle":"1BC099"}},{"type":"Feature","geometry":{"type":"LineString","coordinates":[[-60.66833221,-31.61151156],[-60.6684877,-31.61128056]]},"properties":{"layer":"Cuencas","entity_type":"LINE","handle":"1BC09A"}},{"type":"Feature","geometry":{"type":"LineString","coordinates":[[-60.6684877,-31.61128056],[-60.66845004,-31.61112501]]},"properties":{"layer":"Cuencas","entity_type":"LINE","handle":"1BC09B"}},{"type":"Feature","geometry":{"type":"LineString","coordinates":[[-60.66845004,-31.61112501],[-60.66860988,-31.61108818]]},"properties":{"layer":"Cuencas","entity_type":"LINE","handle":"1BC09C"}},{"type":"Feature","geometry":{"type":"LineString","coordinates":[[-60.66860988,-31.61108818],[-60.66830684,-31.60995214]]},"properties":{"layer":"Cuencas","entity_type":"LINE","handle":"1BC09D"}},{"type":"Feature","geometry":{"type":"LineString","coordinates":[[-60.66830684,-31.60995214],[-60.66813856,-31.60998689]]},"properties":{"layer":"Cuencas","entity_type":"LINE","handle":"1BC09E"}},{"type":"Feature","geometry":{"type":"LineString","coordinates":[[-60.66813856,-31.60998689],[-60.6677414,-31.60983056]]},"properties":{"layer":"Cuencas","entity_type":"LINE","handle":"1BC09F"}},{"type":"Feature","geometry":{"type":"LineString","coordinates":[[-60.6677414,-31.60983056],[-60.66763736,-31.6094207]]},"properties":{"layer":"Cuencas","entity_type":"LINE","handle":"1BC0A0"}},{"type":"Feature","geometry":{"type":"LineString","coordinates":[[-60.66763736,-31.6094207],[-60.66719843,-31.60931499]]},"properties":{"layer":"Cuencas","entity_type":"LINE","handle":"1BC0A1"}},{"type":"Feature","geometry":{"type":"LineString","coordinates":[[-60.66719843,-31.60931499],[-60.66712032,-31.60899646]]},"properties":{"layer":"Cuencas","entity_type":"LINE","handle":"1BC0A2"}},{"type":"Feature","geometry":{"type":"LineString","coordinates":[[-60.66712032,-31.60899646],[-60.66742171,-31.60872128]]},"properties":{"layer":"Cuencas","entity_type":"LINE","handle":"1BC0A3"}},{"type":"Feature","geometry":{"type":"LineString","coordinates":[[-60.66742171,-31.60872128],[-60.66703298,-31.60856491]]},"properties":{"layer":"Cuencas","entity_type":"LINE","handle":"1BC0A4"}},{"type":"Feature","geometry":{"type":"LineString","coordinates":[[-60.66703298,-31.60856491],[-60.66699446,-31.60842416]]},"properties":{"layer":"Cuencas","entity_type":"LINE","handle":"1BC0A5"}},{"type":"Feature","geometry":{"type":"LineString","coordinates":[[-60.67716663,-31.61114596],[-60.67836133,-31.6108962]]},"properties":{"layer":"Cuencas","entity_type":"LINE","handle":"1BC0A6"}},{"type":"Feature","geometry":{"type":"LineString","coordinates":[[-60.67836133,-31.6108962],[-60.6785113,-31.61082582]]},"properties":{"layer":"Cuencas","entity_type":"LINE","handle":"1BC0A7"}},{"type":"Feature","geometry":{"type":"LineString","coordinates":[[-60.6785113,-31.61082582],[-60.67868702,-31.61084631]]},"properties":{"layer":"Cuencas","entity_type":"LINE","handle":"1BC0A8"}},{"type":"Feature","geometry":{"type":"LineString","coordinates":[[-60.67868702,-31.61084631],[-60.67870922,-31.61044972]]},"properties":{"layer":"Cuencas","entity_type":"LINE","handle":"1BC0A9"}},{"type":"Feature","geometry":{"type":"LineString","coordinates":[[-60.67870922,-31.61044972],[-60.67871967,-31.61016035]]},"properties":{"layer":"Cuencas","entity_type":"LINE","handle":"1BC0AA"}},{"type":"Feature","geometry":{"type":"LineString","coordinates":[[-60.67871967,-31.61016035],[-60.67862909,-31.60977508]]},"properties":{"layer":"Cuencas","entity_type":"LINE","handle":"1BC0AB"}},{"type":"Feature","geometry":{"type":"LineString","coordinates":[[-60.67862909,-31.60977508],[-60.67843434,-31.60885894]]},"properties":{"layer":"Cuencas","entity_type":"LINE","handle":"1BC0AC"}},{"type":"Feature","geometry":{"type":"LineString","coordinates":[[-60.67843434,-31.60885894],[-60.67828013,-31.60834542]]},"properties":{"layer":"Cuencas","entity_type":"LINE","handle":"1BC0AD"}},{"type":"Feature","geometry":{"type":"LineString","coordinates":[[-60.67828013,-31.60834542],[-60.67816479,-31.60800314]]},"properties":{"layer":"Cuencas","entity_type":"LINE","handle":"1BC0AE"}},{"type":"Feature","geometry":{"type":"LineString","coordinates":[[-60.67816479,-31.60800314],[-60.67809825,-31.60781041]]},"properties":{"layer":"Cuencas","entity_type":"LINE","handle":"1BC0AF"}},{"type":"Feature","geometry":{"type":"LineString","coordinates":[[-60.67704655,-31.61117107],[-60.67692962,-31.61076376]]},"properties":{"layer":"Cuencas","entity_type":"LINE","handle":"1BC0B0"}},{"type":"Feature","geometry":{"type":"LineString","coordinates":[[-60.67692962,-31.61076376],[-60.67650443,-31.61052855]]},"properties":{"layer":"Cuencas","entity_type":"LINE","handle":"1BC0B1"}},{"type":"Feature","geometry":{"type":"LineString","coordinates":[[-60.67650443,-31.61052855],[-60.67632598,-31.61055776]]},"properties":{"layer":"Cuencas","entity_type":"LINE","handle":"1BC0B2"}},{"type":"Feature","geometry":{"type":"LineString","coordinates":[[-60.67632598,-31.61055776],[-60.67623763,-31.61023595]]},"properties":{"layer":"Cuencas","entity_type":"LINE","handle":"1BC0B3"}},{"type":"Feature","geometry":{"type":"LineString","coordinates":[[-60.67623763,-31.61023595],[-60.67643585,-31.61019532]]},"properties":{"layer":"Cuencas","entity_type":"LINE","handle":"1BC0B4"}},{"type":"Feature","geometry":{"type":"LineString","coordinates":[[-60.67643585,-31.61019532],[-60.67693351,-31.60947295]]},"properties":{"layer":"Cuencas","entity_type":"LINE","handle":"1BC0B5"}},{"type":"Feature","geometry":{"type":"LineString","coordinates":[[-60.67693351,-31.60947295],[-60.67676358,-31.60885023]]},"properties":{"layer":"Cuencas","entity_type":"LINE","handle":"1BC0B6"}},{"type":"Feature","geometry":{"type":"LineString","coordinates":[[-60.67676358,-31.60885023],[-60.67649924,-31.60889686]]},"properties":{"layer":"Cuencas","entity_type":"LINE","handle":"1BC0B7"}},{"type":"Feature","geometry":{"type":"LineString","coordinates":[[-60.67649924,-31.60889686],[-60.67579551,-31.60857265]]},"properties":{"layer":"Cuencas","entity_type":"LINE","handle":"1BC0B8"}},{"type":"Feature","geometry":{"type":"LineString","coordinates":[[-60.67579551,-31.60857265],[-60.67623968,-31.60797696]]},"properties":{"layer":"Cuencas","entity_type":"LINE","handle":"1BC0B9"}},{"type":"Feature","geometry":{"type":"LineString","coordinates":[[-60.67388087,-31.61381541],[-60.6728171,-31.61404689]]},"properties":{"layer":"Cuencas","entity_type":"LINE","handle":"1BC0BA"}},{"type":"Feature","geometry":{"type":"LineString","coordinates":[[-60.6728171,-31.61404689],[-60.67274931,-31.61413494]]},"properties":{"layer":"Cuencas","entity_type":"LINE","handle":"1BC0BB"}},{"type":"Feature","geometry":{"type":"LineString","coordinates":[[-60.67274931,-31.61413494],[-60.67235109,-31.61465587]]},"properties":{"layer":"Cuencas","entity_type":"LINE","handle":"1BC0BC"}},{"type":"Feature","geometry":{"type":"LineString","coordinates":[[-60.67235109,-31.61465587],[-60.67217176,-31.61469335]]},"properties":{"layer":"Cuencas","entity_type":"LINE","handle":"1BC0BD"}},{"type":"Feature","geometry":{"type":"LineString","coordinates":[[-60.67217176,-31.61469335],[-60.67206331,-31.61507391]]},"properties":{"layer":"Cuencas","entity_type":"LINE","handle":"1BC0BE"}},{"type":"Feature","geometry":{"type":"LineString","coordinates":[[-60.67206331,-31.61507391],[-60.67180831,-31.61529448]]},"properties":{"layer":"Cuencas","entity_type":"LINE","handle":"1BC0BF"}},{"type":"Feature","geometry":{"type":"LineString","coordinates":[[-60.67388087,-31.61381541],[-60.67597487,-31.61335917]]},"properties":{"layer":"Cuencas","entity_type":"LINE","handle":"1BC0C0"}},{"type":"Feature","geometry":{"type":"LineString","coordinates":[[-60.67597487,-31.61335917],[-60.67605288,-31.61325326]]},"properties":{"layer":"Cuencas","entity_type":"LINE","handle":"1BC0C1"}},{"type":"Feature","geometry":{"type":"LineString","coordinates":[[-60.67605288,-31.61325326],[-60.67665403,-31.61238399]]},"properties":{"layer":"Cuencas","entity_type":"LINE","handle":"1BC0C2"}},{"type":"Feature","geometry":{"type":"LineString","coordinates":[[-60.67665403,-31.61238399],[-60.676564,-31.61207372]]},"properties":{"layer":"Cuencas","entity_type":"LINE","handle":"1BC0C3"}},{"type":"Feature","geometry":{"type":"LineString","coordinates":[[-60.676564,-31.61207372],[-60.67693974,-31.61200744]]},"properties":{"layer":"Cuencas","entity_type":"LINE","handle":"1BC0C4"}},{"type":"Feature","geometry":{"type":"LineString","coordinates":[[-60.67693974,-31.61200744],[-60.67718822,-31.61168466]]},"properties":{"layer":"Cuencas","entity_type":"LINE","handle":"1BC0C5"}},{"type":"Feature","geometry":{"type":"LineString","coordinates":[[-60.67718822,-31.61168466],[-60.67704655,-31.61117107]]},"properties":{"layer":"Cuencas","entity_type":"LINE","handle":"1BC0C6"}},{"type":"Feature","geometry":{"type":"LineString","coordinates":[[-60.67704655,-31.61117107],[-60.67716663,-31.61114596]]},"properties":{"layer":"Cuencas","entity_type":"LINE","handle":"1BC0C7"}},{"type":"Feature","geometry":{"type":"LineString","coordinates":[[-60.69271418,-31.60560765],[-60.69207861,-31.60571694]]},"properties":{"layer":"Cuencas","entity_type":"LINE","handle":"1BC0C8"}},{"type":"Feature","geometry":{"type":"LineString","coordinates":[[-60.69207861,-31.60571694],[-60.68996012,-31.60609131]]},"properties":{"layer":"Cuencas","entity_type":"LINE","handle":"1BC0C9"}},{"type":"Feature","geometry":{"type":"LineString","coordinates":[[-60.68996012,-31.60609131],[-60.68791231,-31.60646526]]},"properties":{"layer":"Cuencas","entity_type":"LINE","handle":"1BC0CA"}},{"type":"Feature","geometry":{"type":"LineString","coordinates":[[-60.68791231,-31.60646526],[-60.68510538,-31.60697934]]},"properties":{"layer":"Cuencas","entity_type":"LINE","handle":"1BC0CB"}},{"type":"Feature","geometry":{"type":"LineString","coordinates":[[-60.68510538,-31.60697934],[-60.68012681,-31.60786785]]},"properties":{"layer":"Cuencas","entity_type":"LINE","handle":"1BC0CC"}},{"type":"Feature","geometry":{"type":"LineString","coordinates":[[-60.68012681,-31.60786785],[-60.67922639,-31.60802385]]},"properties":{"layer":"Cuencas","entity_type":"LINE","handle":"1BC0CD"}},{"type":"Feature","geometry":{"type":"LineString","coordinates":[[-60.67922639,-31.60802385],[-60.67829749,-31.60818166]]},"properties":{"layer":"Cuencas","entity_type":"LINE","handle":"1BC0CE"}},{"type":"Feature","geometry":{"type":"LineString","coordinates":[[-60.67829749,-31.60818166],[-60.67823158,-31.60819092]]},"properties":{"layer":"Cuencas","entity_type":"LINE","handle":"1BC0CF"}},{"type":"Feature","geometry":{"type":"LineString","coordinates":[[-60.67822926,-31.60818965],[-60.67690323,-31.60429882]]},"properties":{"layer":"Cuencas","entity_type":"LINE","handle":"1BC0D0"}},{"type":"Feature","geometry":{"type":"LineString","coordinates":[[-60.67690323,-31.60429882],[-60.67596701,-31.6044872]]},"properties":{"layer":"Cuencas","entity_type":"LINE","handle":"1BC0D1"}},{"type":"Feature","geometry":{"type":"LineString","coordinates":[[-60.67596701,-31.6044872],[-60.67600784,-31.60461208]]},"properties":{"layer":"Cuencas","entity_type":"LINE","handle":"1BC0D2"}},{"type":"Feature","geometry":{"type":"LineString","coordinates":[[-60.67600784,-31.60461208],[-60.67568927,-31.60472749]]},"properties":{"layer":"Cuencas","entity_type":"LINE","handle":"1BC0D3"}},{"type":"Feature","geometry":{"type":"LineString","coordinates":[[-60.67568927,-31.60472749],[-60.67577125,-31.60502273]]},"properties":{"layer":"Cuencas","entity_type":"LINE","handle":"1BC0D4"}},{"type":"Feature","geometry":{"type":"LineString","coordinates":[[-60.67577125,-31.60502273],[-60.67530622,-31.60512754]]},"properties":{"layer":"Cuencas","entity_type":"LINE","handle":"1BC0D5"}},{"type":"Feature","geometry":{"type":"LineString","coordinates":[[-60.67530622,-31.60512754],[-60.67523727,-31.60491137]]},"properties":{"layer":"Cuencas","entity_type":"LINE","handle":"1BC0D6"}},{"type":"Feature","geometry":{"type":"LineString","coordinates":[[-60.67523727,-31.60491137],[-60.67505422,-31.60484035]]},"properties":{"layer":"Cuencas","entity_type":"LINE","handle":"1BC0D7"}},{"type":"Feature","geometry":{"type":"LineString","coordinates":[[-60.67505422,-31.60484035],[-60.6749244,-31.60436109]]},"properties":{"layer":"Cuencas","entity_type":"LINE","handle":"1BC0D8"}},{"type":"Feature","geometry":{"type":"LineString","coordinates":[[-60.6749244,-31.60436109],[-60.67502879,-31.60423456]]},"properties":{"layer":"Cuencas","entity_type":"LINE","handle":"1BC0D9"}},{"type":"Feature","geometry":{"type":"LineString","coordinates":[[-60.67502879,-31.60423456],[-60.67497111,-31.60402489]]},"properties":{"layer":"Cuencas","entity_type":"LINE","handle":"1BC0DA"}},{"type":"Feature","geometry":{"type":"LineString","coordinates":[[-60.67497111,-31.60402489],[-60.67481611,-31.60394772]]},"properties":{"layer":"Cuencas","entity_type":"LINE","handle":"1BC0DB"}},{"type":"Feature","geometry":{"type":"LineString","coordinates":[[-60.67481611,-31.60394772],[-60.67464353,-31.60338174]]},"properties":{"layer":"Cuencas","entity_type":"LINE","handle":"1BC0DC"}},{"type":"Feature","geometry":{"type":"LineString","coordinates":[[-60.67464353,-31.60338174],[-60.6742299,-31.60346191]]},"properties":{"layer":"Cuencas","entity_type":"LINE","handle":"1BC0DD"}},{"type":"Feature","geometry":{"type":"LineString","coordinates":[[-60.6742299,-31.60346191],[-60.67395875,-31.6038293]]},"properties":{"layer":"Cuencas","entity_type":"LINE","handle":"1BC0DE"}},{"type":"Feature","geometry":{"type":"LineString","coordinates":[[-60.67395875,-31.6038293],[-60.67350773,-31.60359171]]},"properties":{"layer":"Cuencas","entity_type":"LINE","handle":"1BC0DF"}},{"type":"Feature","geometry":{"type":"LineString","coordinates":[[-60.67350773,-31.60359171],[-60.67315021,-31.60366558]]},"properties":{"layer":"Cuencas","entity_type":"LINE","handle":"1BC0E0"}},{"type":"Feature","geometry":{"type":"LineString","coordinates":[[-60.67315021,-31.60366558],[-60.6728412,-31.60404094]]},"properties":{"layer":"Cuencas","entity_type":"LINE","handle":"1BC0E1"}},{"type":"Feature","geometry":{"type":"LineString","coordinates":[[-60.6728412,-31.60404094],[-60.67176874,-31.60427456]]},"properties":{"layer":"Cuencas","entity_type":"LINE","handle":"1BC0E2"}},{"type":"Feature","geometry":{"type":"LineString","coordinates":[[-60.67176874,-31.60427456],[-60.67136673,-31.6040187]]},"properties":{"layer":"Cuencas","entity_type":"LINE","handle":"1BC0E3"}},{"type":"Feature","geometry":{"type":"LineString","coordinates":[[-60.67136673,-31.6040187],[-60.6712125,-31.60404951]]},"properties":{"layer":"Cuencas","entity_type":"LINE","handle":"1BC0E4"}},{"type":"Feature","geometry":{"type":"LineString","coordinates":[[-60.69271418,-31.60560765],[-60.69330903,-31.60549135]]},"properties":{"layer":"Cuencas","entity_type":"LINE","handle":"1BC0E8"}},{"type":"Feature","geometry":{"type":"LineString","coordinates":[[-60.69330903,-31.60549135],[-60.69349947,-31.60524387]]},"properties":{"layer":"Cuencas","entity_type":"LINE","handle":"1BC0E9"}},{"type":"Feature","geometry":{"type":"LineString","coordinates":[[-60.69349947,-31.60524387],[-60.69281524,-31.60501757]]},"properties":{"layer":"Cuencas","entity_type":"LINE","handle":"1BC0EA"}},{"type":"Feature","geometry":{"type":"LineString","coordinates":[[-60.69281524,-31.60501757],[-60.69278531,-31.60486987]]},"properties":{"layer":"Cuencas","entity_type":"LINE","handle":"1BC0EB"}},{"type":"Feature","geometry":{"type":"LineString","coordinates":[[-60.69278531,-31.60486987],[-60.69321436,-31.60439108]]},"properties":{"layer":"Cuencas","entity_type":"LINE","handle":"1BC0EC"}},{"type":"Feature","geometry":{"type":"LineString","coordinates":[[-60.69321436,-31.60439108],[-60.69406845,-31.60418929]]},"properties":{"layer":"Cuencas","entity_type":"LINE","handle":"1BC0ED"}},{"type":"Feature","geometry":{"type":"LineString","coordinates":[[-60.69406845,-31.60418929],[-60.69311097,-31.60099475]]},"properties":{"layer":"Cuencas","entity_type":"LINE","handle":"1BC0EE"}},{"type":"Feature","geometry":{"type":"LineString","coordinates":[[-60.69311097,-31.60099475],[-60.69317616,-31.60088155]]},"properties":{"layer":"Cuencas","entity_type":"LINE","handle":"1BC0EF"}},{"type":"Feature","geometry":{"type":"LineString","coordinates":[[-60.69317616,-31.60088155],[-60.69333471,-31.60063888]]},"properties":{"layer":"Cuencas","entity_type":"LINE","handle":"1BC0F0"}},{"type":"Feature","geometry":{"type":"LineString","coordinates":[[-60.69333471,-31.60063888],[-60.69410705,-31.6004896]]},"properties":{"layer":"Cuencas","entity_type":"LINE","handle":"1BC0F1"}},{"type":"Feature","geometry":{"type":"LineString","coordinates":[[-60.69410705,-31.6004896],[-60.69405864,-31.60032059]]},"properties":{"layer":"Cuencas","entity_type":"LINE","handle":"1BC0F2"}},{"type":"Feature","geometry":{"type":"LineString","coordinates":[[-60.69405864,-31.60032059],[-60.69492524,-31.60016273]]},"properties":{"layer":"Cuencas","entity_type":"LINE","handle":"1BC0F3"}},{"type":"Feature","geometry":{"type":"LineString","coordinates":[[-60.69492524,-31.60016273],[-60.6947115,-31.59932321]]},"properties":{"layer":"Cuencas","entity_type":"LINE","handle":"1BC0F4"}},{"type":"Feature","geometry":{"type":"LineString","coordinates":[[-60.6947115,-31.59932321],[-60.69479552,-31.59920672]]},"properties":{"layer":"Cuencas","entity_type":"LINE","handle":"1BC0F5"}},{"type":"Feature","geometry":{"type":"LineString","coordinates":[[-60.69479552,-31.59920672],[-60.69450575,-31.5982894]]},"properties":{"layer":"Cuencas","entity_type":"LINE","handle":"1BC0F6"}},{"type":"Feature","geometry":{"type":"LineString","coordinates":[[-60.69450575,-31.5982894],[-60.69498252,-31.59771451]]},"properties":{"layer":"Cuencas","entity_type":"LINE","handle":"1BC0F7"}},{"type":"Feature","geometry":{"type":"LineString","coordinates":[[-60.69498252,-31.59771451],[-60.69416489,-31.59495916]]},"properties":{"layer":"Cuencas","entity_type":"LINE","handle":"1BC0F8"}},{"type":"Feature","geometry":{"type":"LineString","coordinates":[[-60.69416489,-31.59495916],[-60.69159633,-31.59553405]]},"properties":{"layer":"Cuencas","entity_type":"LINE","handle":"1BC0F9"}},{"type":"Feature","geometry":{"type":"LineString","coordinates":[[-60.69159633,-31.59553405],[-60.69151903,-31.5952846]]},"properties":{"layer":"Cuencas","entity_type":"LINE","handle":"1BC0FA"}},{"type":"Feature","geometry":{"type":"LineString","coordinates":[[-60.69151903,-31.5952846],[-60.69120678,-31.59514926]]},"properties":{"layer":"Cuencas","entity_type":"LINE","handle":"1BC0FB"}},{"type":"Feature","geometry":{"type":"LineString","coordinates":[[-60.69120678,-31.59514926],[-60.69143126,-31.59489418]]},"properties":{"layer":"Cuencas","entity_type":"LINE","handle":"1BC0FC"}},{"type":"Feature","geometry":{"type":"LineString","coordinates":[[-60.69143126,-31.59489418],[-60.69133463,-31.59458035]]},"properties":{"layer":"Cuencas","entity_type":"LINE","handle":"1BC0FD"}},{"type":"Feature","geometry":{"type":"LineString","coordinates":[[-60.69133463,-31.59458035],[-60.6912681,-31.59451224]]},"properties":{"layer":"Cuencas","entity_type":"LINE","handle":"1BC0FE"}},{"type":"Feature","geometry":{"type":"LineString","coordinates":[[-60.6912681,-31.59451224],[-60.69108754,-31.59432783]]},"properties":{"layer":"Cuencas","entity_type":"LINE","handle":"1BC0FF"}},{"type":"Feature","geometry":{"type":"LineString","coordinates":[[-60.69108754,-31.59432783],[-60.69098302,-31.5942236]]},"properties":{"layer":"Cuencas","entity_type":"LINE","handle":"1BC100"}},{"type":"Feature","geometry":{"type":"LineString","coordinates":[[-60.69098302,-31.5942236],[-60.68980023,-31.59037357]]},"properties":{"layer":"Cuencas","entity_type":"LINE","handle":"1BC101"}},{"type":"Feature","geometry":{"type":"LineString","coordinates":[[-60.68980023,-31.59037357],[-60.68823836,-31.58910088]]},"properties":{"layer":"Cuencas","entity_type":"LINE","handle":"1BC102"}},{"type":"Feature","geometry":{"type":"LineString","coordinates":[[-60.68823836,-31.58910088],[-60.6869156,-31.59098311]]},"properties":{"layer":"Cuencas","entity_type":"LINE","handle":"1BC103"}},{"type":"Feature","geometry":{"type":"LineString","coordinates":[[-60.6869156,-31.59098311],[-60.6856052,-31.59115029]]},"properties":{"layer":"Cuencas","entity_type":"LINE","handle":"1BC104"}},{"type":"Feature","geometry":{"type":"LineString","coordinates":[[-60.6856052,-31.59115029],[-60.68451223,-31.59115615]]},"properties":{"layer":"Cuencas","entity_type":"LINE","handle":"1BC105"}},{"type":"Feature","geometry":{"type":"LineString","coordinates":[[-60.68451223,-31.59115615],[-60.68238757,-31.59100738]]},"properties":{"layer":"Cuencas","entity_type":"LINE","handle":"1BC106"}},{"type":"Feature","geometry":{"type":"LineString","coordinates":[[-60.68238757,-31.59100738],[-60.68032285,-31.59051128]]},"properties":{"layer":"Cuencas","entity_type":"LINE","handle":"1BC107"}},{"type":"Feature","geometry":{"type":"LineString","coordinates":[[-60.68032285,-31.59051128],[-60.67787328,-31.58992847]]},"properties":{"layer":"Cuencas","entity_type":"LINE","handle":"1BC108"}},{"type":"Feature","geometry":{"type":"LineString","coordinates":[[-60.72582725,-31.55549129],[-60.72561501,-31.55413502]]},"properties":{"layer":"Cuencas","entity_type":"LINE","handle":"1BC109"}},{"type":"Feature","geometry":{"type":"LineString","coordinates":[[-60.67955118,-31.55438815],[-60.6794701,-31.55573296]]},"properties":{"layer":"Cuencas","entity_type":"LINE","handle":"1BC12B"}},{"type":"Feature","geometry":{"type":"LineString","coordinates":[[-60.6794701,-31.55573296],[-60.67936177,-31.55945947]]},"properties":{"layer":"Cuencas","entity_type":"LINE","handle":"1BC12D"}},{"type":"Feature","geometry":{"type":"LineString","coordinates":[[-60.67936177,-31.55945947],[-60.67926071,-31.56159529]]},"properties":{"layer":"Cuencas","entity_type":"LINE","handle":"1BC12E"}},{"type":"Feature","geometry":{"type":"LineString","coordinates":[[-60.66912392,-31.58137881],[-60.67197023,-31.58583058]]},"properties":{"layer":"Cuencas","entity_type":"LINE","handle":"1BC12F"}},{"type":"Feature","geometry":{"type":"LineString","coordinates":[[-60.67197023,-31.58583058],[-60.67224466,-31.58808892]]},"properties":{"layer":"Cuencas","entity_type":"LINE","handle":"1BC130"}},{"type":"Feature","geometry":{"type":"LineString","coordinates":[[-60.67224466,-31.58808892],[-60.67250104,-31.59142874]]},"properties":{"layer":"Cuencas","entity_type":"LINE","handle":"1BC131"}},{"type":"Feature","geometry":{"type":"LineString","coordinates":[[-60.67250104,-31.59142874],[-60.67261131,-31.5923992]]},"properties":{"layer":"Cuencas","entity_type":"LINE","handle":"1BC132"}},{"type":"Feature","geometry":{"type":"LineString","coordinates":[[-60.67261131,-31.5923992],[-60.67266581,-31.59279616]]},"properties":{"layer":"Cuencas","entity_type":"LINE","handle":"1BC133"}},{"type":"Feature","geometry":{"type":"LineString","coordinates":[[-60.67266581,-31.59279616],[-60.67269432,-31.59317119]]},"properties":{"layer":"Cuencas","entity_type":"LINE","handle":"1BC134"}},{"type":"Feature","geometry":{"type":"LineString","coordinates":[[-60.67269432,-31.59317119],[-60.6728737,-31.59535706]]},"properties":{"layer":"Cuencas","entity_type":"LINE","handle":"1BC135"}},{"type":"Feature","geometry":{"type":"LineString","coordinates":[[-60.66062075,-31.56474461],[-60.66282388,-31.56428415]]},"properties":{"layer":"Cuencas","entity_type":"LINE","handle":"1BC136"}},{"type":"Feature","geometry":{"type":"LineString","coordinates":[[-60.66282388,-31.56428415],[-60.66420726,-31.56324507]]},"properties":{"layer":"Cuencas","entity_type":"LINE","handle":"1BC137"}},{"type":"Feature","geometry":{"type":"LineString","coordinates":[[-60.66420726,-31.56324507],[-60.66669582,-31.56264886]]},"properties":{"layer":"Cuencas","entity_type":"LINE","handle":"1BC138"}},{"type":"Feature","geometry":{"type":"LineString","coordinates":[[-60.66669582,-31.56264886],[-60.66846471,-31.56232556]]},"properties":{"layer":"Cuencas","entity_type":"LINE","handle":"1BC139"}},{"type":"Feature","geometry":{"type":"LineString","coordinates":[[-60.66846471,-31.56232556],[-60.67056478,-31.56244916]]},"properties":{"layer":"Cuencas","entity_type":"LINE","handle":"1BC13A"}},{"type":"Feature","geometry":{"type":"LineString","coordinates":[[-60.67056478,-31.56244916],[-60.67418865,-31.56283389]]},"properties":{"layer":"Cuencas","entity_type":"LINE","handle":"1BC13B"}},{"type":"Feature","geometry":{"type":"LineString","coordinates":[[-60.67418865,-31.56283389],[-60.67594553,-31.56266758]]},"properties":{"layer":"Cuencas","entity_type":"LINE","handle":"1BC13C"}},{"type":"Feature","geometry":{"type":"LineString","coordinates":[[-60.67594553,-31.56266758],[-60.67926071,-31.56159529]]},"properties":{"layer":"Cuencas","entity_type":"LINE","handle":"1BC13D"}},{"type":"Feature","geometry":{"type":"LineString","coordinates":[[-60.66062075,-31.56474461],[-60.66190187,-31.56976577]]},"properties":{"layer":"Cuencas","entity_type":"LINE","handle":"1BC13E"}},{"type":"Feature","geometry":{"type":"LineString","coordinates":[[-60.66190187,-31.56976577],[-60.66203623,-31.57014868]]},"properties":{"layer":"Cuencas","entity_type":"LINE","handle":"1BC13F"}},{"type":"Feature","geometry":{"type":"LineString","coordinates":[[-60.66204917,-31.57018556],[-60.66370984,-31.57009918]]},"properties":{"layer":"Cuencas","entity_type":"LINE","handle":"1BC140"}},{"type":"Feature","geometry":{"type":"LineString","coordinates":[[-60.66370984,-31.57009918],[-60.66507455,-31.56998196]]},"properties":{"layer":"Cuencas","entity_type":"LINE","handle":"1BC141"}},{"type":"Feature","geometry":{"type":"LineString","coordinates":[[-60.66507455,-31.56998196],[-60.66628451,-31.56984351]]},"properties":{"layer":"Cuencas","entity_type":"LINE","handle":"1BC142"}},{"type":"Feature","geometry":{"type":"LineString","coordinates":[[-60.66628451,-31.56984351],[-60.66762407,-31.5698145]]},"properties":{"layer":"Cuencas","entity_type":"LINE","handle":"1BC143"}},{"type":"Feature","geometry":{"type":"LineString","coordinates":[[-60.66762407,-31.5698145],[-60.66901595,-31.56989532]]},"properties":{"layer":"Cuencas","entity_type":"LINE","handle":"1BC144"}},{"type":"Feature","geometry":{"type":"LineString","coordinates":[[-60.66901595,-31.56989532],[-60.67017532,-31.56988925]]},"properties":{"layer":"Cuencas","entity_type":"LINE","handle":"1BC145"}},{"type":"Feature","geometry":{"type":"LineString","coordinates":[[-60.67017532,-31.56988925],[-60.67260153,-31.56941398]]},"properties":{"layer":"Cuencas","entity_type":"LINE","handle":"1BC146"}},{"type":"Feature","geometry":{"type":"LineString","coordinates":[[-60.67260153,-31.56941398],[-60.67504448,-31.56876238]]},"properties":{"layer":"Cuencas","entity_type":"LINE","handle":"1BC147"}},{"type":"Feature","geometry":{"type":"LineString","coordinates":[[-60.67504448,-31.56876238],[-60.67607438,-31.56866884]]},"properties":{"layer":"Cuencas","entity_type":"LINE","handle":"1BC148"}},{"type":"Feature","geometry":{"type":"LineString","coordinates":[[-60.67607438,-31.56866884],[-60.67801296,-31.56810795]]},"properties":{"layer":"Cuencas","entity_type":"LINE","handle":"1BC149"}},{"type":"Feature","geometry":{"type":"LineString","coordinates":[[-60.67801296,-31.56810795],[-60.67885437,-31.56689212]]},"properties":{"layer":"Cuencas","entity_type":"LINE","handle":"1BC14A"}},{"type":"Feature","geometry":{"type":"LineString","coordinates":[[-60.67885437,-31.56689212],[-60.67903312,-31.56667092]]},"properties":{"layer":"Cuencas","entity_type":"LINE","handle":"1BC14B"}},{"type":"Feature","geometry":{"type":"LineString","coordinates":[[-60.67903312,-31.56667092],[-60.68006683,-31.56710592]]},"properties":{"layer":"Cuencas","entity_type":"LINE","handle":"1BC14C"}},{"type":"Feature","geometry":{"type":"LineString","coordinates":[[-60.68006683,-31.56710592],[-60.68086756,-31.56738798]]},"properties":{"layer":"Cuencas","entity_type":"LINE","handle":"1BC14D"}},{"type":"Feature","geometry":{"type":"LineString","coordinates":[[-60.68086756,-31.56738798],[-60.68210515,-31.56751353]]},"properties":{"layer":"Cuencas","entity_type":"LINE","handle":"1BC14E"}},{"type":"Feature","geometry":{"type":"LineString","coordinates":[[-60.68210515,-31.56751353],[-60.68308479,-31.5675964]]},"properties":{"layer":"Cuencas","entity_type":"LINE","handle":"1BC14F"}},{"type":"Feature","geometry":{"type":"LineString","coordinates":[[-60.68308479,-31.5675964],[-60.68424779,-31.56703303]]},"properties":{"layer":"Cuencas","entity_type":"LINE","handle":"1BC150"}},{"type":"Feature","geometry":{"type":"LineString","coordinates":[[-60.68424779,-31.56703303],[-60.68542693,-31.56621179]]},"properties":{"layer":"Cuencas","entity_type":"LINE","handle":"1BC151"}},{"type":"Feature","geometry":{"type":"LineString","coordinates":[[-60.68542693,-31.56621179],[-60.68712436,-31.56580623]]},"properties":{"layer":"Cuencas","entity_type":"LINE","handle":"1BC152"}},{"type":"Feature","geometry":{"type":"LineString","coordinates":[[-60.68712436,-31.56580623],[-60.68827721,-31.56491904]]},"properties":{"layer":"Cuencas","entity_type":"LINE","handle":"1BC153"}},{"type":"Feature","geometry":{"type":"LineString","coordinates":[[-60.68827721,-31.56491904],[-60.68861067,-31.56471902]]},"properties":{"layer":"Cuencas","entity_type":"LINE","handle":"1BC154"}},{"type":"Feature","geometry":{"type":"LineString","coordinates":[[-60.68861067,-31.56471902],[-60.68907406,-31.56467247]]},"properties":{"layer":"Cuencas","entity_type":"LINE","handle":"1BC155"}},{"type":"Feature","geometry":{"type":"LineString","coordinates":[[-60.68907406,-31.56467247],[-60.69215463,-31.56527253]]},"properties":{"layer":"Cuencas","entity_type":"LINE","handle":"1BC156"}},{"type":"Feature","geometry":{"type":"LineString","coordinates":[[-60.69215463,-31.56527253],[-60.69393583,-31.56574741]]},"properties":{"layer":"Cuencas","entity_type":"LINE","handle":"1BC157"}},{"type":"Feature","geometry":{"type":"LineString","coordinates":[[-60.69393583,-31.56574741],[-60.69553638,-31.56617921]]},"properties":{"layer":"Cuencas","entity_type":"LINE","handle":"1BC158"}},{"type":"Feature","geometry":{"type":"LineString","coordinates":[[-60.69553638,-31.56617921],[-60.69651618,-31.566284]]},"properties":{"layer":"Cuencas","entity_type":"LINE","handle":"1BC159"}},{"type":"Feature","geometry":{"type":"LineString","coordinates":[[-60.69651618,-31.566284],[-60.69731351,-31.56610345]]},"properties":{"layer":"Cuencas","entity_type":"LINE","handle":"1BC15A"}},{"type":"Feature","geometry":{"type":"LineString","coordinates":[[-60.69731351,-31.56610345],[-60.6979538,-31.56559339]]},"properties":{"layer":"Cuencas","entity_type":"LINE","handle":"1BC15B"}},{"type":"Feature","geometry":{"type":"LineString","coordinates":[[-60.6979538,-31.56559339],[-60.69849719,-31.5645267]]},"properties":{"layer":"Cuencas","entity_type":"LINE","handle":"1BC15C"}},{"type":"Feature","geometry":{"type":"LineString","coordinates":[[-60.69849719,-31.5645267],[-60.69910678,-31.56335605]]},"properties":{"layer":"Cuencas","entity_type":"LINE","handle":"1BC15D"}},{"type":"Feature","geometry":{"type":"LineString","coordinates":[[-60.69910678,-31.56335605],[-60.69979758,-31.56271355]]},"properties":{"layer":"Cuencas","entity_type":"LINE","handle":"1BC15E"}},{"type":"Feature","geometry":{"type":"LineString","coordinates":[[-60.69979758,-31.56271355],[-60.70190641,-31.56221745]]},"properties":{"layer":"Cuencas","entity_type":"LINE","handle":"1BC15F"}},{"type":"Feature","geometry":{"type":"LineString","coordinates":[[-60.70190641,-31.56221745],[-60.70474304,-31.56155441]]},"properties":{"layer":"Cuencas","entity_type":"LINE","handle":"1BC160"}},{"type":"Feature","geometry":{"type":"LineString","coordinates":[[-60.70474304,-31.56155441],[-60.70536015,-31.56139684]]},"properties":{"layer":"Cuencas","entity_type":"LINE","handle":"1BC161"}},{"type":"Feature","geometry":{"type":"LineString","coordinates":[[-60.70536015,-31.56139684],[-60.70610192,-31.56068795]]},"properties":{"layer":"Cuencas","entity_type":"LINE","handle":"1BC162"}},{"type":"Feature","geometry":{"type":"LineString","coordinates":[[-60.70610192,-31.56068795],[-60.70666634,-31.56037648]]},"properties":{"layer":"Cuencas","entity_type":"LINE","handle":"1BC163"}},{"type":"Feature","geometry":{"type":"LineString","coordinates":[[-60.70666634,-31.56037648],[-60.70712987,-31.5603519]]},"properties":{"layer":"Cuencas","entity_type":"LINE","handle":"1BC164"}},{"type":"Feature","geometry":{"type":"LineString","coordinates":[[-60.70712987,-31.5603519],[-60.70859958,-31.56051996]]},"properties":{"layer":"Cuencas","entity_type":"LINE","handle":"1BC165"}},{"type":"Feature","geometry":{"type":"LineString","coordinates":[[-60.70859958,-31.56051996],[-60.70929596,-31.56062622]]},"properties":{"layer":"Cuencas","entity_type":"LINE","handle":"1BC166"}},{"type":"Feature","geometry":{"type":"LineString","coordinates":[[-60.70929596,-31.56062622],[-60.71015601,-31.56057304]]},"properties":{"layer":"Cuencas","entity_type":"LINE","handle":"1BC167"}},{"type":"Feature","geometry":{"type":"LineString","coordinates":[[-60.71015601,-31.56057304],[-60.71131175,-31.56010409]]},"properties":{"layer":"Cuencas","entity_type":"LINE","handle":"1BC168"}},{"type":"Feature","geometry":{"type":"LineString","coordinates":[[-60.71131175,-31.56010409],[-60.71272425,-31.55952358]]},"properties":{"layer":"Cuencas","entity_type":"LINE","handle":"1BC169"}},{"type":"Feature","geometry":{"type":"LineString","coordinates":[[-60.71272425,-31.55952358],[-60.71444367,-31.55865502]]},"properties":{"layer":"Cuencas","entity_type":"LINE","handle":"1BC16A"}},{"type":"Feature","geometry":{"type":"LineString","coordinates":[[-60.71444367,-31.55865502],[-60.71625092,-31.55876669]]},"properties":{"layer":"Cuencas","entity_type":"LINE","handle":"1BC16B"}},{"type":"Feature","geometry":{"type":"LineString","coordinates":[[-60.74287943,-31.59777652],[-60.74031572,-31.59826611]]},"properties":{"layer":"Cuencas","entity_type":"LINE","handle":"1BC16C"}},{"type":"Feature","geometry":{"type":"LineString","coordinates":[[-60.74031572,-31.59826611],[-60.73513632,-31.59924421]]},"properties":{"layer":"Cuencas","entity_type":"LINE","handle":"1BC16D"}},{"type":"Feature","geometry":{"type":"LineString","coordinates":[[-60.73513632,-31.59924421],[-60.73429068,-31.5994024]]},"properties":{"layer":"Cuencas","entity_type":"LINE","handle":"1BC16E"}},{"type":"Feature","geometry":{"type":"LineString","coordinates":[[-60.73429068,-31.5994024],[-60.73399091,-31.60041865]]},"properties":{"layer":"Cuencas","entity_type":"LINE","handle":"1BC16F"}},{"type":"Feature","geometry":{"type":"LineString","coordinates":[[-60.73399091,-31.60041865],[-60.73375116,-31.60047272]]},"properties":{"layer":"Cuencas","entity_type":"LINE","handle":"1BC170"}},{"type":"Feature","geometry":{"type":"LineString","coordinates":[[-60.73375116,-31.60047272],[-60.73344212,-31.60054667]]},"properties":{"layer":"Cuencas","entity_type":"LINE","handle":"1BC171"}},{"type":"Feature","geometry":{"type":"LineString","coordinates":[[-60.73344212,-31.60054667],[-60.72948118,-31.60155576]]},"properties":{"layer":"Cuencas","entity_type":"LINE","handle":"1BC172"}},{"type":"Feature","geometry":{"type":"LineString","coordinates":[[-60.72948118,-31.60155576],[-60.729402,-31.60222986]]},"properties":{"layer":"Cuencas","entity_type":"LINE","handle":"1BC173"}},{"type":"Feature","geometry":{"type":"LineString","coordinates":[[-60.729402,-31.60222986],[-60.72921192,-31.60227251]]},"properties":{"layer":"Cuencas","entity_type":"LINE","handle":"1BC174"}},{"type":"Feature","geometry":{"type":"LineString","coordinates":[[-60.72921192,-31.60227251],[-60.72854005,-31.60237364]]},"properties":{"layer":"Cuencas","entity_type":"LINE","handle":"1BC175"}},{"type":"Feature","geometry":{"type":"LineString","coordinates":[[-60.72854005,-31.60237364],[-60.72841525,-31.60229475]]},"properties":{"layer":"Cuencas","entity_type":"LINE","handle":"1BC176"}},{"type":"Feature","geometry":{"type":"LineString","coordinates":[[-60.72841525,-31.60229475],[-60.72829052,-31.6022247]]},"properties":{"layer":"Cuencas","entity_type":"LINE","handle":"1BC177"}},{"type":"Feature","geometry":{"type":"LineString","coordinates":[[-60.72829052,-31.6022247],[-60.72810357,-31.60213731]]},"properties":{"layer":"Cuencas","entity_type":"LINE","handle":"1BC178"}},{"type":"Feature","geometry":{"type":"LineString","coordinates":[[-60.72810357,-31.60213731],[-60.72801016,-31.60210247]]},"properties":{"layer":"Cuencas","entity_type":"LINE","handle":"1BC179"}},{"type":"Feature","geometry":{"type":"LineString","coordinates":[[-60.72801016,-31.60210247],[-60.72774084,-31.60206862]]},"properties":{"layer":"Cuencas","entity_type":"LINE","handle":"1BC17A"}},{"type":"Feature","geometry":{"type":"LineString","coordinates":[[-60.72774084,-31.60206862],[-60.72759596,-31.60206945]]},"properties":{"layer":"Cuencas","entity_type":"LINE","handle":"1BC17B"}},{"type":"Feature","geometry":{"type":"LineString","coordinates":[[-60.72759596,-31.60206945],[-60.72736844,-31.60208843]]},"properties":{"layer":"Cuencas","entity_type":"LINE","handle":"1BC17C"}},{"type":"Feature","geometry":{"type":"LineString","coordinates":[[-60.72736844,-31.60208843],[-60.72718232,-31.60210718]]},"properties":{"layer":"Cuencas","entity_type":"LINE","handle":"1BC17D"}},{"type":"Feature","geometry":{"type":"LineString","coordinates":[[-60.72718232,-31.60210718],[-60.72619669,-31.60231623]]},"properties":{"layer":"Cuencas","entity_type":"LINE","handle":"1BC17E"}},{"type":"Feature","geometry":{"type":"LineString","coordinates":[[-60.72619669,-31.60231623],[-60.72216212,-31.60316346]]},"properties":{"layer":"Cuencas","entity_type":"LINE","handle":"1BC17F"}},{"type":"Feature","geometry":{"type":"LineString","coordinates":[[-60.72216212,-31.60316346],[-60.72203863,-31.60325261]]},"properties":{"layer":"Cuencas","entity_type":"LINE","handle":"1BC180"}},{"type":"Feature","geometry":{"type":"LineString","coordinates":[[-60.72203863,-31.60325261],[-60.72187442,-31.60343044]]},"properties":{"layer":"Cuencas","entity_type":"LINE","handle":"1BC181"}},{"type":"Feature","geometry":{"type":"LineString","coordinates":[[-60.72187442,-31.60343044],[-60.72176182,-31.60359029]]},"properties":{"layer":"Cuencas","entity_type":"LINE","handle":"1BC182"}},{"type":"Feature","geometry":{"type":"LineString","coordinates":[[-60.72176182,-31.60359029],[-60.72169013,-31.60368799]]},"properties":{"layer":"Cuencas","entity_type":"LINE","handle":"1BC183"}},{"type":"Feature","geometry":{"type":"LineString","coordinates":[[-60.72169013,-31.60368799],[-60.72161282,-31.60365525]]},"properties":{"layer":"Cuencas","entity_type":"LINE","handle":"1BC184"}},{"type":"Feature","geometry":{"type":"LineString","coordinates":[[-60.72161282,-31.60365525],[-60.72139067,-31.60352285]]},"properties":{"layer":"Cuencas","entity_type":"LINE","handle":"1BC185"}},{"type":"Feature","geometry":{"type":"LineString","coordinates":[[-60.72139067,-31.60352285],[-60.72090023,-31.60323054]]},"properties":{"layer":"Cuencas","entity_type":"LINE","handle":"1BC186"}},{"type":"Feature","geometry":{"type":"LineString","coordinates":[[-60.72090023,-31.60323054],[-60.72052316,-31.60312583]]},"properties":{"layer":"Cuencas","entity_type":"LINE","handle":"1BC187"}},{"type":"Feature","geometry":{"type":"LineString","coordinates":[[-60.72052316,-31.60312583],[-60.71915621,-31.6034337]]},"properties":{"layer":"Cuencas","entity_type":"LINE","handle":"1BC188"}},{"type":"Feature","geometry":{"type":"LineString","coordinates":[[-60.71915621,-31.6034337],[-60.71894378,-31.6036806]]},"properties":{"layer":"Cuencas","entity_type":"LINE","handle":"1BC189"}},{"type":"Feature","geometry":{"type":"LineString","coordinates":[[-60.71894378,-31.6036806],[-60.71900499,-31.60389902]]},"properties":{"layer":"Cuencas","entity_type":"LINE","handle":"1BC18A"}},{"type":"Feature","geometry":{"type":"LineString","coordinates":[[-60.71900499,-31.60389902],[-60.71920208,-31.60397931]]},"properties":{"layer":"Cuencas","entity_type":"LINE","handle":"1BC18B"}},{"type":"Feature","geometry":{"type":"LineString","coordinates":[[-60.71920208,-31.60397931],[-60.71926318,-31.60418246]]},"properties":{"layer":"Cuencas","entity_type":"LINE","handle":"1BC18C"}},{"type":"Feature","geometry":{"type":"LineString","coordinates":[[-60.71926318,-31.60418246],[-60.7175196,-31.60452396]]},"properties":{"layer":"Cuencas","entity_type":"LINE","handle":"1BC18D"}},{"type":"Feature","geometry":{"type":"LineString","coordinates":[[-60.7175196,-31.60452396],[-60.71633029,-31.6047087]]},"properties":{"layer":"Cuencas","entity_type":"LINE","handle":"1BC18E"}},{"type":"Feature","geometry":{"type":"LineString","coordinates":[[-60.71633029,-31.6047087],[-60.71624185,-31.60482112]]},"properties":{"layer":"Cuencas","entity_type":"LINE","handle":"1BC18F"}},{"type":"Feature","geometry":{"type":"LineString","coordinates":[[-60.71624185,-31.60482112],[-60.71617399,-31.60490033]]},"properties":{"layer":"Cuencas","entity_type":"LINE","handle":"1BC190"}},{"type":"Feature","geometry":{"type":"LineString","coordinates":[[-60.71617399,-31.60490033],[-60.71602792,-31.60526236]]},"properties":{"layer":"Cuencas","entity_type":"LINE","handle":"1BC191"}},{"type":"Feature","geometry":{"type":"LineString","coordinates":[[-60.71602792,-31.60526236],[-60.71605345,-31.60548607]]},"properties":{"layer":"Cuencas","entity_type":"LINE","handle":"1BC192"}},{"type":"Feature","geometry":{"type":"LineString","coordinates":[[-60.71605345,-31.60548607],[-60.71599859,-31.60555251]]},"properties":{"layer":"Cuencas","entity_type":"LINE","handle":"1BC193"}},{"type":"Feature","geometry":{"type":"LineString","coordinates":[[-60.71599859,-31.60555251],[-60.71566095,-31.60577825]]},"properties":{"layer":"Cuencas","entity_type":"LINE","handle":"1BC194"}},{"type":"Feature","geometry":{"type":"LineString","coordinates":[[-60.71566095,-31.60577825],[-60.71528441,-31.60558704]]},"properties":{"layer":"Cuencas","entity_type":"LINE","handle":"1BC195"}},{"type":"Feature","geometry":{"type":"LineString","coordinates":[[-60.71528441,-31.60558704],[-60.71515903,-31.60554195]]},"properties":{"layer":"Cuencas","entity_type":"LINE","handle":"1BC196"}},{"type":"Feature","geometry":{"type":"LineString","coordinates":[[-60.71515903,-31.60554195],[-60.71460781,-31.60586555]]},"properties":{"layer":"Cuencas","entity_type":"LINE","handle":"1BC197"}},{"type":"Feature","geometry":{"type":"LineString","coordinates":[[-60.71460781,-31.60586555],[-60.71427236,-31.60559779]]},"properties":{"layer":"Cuencas","entity_type":"LINE","handle":"1BC198"}},{"type":"Feature","geometry":{"type":"LineString","coordinates":[[-60.71427236,-31.60559779],[-60.71411757,-31.60559865]]},"properties":{"layer":"Cuencas","entity_type":"LINE","handle":"1BC199"}},{"type":"Feature","geometry":{"type":"LineString","coordinates":[[-60.71411757,-31.60559865],[-60.71371778,-31.60579421]]},"properties":{"layer":"Cuencas","entity_type":"LINE","handle":"1BC19A"}},{"type":"Feature","geometry":{"type":"LineString","coordinates":[[-60.74788841,-31.57165371],[-60.74637249,-31.57259147]]},"properties":{"layer":"Cuencas","entity_type":"LINE","handle":"1BC19C"}},{"type":"Feature","geometry":{"type":"LineString","coordinates":[[-60.74637249,-31.57259147],[-60.74259807,-31.5748915]]},"properties":{"layer":"Cuencas","entity_type":"LINE","handle":"1BC19D"}},{"type":"Feature","geometry":{"type":"LineString","coordinates":[[-60.74259807,-31.5748915],[-60.74229461,-31.57456258]]},"properties":{"layer":"Cuencas","entity_type":"LINE","handle":"1BC19E"}},{"type":"Feature","geometry":{"type":"LineString","coordinates":[[-60.74229461,-31.57456258],[-60.74176595,-31.5729306]]},"properties":{"layer":"Cuencas","entity_type":"LINE","handle":"1BC19F"}},{"type":"Feature","geometry":{"type":"LineString","coordinates":[[-60.74176595,-31.5729306],[-60.74142127,-31.57282237]]},"properties":{"layer":"Cuencas","entity_type":"LINE","handle":"1BC1A0"}},{"type":"Feature","geometry":{"type":"LineString","coordinates":[[-60.74142127,-31.57282237],[-60.74167287,-31.57203095]]},"properties":{"layer":"Cuencas","entity_type":"LINE","handle":"1BC1A1"}},{"type":"Feature","geometry":{"type":"LineString","coordinates":[[-60.74167287,-31.57203095],[-60.74205141,-31.57098906]]},"properties":{"layer":"Cuencas","entity_type":"LINE","handle":"1BC1A2"}},{"type":"Feature","geometry":{"type":"LineString","coordinates":[[-60.74205141,-31.57098906],[-60.74198361,-31.57056692]]},"properties":{"layer":"Cuencas","entity_type":"LINE","handle":"1BC1A3"}},{"type":"Feature","geometry":{"type":"LineString","coordinates":[[-60.74198361,-31.57056692],[-60.74178586,-31.57001693]]},"properties":{"layer":"Cuencas","entity_type":"LINE","handle":"1BC1A4"}},{"type":"Feature","geometry":{"type":"LineString","coordinates":[[-60.74178586,-31.57001693],[-60.73981237,-31.5704509]]},"properties":{"layer":"Cuencas","entity_type":"LINE","handle":"1BC1A5"}},{"type":"Feature","geometry":{"type":"LineString","coordinates":[[-60.73981237,-31.5704509],[-60.73957572,-31.57041553]]},"properties":{"layer":"Cuencas","entity_type":"LINE","handle":"1BC1A6"}},{"type":"Feature","geometry":{"type":"LineString","coordinates":[[-60.73957572,-31.57041553],[-60.73916616,-31.57025256]]},"properties":{"layer":"Cuencas","entity_type":"LINE","handle":"1BC1A7"}},{"type":"Feature","geometry":{"type":"LineString","coordinates":[[-60.73916616,-31.57025256],[-60.73832945,-31.57042274]]},"properties":{"layer":"Cuencas","entity_type":"LINE","handle":"1BC1A8"}},{"type":"Feature","geometry":{"type":"LineString","coordinates":[[-60.73832945,-31.57042274],[-60.73783438,-31.57031537]]},"properties":{"layer":"Cuencas","entity_type":"LINE","handle":"1BC1A9"}},{"type":"Feature","geometry":{"type":"LineString","coordinates":[[-60.73783438,-31.57031537],[-60.73772651,-31.57026087]]},"properties":{"layer":"Cuencas","entity_type":"LINE","handle":"1BC1AA"}},{"type":"Feature","geometry":{"type":"LineString","coordinates":[[-60.73772651,-31.57026087],[-60.73614792,-31.57061903]]},"properties":{"layer":"Cuencas","entity_type":"LINE","handle":"1BC1AB"}},{"type":"Feature","geometry":{"type":"LineString","coordinates":[[-60.73614792,-31.57061903],[-60.73591257,-31.57074899]]},"properties":{"layer":"Cuencas","entity_type":"LINE","handle":"1BC1AC"}},{"type":"Feature","geometry":{"type":"LineString","coordinates":[[-60.73591257,-31.57074899],[-60.73110785,-31.57186047]]},"properties":{"layer":"Cuencas","entity_type":"LINE","handle":"1BC1AD"}},{"type":"Feature","geometry":{"type":"LineString","coordinates":[[-60.73110785,-31.57186047],[-60.72995805,-31.57214812]]},"properties":{"layer":"Cuencas","entity_type":"LINE","handle":"1BC1AE"}},{"type":"Feature","geometry":{"type":"LineString","coordinates":[[-60.72995805,-31.57214812],[-60.73005312,-31.5718484]]},"properties":{"layer":"Cuencas","entity_type":"LINE","handle":"1BC1AF"}},{"type":"Feature","geometry":{"type":"LineString","coordinates":[[-60.73005312,-31.5718484],[-60.72999044,-31.5718282]]},"properties":{"layer":"Cuencas","entity_type":"LINE","handle":"1BC1B0"}},{"type":"Feature","geometry":{"type":"LineString","coordinates":[[-60.72999044,-31.5718282],[-60.72975278,-31.57187479]]},"properties":{"layer":"Cuencas","entity_type":"LINE","handle":"1BC1B1"}},{"type":"Feature","geometry":{"type":"LineString","coordinates":[[-60.72975278,-31.57187479],[-60.72953225,-31.5716925]]},"properties":{"layer":"Cuencas","entity_type":"LINE","handle":"1BC1B2"}},{"type":"Feature","geometry":{"type":"LineString","coordinates":[[-60.72953225,-31.5716925],[-60.72938472,-31.5716064]]},"properties":{"layer":"Cuencas","entity_type":"LINE","handle":"1BC1B3"}},{"type":"Feature","geometry":{"type":"LineString","coordinates":[[-60.72938472,-31.5716064],[-60.72922664,-31.57161696]]},"properties":{"layer":"Cuencas","entity_type":"LINE","handle":"1BC1B4"}},{"type":"Feature","geometry":{"type":"LineString","coordinates":[[-60.72922664,-31.57161696],[-60.7287988,-31.57180295]]},"properties":{"layer":"Cuencas","entity_type":"LINE","handle":"1BC1B5"}},{"type":"Feature","geometry":{"type":"LineString","coordinates":[[-60.7287988,-31.57180295],[-60.72877738,-31.5718229]]},"properties":{"layer":"Cuencas","entity_type":"LINE","handle":"1BC1B6"}},{"type":"Feature","geometry":{"type":"LineString","coordinates":[[-60.72877738,-31.5718229],[-60.72874609,-31.57192361]]},"properties":{"layer":"Cuencas","entity_type":"LINE","handle":"1BC1B7"}},{"type":"Feature","geometry":{"type":"LineString","coordinates":[[-60.72874609,-31.57192361],[-60.72835224,-31.57223074]]},"properties":{"layer":"Cuencas","entity_type":"LINE","handle":"1BC1B8"}},{"type":"Feature","geometry":{"type":"LineString","coordinates":[[-60.72835224,-31.57223074],[-60.7280998,-31.57204021]]},"properties":{"layer":"Cuencas","entity_type":"LINE","handle":"1BC1B9"}},{"type":"Feature","geometry":{"type":"LineString","coordinates":[[-60.7280998,-31.57204021],[-60.72514196,-31.57270681]]},"properties":{"layer":"Cuencas","entity_type":"LINE","handle":"1BC1BA"}},{"type":"Feature","geometry":{"type":"LineString","coordinates":[[-60.72514196,-31.57270681],[-60.72507471,-31.5727457]]},"properties":{"layer":"Cuencas","entity_type":"LINE","handle":"1BC1BB"}},{"type":"Feature","geometry":{"type":"LineString","coordinates":[[-60.72507471,-31.5727457],[-60.72492935,-31.57293973]]},"properties":{"layer":"Cuencas","entity_type":"LINE","handle":"1BC1BC"}},{"type":"Feature","geometry":{"type":"LineString","coordinates":[[-60.72492935,-31.57293973],[-60.72479566,-31.573182]]},"properties":{"layer":"Cuencas","entity_type":"LINE","handle":"1BC1BD"}},{"type":"Feature","geometry":{"type":"LineString","coordinates":[[-60.72479566,-31.573182],[-60.72467274,-31.57335658]]},"properties":{"layer":"Cuencas","entity_type":"LINE","handle":"1BC1BE"}},{"type":"Feature","geometry":{"type":"LineString","coordinates":[[-60.72467274,-31.57335658],[-60.7243649,-31.57342595]]},"properties":{"layer":"Cuencas","entity_type":"LINE","handle":"1BC1BF"}},{"type":"Feature","geometry":{"type":"LineString","coordinates":[[-60.7243649,-31.57342595],[-60.72154547,-31.57406015]]},"properties":{"layer":"Cuencas","entity_type":"LINE","handle":"1BC1C0"}},{"type":"Feature","geometry":{"type":"LineString","coordinates":[[-60.72154547,-31.57406015],[-60.72143432,-31.57283007]]},"properties":{"layer":"Cuencas","entity_type":"LINE","handle":"1BC1C1"}},{"type":"Feature","geometry":{"type":"LineString","coordinates":[[-60.72143432,-31.57283007],[-60.72135375,-31.57263732]]},"properties":{"layer":"Cuencas","entity_type":"LINE","handle":"1BC1C2"}},{"type":"Feature","geometry":{"type":"LineString","coordinates":[[-60.72135375,-31.57263732],[-60.72104927,-31.57270666]]},"properties":{"layer":"Cuencas","entity_type":"LINE","handle":"1BC1C3"}},{"type":"Feature","geometry":{"type":"LineString","coordinates":[[-60.72104927,-31.57270666],[-60.72031011,-31.57022477]]},"properties":{"layer":"Cuencas","entity_type":"LINE","handle":"1BC1C4"}},{"type":"Feature","geometry":{"type":"LineString","coordinates":[[-60.72031011,-31.57022477],[-60.7218666,-31.5667968]]},"properties":{"layer":"Cuencas","entity_type":"LINE","handle":"1BC1C5"}},{"type":"Feature","geometry":{"type":"LineString","coordinates":[[-60.7218666,-31.5667968],[-60.72496316,-31.56610623]]},"properties":{"layer":"Cuencas","entity_type":"LINE","handle":"1BC1C6"}},{"type":"Feature","geometry":{"type":"LineString","coordinates":[[-60.72496316,-31.56610623],[-60.73030786,-31.56491444]]},"properties":{"layer":"Cuencas","entity_type":"LINE","handle":"1BC1C7"}},{"type":"Feature","geometry":{"type":"LineString","coordinates":[[-60.73030786,-31.56491444],[-60.73005862,-31.56409325]]},"properties":{"layer":"Cuencas","entity_type":"LINE","handle":"1BC1C8"}},{"type":"Feature","geometry":{"type":"LineString","coordinates":[[-60.73005862,-31.56409325],[-60.73617323,-31.56257833]]},"properties":{"layer":"Cuencas","entity_type":"LINE","handle":"1BC1C9"}},{"type":"Feature","geometry":{"type":"LineString","coordinates":[[-60.73617323,-31.56257833],[-60.73623647,-31.56277153]]},"properties":{"layer":"Cuencas","entity_type":"LINE","handle":"1BC1CA"}},{"type":"Feature","geometry":{"type":"LineString","coordinates":[[-60.73623647,-31.56277153],[-60.73654599,-31.56288412]]},"properties":{"layer":"Cuencas","entity_type":"LINE","handle":"1BC1CB"}},{"type":"Feature","geometry":{"type":"LineString","coordinates":[[-60.73654599,-31.56288412],[-60.73664928,-31.56293631]]},"properties":{"layer":"Cuencas","entity_type":"LINE","handle":"1BC1CC"}},{"type":"Feature","geometry":{"type":"LineString","coordinates":[[-60.73664928,-31.56293631],[-60.74051021,-31.56198671]]},"properties":{"layer":"Cuencas","entity_type":"LINE","handle":"1BC1CD"}},{"type":"Feature","geometry":{"type":"LineString","coordinates":[[-60.74051021,-31.56198671],[-60.74061219,-31.562044]]},"properties":{"layer":"Cuencas","entity_type":"LINE","handle":"1BC1CE"}},{"type":"Feature","geometry":{"type":"LineString","coordinates":[[-60.74061219,-31.562044],[-60.74125885,-31.56225442]]},"properties":{"layer":"Cuencas","entity_type":"LINE","handle":"1BC1CF"}},{"type":"Feature","geometry":{"type":"LineString","coordinates":[[-60.74125885,-31.56225442],[-60.7432721,-31.56178545]]},"properties":{"layer":"Cuencas","entity_type":"LINE","handle":"1BC1D0"}},{"type":"Feature","geometry":{"type":"LineString","coordinates":[[-60.7432721,-31.56178545],[-60.74404227,-31.56160732]]},"properties":{"layer":"Cuencas","entity_type":"LINE","handle":"1BC1D1"}},{"type":"Feature","geometry":{"type":"LineString","coordinates":[[-60.74404227,-31.56160732],[-60.74417616,-31.56145762]]},"properties":{"layer":"Cuencas","entity_type":"LINE","handle":"1BC1D2"}},{"type":"Feature","geometry":{"type":"LineString","coordinates":[[-60.74417616,-31.56145762],[-60.74455882,-31.56133235]]},"properties":{"layer":"Cuencas","entity_type":"LINE","handle":"1BC1D3"}},{"type":"Feature","geometry":{"type":"LineString","coordinates":[[-60.74455882,-31.56133235],[-60.7458365,-31.5609927]]},"properties":{"layer":"Cuencas","entity_type":"LINE","handle":"1BC1D4"}},{"type":"Feature","geometry":{"type":"LineString","coordinates":[[-60.7458365,-31.5609927],[-60.74633399,-31.56023103]]},"properties":{"layer":"Cuencas","entity_type":"LINE","handle":"1BC1D5"}},{"type":"Feature","geometry":{"type":"LineString","coordinates":[[-60.74633399,-31.56023103],[-60.74613613,-31.55947343]]},"properties":{"layer":"Cuencas","entity_type":"LINE","handle":"1BC1D6"}},{"type":"Feature","geometry":{"type":"LineString","coordinates":[[-60.74613613,-31.55947343],[-60.7496549,-31.55871459]]},"properties":{"layer":"Cuencas","entity_type":"LINE","handle":"1BC1D7"}},{"type":"Feature","geometry":{"type":"LineString","coordinates":[[-60.7496549,-31.55871459],[-60.75014873,-31.5604958]]},"properties":{"layer":"Cuencas","entity_type":"LINE","handle":"1BC1D8"}},{"type":"Feature","geometry":{"type":"LineString","coordinates":[[-60.75014873,-31.5604958],[-60.75154453,-31.56112332]]},"properties":{"layer":"Cuencas","entity_type":"LINE","handle":"1BC1D9"}},{"type":"Feature","geometry":{"type":"LineString","coordinates":[[-60.75154453,-31.56112332],[-60.75346175,-31.56116262]]},"properties":{"layer":"Cuencas","entity_type":"LINE","handle":"1BC1DA"}},{"type":"Feature","geometry":{"type":"LineString","coordinates":[[-60.75346175,-31.56116262],[-60.75416869,-31.56086841]]},"properties":{"layer":"Cuencas","entity_type":"LINE","handle":"1BC1DB"}},{"type":"Feature","geometry":{"type":"LineString","coordinates":[[-60.75416869,-31.56086841],[-60.756343,-31.55939522]]},"properties":{"layer":"Cuencas","entity_type":"LINE","handle":"1BC1DC"}},{"type":"Feature","geometry":{"type":"LineString","coordinates":[[-60.756343,-31.55939522],[-60.75664085,-31.55921064]]},"properties":{"layer":"Cuencas","entity_type":"LINE","handle":"1BC1DD"}},{"type":"Feature","geometry":{"type":"LineString","coordinates":[[-60.75664085,-31.55921064],[-60.76180916,-31.55809387]]},"properties":{"layer":"Cuencas","entity_type":"LINE","handle":"1BC1DE"}},{"type":"Feature","geometry":{"type":"LineString","coordinates":[[-60.73978177,-31.56216588],[-60.74050005,-31.56198201]]},"properties":{"layer":"Cuencas","entity_type":"LINE","handle":"1BC1DF"}},{"type":"Feature","geometry":{"type":"LineString","coordinates":[[-60.74788841,-31.57165371],[-60.75039356,-31.57011849]]},"properties":{"layer":"Cuencas","entity_type":"LINE","handle":"1BC1E0"}},{"type":"Feature","geometry":{"type":"LineString","coordinates":[[-60.75039356,-31.57011849],[-60.75515614,-31.56718827]]},"properties":{"layer":"Cuencas","entity_type":"LINE","handle":"1BC1E1"}},{"type":"Feature","geometry":{"type":"LineString","coordinates":[[-60.75515614,-31.56718827],[-60.76036895,-31.56401298]]},"properties":{"layer":"Cuencas","entity_type":"LINE","handle":"1BC1E2"}},{"type":"Feature","geometry":{"type":"LineString","coordinates":[[-60.76036895,-31.56401298],[-60.76184997,-31.5631143]]},"properties":{"layer":"Cuencas","entity_type":"LINE","handle":"1BC1E3"}},{"type":"Feature","geometry":{"type":"LineString","coordinates":[[-60.74050005,-31.56198201],[-60.74063548,-31.5620505]]},"properties":{"layer":"Cuencas","entity_type":"LINE","handle":"1BC1E4"}},{"type":"Feature","geometry":{"type":"LineString","coordinates":[[-60.74063548,-31.5620505],[-60.74067595,-31.56206475]]},"properties":{"layer":"Cuencas","entity_type":"LINE","handle":"1BC1E5"}},{"type":"Feature","geometry":{"type":"LineString","coordinates":[[-60.71656762,-31.55717497],[-60.7171589,-31.55418273]]},"properties":{"layer":"Cuencas","entity_type":"LINE","handle":"1BC1E6"}},{"type":"Feature","geometry":{"type":"LineString","coordinates":[[-60.75612665,-31.57928307],[-60.75255768,-31.58003376]]},"properties":{"layer":"Cuencas","entity_type":"LINE","handle":"1BC1EF"}},{"type":"Feature","geometry":{"type":"LineString","coordinates":[[-60.75255768,-31.58003376],[-60.74320277,-31.5820787]]},"properties":{"layer":"Cuencas","entity_type":"LINE","handle":"1BC1F0"}},{"type":"Feature","geometry":{"type":"LineString","coordinates":[[-60.74320277,-31.5820787],[-60.73913413,-31.58293574]]},"properties":{"layer":"Cuencas","entity_type":"LINE","handle":"1BC1F1"}},{"type":"Feature","geometry":{"type":"LineString","coordinates":[[-60.73913413,-31.58293574],[-60.7383638,-31.58315689]]},"properties":{"layer":"Cuencas","entity_type":"LINE","handle":"1BC1F2"}},{"type":"Feature","geometry":{"type":"LineString","coordinates":[[-60.7383638,-31.58315689],[-60.73817184,-31.58354139]]},"properties":{"layer":"Cuencas","entity_type":"LINE","handle":"1BC1F3"}},{"type":"Feature","geometry":{"type":"LineString","coordinates":[[-60.73817184,-31.58354139],[-60.73787975,-31.58359308]]},"properties":{"layer":"Cuencas","entity_type":"LINE","handle":"1BC1F4"}},{"type":"Feature","geometry":{"type":"LineString","coordinates":[[-60.73787975,-31.58359308],[-60.7378028,-31.58372687]]},"properties":{"layer":"Cuencas","entity_type":"LINE","handle":"1BC1F5"}},{"type":"Feature","geometry":{"type":"LineString","coordinates":[[-60.7378028,-31.58372687],[-60.73768778,-31.58397757]]},"properties":{"layer":"Cuencas","entity_type":"LINE","handle":"1BC1F6"}},{"type":"Feature","geometry":{"type":"LineString","coordinates":[[-60.73768778,-31.58397757],[-60.73609134,-31.58430349]]},"properties":{"layer":"Cuencas","entity_type":"LINE","handle":"1BC1F7"}},{"type":"Feature","geometry":{"type":"LineString","coordinates":[[-60.73609134,-31.58430349],[-60.73544012,-31.5840572]]},"properties":{"layer":"Cuencas","entity_type":"LINE","handle":"1BC1F8"}},{"type":"Feature","geometry":{"type":"LineString","coordinates":[[-60.73544012,-31.5840572],[-60.73503378,-31.5844596]]},"properties":{"layer":"Cuencas","entity_type":"LINE","handle":"1BC1F9"}},{"type":"Feature","geometry":{"type":"LineString","coordinates":[[-60.73503378,-31.5844596],[-60.73396289,-31.58466578]]},"properties":{"layer":"Cuencas","entity_type":"LINE","handle":"1BC1FA"}},{"type":"Feature","geometry":{"type":"LineString","coordinates":[[-60.73396289,-31.58466578],[-60.73382183,-31.58408318]]},"properties":{"layer":"Cuencas","entity_type":"LINE","handle":"1BC1FB"}},{"type":"Feature","geometry":{"type":"LineString","coordinates":[[-60.73382183,-31.58408318],[-60.73345186,-31.58415198]]},"properties":{"layer":"Cuencas","entity_type":"LINE","handle":"1BC1FC"}},{"type":"Feature","geometry":{"type":"LineString","coordinates":[[-60.73345186,-31.58415198],[-60.73315886,-31.58408698]]},"properties":{"layer":"Cuencas","entity_type":"LINE","handle":"1BC1FD"}},{"type":"Feature","geometry":{"type":"LineString","coordinates":[[-60.73315886,-31.58408698],[-60.73290576,-31.58413844]]},"properties":{"layer":"Cuencas","entity_type":"LINE","handle":"1BC1FE"}},{"type":"Feature","geometry":{"type":"LineString","coordinates":[[-60.73290576,-31.58413844],[-60.73263577,-31.58452337]]},"properties":{"layer":"Cuencas","entity_type":"LINE","handle":"1BC1FF"}},{"type":"Feature","geometry":{"type":"LineString","coordinates":[[-60.73263577,-31.58452337],[-60.73238598,-31.58454617]]},"properties":{"layer":"Cuencas","entity_type":"LINE","handle":"1BC200"}},{"type":"Feature","geometry":{"type":"LineString","coordinates":[[-60.73238598,-31.58454617],[-60.73211258,-31.58445339]]},"properties":{"layer":"Cuencas","entity_type":"LINE","handle":"1BC201"}},{"type":"Feature","geometry":{"type":"LineString","coordinates":[[-60.73211258,-31.58445339],[-60.73164507,-31.58525003]]},"properties":{"layer":"Cuencas","entity_type":"LINE","handle":"1BC202"}},{"type":"Feature","geometry":{"type":"LineString","coordinates":[[-60.73164507,-31.58525003],[-60.73115872,-31.58504561]]},"properties":{"layer":"Cuencas","entity_type":"LINE","handle":"1BC203"}},{"type":"Feature","geometry":{"type":"LineString","coordinates":[[-60.73115872,-31.58504561],[-60.73079568,-31.58511361]]},"properties":{"layer":"Cuencas","entity_type":"LINE","handle":"1BC204"}},{"type":"Feature","geometry":{"type":"LineString","coordinates":[[-60.73079568,-31.58511361],[-60.73073061,-31.58524584]]},"properties":{"layer":"Cuencas","entity_type":"LINE","handle":"1BC205"}},{"type":"Feature","geometry":{"type":"LineString","coordinates":[[-60.73073061,-31.58524584],[-60.73033453,-31.58531403]]},"properties":{"layer":"Cuencas","entity_type":"LINE","handle":"1BC206"}},{"type":"Feature","geometry":{"type":"LineString","coordinates":[[-60.73033453,-31.58531403],[-60.73014651,-31.58522092]]},"properties":{"layer":"Cuencas","entity_type":"LINE","handle":"1BC207"}},{"type":"Feature","geometry":{"type":"LineString","coordinates":[[-60.73014651,-31.58522092],[-60.72966244,-31.58530845]]},"properties":{"layer":"Cuencas","entity_type":"LINE","handle":"1BC208"}},{"type":"Feature","geometry":{"type":"LineString","coordinates":[[-60.72966244,-31.58530845],[-60.72957548,-31.58545964]]},"properties":{"layer":"Cuencas","entity_type":"LINE","handle":"1BC209"}},{"type":"Feature","geometry":{"type":"LineString","coordinates":[[-60.72957548,-31.58545964],[-60.72921236,-31.58551823]]},"properties":{"layer":"Cuencas","entity_type":"LINE","handle":"1BC20A"}},{"type":"Feature","geometry":{"type":"LineString","coordinates":[[-60.72921236,-31.58551823],[-60.72904302,-31.58541747]]},"properties":{"layer":"Cuencas","entity_type":"LINE","handle":"1BC20B"}},{"type":"Feature","geometry":{"type":"LineString","coordinates":[[-60.72904302,-31.58541747],[-60.72863606,-31.58550456]]},"properties":{"layer":"Cuencas","entity_type":"LINE","handle":"1BC20C"}},{"type":"Feature","geometry":{"type":"LineString","coordinates":[[-60.72863606,-31.58550456],[-60.7285275,-31.58571238]]},"properties":{"layer":"Cuencas","entity_type":"LINE","handle":"1BC20D"}},{"type":"Feature","geometry":{"type":"LineString","coordinates":[[-60.7285275,-31.58571238],[-60.7281865,-31.58578025]]},"properties":{"layer":"Cuencas","entity_type":"LINE","handle":"1BC20E"}},{"type":"Feature","geometry":{"type":"LineString","coordinates":[[-60.7281865,-31.58578025],[-60.72800942,-31.58567766]]},"properties":{"layer":"Cuencas","entity_type":"LINE","handle":"1BC20F"}},{"type":"Feature","geometry":{"type":"LineString","coordinates":[[-60.72800942,-31.58567766],[-60.72756919,-31.58573668]]},"properties":{"layer":"Cuencas","entity_type":"LINE","handle":"1BC210"}},{"type":"Feature","geometry":{"type":"LineString","coordinates":[[-60.72756919,-31.58573668],[-60.72747151,-31.5859256]]},"properties":{"layer":"Cuencas","entity_type":"LINE","handle":"1BC211"}},{"type":"Feature","geometry":{"type":"LineString","coordinates":[[-60.72747151,-31.5859256],[-60.72718544,-31.58597432]]},"properties":{"layer":"Cuencas","entity_type":"LINE","handle":"1BC212"}},{"type":"Feature","geometry":{"type":"LineString","coordinates":[[-60.72718544,-31.58597432],[-60.72686485,-31.58583487]]},"properties":{"layer":"Cuencas","entity_type":"LINE","handle":"1BC213"}},{"type":"Feature","geometry":{"type":"LineString","coordinates":[[-60.72686485,-31.58583487],[-60.72649087,-31.58591234]]},"properties":{"layer":"Cuencas","entity_type":"LINE","handle":"1BC214"}},{"type":"Feature","geometry":{"type":"LineString","coordinates":[[-60.72649087,-31.58591234],[-60.72631613,-31.58611112]]},"properties":{"layer":"Cuencas","entity_type":"LINE","handle":"1BC215"}},{"type":"Feature","geometry":{"type":"LineString","coordinates":[[-60.72631613,-31.58611112],[-60.72624547,-31.58606299]]},"properties":{"layer":"Cuencas","entity_type":"LINE","handle":"1BC216"}},{"type":"Feature","geometry":{"type":"LineString","coordinates":[[-60.72624547,-31.58606299],[-60.72604573,-31.5858945]]},"properties":{"layer":"Cuencas","entity_type":"LINE","handle":"1BC217"}},{"type":"Feature","geometry":{"type":"LineString","coordinates":[[-60.72604573,-31.5858945],[-60.72604508,-31.58581116]]},"properties":{"layer":"Cuencas","entity_type":"LINE","handle":"1BC218"}},{"type":"Feature","geometry":{"type":"LineString","coordinates":[[-60.72604508,-31.58581116],[-60.72565458,-31.5857467]]},"properties":{"layer":"Cuencas","entity_type":"LINE","handle":"1BC219"}},{"type":"Feature","geometry":{"type":"LineString","coordinates":[[-60.72565458,-31.5857467],[-60.72485136,-31.58526786]]},"properties":{"layer":"Cuencas","entity_type":"LINE","handle":"1BC21A"}},{"type":"Feature","geometry":{"type":"LineString","coordinates":[[-60.72485136,-31.58526786],[-60.72235878,-31.58571537]]},"properties":{"layer":"Cuencas","entity_type":"LINE","handle":"1BC21B"}},{"type":"Feature","geometry":{"type":"LineString","coordinates":[[-60.72235878,-31.58571537],[-60.72173004,-31.58510217]]},"properties":{"layer":"Cuencas","entity_type":"LINE","handle":"1BC21C"}},{"type":"Feature","geometry":{"type":"LineString","coordinates":[[-60.72173004,-31.58510217],[-60.72040562,-31.58530967]]},"properties":{"layer":"Cuencas","entity_type":"LINE","handle":"1BC21D"}},{"type":"Feature","geometry":{"type":"LineString","coordinates":[[-60.72040562,-31.58530967],[-60.71954611,-31.58511449]]},"properties":{"layer":"Cuencas","entity_type":"LINE","handle":"1BC21E"}},{"type":"Feature","geometry":{"type":"LineString","coordinates":[[-60.71954611,-31.58511449],[-60.71955447,-31.58366424]]},"properties":{"layer":"Cuencas","entity_type":"LINE","handle":"1BC21F"}},{"type":"Feature","geometry":{"type":"LineString","coordinates":[[-60.71955447,-31.58366424],[-60.7199814,-31.58339513]]},"properties":{"layer":"Cuencas","entity_type":"LINE","handle":"1BC220"}},{"type":"Feature","geometry":{"type":"LineString","coordinates":[[-60.7199814,-31.58339513],[-60.72033199,-31.58334315]]},"properties":{"layer":"Cuencas","entity_type":"LINE","handle":"1BC221"}},{"type":"Feature","geometry":{"type":"LineString","coordinates":[[-60.72033199,-31.58334315],[-60.72038985,-31.58325948]]},"properties":{"layer":"Cuencas","entity_type":"LINE","handle":"1BC222"}},{"type":"Feature","geometry":{"type":"LineString","coordinates":[[-60.72038985,-31.58325948],[-60.72052506,-31.58309203]]},"properties":{"layer":"Cuencas","entity_type":"LINE","handle":"1BC223"}},{"type":"Feature","geometry":{"type":"LineString","coordinates":[[-60.72052506,-31.58309203],[-60.72145998,-31.5829534]]},"properties":{"layer":"Cuencas","entity_type":"LINE","handle":"1BC224"}},{"type":"Feature","geometry":{"type":"LineString","coordinates":[[-60.72145998,-31.5829534],[-60.7213588,-31.58247571]]},"properties":{"layer":"Cuencas","entity_type":"LINE","handle":"1BC225"}},{"type":"Feature","geometry":{"type":"LineString","coordinates":[[-60.7213588,-31.58247571],[-60.72182626,-31.5824064]]},"properties":{"layer":"Cuencas","entity_type":"LINE","handle":"1BC226"}},{"type":"Feature","geometry":{"type":"LineString","coordinates":[[-60.72182626,-31.5824064],[-60.72194415,-31.58252241]]},"properties":{"layer":"Cuencas","entity_type":"LINE","handle":"1BC227"}},{"type":"Feature","geometry":{"type":"LineString","coordinates":[[-60.72194415,-31.58252241],[-60.72227525,-31.58247053]]},"properties":{"layer":"Cuencas","entity_type":"LINE","handle":"1BC228"}},{"type":"Feature","geometry":{"type":"LineString","coordinates":[[-60.72227525,-31.58247053],[-60.72239134,-31.5823532]]},"properties":{"layer":"Cuencas","entity_type":"LINE","handle":"1BC229"}},{"type":"Feature","geometry":{"type":"LineString","coordinates":[[-60.72239134,-31.5823532],[-60.72237081,-31.58221996]]},"properties":{"layer":"Cuencas","entity_type":"LINE","handle":"1BC22A"}},{"type":"Feature","geometry":{"type":"LineString","coordinates":[[-60.72237081,-31.58221996],[-60.72486356,-31.58180579]]},"properties":{"layer":"Cuencas","entity_type":"LINE","handle":"1BC22B"}},{"type":"Feature","geometry":{"type":"LineString","coordinates":[[-60.72486356,-31.58180579],[-60.7251337,-31.58143754]]},"properties":{"layer":"Cuencas","entity_type":"LINE","handle":"1BC22C"}},{"type":"Feature","geometry":{"type":"LineString","coordinates":[[-60.7251337,-31.58143754],[-60.72517231,-31.58138731]]},"properties":{"layer":"Cuencas","entity_type":"LINE","handle":"1BC22D"}},{"type":"Feature","geometry":{"type":"LineString","coordinates":[[-60.72517231,-31.58138731],[-60.72525056,-31.58142021]]},"properties":{"layer":"Cuencas","entity_type":"LINE","handle":"1BC22E"}},{"type":"Feature","geometry":{"type":"LineString","coordinates":[[-60.72525056,-31.58142021],[-60.72575946,-31.58166735]]},"properties":{"layer":"Cuencas","entity_type":"LINE","handle":"1BC22F"}},{"type":"Feature","geometry":{"type":"LineString","coordinates":[[-60.72575946,-31.58166735],[-60.72636314,-31.58156391]]},"properties":{"layer":"Cuencas","entity_type":"LINE","handle":"1BC230"}},{"type":"Feature","geometry":{"type":"LineString","coordinates":[[-60.72636314,-31.58156391],[-60.72645999,-31.58148001]]},"properties":{"layer":"Cuencas","entity_type":"LINE","handle":"1BC231"}},{"type":"Feature","geometry":{"type":"LineString","coordinates":[[-60.72645999,-31.58148001],[-60.72661456,-31.58129578]]},"properties":{"layer":"Cuencas","entity_type":"LINE","handle":"1BC232"}},{"type":"Feature","geometry":{"type":"LineString","coordinates":[[-60.72661456,-31.58129578],[-60.72647393,-31.58076317]]},"properties":{"layer":"Cuencas","entity_type":"LINE","handle":"1BC233"}},{"type":"Feature","geometry":{"type":"LineString","coordinates":[[-60.72647393,-31.58076317],[-60.72651086,-31.58049626]]},"properties":{"layer":"Cuencas","entity_type":"LINE","handle":"1BC234"}},{"type":"Feature","geometry":{"type":"LineString","coordinates":[[-60.72651086,-31.58049626],[-60.72650943,-31.58031291]]},"properties":{"layer":"Cuencas","entity_type":"LINE","handle":"1BC235"}},{"type":"Feature","geometry":{"type":"LineString","coordinates":[[-60.72650943,-31.58031291],[-60.72623426,-31.5800311]]},"properties":{"layer":"Cuencas","entity_type":"LINE","handle":"1BC236"}},{"type":"Feature","geometry":{"type":"LineString","coordinates":[[-60.72623426,-31.5800311],[-60.72609282,-31.57989031]]},"properties":{"layer":"Cuencas","entity_type":"LINE","handle":"1BC237"}},{"type":"Feature","geometry":{"type":"LineString","coordinates":[[-60.72609282,-31.57989031],[-60.7262067,-31.57948961]]},"properties":{"layer":"Cuencas","entity_type":"LINE","handle":"1BC238"}},{"type":"Feature","geometry":{"type":"LineString","coordinates":[[-60.7262067,-31.57948961],[-60.72640065,-31.57935516]]},"properties":{"layer":"Cuencas","entity_type":"LINE","handle":"1BC239"}},{"type":"Feature","geometry":{"type":"LineString","coordinates":[[-60.72640065,-31.57935516],[-60.72659421,-31.5791707]]},"properties":{"layer":"Cuencas","entity_type":"LINE","handle":"1BC23A"}},{"type":"Feature","geometry":{"type":"LineString","coordinates":[[-60.72659421,-31.5791707],[-60.72635791,-31.578872]]},"properties":{"layer":"Cuencas","entity_type":"LINE","handle":"1BC23B"}},{"type":"Feature","geometry":{"type":"LineString","coordinates":[[-60.72635791,-31.578872],[-60.72640735,-31.57770489]]},"properties":{"layer":"Cuencas","entity_type":"LINE","handle":"1BC23C"}},{"type":"Feature","geometry":{"type":"LineString","coordinates":[[-60.72640735,-31.57770489],[-60.72592029,-31.57775767]]},"properties":{"layer":"Cuencas","entity_type":"LINE","handle":"1BC23D"}},{"type":"Feature","geometry":{"type":"LineString","coordinates":[[-60.72592029,-31.57775767],[-60.72561237,-31.57766792]]},"properties":{"layer":"Cuencas","entity_type":"LINE","handle":"1BC23E"}},{"type":"Feature","geometry":{"type":"LineString","coordinates":[[-60.72561237,-31.57766792],[-60.72550994,-31.57764331]]},"properties":{"layer":"Cuencas","entity_type":"LINE","handle":"1BC23F"}},{"type":"Feature","geometry":{"type":"LineString","coordinates":[[-60.72550994,-31.57764331],[-60.72540605,-31.57760067]]},"properties":{"layer":"Cuencas","entity_type":"LINE","handle":"1BC240"}},{"type":"Feature","geometry":{"type":"LineString","coordinates":[[-60.72540605,-31.57760067],[-60.72525505,-31.5774614]]},"properties":{"layer":"Cuencas","entity_type":"LINE","handle":"1BC241"}},{"type":"Feature","geometry":{"type":"LineString","coordinates":[[-60.72525505,-31.5774614],[-60.72482648,-31.57751384]]},"properties":{"layer":"Cuencas","entity_type":"LINE","handle":"1BC242"}},{"type":"Feature","geometry":{"type":"LineString","coordinates":[[-60.72482648,-31.57751384],[-60.7245907,-31.57728181]]},"properties":{"layer":"Cuencas","entity_type":"LINE","handle":"1BC243"}},{"type":"Feature","geometry":{"type":"LineString","coordinates":[[-60.7245907,-31.57728181],[-60.72454609,-31.57655541]]},"properties":{"layer":"Cuencas","entity_type":"LINE","handle":"1BC244"}},{"type":"Feature","geometry":{"type":"LineString","coordinates":[[-60.72454609,-31.57655541],[-60.72444138,-31.57562254]]},"properties":{"layer":"Cuencas","entity_type":"LINE","handle":"1BC245"}},{"type":"Feature","geometry":{"type":"LineString","coordinates":[[-60.72444138,-31.57562254],[-60.72480861,-31.57520374]]},"properties":{"layer":"Cuencas","entity_type":"LINE","handle":"1BC246"}},{"type":"Feature","geometry":{"type":"LineString","coordinates":[[-60.72480861,-31.57520374],[-60.724668,-31.57467113]]},"properties":{"layer":"Cuencas","entity_type":"LINE","handle":"1BC247"}},{"type":"Feature","geometry":{"type":"LineString","coordinates":[[-60.724668,-31.57467113],[-60.7242565,-31.57440676]]},"properties":{"layer":"Cuencas","entity_type":"LINE","handle":"1BC248"}},{"type":"Feature","geometry":{"type":"LineString","coordinates":[[-60.7242565,-31.57440676],[-60.72417668,-31.57367461]]},"properties":{"layer":"Cuencas","entity_type":"LINE","handle":"1BC249"}},{"type":"Feature","geometry":{"type":"LineString","coordinates":[[-60.72417668,-31.57367461],[-60.72405915,-31.57349473]]},"properties":{"layer":"Cuencas","entity_type":"LINE","handle":"1BC24A"}},{"type":"Feature","geometry":{"type":"LineString","coordinates":[[-60.73110785,-31.57186047],[-60.73591257,-31.57074899]]},"properties":{"layer":"Cuencas","entity_type":"LINE","handle":"1BC24B"}},{"type":"Feature","geometry":{"type":"LineString","coordinates":[[-60.73591257,-31.57074899],[-60.73614792,-31.57061903]]},"properties":{"layer":"Cuencas","entity_type":"LINE","handle":"1BC24C"}},{"type":"Feature","geometry":{"type":"LineString","coordinates":[[-60.73614792,-31.57061903],[-60.73772651,-31.57026087]]},"properties":{"layer":"Cuencas","entity_type":"LINE","handle":"1BC24D"}},{"type":"Feature","geometry":{"type":"LineString","coordinates":[[-60.73772651,-31.57026087],[-60.73783438,-31.57031537]]},"properties":{"layer":"Cuencas","entity_type":"LINE","handle":"1BC24E"}},{"type":"Feature","geometry":{"type":"LineString","coordinates":[[-60.73783438,-31.57031537],[-60.73832945,-31.57042274]]},"properties":{"layer":"Cuencas","entity_type":"LINE","handle":"1BC24F"}},{"type":"Feature","geometry":{"type":"LineString","coordinates":[[-60.73832945,-31.57042274],[-60.73916616,-31.57025256]]},"properties":{"layer":"Cuencas","entity_type":"LINE","handle":"1BC250"}},{"type":"Feature","geometry":{"type":"LineString","coordinates":[[-60.73916616,-31.57025256],[-60.73957572,-31.57041553]]},"properties":{"layer":"Cuencas","entity_type":"LINE","handle":"1BC251"}},{"type":"Feature","geometry":{"type":"LineString","coordinates":[[-60.73957572,-31.57041553],[-60.73981237,-31.5704509]]},"properties":{"layer":"Cuencas","entity_type":"LINE","handle":"1BC252"}},{"type":"Feature","geometry":{"type":"LineString","coordinates":[[-60.73981237,-31.5704509],[-60.74178586,-31.57001693]]},"properties":{"layer":"Cuencas","entity_type":"LINE","handle":"1BC253"}},{"type":"Feature","geometry":{"type":"LineString","coordinates":[[-60.74178586,-31.57001693],[-60.74198361,-31.57056692]]},"properties":{"layer":"Cuencas","entity_type":"LINE","handle":"1BC254"}},{"type":"Feature","geometry":{"type":"LineString","coordinates":[[-60.74198361,-31.57056692],[-60.74205141,-31.57098906]]},"properties":{"layer":"Cuencas","entity_type":"LINE","handle":"1BC255"}},{"type":"Feature","geometry":{"type":"LineString","coordinates":[[-60.74205141,-31.57098906],[-60.74167287,-31.57203095]]},"properties":{"layer":"Cuencas","entity_type":"LINE","handle":"1BC256"}},{"type":"Feature","geometry":{"type":"LineString","coordinates":[[-60.74167287,-31.57203095],[-60.74142127,-31.57282237]]},"properties":{"layer":"Cuencas","entity_type":"LINE","handle":"1BC257"}},{"type":"Feature","geometry":{"type":"LineString","coordinates":[[-60.74142127,-31.57282237],[-60.74176595,-31.5729306]]},"properties":{"layer":"Cuencas","entity_type":"LINE","handle":"1BC258"}},{"type":"Feature","geometry":{"type":"LineString","coordinates":[[-60.74176595,-31.5729306],[-60.74229461,-31.57456258]]},"properties":{"layer":"Cuencas","entity_type":"LINE","handle":"1BC259"}},{"type":"Feature","geometry":{"type":"LineString","coordinates":[[-60.74229461,-31.57456258],[-60.74259807,-31.5748915]]},"properties":{"layer":"Cuencas","entity_type":"LINE","handle":"1BC25A"}},{"type":"Feature","geometry":{"type":"LineString","coordinates":[[-60.74259807,-31.5748915],[-60.74637249,-31.57259147]]},"properties":{"layer":"Cuencas","entity_type":"LINE","handle":"1BC25B"}},{"type":"Feature","geometry":{"type":"LineString","coordinates":[[-60.74637249,-31.57259147],[-60.74788841,-31.57165371]]},"properties":{"layer":"Cuencas","entity_type":"LINE","handle":"1BC25C"}},{"type":"Feature","geometry":{"type":"LineString","coordinates":[[-60.74788841,-31.57165371],[-60.74746764,-31.57249321]]},"properties":{"layer":"Cuencas","entity_type":"LINE","handle":"1BC25D"}},{"type":"Feature","geometry":{"type":"LineString","coordinates":[[-60.74746764,-31.57249321],[-60.74727791,-31.57295361]]},"properties":{"layer":"Cuencas","entity_type":"LINE","handle":"1BC25E"}},{"type":"Feature","geometry":{"type":"LineString","coordinates":[[-60.74727791,-31.57295361],[-60.74717238,-31.57319305]]},"properties":{"layer":"Cuencas","entity_type":"LINE","handle":"1BC25F"}},{"type":"Feature","geometry":{"type":"LineString","coordinates":[[-60.74717238,-31.57319305],[-60.74700472,-31.5737268]]},"properties":{"layer":"Cuencas","entity_type":"LINE","handle":"1BC260"}},{"type":"Feature","geometry":{"type":"LineString","coordinates":[[-60.74700472,-31.5737268],[-60.74687975,-31.57422355]]},"properties":{"layer":"Cuencas","entity_type":"LINE","handle":"1BC261"}},{"type":"Feature","geometry":{"type":"LineString","coordinates":[[-60.74687975,-31.57422355],[-60.74677802,-31.57494063]]},"properties":{"layer":"Cuencas","entity_type":"LINE","handle":"1BC262"}},{"type":"Feature","geometry":{"type":"LineString","coordinates":[[-60.74677802,-31.57494063],[-60.74676063,-31.57545512]]},"properties":{"layer":"Cuencas","entity_type":"LINE","handle":"1BC263"}},{"type":"Feature","geometry":{"type":"LineString","coordinates":[[-60.74676063,-31.57545512],[-60.7468713,-31.57585864]]},"properties":{"layer":"Cuencas","entity_type":"LINE","handle":"1BC264"}},{"type":"Feature","geometry":{"type":"LineString","coordinates":[[-60.7468713,-31.57585864],[-60.74713644,-31.57677]]},"properties":{"layer":"Cuencas","entity_type":"LINE","handle":"1BC265"}},{"type":"Feature","geometry":{"type":"LineString","coordinates":[[-60.74713644,-31.57677],[-60.74771707,-31.57682171]]},"properties":{"layer":"Cuencas","entity_type":"LINE","handle":"1BC266"}},{"type":"Feature","geometry":{"type":"LineString","coordinates":[[-60.74771707,-31.57682171],[-60.74917948,-31.57696012]]},"properties":{"layer":"Cuencas","entity_type":"LINE","handle":"1BC267"}},{"type":"Feature","geometry":{"type":"LineString","coordinates":[[-60.74917948,-31.57696012],[-60.75180008,-31.57681613]]},"properties":{"layer":"Cuencas","entity_type":"LINE","handle":"1BC268"}},{"type":"Feature","geometry":{"type":"LineString","coordinates":[[-60.75180008,-31.57681613],[-60.75420548,-31.57663662]]},"properties":{"layer":"Cuencas","entity_type":"LINE","handle":"1BC269"}},{"type":"Feature","geometry":{"type":"LineString","coordinates":[[-60.70233294,-31.6037585],[-60.7023414,-31.60376187]]},"properties":{"layer":"Cuencas","entity_type":"LINE","handle":"1BC26A"}},{"type":"Feature","geometry":{"type":"LineString","coordinates":[[-60.70072255,-31.60236709],[-60.70099066,-31.60249754]]},"properties":{"layer":"Cuencas","entity_type":"LINE","handle":"1BC26B"}},{"type":"Feature","geometry":{"type":"LineString","coordinates":[[-60.71955447,-31.58366424],[-60.7186603,-31.58325473]]},"properties":{"layer":"Cuencas","entity_type":"LINE","handle":"1BC26C"}},{"type":"Feature","geometry":{"type":"LineString","coordinates":[[-60.7186603,-31.58325473],[-60.71159854,-31.58446843]]},"properties":{"layer":"Cuencas","entity_type":"LINE","handle":"1BC26D"}},{"type":"Feature","geometry":{"type":"LineString","coordinates":[[-60.71159854,-31.58446843],[-60.71157831,-31.58446667]]},"properties":{"layer":"Cuencas","entity_type":"LINE","handle":"1BC26E"}},{"type":"Feature","geometry":{"type":"LineString","coordinates":[[-60.71157831,-31.58446667],[-60.71115535,-31.58454835]]},"properties":{"layer":"Cuencas","entity_type":"LINE","handle":"1BC26F"}},{"type":"Feature","geometry":{"type":"LineString","coordinates":[[-60.71115535,-31.58454835],[-60.70959709,-31.58401075]]},"properties":{"layer":"Cuencas","entity_type":"LINE","handle":"1BC270"}},{"type":"Feature","geometry":{"type":"LineString","coordinates":[[-60.70959709,-31.58401075],[-60.70813737,-31.58790675]]},"properties":{"layer":"Cuencas","entity_type":"LINE","handle":"1BC271"}},{"type":"Feature","geometry":{"type":"LineString","coordinates":[[-60.70813737,-31.58790675],[-60.70732246,-31.58756413]]},"properties":{"layer":"Cuencas","entity_type":"LINE","handle":"1BC272"}},{"type":"Feature","geometry":{"type":"LineString","coordinates":[[-60.70732246,-31.58756413],[-60.70653865,-31.5877536]]},"properties":{"layer":"Cuencas","entity_type":"LINE","handle":"1BC273"}},{"type":"Feature","geometry":{"type":"LineString","coordinates":[[-60.70653865,-31.5877536],[-60.70605547,-31.58831169]]},"properties":{"layer":"Cuencas","entity_type":"LINE","handle":"1BC274"}},{"type":"Feature","geometry":{"type":"LineString","coordinates":[[-60.70605547,-31.58831169],[-60.70507881,-31.58806252]]},"properties":{"layer":"Cuencas","entity_type":"LINE","handle":"1BC275"}},{"type":"Feature","geometry":{"type":"LineString","coordinates":[[-60.70507881,-31.58806252],[-60.70328397,-31.58847498]]},"properties":{"layer":"Cuencas","entity_type":"LINE","handle":"1BC276"}},{"type":"Feature","geometry":{"type":"LineString","coordinates":[[-60.70328397,-31.58847498],[-60.70356152,-31.589376]]},"properties":{"layer":"Cuencas","entity_type":"LINE","handle":"1BC277"}},{"type":"Feature","geometry":{"type":"LineString","coordinates":[[-60.70356152,-31.589376],[-60.69896575,-31.5903732]]},"properties":{"layer":"Cuencas","entity_type":"LINE","handle":"1BC278"}},{"type":"Feature","geometry":{"type":"LineString","coordinates":[[-60.69896575,-31.5903732],[-60.69820466,-31.58998394]]},"properties":{"layer":"Cuencas","entity_type":"LINE","handle":"1BC279"}},{"type":"Feature","geometry":{"type":"LineString","coordinates":[[-60.69820466,-31.58998394],[-60.69544388,-31.59123469]]},"properties":{"layer":"Cuencas","entity_type":"LINE","handle":"1BC27A"}},{"type":"Feature","geometry":{"type":"LineString","coordinates":[[-60.69544388,-31.59123469],[-60.69430853,-31.59149543]]},"properties":{"layer":"Cuencas","entity_type":"LINE","handle":"1BC27B"}},{"type":"Feature","geometry":{"type":"LineString","coordinates":[[-60.69430853,-31.59149543],[-60.69466947,-31.59269686]]},"properties":{"layer":"Cuencas","entity_type":"LINE","handle":"1BC27C"}},{"type":"Feature","geometry":{"type":"LineString","coordinates":[[-60.69466947,-31.59269686],[-60.69391249,-31.59286297]]},"properties":{"layer":"Cuencas","entity_type":"LINE","handle":"1BC27D"}},{"type":"Feature","geometry":{"type":"LineString","coordinates":[[-60.69391249,-31.59286297],[-60.69386487,-31.59399047]]},"properties":{"layer":"Cuencas","entity_type":"LINE","handle":"1BC27E"}},{"type":"Feature","geometry":{"type":"LineString","coordinates":[[-60.69386487,-31.59399047],[-60.69416489,-31.59495916]]},"properties":{"layer":"Cuencas","entity_type":"LINE","handle":"1BC27F"}},{"type":"Feature","geometry":{"type":"LineString","coordinates":[[-60.72613796,-31.58598976],[-60.72614268,-31.58597628]]},"properties":{"layer":"Cuencas","entity_type":"LINE","handle":"1BC280"}},{"type":"Feature","geometry":{"type":"LineString","coordinates":[[-60.6997713,-31.61056075],[-60.69967374,-31.61063393]]},"properties":{"layer":"Cuencas","entity_type":"LINE","handle":"1BC281"}},{"type":"Feature","geometry":{"type":"LineString","coordinates":[[-60.69967374,-31.61063393],[-60.69957393,-31.61066801]]},"properties":{"layer":"Cuencas","entity_type":"LINE","handle":"1BC282"}},{"type":"Feature","geometry":{"type":"LineString","coordinates":[[-60.69957393,-31.61066801],[-60.69926672,-31.61069204]]},"properties":{"layer":"Cuencas","entity_type":"LINE","handle":"1BC283"}},{"type":"Feature","geometry":{"type":"LineString","coordinates":[[-60.69926672,-31.61069204],[-60.69921353,-31.61057498]]},"properties":{"layer":"Cuencas","entity_type":"LINE","handle":"1BC284"}},{"type":"Feature","geometry":{"type":"LineString","coordinates":[[-60.69921353,-31.61057498],[-60.69894464,-31.61047586]]},"properties":{"layer":"Cuencas","entity_type":"LINE","handle":"1BC285"}},{"type":"Feature","geometry":{"type":"LineString","coordinates":[[-60.69894464,-31.61047586],[-60.69887095,-31.61024155]]},"properties":{"layer":"Cuencas","entity_type":"LINE","handle":"1BC286"}},{"type":"Feature","geometry":{"type":"LineString","coordinates":[[-60.69887095,-31.61024155],[-60.69903998,-31.61010651]]},"properties":{"layer":"Cuencas","entity_type":"LINE","handle":"1BC287"}},{"type":"Feature","geometry":{"type":"LineString","coordinates":[[-60.69903998,-31.61010651],[-60.69884049,-31.60966612]]},"properties":{"layer":"Cuencas","entity_type":"LINE","handle":"1BC288"}},{"type":"Feature","geometry":{"type":"LineString","coordinates":[[-60.69884049,-31.60966612],[-60.69855656,-31.60956708]]},"properties":{"layer":"Cuencas","entity_type":"LINE","handle":"1BC289"}},{"type":"Feature","geometry":{"type":"LineString","coordinates":[[-60.69855656,-31.60956708],[-60.69834699,-31.60952911]]},"properties":{"layer":"Cuencas","entity_type":"LINE","handle":"1BC28A"}},{"type":"Feature","geometry":{"type":"LineString","coordinates":[[-60.69834699,-31.60952911],[-60.69818291,-31.60945177]]},"properties":{"layer":"Cuencas","entity_type":"LINE","handle":"1BC28B"}},{"type":"Feature","geometry":{"type":"LineString","coordinates":[[-60.69818291,-31.60945177],[-60.69780519,-31.60966619]]},"properties":{"layer":"Cuencas","entity_type":"LINE","handle":"1BC28C"}},{"type":"Feature","geometry":{"type":"LineString","coordinates":[[-60.69780519,-31.60966619],[-60.69735608,-31.60995531]]},"properties":{"layer":"Cuencas","entity_type":"LINE","handle":"1BC28D"}},{"type":"Feature","geometry":{"type":"LineString","coordinates":[[-60.69735608,-31.60995531],[-60.69648819,-31.61021711]]},"properties":{"layer":"Cuencas","entity_type":"LINE","handle":"1BC28E"}},{"type":"Feature","geometry":{"type":"LineString","coordinates":[[-60.69648819,-31.61021711],[-60.69643091,-31.61042978]]},"properties":{"layer":"Cuencas","entity_type":"LINE","handle":"1BC28F"}},{"type":"Feature","geometry":{"type":"LineString","coordinates":[[-60.69643091,-31.61042978],[-60.69635884,-31.6104134]]},"properties":{"layer":"Cuencas","entity_type":"LINE","handle":"1BC290"}},{"type":"Feature","geometry":{"type":"LineString","coordinates":[[-60.69635884,-31.6104134],[-60.69617419,-31.61020764]]},"properties":{"layer":"Cuencas","entity_type":"LINE","handle":"1BC291"}},{"type":"Feature","geometry":{"type":"LineString","coordinates":[[-60.69617419,-31.61020764],[-60.69602448,-31.61030346]]},"properties":{"layer":"Cuencas","entity_type":"LINE","handle":"1BC292"}},{"type":"Feature","geometry":{"type":"LineString","coordinates":[[-60.69602448,-31.61030346],[-60.6957109,-31.61034987]]},"properties":{"layer":"Cuencas","entity_type":"LINE","handle":"1BC293"}},{"type":"Feature","geometry":{"type":"LineString","coordinates":[[-60.6957109,-31.61034987],[-60.69568864,-31.6103377]]},"properties":{"layer":"Cuencas","entity_type":"LINE","handle":"1BC294"}},{"type":"Feature","geometry":{"type":"LineString","coordinates":[[-60.69568864,-31.6103377],[-60.69517345,-31.61007572]]},"properties":{"layer":"Cuencas","entity_type":"LINE","handle":"1BC295"}},{"type":"Feature","geometry":{"type":"LineString","coordinates":[[-60.69517345,-31.61007572],[-60.69506466,-31.60977015]]},"properties":{"layer":"Cuencas","entity_type":"LINE","handle":"1BC296"}},{"type":"Feature","geometry":{"type":"LineString","coordinates":[[-60.69506466,-31.60977015],[-60.6944529,-31.60954516]]},"properties":{"layer":"Cuencas","entity_type":"LINE","handle":"1BC297"}},{"type":"Feature","geometry":{"type":"LineString","coordinates":[[-60.6944529,-31.60954516],[-60.69434448,-31.60928923]]},"properties":{"layer":"Cuencas","entity_type":"LINE","handle":"1BC298"}},{"type":"Feature","geometry":{"type":"LineString","coordinates":[[-60.69434448,-31.60928923],[-60.69471851,-31.608799]]},"properties":{"layer":"Cuencas","entity_type":"LINE","handle":"1BC299"}},{"type":"Feature","geometry":{"type":"LineString","coordinates":[[-60.69471851,-31.608799],[-60.69404888,-31.60860405]]},"properties":{"layer":"Cuencas","entity_type":"LINE","handle":"1BC29A"}},{"type":"Feature","geometry":{"type":"LineString","coordinates":[[-60.69404888,-31.60860405],[-60.69376733,-31.60850628]]},"properties":{"layer":"Cuencas","entity_type":"LINE","handle":"1BC29B"}},{"type":"Feature","geometry":{"type":"LineString","coordinates":[[-60.69376733,-31.60850628],[-60.69341167,-31.60880521]]},"properties":{"layer":"Cuencas","entity_type":"LINE","handle":"1BC29C"}},{"type":"Feature","geometry":{"type":"LineString","coordinates":[[-60.69341167,-31.60880521],[-60.69361603,-31.60942199]]},"properties":{"layer":"Cuencas","entity_type":"LINE","handle":"1BC29D"}},{"type":"Feature","geometry":{"type":"LineString","coordinates":[[-60.69361603,-31.60942199],[-60.6934466,-31.6095728]]},"properties":{"layer":"Cuencas","entity_type":"LINE","handle":"1BC29E"}},{"type":"Feature","geometry":{"type":"LineString","coordinates":[[-60.6934466,-31.6095728],[-60.69337907,-31.60966601]]},"properties":{"layer":"Cuencas","entity_type":"LINE","handle":"1BC29F"}},{"type":"Feature","geometry":{"type":"LineString","coordinates":[[-60.69337907,-31.60966601],[-60.69235424,-31.61077743]]},"properties":{"layer":"Cuencas","entity_type":"LINE","handle":"1BC2A0"}},{"type":"Feature","geometry":{"type":"LineString","coordinates":[[-60.69235424,-31.61077743],[-60.69227704,-31.61088194]]},"properties":{"layer":"Cuencas","entity_type":"LINE","handle":"1BC2A1"}},{"type":"Feature","geometry":{"type":"LineString","coordinates":[[-60.69227704,-31.61088194],[-60.69232697,-31.61104406]]},"properties":{"layer":"Cuencas","entity_type":"LINE","handle":"1BC2A2"}},{"type":"Feature","geometry":{"type":"LineString","coordinates":[[-60.69232697,-31.61104406],[-60.69216165,-31.61109281]]},"properties":{"layer":"Cuencas","entity_type":"LINE","handle":"1BC2A3"}},{"type":"Feature","geometry":{"type":"LineString","coordinates":[[-60.69216165,-31.61109281],[-60.69165988,-31.61177171]]},"properties":{"layer":"Cuencas","entity_type":"LINE","handle":"1BC2A4"}},{"type":"Feature","geometry":{"type":"LineString","coordinates":[[-60.69165988,-31.61177171],[-60.69144092,-31.61181453]]},"properties":{"layer":"Cuencas","entity_type":"LINE","handle":"1BC2A5"}},{"type":"Feature","geometry":{"type":"LineString","coordinates":[[-60.69144092,-31.61181453],[-60.69155607,-31.61223028]]},"properties":{"layer":"Cuencas","entity_type":"LINE","handle":"1BC2A6"}},{"type":"Feature","geometry":{"type":"LineString","coordinates":[[-60.69155607,-31.61223028],[-60.69173127,-31.61220019]]},"properties":{"layer":"Cuencas","entity_type":"LINE","handle":"1BC2A7"}},{"type":"Feature","geometry":{"type":"LineString","coordinates":[[-60.69173127,-31.61220019],[-60.69215179,-31.61239361]]},"properties":{"layer":"Cuencas","entity_type":"LINE","handle":"1BC2A8"}},{"type":"Feature","geometry":{"type":"LineString","coordinates":[[-60.69215179,-31.61239361],[-60.6924042,-31.6120633]]},"properties":{"layer":"Cuencas","entity_type":"LINE","handle":"1BC2A9"}},{"type":"Feature","geometry":{"type":"LineString","coordinates":[[-60.6924042,-31.6120633],[-60.69284208,-31.61196932]]},"properties":{"layer":"Cuencas","entity_type":"LINE","handle":"1BC2AA"}},{"type":"Feature","geometry":{"type":"LineString","coordinates":[[-60.69284208,-31.61196932],[-60.69306728,-31.61210967]]},"properties":{"layer":"Cuencas","entity_type":"LINE","handle":"1BC2AB"}},{"type":"Feature","geometry":{"type":"LineString","coordinates":[[-60.69306728,-31.61210967],[-60.69443642,-31.61182326]]},"properties":{"layer":"Cuencas","entity_type":"LINE","handle":"1BC2AC"}},{"type":"Feature","geometry":{"type":"LineString","coordinates":[[-60.69443642,-31.61182326],[-60.69452058,-31.61200185]]},"properties":{"layer":"Cuencas","entity_type":"LINE","handle":"1BC2AD"}},{"type":"Feature","geometry":{"type":"LineString","coordinates":[[-60.69452058,-31.61200185],[-60.69489308,-31.61215969]]},"properties":{"layer":"Cuencas","entity_type":"LINE","handle":"1BC2AE"}},{"type":"Feature","geometry":{"type":"LineString","coordinates":[[-60.69489308,-31.61215969],[-60.69499665,-31.61232568]]},"properties":{"layer":"Cuencas","entity_type":"LINE","handle":"1BC2AF"}},{"type":"Feature","geometry":{"type":"LineString","coordinates":[[-60.69499665,-31.61232568],[-60.69491197,-31.61273419]]},"properties":{"layer":"Cuencas","entity_type":"LINE","handle":"1BC2B0"}},{"type":"Feature","geometry":{"type":"LineString","coordinates":[[-60.69491197,-31.61273419],[-60.69542729,-31.61302824]]},"properties":{"layer":"Cuencas","entity_type":"LINE","handle":"1BC2B1"}},{"type":"Feature","geometry":{"type":"LineString","coordinates":[[-60.69542729,-31.61302824],[-60.69551606,-31.61317056]]},"properties":{"layer":"Cuencas","entity_type":"LINE","handle":"1BC2B2"}},{"type":"Feature","geometry":{"type":"LineString","coordinates":[[-60.69551606,-31.61317056],[-60.69540982,-31.61330022]]},"properties":{"layer":"Cuencas","entity_type":"LINE","handle":"1BC2B3"}},{"type":"Feature","geometry":{"type":"LineString","coordinates":[[-60.69540982,-31.61330022],[-60.69561779,-31.61374461]]},"properties":{"layer":"Cuencas","entity_type":"LINE","handle":"1BC2B4"}},{"type":"Feature","geometry":{"type":"LineString","coordinates":[[-60.69561779,-31.61374461],[-60.69573502,-31.61378144]]},"properties":{"layer":"Cuencas","entity_type":"LINE","handle":"1BC2B5"}},{"type":"Feature","geometry":{"type":"LineString","coordinates":[[-60.69573502,-31.61378144],[-60.69584308,-31.61389574]]},"properties":{"layer":"Cuencas","entity_type":"LINE","handle":"1BC2B6"}},{"type":"Feature","geometry":{"type":"LineString","coordinates":[[-60.69584308,-31.61389574],[-60.69597129,-31.61409907]]},"properties":{"layer":"Cuencas","entity_type":"LINE","handle":"1BC2B7"}},{"type":"Feature","geometry":{"type":"LineString","coordinates":[[-60.69597129,-31.61409907],[-60.69584599,-31.61428712]]},"properties":{"layer":"Cuencas","entity_type":"LINE","handle":"1BC2B8"}},{"type":"Feature","geometry":{"type":"LineString","coordinates":[[-60.69584599,-31.61428712],[-60.69601375,-31.61456518]]},"properties":{"layer":"Cuencas","entity_type":"LINE","handle":"1BC2B9"}},{"type":"Feature","geometry":{"type":"LineString","coordinates":[[-60.69601375,-31.61456518],[-60.69630703,-31.61468597]]},"properties":{"layer":"Cuencas","entity_type":"LINE","handle":"1BC2BA"}},{"type":"Feature","geometry":{"type":"LineString","coordinates":[[-60.69630703,-31.61468597],[-60.69646973,-31.61493908]]},"properties":{"layer":"Cuencas","entity_type":"LINE","handle":"1BC2BB"}},{"type":"Feature","geometry":{"type":"LineString","coordinates":[[-60.69646973,-31.61493908],[-60.69633043,-31.61521048]]},"properties":{"layer":"Cuencas","entity_type":"LINE","handle":"1BC2BC"}},{"type":"Feature","geometry":{"type":"LineString","coordinates":[[-60.69633043,-31.61521048],[-60.69641951,-31.6153932]]},"properties":{"layer":"Cuencas","entity_type":"LINE","handle":"1BC2BD"}},{"type":"Feature","geometry":{"type":"LineString","coordinates":[[-60.69641951,-31.6153932],[-60.69679558,-31.61550522]]},"properties":{"layer":"Cuencas","entity_type":"LINE","handle":"1BC2BE"}},{"type":"Feature","geometry":{"type":"LineString","coordinates":[[-60.69679558,-31.61550522],[-60.69698818,-31.61584724]]},"properties":{"layer":"Cuencas","entity_type":"LINE","handle":"1BC2BF"}},{"type":"Feature","geometry":{"type":"LineString","coordinates":[[-60.69698818,-31.61584724],[-60.69668093,-31.61646932]]},"properties":{"layer":"Cuencas","entity_type":"LINE","handle":"1BC2C0"}},{"type":"Feature","geometry":{"type":"LineString","coordinates":[[-60.69668093,-31.61646932],[-60.69684205,-31.61651007]]},"properties":{"layer":"Cuencas","entity_type":"LINE","handle":"1BC2C1"}},{"type":"Feature","geometry":{"type":"LineString","coordinates":[[-60.69684205,-31.61651007],[-60.69771602,-31.6167322]]},"properties":{"layer":"Cuencas","entity_type":"LINE","handle":"1BC2C2"}},{"type":"Feature","geometry":{"type":"LineString","coordinates":[[-60.69771602,-31.6167322],[-60.697697,-31.61679476]]},"properties":{"layer":"Cuencas","entity_type":"LINE","handle":"1BC2C3"}},{"type":"Feature","geometry":{"type":"LineString","coordinates":[[-60.697697,-31.61679476],[-60.69762056,-31.61700126]]},"properties":{"layer":"Cuencas","entity_type":"LINE","handle":"1BC2C4"}},{"type":"Feature","geometry":{"type":"LineString","coordinates":[[-60.69762056,-31.61700126],[-60.69744358,-31.61744775]]},"properties":{"layer":"Cuencas","entity_type":"LINE","handle":"1BC2C5"}},{"type":"Feature","geometry":{"type":"LineString","coordinates":[[-60.69744358,-31.61744775],[-60.69738129,-31.61758966]]},"properties":{"layer":"Cuencas","entity_type":"LINE","handle":"1BC2C6"}},{"type":"Feature","geometry":{"type":"LineString","coordinates":[[-60.69738129,-31.61758966],[-60.69678598,-31.61814083]]},"properties":{"layer":"Cuencas","entity_type":"LINE","handle":"1BC2C7"}},{"type":"Feature","geometry":{"type":"LineString","coordinates":[[-60.69678598,-31.61814083],[-60.69702768,-31.6185309]]},"properties":{"layer":"Cuencas","entity_type":"LINE","handle":"1BC2C8"}},{"type":"Feature","geometry":{"type":"LineString","coordinates":[[-60.69702768,-31.6185309],[-60.69694612,-31.61870412]]},"properties":{"layer":"Cuencas","entity_type":"LINE","handle":"1BC2C9"}},{"type":"Feature","geometry":{"type":"LineString","coordinates":[[-60.69694612,-31.61870412],[-60.69666587,-31.61902626]]},"properties":{"layer":"Cuencas","entity_type":"LINE","handle":"1BC2CA"}},{"type":"Feature","geometry":{"type":"LineString","coordinates":[[-60.69666587,-31.61902626],[-60.6964305,-31.61932054]]},"properties":{"layer":"Cuencas","entity_type":"LINE","handle":"1BC2CB"}},{"type":"Feature","geometry":{"type":"LineString","coordinates":[[-60.6964305,-31.61932054],[-60.69622581,-31.61965525]]},"properties":{"layer":"Cuencas","entity_type":"LINE","handle":"1BC2CC"}},{"type":"Feature","geometry":{"type":"LineString","coordinates":[[-60.69622581,-31.61965525],[-60.69605264,-31.61994213]]},"properties":{"layer":"Cuencas","entity_type":"LINE","handle":"1BC2CD"}},{"type":"Feature","geometry":{"type":"LineString","coordinates":[[-60.69605264,-31.61994213],[-60.69593576,-31.62029679]]},"properties":{"layer":"Cuencas","entity_type":"LINE","handle":"1BC2CE"}},{"type":"Feature","geometry":{"type":"LineString","coordinates":[[-60.69593576,-31.62029679],[-60.69587429,-31.62060348]]},"properties":{"layer":"Cuencas","entity_type":"LINE","handle":"1BC2CF"}},{"type":"Feature","geometry":{"type":"LineString","coordinates":[[-60.69587429,-31.62060348],[-60.6958679,-31.62081457]]},"properties":{"layer":"Cuencas","entity_type":"LINE","handle":"1BC2D0"}},{"type":"Feature","geometry":{"type":"LineString","coordinates":[[-60.6958679,-31.62081457],[-60.69726303,-31.62090227]]},"properties":{"layer":"Cuencas","entity_type":"LINE","handle":"1BC2D1"}},{"type":"Feature","geometry":{"type":"LineString","coordinates":[[-60.69726303,-31.62090227],[-60.69797946,-31.62080425]]},"properties":{"layer":"Cuencas","entity_type":"LINE","handle":"1BC2D2"}},{"type":"Feature","geometry":{"type":"LineString","coordinates":[[-60.69797946,-31.62080425],[-60.69883063,-31.62060897]]},"properties":{"layer":"Cuencas","entity_type":"LINE","handle":"1BC2D3"}},{"type":"Feature","geometry":{"type":"LineString","coordinates":[[-60.69883063,-31.62060897],[-60.69844592,-31.61924476]]},"properties":{"layer":"Cuencas","entity_type":"LINE","handle":"1BC2D4"}},{"type":"Feature","geometry":{"type":"LineString","coordinates":[[-60.69844592,-31.61924476],[-60.6985963,-31.61910777]]},"properties":{"layer":"Cuencas","entity_type":"LINE","handle":"1BC2D5"}},{"type":"Feature","geometry":{"type":"LineString","coordinates":[[-60.6985963,-31.61910777],[-60.69882559,-31.61886824]]},"properties":{"layer":"Cuencas","entity_type":"LINE","handle":"1BC2D6"}},{"type":"Feature","geometry":{"type":"LineString","coordinates":[[-60.69882559,-31.61886824],[-60.69870348,-31.6185217]]},"properties":{"layer":"Cuencas","entity_type":"LINE","handle":"1BC2D7"}},{"type":"Feature","geometry":{"type":"LineString","coordinates":[[-60.69870348,-31.6185217],[-60.69847951,-31.61840718]]},"properties":{"layer":"Cuencas","entity_type":"LINE","handle":"1BC2D8"}},{"type":"Feature","geometry":{"type":"LineString","coordinates":[[-60.69847951,-31.61840718],[-60.69841424,-31.6182033]]},"properties":{"layer":"Cuencas","entity_type":"LINE","handle":"1BC2D9"}},{"type":"Feature","geometry":{"type":"LineString","coordinates":[[-60.69841424,-31.6182033],[-60.69854017,-31.61799433]]},"properties":{"layer":"Cuencas","entity_type":"LINE","handle":"1BC2DA"}},{"type":"Feature","geometry":{"type":"LineString","coordinates":[[-60.69854017,-31.61799433],[-60.69840938,-31.61755253]]},"properties":{"layer":"Cuencas","entity_type":"LINE","handle":"1BC2DB"}},{"type":"Feature","geometry":{"type":"LineString","coordinates":[[-60.69840938,-31.61755253],[-60.69815302,-31.61742811]]},"properties":{"layer":"Cuencas","entity_type":"LINE","handle":"1BC2DC"}},{"type":"Feature","geometry":{"type":"LineString","coordinates":[[-60.69965398,-31.61064068],[-60.69978237,-31.61056029]]},"properties":{"layer":"Cuencas","entity_type":"LINE","handle":"1BC2DD"}},{"type":"Feature","geometry":{"type":"LineString","coordinates":[[-60.69978237,-31.61056029],[-60.70010633,-31.61064494]]},"properties":{"layer":"Cuencas","entity_type":"LINE","handle":"1BC2DE"}},{"type":"Feature","geometry":{"type":"LineString","coordinates":[[-60.70010633,-31.61064494],[-60.70034793,-31.6099868]]},"properties":{"layer":"Cuencas","entity_type":"LINE","handle":"1BC2DF"}},{"type":"Feature","geometry":{"type":"LineString","coordinates":[[-60.70560833,-31.60655732],[-60.70560695,-31.60655262]]},"properties":{"layer":"Cuencas","entity_type":"LINE","handle":"1BC2E1"}},{"type":"Feature","geometry":{"type":"LineString","coordinates":[[-60.70560695,-31.60655262],[-60.70330706,-31.60701348]]},"properties":{"layer":"Cuencas","entity_type":"LINE","handle":"1BC2E2"}},{"type":"Feature","geometry":{"type":"LineString","coordinates":[[-60.70330706,-31.60701348],[-60.70268014,-31.60713429]]},"properties":{"layer":"Cuencas","entity_type":"LINE","handle":"1BC2E3"}},{"type":"Feature","geometry":{"type":"LineString","coordinates":[[-60.70268014,-31.60713429],[-60.70225695,-31.6069522]]},"properties":{"layer":"Cuencas","entity_type":"LINE","handle":"1BC2E4"}},{"type":"Feature","geometry":{"type":"LineString","coordinates":[[-60.70225695,-31.6069522],[-60.70140168,-31.6071469]]},"properties":{"layer":"Cuencas","entity_type":"LINE","handle":"1BC2E5"}},{"type":"Feature","geometry":{"type":"LineString","coordinates":[[-60.70140168,-31.6071469],[-60.70115819,-31.60781884]]},"properties":{"layer":"Cuencas","entity_type":"LINE","handle":"1BC2E6"}},{"type":"Feature","geometry":{"type":"LineString","coordinates":[[-60.70115819,-31.60781884],[-60.70107965,-31.6079852]]},"properties":{"layer":"Cuencas","entity_type":"LINE","handle":"1BC2E7"}},{"type":"Feature","geometry":{"type":"LineString","coordinates":[[-60.70107965,-31.6079852],[-60.70034793,-31.6099868]]},"properties":{"layer":"Cuencas","entity_type":"LINE","handle":"1BC2E8"}},{"type":"Feature","geometry":{"type":"LineString","coordinates":[[-60.70623315,-31.60708755],[-60.70620699,-31.6070933]]},"properties":{"layer":"Cuencas","entity_type":"LINE","handle":"1BC2E9"}},{"type":"Feature","geometry":{"type":"LineString","coordinates":[[-60.70998351,-31.60605724],[-60.70997204,-31.6060525]]},"properties":{"layer":"Cuencas","entity_type":"LINE","handle":"1BC2EA"}},{"type":"Feature","geometry":{"type":"LineString","coordinates":[[-60.70997204,-31.6060525],[-60.70932477,-31.60619342]]},"properties":{"layer":"Cuencas","entity_type":"LINE","handle":"1BC2EB"}},{"type":"Feature","geometry":{"type":"LineString","coordinates":[[-60.71234819,-31.60602592],[-60.71233836,-31.60603594]]},"properties":{"layer":"Cuencas","entity_type":"LINE","handle":"1BC2EC"}},{"type":"Feature","geometry":{"type":"LineString","coordinates":[[-60.71233836,-31.60603594],[-60.71209977,-31.60608532]]},"properties":{"layer":"Cuencas","entity_type":"LINE","handle":"1BC2ED"}},{"type":"Feature","geometry":{"type":"LineString","coordinates":[[-60.73585956,-31.59410276],[-60.74123371,-31.59304931]]},"properties":{"layer":"Cuencas","entity_type":"LINE","handle":"1BC2EE"}},{"type":"Feature","geometry":{"type":"LineString","coordinates":[[-60.73896677,-31.59852087],[-60.73933028,-31.59775103]]},"properties":{"layer":"Cuencas","entity_type":"LINE","handle":"1BC2EF"}},{"type":"Feature","geometry":{"type":"LineString","coordinates":[[-60.73933028,-31.59775103],[-60.73946623,-31.59738102]]},"properties":{"layer":"Cuencas","entity_type":"LINE","handle":"1BC2F0"}},{"type":"Feature","geometry":{"type":"LineString","coordinates":[[-60.73946623,-31.59738102],[-60.73955599,-31.59702447]]},"properties":{"layer":"Cuencas","entity_type":"LINE","handle":"1BC2F1"}},{"type":"Feature","geometry":{"type":"LineString","coordinates":[[-60.73955599,-31.59702447],[-60.73976815,-31.59653534]]},"properties":{"layer":"Cuencas","entity_type":"LINE","handle":"1BC2F2"}},{"type":"Feature","geometry":{"type":"LineString","coordinates":[[-60.73976815,-31.59653534],[-60.73995017,-31.5961387]]},"properties":{"layer":"Cuencas","entity_type":"LINE","handle":"1BC2F3"}},{"type":"Feature","geometry":{"type":"LineString","coordinates":[[-60.73995017,-31.5961387],[-60.7401641,-31.59587373]]},"properties":{"layer":"Cuencas","entity_type":"LINE","handle":"1BC2F4"}},{"type":"Feature","geometry":{"type":"LineString","coordinates":[[-60.7401641,-31.59587373],[-60.74042399,-31.59556894]]},"properties":{"layer":"Cuencas","entity_type":"LINE","handle":"1BC2F5"}},{"type":"Feature","geometry":{"type":"LineString","coordinates":[[-60.74042399,-31.59556894],[-60.74091339,-31.59501894]]},"properties":{"layer":"Cuencas","entity_type":"LINE","handle":"1BC2F6"}},{"type":"Feature","geometry":{"type":"LineString","coordinates":[[-60.74091339,-31.59501894],[-60.74151022,-31.59439572]]},"properties":{"layer":"Cuencas","entity_type":"LINE","handle":"1BC2F7"}},{"type":"Feature","geometry":{"type":"LineString","coordinates":[[-60.74151022,-31.59439572],[-60.74160122,-31.5941974]]},"properties":{"layer":"Cuencas","entity_type":"LINE","handle":"1BC2F8"}},{"type":"Feature","geometry":{"type":"LineString","coordinates":[[-60.74160122,-31.5941974],[-60.74159746,-31.59372271]]},"properties":{"layer":"Cuencas","entity_type":"LINE","handle":"1BC2F9"}},{"type":"Feature","geometry":{"type":"LineString","coordinates":[[-60.74159746,-31.59372271],[-60.74144004,-31.59332803]]},"properties":{"layer":"Cuencas","entity_type":"LINE","handle":"1BC2FA"}},{"type":"Feature","geometry":{"type":"LineString","coordinates":[[-60.74144004,-31.59332803],[-60.74095622,-31.59263196]]},"properties":{"layer":"Cuencas","entity_type":"LINE","handle":"1BC2FB"}},{"type":"Feature","geometry":{"type":"LineString","coordinates":[[-60.74095622,-31.59263196],[-60.74079918,-31.59228481]]},"properties":{"layer":"Cuencas","entity_type":"LINE","handle":"1BC2FC"}},{"type":"Feature","geometry":{"type":"LineString","coordinates":[[-60.74079918,-31.59228481],[-60.74085922,-31.59207348]]},"properties":{"layer":"Cuencas","entity_type":"LINE","handle":"1BC2FD"}},{"type":"Feature","geometry":{"type":"LineString","coordinates":[[-60.74085922,-31.59207348],[-60.74101069,-31.59171656]]},"properties":{"layer":"Cuencas","entity_type":"LINE","handle":"1BC2FE"}},{"type":"Feature","geometry":{"type":"LineString","coordinates":[[-60.74101069,-31.59171656],[-60.74126963,-31.5912931]]},"properties":{"layer":"Cuencas","entity_type":"LINE","handle":"1BC2FF"}},{"type":"Feature","geometry":{"type":"LineString","coordinates":[[-60.74126963,-31.5912931],[-60.74132926,-31.59102902]]},"properties":{"layer":"Cuencas","entity_type":"LINE","handle":"1BC300"}},{"type":"Feature","geometry":{"type":"LineString","coordinates":[[-60.74132926,-31.59102902],[-60.74148197,-31.59083034]]},"properties":{"layer":"Cuencas","entity_type":"LINE","handle":"1BC301"}},{"type":"Feature","geometry":{"type":"LineString","coordinates":[[-60.74148197,-31.59083034],[-60.74183345,-31.59040243]]},"properties":{"layer":"Cuencas","entity_type":"LINE","handle":"1BC302"}},{"type":"Feature","geometry":{"type":"LineString","coordinates":[[-60.74183345,-31.59040243],[-60.74217068,-31.59012355]]},"properties":{"layer":"Cuencas","entity_type":"LINE","handle":"1BC303"}},{"type":"Feature","geometry":{"type":"LineString","coordinates":[[-60.70931506,-31.606197],[-60.70922329,-31.60612312]]},"properties":{"layer":"Cuencas","entity_type":"LINE","handle":"1BC304"}},{"type":"Feature","geometry":{"type":"LineString","coordinates":[[-60.70922329,-31.60612312],[-60.70891869,-31.6059879]]},"properties":{"layer":"Cuencas","entity_type":"LINE","handle":"1BC305"}},{"type":"Feature","geometry":{"type":"LineString","coordinates":[[-60.70891869,-31.6059879],[-60.70876827,-31.60616888]]},"properties":{"layer":"Cuencas","entity_type":"LINE","handle":"1BC306"}},{"type":"Feature","geometry":{"type":"LineString","coordinates":[[-60.70876827,-31.60616888],[-60.70865049,-31.60620557]]},"properties":{"layer":"Cuencas","entity_type":"LINE","handle":"1BC307"}},{"type":"Feature","geometry":{"type":"LineString","coordinates":[[-60.70865049,-31.60620557],[-60.70868136,-31.60634839]]},"properties":{"layer":"Cuencas","entity_type":"LINE","handle":"1BC308"}},{"type":"Feature","geometry":{"type":"LineString","coordinates":[[-60.70868136,-31.60634839],[-60.70860821,-31.60645094]]},"properties":{"layer":"Cuencas","entity_type":"LINE","handle":"1BC309"}},{"type":"Feature","geometry":{"type":"LineString","coordinates":[[-60.70860821,-31.60645094],[-60.70836978,-31.60670019]]},"properties":{"layer":"Cuencas","entity_type":"LINE","handle":"1BC30A"}},{"type":"Feature","geometry":{"type":"LineString","coordinates":[[-60.70836978,-31.60670019],[-60.70846395,-31.60703471]]},"properties":{"layer":"Cuencas","entity_type":"LINE","handle":"1BC30B"}},{"type":"Feature","geometry":{"type":"LineString","coordinates":[[-60.70846395,-31.60703471],[-60.70818601,-31.60723084]]},"properties":{"layer":"Cuencas","entity_type":"LINE","handle":"1BC30C"}},{"type":"Feature","geometry":{"type":"LineString","coordinates":[[-60.70818601,-31.60723084],[-60.70837751,-31.6079197]]},"properties":{"layer":"Cuencas","entity_type":"LINE","handle":"1BC30D"}},{"type":"Feature","geometry":{"type":"LineString","coordinates":[[-60.70837751,-31.6079197],[-60.70830513,-31.60792895]]},"properties":{"layer":"Cuencas","entity_type":"LINE","handle":"1BC30E"}},{"type":"Feature","geometry":{"type":"LineString","coordinates":[[-60.70830513,-31.60792895],[-60.70781671,-31.60766365]]},"properties":{"layer":"Cuencas","entity_type":"LINE","handle":"1BC30F"}},{"type":"Feature","geometry":{"type":"LineString","coordinates":[[-60.70781671,-31.60766365],[-60.70747574,-31.60773631]]},"properties":{"layer":"Cuencas","entity_type":"LINE","handle":"1BC310"}},{"type":"Feature","geometry":{"type":"LineString","coordinates":[[-60.70747574,-31.60773631],[-60.70738382,-31.60743667]]},"properties":{"layer":"Cuencas","entity_type":"LINE","handle":"1BC311"}},{"type":"Feature","geometry":{"type":"LineString","coordinates":[[-60.70738382,-31.60743667],[-60.7062304,-31.60708672]]},"properties":{"layer":"Cuencas","entity_type":"LINE","handle":"1BC312"}},{"type":"Feature","geometry":{"type":"LineString","coordinates":[[-60.7062304,-31.60708672],[-60.70607152,-31.60713137]]},"properties":{"layer":"Cuencas","entity_type":"LINE","handle":"1BC313"}},{"type":"Feature","geometry":{"type":"LineString","coordinates":[[-60.70607152,-31.60713137],[-60.70587998,-31.60737078]]},"properties":{"layer":"Cuencas","entity_type":"LINE","handle":"1BC314"}},{"type":"Feature","geometry":{"type":"LineString","coordinates":[[-60.70587998,-31.60737078],[-60.70553668,-31.60709055]]},"properties":{"layer":"Cuencas","entity_type":"LINE","handle":"1BC315"}},{"type":"Feature","geometry":{"type":"LineString","coordinates":[[-60.70553668,-31.60709055],[-60.70549581,-31.60694972]]},"properties":{"layer":"Cuencas","entity_type":"LINE","handle":"1BC316"}},{"type":"Feature","geometry":{"type":"LineString","coordinates":[[-60.70549581,-31.60694972],[-60.70561024,-31.60655066]]},"properties":{"layer":"Cuencas","entity_type":"LINE","handle":"1BC317"}},{"type":"Feature","geometry":{"type":"LineString","coordinates":[[-60.70561024,-31.60655066],[-60.70396133,-31.6068808]]},"properties":{"layer":"Cuencas","entity_type":"LINE","handle":"1BC318"}},{"type":"Feature","geometry":{"type":"LineString","coordinates":[[-60.70396133,-31.6068808],[-60.7028478,-31.60710708]]},"properties":{"layer":"Cuencas","entity_type":"LINE","handle":"1BC319"}},{"type":"Feature","geometry":{"type":"LineString","coordinates":[[-60.7028478,-31.60710708],[-60.70283694,-31.60710407]]},"properties":{"layer":"Cuencas","entity_type":"LINE","handle":"1BC31A"}},{"type":"Feature","geometry":{"type":"LineString","coordinates":[[-60.69376733,-31.60850628],[-60.69328308,-31.60733079]]},"properties":{"layer":"Cuencas","entity_type":"LINE","handle":"1BC31B"}},{"type":"Feature","geometry":{"type":"LineString","coordinates":[[-60.69328308,-31.60733079],[-60.69301122,-31.60663612]]},"properties":{"layer":"Cuencas","entity_type":"LINE","handle":"1BC31C"}},{"type":"Feature","geometry":{"type":"LineString","coordinates":[[-60.69301122,-31.60663612],[-60.69270318,-31.6056098]]},"properties":{"layer":"Cuencas","entity_type":"LINE","handle":"1BC31D"}},{"type":"Feature","geometry":{"type":"LineString","coordinates":[[-60.71510246,-31.60557517],[-60.71514427,-31.60554423]]},"properties":{"layer":"Cuencas","entity_type":"LINE","handle":"1BC31E"}},{"type":"Feature","geometry":{"type":"LineString","coordinates":[[-60.71514427,-31.60554423],[-60.71515129,-31.6055465]]},"properties":{"layer":"Cuencas","entity_type":"LINE","handle":"1BC31F"}},{"type":"Feature","geometry":{"type":"LineString","coordinates":[[-60.71371895,-31.60579364],[-60.71335372,-31.60551886]]},"properties":{"layer":"Cuencas","entity_type":"LINE","handle":"1BC320"}},{"type":"Feature","geometry":{"type":"LineString","coordinates":[[-60.71335372,-31.60551886],[-60.71318713,-31.60538712]]},"properties":{"layer":"Cuencas","entity_type":"LINE","handle":"1BC321"}},{"type":"Feature","geometry":{"type":"LineString","coordinates":[[-60.71318713,-31.60538712],[-60.71293883,-31.60539735]]},"properties":{"layer":"Cuencas","entity_type":"LINE","handle":"1BC322"}},{"type":"Feature","geometry":{"type":"LineString","coordinates":[[-60.71293883,-31.60539735],[-60.71237438,-31.60601966]]},"properties":{"layer":"Cuencas","entity_type":"LINE","handle":"1BC323"}},{"type":"Feature","geometry":{"type":"LineString","coordinates":[[-60.71237438,-31.60601966],[-60.71191986,-31.60612833]]},"properties":{"layer":"Cuencas","entity_type":"LINE","handle":"1BC324"}},{"type":"Feature","geometry":{"type":"LineString","coordinates":[[-60.71191986,-31.60612833],[-60.71151411,-31.60584755]]},"properties":{"layer":"Cuencas","entity_type":"LINE","handle":"1BC325"}},{"type":"Feature","geometry":{"type":"LineString","coordinates":[[-60.71151411,-31.60584755],[-60.71113182,-31.60592928]]},"properties":{"layer":"Cuencas","entity_type":"LINE","handle":"1BC326"}},{"type":"Feature","geometry":{"type":"LineString","coordinates":[[-60.71113182,-31.60592928],[-60.71098835,-31.60611583]]},"properties":{"layer":"Cuencas","entity_type":"LINE","handle":"1BC327"}},{"type":"Feature","geometry":{"type":"LineString","coordinates":[[-60.71098835,-31.60611583],[-60.71005846,-31.6063156]]},"properties":{"layer":"Cuencas","entity_type":"LINE","handle":"1BC328"}},{"type":"Feature","geometry":{"type":"LineString","coordinates":[[-60.71005846,-31.6063156],[-60.70997873,-31.60604078]]},"properties":{"layer":"Cuencas","entity_type":"LINE","handle":"1BC329"}},{"type":"Feature","geometry":{"type":"LineString","coordinates":[[-60.70170735,-31.61075384],[-60.70171692,-31.61075815]]},"properties":{"layer":"Cuencas","entity_type":"LINE","handle":"1BC32A"}},{"type":"Feature","geometry":{"type":"LineString","coordinates":[[-60.69881879,-31.61887534],[-60.69878612,-31.61875623]]},"properties":{"layer":"Cuencas","entity_type":"LINE","handle":"1BC32B"}},{"type":"Feature","geometry":{"type":"LineString","coordinates":[[-60.67623968,-31.60797696],[-60.67698407,-31.60822941]]},"properties":{"layer":"Cuencas","entity_type":"LINE","handle":"1BC32C"}},{"type":"Feature","geometry":{"type":"LineString","coordinates":[[-60.67698407,-31.60822941],[-60.67740688,-31.60813671]]},"properties":{"layer":"Cuencas","entity_type":"LINE","handle":"1BC32D"}},{"type":"Feature","geometry":{"type":"LineString","coordinates":[[-60.67740688,-31.60813671],[-60.67749873,-31.60802879]]},"properties":{"layer":"Cuencas","entity_type":"LINE","handle":"1BC32E"}},{"type":"Feature","geometry":{"type":"LineString","coordinates":[[-60.67749873,-31.60802879],[-60.67813238,-31.60790926]]},"properties":{"layer":"Cuencas","entity_type":"LINE","handle":"1BC32F"}},{"type":"Feature","geometry":{"type":"LineString","coordinates":[[-60.73974643,-31.65413634],[-60.7397388,-31.65417413]]},"properties":{"layer":"Cuencas","entity_type":"LINE","handle":"1BC330"}},{"type":"Feature","geometry":{"type":"LineString","coordinates":[[-60.7397388,-31.65417413],[-60.7397086,-31.65432447]]},"properties":{"layer":"Cuencas","entity_type":"LINE","handle":"1BC331"}},{"type":"Feature","geometry":{"type":"LineString","coordinates":[[-60.7397086,-31.65432447],[-60.73968269,-31.65445443]]},"properties":{"layer":"Cuencas","entity_type":"LINE","handle":"1BC332"}},{"type":"Feature","geometry":{"type":"LineString","coordinates":[[-60.73968269,-31.65445443],[-60.73966042,-31.6545673]]},"properties":{"layer":"Cuencas","entity_type":"LINE","handle":"1BC333"}},{"type":"Feature","geometry":{"type":"LineString","coordinates":[[-60.73966042,-31.6545673],[-60.73964121,-31.65466609]]},"properties":{"layer":"Cuencas","entity_type":"LINE","handle":"1BC334"}},{"type":"Feature","geometry":{"type":"LineString","coordinates":[[-60.73964121,-31.65466609],[-60.73962467,-31.65475253]]},"properties":{"layer":"Cuencas","entity_type":"LINE","handle":"1BC335"}},{"type":"Feature","geometry":{"type":"LineString","coordinates":[[-60.73962467,-31.65475253],[-60.73961048,-31.65482806]]},"properties":{"layer":"Cuencas","entity_type":"LINE","handle":"1BC336"}},{"type":"Feature","geometry":{"type":"LineString","coordinates":[[-60.73961048,-31.65482806],[-60.73959829,-31.65489413]]},"properties":{"layer":"Cuencas","entity_type":"LINE","handle":"1BC337"}},{"type":"Feature","geometry":{"type":"LineString","coordinates":[[-60.73959829,-31.65489413],[-60.73958778,-31.65495218]]},"properties":{"layer":"Cuencas","entity_type":"LINE","handle":"1BC338"}},{"type":"Feature","geometry":{"type":"LineString","coordinates":[[-60.73958778,-31.65495218],[-60.73957862,-31.65500366]]},"properties":{"layer":"Cuencas","entity_type":"LINE","handle":"1BC339"}},{"type":"Feature","geometry":{"type":"LineString","coordinates":[[-60.73957862,-31.65500366],[-60.73957049,-31.65504999]]},"properties":{"layer":"Cuencas","entity_type":"LINE","handle":"1BC33A"}},{"type":"Feature","geometry":{"type":"LineString","coordinates":[[-60.73957049,-31.65504999],[-60.73956304,-31.65509262]]},"properties":{"layer":"Cuencas","entity_type":"LINE","handle":"1BC33B"}},{"type":"Feature","geometry":{"type":"LineString","coordinates":[[-60.73956304,-31.65509262],[-60.73955598,-31.65513281]]},"properties":{"layer":"Cuencas","entity_type":"LINE","handle":"1BC33C"}},{"type":"Feature","geometry":{"type":"LineString","coordinates":[[-60.73955598,-31.65513281],[-60.73954917,-31.65517107]]},"properties":{"layer":"Cuencas","entity_type":"LINE","handle":"1BC33D"}},{"type":"Feature","geometry":{"type":"LineString","coordinates":[[-60.73954917,-31.65517107],[-60.73954249,-31.65520772]]},"properties":{"layer":"Cuencas","entity_type":"LINE","handle":"1BC33E"}},{"type":"Feature","geometry":{"type":"LineString","coordinates":[[-60.73954249,-31.65520772],[-60.73953583,-31.65524308]]},"properties":{"layer":"Cuencas","entity_type":"LINE","handle":"1BC33F"}},{"type":"Feature","geometry":{"type":"LineString","coordinates":[[-60.73953583,-31.65524308],[-60.73952906,-31.65527747]]},"properties":{"layer":"Cuencas","entity_type":"LINE","handle":"1BC340"}},{"type":"Feature","geometry":{"type":"LineString","coordinates":[[-60.73952906,-31.65527747],[-60.73952207,-31.65531122]]},"properties":{"layer":"Cuencas","entity_type":"LINE","handle":"1BC341"}},{"type":"Feature","geometry":{"type":"LineString","coordinates":[[-60.73952207,-31.65531122],[-60.73951475,-31.65534465]]},"properties":{"layer":"Cuencas","entity_type":"LINE","handle":"1BC342"}},{"type":"Feature","geometry":{"type":"LineString","coordinates":[[-60.73951475,-31.65534465],[-60.73950698,-31.65537808]]},"properties":{"layer":"Cuencas","entity_type":"LINE","handle":"1BC343"}},{"type":"Feature","geometry":{"type":"LineString","coordinates":[[-60.73950698,-31.65537808],[-60.73949869,-31.65541174]]},"properties":{"layer":"Cuencas","entity_type":"LINE","handle":"1BC344"}},{"type":"Feature","geometry":{"type":"LineString","coordinates":[[-60.73949869,-31.65541174],[-60.73948995,-31.65544547]]},"properties":{"layer":"Cuencas","entity_type":"LINE","handle":"1BC345"}},{"type":"Feature","geometry":{"type":"LineString","coordinates":[[-60.73948995,-31.65544547],[-60.73948088,-31.65547899]]},"properties":{"layer":"Cuencas","entity_type":"LINE","handle":"1BC346"}},{"type":"Feature","geometry":{"type":"LineString","coordinates":[[-60.73948088,-31.65547899],[-60.7394716,-31.65551205]]},"properties":{"layer":"Cuencas","entity_type":"LINE","handle":"1BC347"}},{"type":"Feature","geometry":{"type":"LineString","coordinates":[[-60.7394716,-31.65551205],[-60.73946221,-31.65554439]]},"properties":{"layer":"Cuencas","entity_type":"LINE","handle":"1BC348"}},{"type":"Feature","geometry":{"type":"LineString","coordinates":[[-60.73946221,-31.65554439],[-60.73945284,-31.65557574]]},"properties":{"layer":"Cuencas","entity_type":"LINE","handle":"1BC349"}},{"type":"Feature","geometry":{"type":"LineString","coordinates":[[-60.73945284,-31.65557574],[-60.73944361,-31.65560585]]},"properties":{"layer":"Cuencas","entity_type":"LINE","handle":"1BC34A"}},{"type":"Feature","geometry":{"type":"LineString","coordinates":[[-60.73944361,-31.65560585],[-60.73943461,-31.65563444]]},"properties":{"layer":"Cuencas","entity_type":"LINE","handle":"1BC34B"}},{"type":"Feature","geometry":{"type":"LineString","coordinates":[[-60.73943461,-31.65563444],[-60.73942592,-31.65566142]]},"properties":{"layer":"Cuencas","entity_type":"LINE","handle":"1BC34C"}},{"type":"Feature","geometry":{"type":"LineString","coordinates":[[-60.73942592,-31.65566142],[-60.73941731,-31.65568731]]},"properties":{"layer":"Cuencas","entity_type":"LINE","handle":"1BC34D"}},{"type":"Feature","geometry":{"type":"LineString","coordinates":[[-60.73941731,-31.65568731],[-60.73940851,-31.65571279]]},"properties":{"layer":"Cuencas","entity_type":"LINE","handle":"1BC34E"}},{"type":"Feature","geometry":{"type":"LineString","coordinates":[[-60.73940851,-31.65571279],[-60.73939924,-31.65573856]]},"properties":{"layer":"Cuencas","entity_type":"LINE","handle":"1BC34F"}},{"type":"Feature","geometry":{"type":"LineString","coordinates":[[-60.73939924,-31.65573856],[-60.73938923,-31.65576531]]},"properties":{"layer":"Cuencas","entity_type":"LINE","handle":"1BC350"}},{"type":"Feature","geometry":{"type":"LineString","coordinates":[[-60.73938923,-31.65576531],[-60.73937819,-31.65579371]]},"properties":{"layer":"Cuencas","entity_type":"LINE","handle":"1BC351"}},{"type":"Feature","geometry":{"type":"LineString","coordinates":[[-60.73937819,-31.65579371],[-60.73936585,-31.65582445]]},"properties":{"layer":"Cuencas","entity_type":"LINE","handle":"1BC352"}},{"type":"Feature","geometry":{"type":"LineString","coordinates":[[-60.73936585,-31.65582445],[-60.73935193,-31.65585822]]},"properties":{"layer":"Cuencas","entity_type":"LINE","handle":"1BC353"}},{"type":"Feature","geometry":{"type":"LineString","coordinates":[[-60.73935193,-31.65585822],[-60.73933623,-31.6558955]]},"properties":{"layer":"Cuencas","entity_type":"LINE","handle":"1BC354"}},{"type":"Feature","geometry":{"type":"LineString","coordinates":[[-60.73933623,-31.6558955],[-60.73931883,-31.65593595]]},"properties":{"layer":"Cuencas","entity_type":"LINE","handle":"1BC355"}},{"type":"Feature","geometry":{"type":"LineString","coordinates":[[-60.73931883,-31.65593595],[-60.7392999,-31.65597902]]},"properties":{"layer":"Cuencas","entity_type":"LINE","handle":"1BC356"}},{"type":"Feature","geometry":{"type":"LineString","coordinates":[[-60.7392999,-31.65597902],[-60.7392796,-31.65602418]]},"properties":{"layer":"Cuencas","entity_type":"LINE","handle":"1BC357"}},{"type":"Feature","geometry":{"type":"LineString","coordinates":[[-60.7392796,-31.65602418],[-60.73925808,-31.65607087]]},"properties":{"layer":"Cuencas","entity_type":"LINE","handle":"1BC358"}},{"type":"Feature","geometry":{"type":"LineString","coordinates":[[-60.73925808,-31.65607087],[-60.73923551,-31.65611856]]},"properties":{"layer":"Cuencas","entity_type":"LINE","handle":"1BC359"}},{"type":"Feature","geometry":{"type":"LineString","coordinates":[[-60.73923551,-31.65611856],[-60.73921205,-31.65616669]]},"properties":{"layer":"Cuencas","entity_type":"LINE","handle":"1BC35A"}},{"type":"Feature","geometry":{"type":"LineString","coordinates":[[-60.73921205,-31.65616669],[-60.73918786,-31.65621473]]},"properties":{"layer":"Cuencas","entity_type":"LINE","handle":"1BC35B"}},{"type":"Feature","geometry":{"type":"LineString","coordinates":[[-60.73918786,-31.65621473],[-60.73916303,-31.65626226]]},"properties":{"layer":"Cuencas","entity_type":"LINE","handle":"1BC35C"}},{"type":"Feature","geometry":{"type":"LineString","coordinates":[[-60.73916303,-31.65626226],[-60.73913739,-31.65630942]]},"properties":{"layer":"Cuencas","entity_type":"LINE","handle":"1BC35D"}},{"type":"Feature","geometry":{"type":"LineString","coordinates":[[-60.73913739,-31.65630942],[-60.73911072,-31.65635645]]},"properties":{"layer":"Cuencas","entity_type":"LINE","handle":"1BC35E"}},{"type":"Feature","geometry":{"type":"LineString","coordinates":[[-60.73911072,-31.65635645],[-60.73908278,-31.65640364]]},"properties":{"layer":"Cuencas","entity_type":"LINE","handle":"1BC35F"}},{"type":"Feature","geometry":{"type":"LineString","coordinates":[[-60.73908278,-31.65640364],[-60.73905333,-31.65645124]]},"properties":{"layer":"Cuencas","entity_type":"LINE","handle":"1BC360"}},{"type":"Feature","geometry":{"type":"LineString","coordinates":[[-60.73905333,-31.65645124],[-60.73902214,-31.65649951]]},"properties":{"layer":"Cuencas","entity_type":"LINE","handle":"1BC361"}},{"type":"Feature","geometry":{"type":"LineString","coordinates":[[-60.73902214,-31.65649951],[-60.73898898,-31.65654872]]},"properties":{"layer":"Cuencas","entity_type":"LINE","handle":"1BC362"}},{"type":"Feature","geometry":{"type":"LineString","coordinates":[[-60.73898898,-31.65654872],[-60.73895362,-31.65659913]]},"properties":{"layer":"Cuencas","entity_type":"LINE","handle":"1BC363"}},{"type":"Feature","geometry":{"type":"LineString","coordinates":[[-60.73895362,-31.65659913],[-60.73891591,-31.6566509]]},"properties":{"layer":"Cuencas","entity_type":"LINE","handle":"1BC364"}},{"type":"Feature","geometry":{"type":"LineString","coordinates":[[-60.73891591,-31.6566509],[-60.73887606,-31.65670377]]},"properties":{"layer":"Cuencas","entity_type":"LINE","handle":"1BC365"}},{"type":"Feature","geometry":{"type":"LineString","coordinates":[[-60.73887606,-31.65670377],[-60.73883437,-31.65675737]]},"properties":{"layer":"Cuencas","entity_type":"LINE","handle":"1BC366"}},{"type":"Feature","geometry":{"type":"LineString","coordinates":[[-60.73883437,-31.65675737],[-60.73879116,-31.65681135]]},"properties":{"layer":"Cuencas","entity_type":"LINE","handle":"1BC367"}},{"type":"Feature","geometry":{"type":"LineString","coordinates":[[-60.73879116,-31.65681135],[-60.73874673,-31.65686533]]},"properties":{"layer":"Cuencas","entity_type":"LINE","handle":"1BC368"}},{"type":"Feature","geometry":{"type":"LineString","coordinates":[[-60.73874673,-31.65686533],[-60.73870137,-31.65691896]]},"properties":{"layer":"Cuencas","entity_type":"LINE","handle":"1BC369"}},{"type":"Feature","geometry":{"type":"LineString","coordinates":[[-60.73870137,-31.65691896],[-60.73865539,-31.65697186]]},"properties":{"layer":"Cuencas","entity_type":"LINE","handle":"1BC36A"}},{"type":"Feature","geometry":{"type":"LineString","coordinates":[[-60.73865539,-31.65697186],[-60.7386091,-31.65702368]]},"properties":{"layer":"Cuencas","entity_type":"LINE","handle":"1BC36B"}},{"type":"Feature","geometry":{"type":"LineString","coordinates":[[-60.7386091,-31.65702368],[-60.73856273,-31.65707413]]},"properties":{"layer":"Cuencas","entity_type":"LINE","handle":"1BC36C"}},{"type":"Feature","geometry":{"type":"LineString","coordinates":[[-60.73856273,-31.65707413],[-60.7385162,-31.65712322]]},"properties":{"layer":"Cuencas","entity_type":"LINE","handle":"1BC36D"}},{"type":"Feature","geometry":{"type":"LineString","coordinates":[[-60.7385162,-31.65712322],[-60.73846938,-31.65717108]]},"properties":{"layer":"Cuencas","entity_type":"LINE","handle":"1BC36E"}},{"type":"Feature","geometry":{"type":"LineString","coordinates":[[-60.73846938,-31.65717108],[-60.73842212,-31.65721779]]},"properties":{"layer":"Cuencas","entity_type":"LINE","handle":"1BC36F"}},{"type":"Feature","geometry":{"type":"LineString","coordinates":[[-60.73842212,-31.65721779],[-60.73837429,-31.65726345]]},"properties":{"layer":"Cuencas","entity_type":"LINE","handle":"1BC370"}},{"type":"Feature","geometry":{"type":"LineString","coordinates":[[-60.73837429,-31.65726345],[-60.73832575,-31.65730817]]},"properties":{"layer":"Cuencas","entity_type":"LINE","handle":"1BC371"}},{"type":"Feature","geometry":{"type":"LineString","coordinates":[[-60.73832575,-31.65730817],[-60.73827635,-31.65735206]]},"properties":{"layer":"Cuencas","entity_type":"LINE","handle":"1BC372"}},{"type":"Feature","geometry":{"type":"LineString","coordinates":[[-60.73827635,-31.65735206],[-60.73822596,-31.6573952]]},"properties":{"layer":"Cuencas","entity_type":"LINE","handle":"1BC373"}},{"type":"Feature","geometry":{"type":"LineString","coordinates":[[-60.73822596,-31.6573952],[-60.73817448,-31.65743767]]},"properties":{"layer":"Cuencas","entity_type":"LINE","handle":"1BC374"}},{"type":"Feature","geometry":{"type":"LineString","coordinates":[[-60.73817448,-31.65743767],[-60.73812206,-31.65747943]]},"properties":{"layer":"Cuencas","entity_type":"LINE","handle":"1BC375"}},{"type":"Feature","geometry":{"type":"LineString","coordinates":[[-60.73812206,-31.65747943],[-60.73806887,-31.65752038]]},"properties":{"layer":"Cuencas","entity_type":"LINE","handle":"1BC376"}},{"type":"Feature","geometry":{"type":"LineString","coordinates":[[-60.73806887,-31.65752038],[-60.73801512,-31.65756046]]},"properties":{"layer":"Cuencas","entity_type":"LINE","handle":"1BC377"}},{"type":"Feature","geometry":{"type":"LineString","coordinates":[[-60.73801512,-31.65756046],[-60.73796098,-31.65759957]]},"properties":{"layer":"Cuencas","entity_type":"LINE","handle":"1BC378"}},{"type":"Feature","geometry":{"type":"LineString","coordinates":[[-60.73796098,-31.65759957],[-60.73790664,-31.65763763]]},"properties":{"layer":"Cuencas","entity_type":"LINE","handle":"1BC379"}},{"type":"Feature","geometry":{"type":"LineString","coordinates":[[-60.73790664,-31.65763763],[-60.73785229,-31.65767456]]},"properties":{"layer":"Cuencas","entity_type":"LINE","handle":"1BC37A"}},{"type":"Feature","geometry":{"type":"LineString","coordinates":[[-60.73785229,-31.65767456],[-60.73779812,-31.65771029]]},"properties":{"layer":"Cuencas","entity_type":"LINE","handle":"1BC37B"}},{"type":"Feature","geometry":{"type":"LineString","coordinates":[[-60.73779812,-31.65771029],[-60.73774425,-31.65774476]]},"properties":{"layer":"Cuencas","entity_type":"LINE","handle":"1BC37C"}},{"type":"Feature","geometry":{"type":"LineString","coordinates":[[-60.73774425,-31.65774476],[-60.73769051,-31.65777806]]},"properties":{"layer":"Cuencas","entity_type":"LINE","handle":"1BC37D"}},{"type":"Feature","geometry":{"type":"LineString","coordinates":[[-60.73769051,-31.65777806],[-60.73763667,-31.65781032]]},"properties":{"layer":"Cuencas","entity_type":"LINE","handle":"1BC37E"}},{"type":"Feature","geometry":{"type":"LineString","coordinates":[[-60.73763667,-31.65781032],[-60.73758249,-31.65784165]]},"properties":{"layer":"Cuencas","entity_type":"LINE","handle":"1BC37F"}},{"type":"Feature","geometry":{"type":"LineString","coordinates":[[-60.73758249,-31.65784165],[-60.73752774,-31.65787218]]},"properties":{"layer":"Cuencas","entity_type":"LINE","handle":"1BC380"}},{"type":"Feature","geometry":{"type":"LineString","coordinates":[[-60.73752774,-31.65787218],[-60.73747218,-31.65790203]]},"properties":{"layer":"Cuencas","entity_type":"LINE","handle":"1BC381"}},{"type":"Feature","geometry":{"type":"LineString","coordinates":[[-60.73747218,-31.65790203],[-60.73741558,-31.65793133]]},"properties":{"layer":"Cuencas","entity_type":"LINE","handle":"1BC382"}},{"type":"Feature","geometry":{"type":"LineString","coordinates":[[-60.73741558,-31.65793133],[-60.73735771,-31.65796018]]},"properties":{"layer":"Cuencas","entity_type":"LINE","handle":"1BC383"}},{"type":"Feature","geometry":{"type":"LineString","coordinates":[[-60.73735771,-31.65796018],[-60.73729832,-31.65798874]]},"properties":{"layer":"Cuencas","entity_type":"LINE","handle":"1BC384"}},{"type":"Feature","geometry":{"type":"LineString","coordinates":[[-60.73729832,-31.65798874],[-60.73723719,-31.65801716]]},"properties":{"layer":"Cuencas","entity_type":"LINE","handle":"1BC385"}},{"type":"Feature","geometry":{"type":"LineString","coordinates":[[-60.73723719,-31.65801716],[-60.73717408,-31.65804564]]},"properties":{"layer":"Cuencas","entity_type":"LINE","handle":"1BC386"}},{"type":"Feature","geometry":{"type":"LineString","coordinates":[[-60.73717408,-31.65804564],[-60.73710876,-31.65807435]]},"properties":{"layer":"Cuencas","entity_type":"LINE","handle":"1BC387"}},{"type":"Feature","geometry":{"type":"LineString","coordinates":[[-60.73710876,-31.65807435],[-60.73704099,-31.65810347]]},"properties":{"layer":"Cuencas","entity_type":"LINE","handle":"1BC388"}},{"type":"Feature","geometry":{"type":"LineString","coordinates":[[-60.73704099,-31.65810347],[-60.73697054,-31.6581332]]},"properties":{"layer":"Cuencas","entity_type":"LINE","handle":"1BC389"}},{"type":"Feature","geometry":{"type":"LineString","coordinates":[[-60.73697054,-31.6581332],[-60.73689717,-31.6581637]]},"properties":{"layer":"Cuencas","entity_type":"LINE","handle":"1BC38A"}},{"type":"Feature","geometry":{"type":"LineString","coordinates":[[-60.73689717,-31.6581637],[-60.73682065,-31.65819517]]},"properties":{"layer":"Cuencas","entity_type":"LINE","handle":"1BC38B"}},{"type":"Feature","geometry":{"type":"LineString","coordinates":[[-60.73682065,-31.65819517],[-60.73674079,-31.65822779]]},"properties":{"layer":"Cuencas","entity_type":"LINE","handle":"1BC38C"}},{"type":"Feature","geometry":{"type":"LineString","coordinates":[[-60.73674079,-31.65822779],[-60.73665757,-31.65826175]]},"properties":{"layer":"Cuencas","entity_type":"LINE","handle":"1BC38D"}},{"type":"Feature","geometry":{"type":"LineString","coordinates":[[-60.73665757,-31.65826175],[-60.73657101,-31.65829723]]},"properties":{"layer":"Cuencas","entity_type":"LINE","handle":"1BC38E"}},{"type":"Feature","geometry":{"type":"LineString","coordinates":[[-60.73657101,-31.65829723],[-60.73648114,-31.65833442]]},"properties":{"layer":"Cuencas","entity_type":"LINE","handle":"1BC38F"}},{"type":"Feature","geometry":{"type":"LineString","coordinates":[[-60.73648114,-31.65833442],[-60.73638797,-31.65837352]]},"properties":{"layer":"Cuencas","entity_type":"LINE","handle":"1BC390"}},{"type":"Feature","geometry":{"type":"LineString","coordinates":[[-60.73638797,-31.65837352],[-60.73629154,-31.6584147]]},"properties":{"layer":"Cuencas","entity_type":"LINE","handle":"1BC391"}},{"type":"Feature","geometry":{"type":"LineString","coordinates":[[-60.73629154,-31.6584147],[-60.73619186,-31.65845817]]},"properties":{"layer":"Cuencas","entity_type":"LINE","handle":"1BC392"}},{"type":"Feature","geometry":{"type":"LineString","coordinates":[[-60.73619186,-31.65845817],[-60.73608896,-31.65850411]]},"properties":{"layer":"Cuencas","entity_type":"LINE","handle":"1BC393"}},{"type":"Feature","geometry":{"type":"LineString","coordinates":[[-60.73608896,-31.65850411],[-60.73598301,-31.6585526]]},"properties":{"layer":"Cuencas","entity_type":"LINE","handle":"1BC394"}},{"type":"Feature","geometry":{"type":"LineString","coordinates":[[-60.73598301,-31.6585526],[-60.73587484,-31.65860328]]},"properties":{"layer":"Cuencas","entity_type":"LINE","handle":"1BC395"}},{"type":"Feature","geometry":{"type":"LineString","coordinates":[[-60.73587484,-31.65860328],[-60.73576539,-31.65865569]]},"properties":{"layer":"Cuencas","entity_type":"LINE","handle":"1BC396"}},{"type":"Feature","geometry":{"type":"LineString","coordinates":[[-60.73576539,-31.65865569],[-60.73565565,-31.65870937]]},"properties":{"layer":"Cuencas","entity_type":"LINE","handle":"1BC397"}},{"type":"Feature","geometry":{"type":"LineString","coordinates":[[-60.73565565,-31.65870937],[-60.73554657,-31.65876385]]},"properties":{"layer":"Cuencas","entity_type":"LINE","handle":"1BC398"}},{"type":"Feature","geometry":{"type":"LineString","coordinates":[[-60.73554657,-31.65876385],[-60.73543913,-31.65881867]]},"properties":{"layer":"Cuencas","entity_type":"LINE","handle":"1BC399"}},{"type":"Feature","geometry":{"type":"LineString","coordinates":[[-60.73543913,-31.65881867],[-60.73533428,-31.65887336]]},"properties":{"layer":"Cuencas","entity_type":"LINE","handle":"1BC39A"}},{"type":"Feature","geometry":{"type":"LineString","coordinates":[[-60.73533428,-31.65887336],[-60.735233,-31.65892746]]},"properties":{"layer":"Cuencas","entity_type":"LINE","handle":"1BC39B"}},{"type":"Feature","geometry":{"type":"LineString","coordinates":[[-60.735233,-31.65892746],[-60.73513602,-31.6589806]]},"properties":{"layer":"Cuencas","entity_type":"LINE","handle":"1BC39C"}},{"type":"Feature","geometry":{"type":"LineString","coordinates":[[-60.73513602,-31.6589806],[-60.73504318,-31.65903286]]},"properties":{"layer":"Cuencas","entity_type":"LINE","handle":"1BC39D"}},{"type":"Feature","geometry":{"type":"LineString","coordinates":[[-60.73504318,-31.65903286],[-60.73495406,-31.65908441]]},"properties":{"layer":"Cuencas","entity_type":"LINE","handle":"1BC39E"}},{"type":"Feature","geometry":{"type":"LineString","coordinates":[[-60.73495406,-31.65908441],[-60.73486826,-31.65913542]]},"properties":{"layer":"Cuencas","entity_type":"LINE","handle":"1BC39F"}},{"type":"Feature","geometry":{"type":"LineString","coordinates":[[-60.73486826,-31.65913542],[-60.7347854,-31.65918605]]},"properties":{"layer":"Cuencas","entity_type":"LINE","handle":"1BC3A0"}},{"type":"Feature","geometry":{"type":"LineString","coordinates":[[-60.7347854,-31.65918605],[-60.73470506,-31.65923649]]},"properties":{"layer":"Cuencas","entity_type":"LINE","handle":"1BC3A1"}},{"type":"Feature","geometry":{"type":"LineString","coordinates":[[-60.73470506,-31.65923649],[-60.73462685,-31.65928689]]},"properties":{"layer":"Cuencas","entity_type":"LINE","handle":"1BC3A2"}},{"type":"Feature","geometry":{"type":"LineString","coordinates":[[-60.73462685,-31.65928689],[-60.73455035,-31.65933744]]},"properties":{"layer":"Cuencas","entity_type":"LINE","handle":"1BC3A3"}},{"type":"Feature","geometry":{"type":"LineString","coordinates":[[-60.73455035,-31.65933744],[-60.7344753,-31.65938824]]},"properties":{"layer":"Cuencas","entity_type":"LINE","handle":"1BC3A4"}},{"type":"Feature","geometry":{"type":"LineString","coordinates":[[-60.7344753,-31.65938824],[-60.73440188,-31.65943911]]},"properties":{"layer":"Cuencas","entity_type":"LINE","handle":"1BC3A5"}},{"type":"Feature","geometry":{"type":"LineString","coordinates":[[-60.73440188,-31.65943911],[-60.73433038,-31.6594898]]},"properties":{"layer":"Cuencas","entity_type":"LINE","handle":"1BC3A6"}},{"type":"Feature","geometry":{"type":"LineString","coordinates":[[-60.73433038,-31.6594898],[-60.73426112,-31.65954008]]},"properties":{"layer":"Cuencas","entity_type":"LINE","handle":"1BC3A7"}},{"type":"Feature","geometry":{"type":"LineString","coordinates":[[-60.73426112,-31.65954008],[-60.7341944,-31.6595897]]},"properties":{"layer":"Cuencas","entity_type":"LINE","handle":"1BC3A8"}},{"type":"Feature","geometry":{"type":"LineString","coordinates":[[-60.7341944,-31.6595897],[-60.73413053,-31.65963842]]},"properties":{"layer":"Cuencas","entity_type":"LINE","handle":"1BC3A9"}},{"type":"Feature","geometry":{"type":"LineString","coordinates":[[-60.73413053,-31.65963842],[-60.7340698,-31.65968599]]},"properties":{"layer":"Cuencas","entity_type":"LINE","handle":"1BC3AA"}},{"type":"Feature","geometry":{"type":"LineString","coordinates":[[-60.7340698,-31.65968599],[-60.73401252,-31.65973217]]},"properties":{"layer":"Cuencas","entity_type":"LINE","handle":"1BC3AB"}},{"type":"Feature","geometry":{"type":"LineString","coordinates":[[-60.73401252,-31.65973217],[-60.73395888,-31.65977681]]},"properties":{"layer":"Cuencas","entity_type":"LINE","handle":"1BC3AC"}},{"type":"Feature","geometry":{"type":"LineString","coordinates":[[-60.73395888,-31.65977681],[-60.73390855,-31.65982008]]},"properties":{"layer":"Cuencas","entity_type":"LINE","handle":"1BC3AD"}},{"type":"Feature","geometry":{"type":"LineString","coordinates":[[-60.73390855,-31.65982008],[-60.73386109,-31.65986224]]},"properties":{"layer":"Cuencas","entity_type":"LINE","handle":"1BC3AE"}},{"type":"Feature","geometry":{"type":"LineString","coordinates":[[-60.73386109,-31.65986224],[-60.73381605,-31.65990357]]},"properties":{"layer":"Cuencas","entity_type":"LINE","handle":"1BC3AF"}},{"type":"Feature","geometry":{"type":"LineString","coordinates":[[-60.73381605,-31.65990357],[-60.73377298,-31.65994432]]},"properties":{"layer":"Cuencas","entity_type":"LINE","handle":"1BC3B0"}},{"type":"Feature","geometry":{"type":"LineString","coordinates":[[-60.73377298,-31.65994432],[-60.73373144,-31.65998476]]},"properties":{"layer":"Cuencas","entity_type":"LINE","handle":"1BC3B1"}},{"type":"Feature","geometry":{"type":"LineString","coordinates":[[-60.73373144,-31.65998476],[-60.73369099,-31.66002515]]},"properties":{"layer":"Cuencas","entity_type":"LINE","handle":"1BC3B2"}},{"type":"Feature","geometry":{"type":"LineString","coordinates":[[-60.73369099,-31.66002515],[-60.73365117,-31.66006576]]},"properties":{"layer":"Cuencas","entity_type":"LINE","handle":"1BC3B3"}},{"type":"Feature","geometry":{"type":"LineString","coordinates":[[-60.73365117,-31.66006576],[-60.73361165,-31.66010679]]},"properties":{"layer":"Cuencas","entity_type":"LINE","handle":"1BC3B4"}},{"type":"Feature","geometry":{"type":"LineString","coordinates":[[-60.73361165,-31.66010679],[-60.73357245,-31.66014818]]},"properties":{"layer":"Cuencas","entity_type":"LINE","handle":"1BC3B5"}},{"type":"Feature","geometry":{"type":"LineString","coordinates":[[-60.73357245,-31.66014818],[-60.73353373,-31.66018981]]},"properties":{"layer":"Cuencas","entity_type":"LINE","handle":"1BC3B6"}},{"type":"Feature","geometry":{"type":"LineString","coordinates":[[-60.73353373,-31.66018981],[-60.73349562,-31.66023156]]},"properties":{"layer":"Cuencas","entity_type":"LINE","handle":"1BC3B7"}},{"type":"Feature","geometry":{"type":"LineString","coordinates":[[-60.73349562,-31.66023156],[-60.73345827,-31.6602733]]},"properties":{"layer":"Cuencas","entity_type":"LINE","handle":"1BC3B8"}},{"type":"Feature","geometry":{"type":"LineString","coordinates":[[-60.73345827,-31.6602733],[-60.73342181,-31.66031491]]},"properties":{"layer":"Cuencas","entity_type":"LINE","handle":"1BC3B9"}},{"type":"Feature","geometry":{"type":"LineString","coordinates":[[-60.73342181,-31.66031491],[-60.73338639,-31.66035628]]},"properties":{"layer":"Cuencas","entity_type":"LINE","handle":"1BC3BA"}},{"type":"Feature","geometry":{"type":"LineString","coordinates":[[-60.73338639,-31.66035628],[-60.73335214,-31.66039728]]},"properties":{"layer":"Cuencas","entity_type":"LINE","handle":"1BC3BB"}},{"type":"Feature","geometry":{"type":"LineString","coordinates":[[-60.73335214,-31.66039728],[-60.73331915,-31.66043785]]},"properties":{"layer":"Cuencas","entity_type":"LINE","handle":"1BC3BC"}},{"type":"Feature","geometry":{"type":"LineString","coordinates":[[-60.73331915,-31.66043785],[-60.73328729,-31.6604782]]},"properties":{"layer":"Cuencas","entity_type":"LINE","handle":"1BC3BD"}},{"type":"Feature","geometry":{"type":"LineString","coordinates":[[-60.73328729,-31.6604782],[-60.73325635,-31.66051858]]},"properties":{"layer":"Cuencas","entity_type":"LINE","handle":"1BC3BE"}},{"type":"Feature","geometry":{"type":"LineString","coordinates":[[-60.73325635,-31.66051858],[-60.73322616,-31.66055926]]},"properties":{"layer":"Cuencas","entity_type":"LINE","handle":"1BC3BF"}},{"type":"Feature","geometry":{"type":"LineString","coordinates":[[-60.73322616,-31.66055926],[-60.73319651,-31.6606005]]},"properties":{"layer":"Cuencas","entity_type":"LINE","handle":"1BC3C0"}},{"type":"Feature","geometry":{"type":"LineString","coordinates":[[-60.73319651,-31.6606005],[-60.73316721,-31.66064257]]},"properties":{"layer":"Cuencas","entity_type":"LINE","handle":"1BC3C1"}},{"type":"Feature","geometry":{"type":"LineString","coordinates":[[-60.73316721,-31.66064257],[-60.73313808,-31.66068572]]},"properties":{"layer":"Cuencas","entity_type":"LINE","handle":"1BC3C2"}},{"type":"Feature","geometry":{"type":"LineString","coordinates":[[-60.73313808,-31.66068572],[-60.73310891,-31.66073023]]},"properties":{"layer":"Cuencas","entity_type":"LINE","handle":"1BC3C3"}},{"type":"Feature","geometry":{"type":"LineString","coordinates":[[-60.73310891,-31.66073023],[-60.73307952,-31.66077634]]},"properties":{"layer":"Cuencas","entity_type":"LINE","handle":"1BC3C4"}},{"type":"Feature","geometry":{"type":"LineString","coordinates":[[-60.73307952,-31.66077634],[-60.73304968,-31.66082423]]},"properties":{"layer":"Cuencas","entity_type":"LINE","handle":"1BC3C5"}},{"type":"Feature","geometry":{"type":"LineString","coordinates":[[-60.73304968,-31.66082423],[-60.73301917,-31.66087405]]},"properties":{"layer":"Cuencas","entity_type":"LINE","handle":"1BC3C6"}},{"type":"Feature","geometry":{"type":"LineString","coordinates":[[-60.73301917,-31.66087405],[-60.73298777,-31.66092597]]},"properties":{"layer":"Cuencas","entity_type":"LINE","handle":"1BC3C7"}},{"type":"Feature","geometry":{"type":"LineString","coordinates":[[-60.73298777,-31.66092597],[-60.73295526,-31.66098016]]},"properties":{"layer":"Cuencas","entity_type":"LINE","handle":"1BC3C8"}},{"type":"Feature","geometry":{"type":"LineString","coordinates":[[-60.73295526,-31.66098016],[-60.73292141,-31.66103676]]},"properties":{"layer":"Cuencas","entity_type":"LINE","handle":"1BC3C9"}},{"type":"Feature","geometry":{"type":"LineString","coordinates":[[-60.73292141,-31.66103676],[-60.732886,-31.66109595]]},"properties":{"layer":"Cuencas","entity_type":"LINE","handle":"1BC3CA"}},{"type":"Feature","geometry":{"type":"LineString","coordinates":[[-60.732886,-31.66109595],[-60.73284881,-31.66115788]]},"properties":{"layer":"Cuencas","entity_type":"LINE","handle":"1BC3CB"}},{"type":"Feature","geometry":{"type":"LineString","coordinates":[[-60.73284881,-31.66115788],[-60.73280973,-31.66122262]]},"properties":{"layer":"Cuencas","entity_type":"LINE","handle":"1BC3CC"}},{"type":"Feature","geometry":{"type":"LineString","coordinates":[[-60.73280973,-31.66122262],[-60.73276905,-31.66128977]]},"properties":{"layer":"Cuencas","entity_type":"LINE","handle":"1BC3CD"}},{"type":"Feature","geometry":{"type":"LineString","coordinates":[[-60.73276905,-31.66128977],[-60.7327272,-31.66135886]]},"properties":{"layer":"Cuencas","entity_type":"LINE","handle":"1BC3CE"}},{"type":"Feature","geometry":{"type":"LineString","coordinates":[[-60.7327272,-31.66135886],[-60.73268459,-31.6614294]]},"properties":{"layer":"Cuencas","entity_type":"LINE","handle":"1BC3CF"}},{"type":"Feature","geometry":{"type":"LineString","coordinates":[[-60.73268459,-31.6614294],[-60.73264164,-31.66150091]]},"properties":{"layer":"Cuencas","entity_type":"LINE","handle":"1BC3D0"}},{"type":"Feature","geometry":{"type":"LineString","coordinates":[[-60.73264164,-31.66150091],[-60.73259875,-31.6615729]]},"properties":{"layer":"Cuencas","entity_type":"LINE","handle":"1BC3D1"}},{"type":"Feature","geometry":{"type":"LineString","coordinates":[[-60.73259875,-31.6615729],[-60.73255635,-31.66164488]]},"properties":{"layer":"Cuencas","entity_type":"LINE","handle":"1BC3D2"}},{"type":"Feature","geometry":{"type":"LineString","coordinates":[[-60.73255635,-31.66164488],[-60.73251485,-31.66171638]]},"properties":{"layer":"Cuencas","entity_type":"LINE","handle":"1BC3D3"}},{"type":"Feature","geometry":{"type":"LineString","coordinates":[[-60.73251485,-31.66171638],[-60.73247461,-31.66178692]]},"properties":{"layer":"Cuencas","entity_type":"LINE","handle":"1BC3D4"}},{"type":"Feature","geometry":{"type":"LineString","coordinates":[[-60.73247461,-31.66178692],[-60.73243588,-31.66185612]]},"properties":{"layer":"Cuencas","entity_type":"LINE","handle":"1BC3D5"}},{"type":"Feature","geometry":{"type":"LineString","coordinates":[[-60.73243588,-31.66185612],[-60.73239883,-31.66192363]]},"properties":{"layer":"Cuencas","entity_type":"LINE","handle":"1BC3D6"}},{"type":"Feature","geometry":{"type":"LineString","coordinates":[[-60.73239883,-31.66192363],[-60.73236365,-31.66198907]]},"properties":{"layer":"Cuencas","entity_type":"LINE","handle":"1BC3D7"}},{"type":"Feature","geometry":{"type":"LineString","coordinates":[[-60.73236365,-31.66198907],[-60.73233052,-31.66205208]]},"properties":{"layer":"Cuencas","entity_type":"LINE","handle":"1BC3D8"}},{"type":"Feature","geometry":{"type":"LineString","coordinates":[[-60.73233052,-31.66205208],[-60.73229964,-31.6621123]]},"properties":{"layer":"Cuencas","entity_type":"LINE","handle":"1BC3D9"}},{"type":"Feature","geometry":{"type":"LineString","coordinates":[[-60.73229964,-31.6621123],[-60.73227118,-31.66216937]]},"properties":{"layer":"Cuencas","entity_type":"LINE","handle":"1BC3DA"}},{"type":"Feature","geometry":{"type":"LineString","coordinates":[[-60.73227118,-31.66216937],[-60.73224533,-31.66222292]]},"properties":{"layer":"Cuencas","entity_type":"LINE","handle":"1BC3DB"}},{"type":"Feature","geometry":{"type":"LineString","coordinates":[[-60.73224533,-31.66222292],[-60.73222218,-31.66227258]]},"properties":{"layer":"Cuencas","entity_type":"LINE","handle":"1BC3DC"}},{"type":"Feature","geometry":{"type":"LineString","coordinates":[[-60.73222218,-31.66227258],[-60.73220139,-31.66231789]]},"properties":{"layer":"Cuencas","entity_type":"LINE","handle":"1BC3DD"}},{"type":"Feature","geometry":{"type":"LineString","coordinates":[[-60.73220139,-31.66231789],[-60.73218255,-31.6623584]]},"properties":{"layer":"Cuencas","entity_type":"LINE","handle":"1BC3DE"}},{"type":"Feature","geometry":{"type":"LineString","coordinates":[[-60.73218255,-31.6623584],[-60.73216522,-31.66239365]]},"properties":{"layer":"Cuencas","entity_type":"LINE","handle":"1BC3DF"}},{"type":"Feature","geometry":{"type":"LineString","coordinates":[[-60.73216522,-31.66239365],[-60.73214898,-31.66242317]]},"properties":{"layer":"Cuencas","entity_type":"LINE","handle":"1BC3E0"}},{"type":"Feature","geometry":{"type":"LineString","coordinates":[[-60.73214898,-31.66242317],[-60.7321334,-31.66244652]]},"properties":{"layer":"Cuencas","entity_type":"LINE","handle":"1BC3E1"}},{"type":"Feature","geometry":{"type":"LineString","coordinates":[[-60.7321334,-31.66244652],[-60.73211805,-31.66246321]]},"properties":{"layer":"Cuencas","entity_type":"LINE","handle":"1BC3E2"}},{"type":"Feature","geometry":{"type":"LineString","coordinates":[[-60.73211805,-31.66246321],[-60.7321025,-31.66247281]]},"properties":{"layer":"Cuencas","entity_type":"LINE","handle":"1BC3E3"}},{"type":"Feature","geometry":{"type":"LineString","coordinates":[[-60.7321025,-31.66247281],[-60.7320864,-31.66247509]]},"properties":{"layer":"Cuencas","entity_type":"LINE","handle":"1BC3E4"}},{"type":"Feature","geometry":{"type":"LineString","coordinates":[[-60.7320864,-31.66247509],[-60.73206968,-31.6624709]]},"properties":{"layer":"Cuencas","entity_type":"LINE","handle":"1BC3E5"}},{"type":"Feature","geometry":{"type":"LineString","coordinates":[[-60.73206968,-31.6624709],[-60.73205236,-31.66246132]]},"properties":{"layer":"Cuencas","entity_type":"LINE","handle":"1BC3E6"}},{"type":"Feature","geometry":{"type":"LineString","coordinates":[[-60.73205236,-31.66246132],[-60.73203443,-31.66244743]]},"properties":{"layer":"Cuencas","entity_type":"LINE","handle":"1BC3E7"}},{"type":"Feature","geometry":{"type":"LineString","coordinates":[[-60.73203443,-31.66244743],[-60.73201592,-31.66243033]]},"properties":{"layer":"Cuencas","entity_type":"LINE","handle":"1BC3E8"}},{"type":"Feature","geometry":{"type":"LineString","coordinates":[[-60.73201592,-31.66243033],[-60.73199682,-31.66241109]]},"properties":{"layer":"Cuencas","entity_type":"LINE","handle":"1BC3E9"}},{"type":"Feature","geometry":{"type":"LineString","coordinates":[[-60.73199682,-31.66241109],[-60.73197715,-31.66239082]]},"properties":{"layer":"Cuencas","entity_type":"LINE","handle":"1BC3EA"}},{"type":"Feature","geometry":{"type":"LineString","coordinates":[[-60.73197715,-31.66239082],[-60.73195691,-31.66237058]]},"properties":{"layer":"Cuencas","entity_type":"LINE","handle":"1BC3EB"}},{"type":"Feature","geometry":{"type":"LineString","coordinates":[[-60.73195691,-31.66237058],[-60.73193611,-31.6623513]]},"properties":{"layer":"Cuencas","entity_type":"LINE","handle":"1BC3EC"}},{"type":"Feature","geometry":{"type":"LineString","coordinates":[[-60.73193611,-31.6623513],[-60.73191476,-31.66233314]]},"properties":{"layer":"Cuencas","entity_type":"LINE","handle":"1BC3ED"}},{"type":"Feature","geometry":{"type":"LineString","coordinates":[[-60.73191476,-31.66233314],[-60.73189285,-31.66231612]]},"properties":{"layer":"Cuencas","entity_type":"LINE","handle":"1BC3EE"}},{"type":"Feature","geometry":{"type":"LineString","coordinates":[[-60.73189285,-31.66231612],[-60.73187039,-31.66230022]]},"properties":{"layer":"Cuencas","entity_type":"LINE","handle":"1BC3EF"}},{"type":"Feature","geometry":{"type":"LineString","coordinates":[[-60.73187039,-31.66230022],[-60.73184737,-31.66228546]]},"properties":{"layer":"Cuencas","entity_type":"LINE","handle":"1BC3F0"}},{"type":"Feature","geometry":{"type":"LineString","coordinates":[[-60.73184737,-31.66228546],[-60.73182379,-31.66227183]]},"properties":{"layer":"Cuencas","entity_type":"LINE","handle":"1BC3F1"}},{"type":"Feature","geometry":{"type":"LineString","coordinates":[[-60.73182379,-31.66227183],[-60.73179965,-31.66225932]]},"properties":{"layer":"Cuencas","entity_type":"LINE","handle":"1BC3F2"}},{"type":"Feature","geometry":{"type":"LineString","coordinates":[[-60.73179965,-31.66225932],[-60.73177496,-31.66224795]]},"properties":{"layer":"Cuencas","entity_type":"LINE","handle":"1BC3F3"}},{"type":"Feature","geometry":{"type":"LineString","coordinates":[[-60.73177496,-31.66224795],[-60.73174973,-31.6622377]]},"properties":{"layer":"Cuencas","entity_type":"LINE","handle":"1BC3F4"}},{"type":"Feature","geometry":{"type":"LineString","coordinates":[[-60.73174973,-31.6622377],[-60.73172406,-31.66222852]]},"properties":{"layer":"Cuencas","entity_type":"LINE","handle":"1BC3F5"}},{"type":"Feature","geometry":{"type":"LineString","coordinates":[[-60.73172406,-31.66222852],[-60.73169807,-31.66222034]]},"properties":{"layer":"Cuencas","entity_type":"LINE","handle":"1BC3F6"}},{"type":"Feature","geometry":{"type":"LineString","coordinates":[[-60.73169807,-31.66222034],[-60.73167188,-31.66221312]]},"properties":{"layer":"Cuencas","entity_type":"LINE","handle":"1BC3F7"}},{"type":"Feature","geometry":{"type":"LineString","coordinates":[[-60.73167188,-31.66221312],[-60.7316456,-31.66220677]]},"properties":{"layer":"Cuencas","entity_type":"LINE","handle":"1BC3F8"}},{"type":"Feature","geometry":{"type":"LineString","coordinates":[[-60.7316456,-31.66220677],[-60.73161934,-31.66220126]]},"properties":{"layer":"Cuencas","entity_type":"LINE","handle":"1BC3F9"}},{"type":"Feature","geometry":{"type":"LineString","coordinates":[[-60.73161934,-31.66220126],[-60.73159324,-31.66219651]]},"properties":{"layer":"Cuencas","entity_type":"LINE","handle":"1BC3FA"}},{"type":"Feature","geometry":{"type":"LineString","coordinates":[[-60.73159324,-31.66219651],[-60.7315674,-31.66219246]]},"properties":{"layer":"Cuencas","entity_type":"LINE","handle":"1BC3FB"}},{"type":"Feature","geometry":{"type":"LineString","coordinates":[[-60.7315674,-31.66219246],[-60.73154192,-31.66218906]]},"properties":{"layer":"Cuencas","entity_type":"LINE","handle":"1BC3FC"}},{"type":"Feature","geometry":{"type":"LineString","coordinates":[[-60.73154192,-31.66218906],[-60.73151682,-31.66218633]]},"properties":{"layer":"Cuencas","entity_type":"LINE","handle":"1BC3FD"}},{"type":"Feature","geometry":{"type":"LineString","coordinates":[[-60.73151682,-31.66218633],[-60.73149211,-31.66218428]]},"properties":{"layer":"Cuencas","entity_type":"LINE","handle":"1BC3FE"}},{"type":"Feature","geometry":{"type":"LineString","coordinates":[[-60.73149211,-31.66218428],[-60.73146778,-31.66218294]]},"properties":{"layer":"Cuencas","entity_type":"LINE","handle":"1BC3FF"}},{"type":"Feature","geometry":{"type":"LineString","coordinates":[[-60.73146778,-31.66218294],[-60.73144383,-31.66218231]]},"properties":{"layer":"Cuencas","entity_type":"LINE","handle":"1BC400"}},{"type":"Feature","geometry":{"type":"LineString","coordinates":[[-60.73144383,-31.66218231],[-60.73142027,-31.66218243]]},"properties":{"layer":"Cuencas","entity_type":"LINE","handle":"1BC401"}},{"type":"Feature","geometry":{"type":"LineString","coordinates":[[-60.73142027,-31.66218243],[-60.73139709,-31.66218331]]},"properties":{"layer":"Cuencas","entity_type":"LINE","handle":"1BC402"}},{"type":"Feature","geometry":{"type":"LineString","coordinates":[[-60.73139709,-31.66218331],[-60.73137429,-31.66218498]]},"properties":{"layer":"Cuencas","entity_type":"LINE","handle":"1BC403"}},{"type":"Feature","geometry":{"type":"LineString","coordinates":[[-60.73137429,-31.66218498],[-60.73135187,-31.66218743]]},"properties":{"layer":"Cuencas","entity_type":"LINE","handle":"1BC404"}},{"type":"Feature","geometry":{"type":"LineString","coordinates":[[-60.73135187,-31.66218743],[-60.73132981,-31.66219065]]},"properties":{"layer":"Cuencas","entity_type":"LINE","handle":"1BC405"}},{"type":"Feature","geometry":{"type":"LineString","coordinates":[[-60.73132981,-31.66219065],[-60.73130808,-31.66219459]]},"properties":{"layer":"Cuencas","entity_type":"LINE","handle":"1BC406"}},{"type":"Feature","geometry":{"type":"LineString","coordinates":[[-60.73130808,-31.66219459],[-60.73128667,-31.66219922]]},"properties":{"layer":"Cuencas","entity_type":"LINE","handle":"1BC407"}},{"type":"Feature","geometry":{"type":"LineString","coordinates":[[-60.73128667,-31.66219922],[-60.73126555,-31.66220449]]},"properties":{"layer":"Cuencas","entity_type":"LINE","handle":"1BC408"}},{"type":"Feature","geometry":{"type":"LineString","coordinates":[[-60.73126555,-31.66220449],[-60.73124468,-31.66221036]]},"properties":{"layer":"Cuencas","entity_type":"LINE","handle":"1BC409"}},{"type":"Feature","geometry":{"type":"LineString","coordinates":[[-60.73124468,-31.66221036],[-60.73122406,-31.66221679]]},"properties":{"layer":"Cuencas","entity_type":"LINE","handle":"1BC40A"}},{"type":"Feature","geometry":{"type":"LineString","coordinates":[[-60.73122406,-31.66221679],[-60.73120366,-31.66222374]]},"properties":{"layer":"Cuencas","entity_type":"LINE","handle":"1BC40B"}},{"type":"Feature","geometry":{"type":"LineString","coordinates":[[-60.73120366,-31.66222374],[-60.73118346,-31.66223119]]},"properties":{"layer":"Cuencas","entity_type":"LINE","handle":"1BC40C"}},{"type":"Feature","geometry":{"type":"LineString","coordinates":[[-60.73118346,-31.66223119],[-60.7311635,-31.66223911]]},"properties":{"layer":"Cuencas","entity_type":"LINE","handle":"1BC40D"}},{"type":"Feature","geometry":{"type":"LineString","coordinates":[[-60.7311635,-31.66223911],[-60.73114382,-31.66224752]]},"properties":{"layer":"Cuencas","entity_type":"LINE","handle":"1BC40E"}},{"type":"Feature","geometry":{"type":"LineString","coordinates":[[-60.73114382,-31.66224752],[-60.73112448,-31.6622564]]},"properties":{"layer":"Cuencas","entity_type":"LINE","handle":"1BC40F"}},{"type":"Feature","geometry":{"type":"LineString","coordinates":[[-60.73112448,-31.6622564],[-60.73110552,-31.66226577]]},"properties":{"layer":"Cuencas","entity_type":"LINE","handle":"1BC410"}},{"type":"Feature","geometry":{"type":"LineString","coordinates":[[-60.73110552,-31.66226577],[-60.73108699,-31.66227562]]},"properties":{"layer":"Cuencas","entity_type":"LINE","handle":"1BC411"}},{"type":"Feature","geometry":{"type":"LineString","coordinates":[[-60.73108699,-31.66227562],[-60.73106893,-31.66228595]]},"properties":{"layer":"Cuencas","entity_type":"LINE","handle":"1BC412"}},{"type":"Feature","geometry":{"type":"LineString","coordinates":[[-60.73106893,-31.66228595],[-60.7310514,-31.66229676]]},"properties":{"layer":"Cuencas","entity_type":"LINE","handle":"1BC413"}},{"type":"Feature","geometry":{"type":"LineString","coordinates":[[-60.7310514,-31.66229676],[-60.73103442,-31.66230805]]},"properties":{"layer":"Cuencas","entity_type":"LINE","handle":"1BC414"}},{"type":"Feature","geometry":{"type":"LineString","coordinates":[[-60.73103442,-31.66230805],[-60.73101799,-31.66231984]]},"properties":{"layer":"Cuencas","entity_type":"LINE","handle":"1BC415"}},{"type":"Feature","geometry":{"type":"LineString","coordinates":[[-60.73101799,-31.66231984],[-60.73100208,-31.66233216]]},"properties":{"layer":"Cuencas","entity_type":"LINE","handle":"1BC416"}},{"type":"Feature","geometry":{"type":"LineString","coordinates":[[-60.73100208,-31.66233216],[-60.73098667,-31.66234501]]},"properties":{"layer":"Cuencas","entity_type":"LINE","handle":"1BC417"}},{"type":"Feature","geometry":{"type":"LineString","coordinates":[[-60.73098667,-31.66234501],[-60.73097174,-31.66235842]]},"properties":{"layer":"Cuencas","entity_type":"LINE","handle":"1BC418"}},{"type":"Feature","geometry":{"type":"LineString","coordinates":[[-60.73097174,-31.66235842],[-60.73095725,-31.66237242]]},"properties":{"layer":"Cuencas","entity_type":"LINE","handle":"1BC419"}},{"type":"Feature","geometry":{"type":"LineString","coordinates":[[-60.73095725,-31.66237242],[-60.7309432,-31.66238702]]},"properties":{"layer":"Cuencas","entity_type":"LINE","handle":"1BC41A"}},{"type":"Feature","geometry":{"type":"LineString","coordinates":[[-60.7309432,-31.66238702],[-60.73092955,-31.66240224]]},"properties":{"layer":"Cuencas","entity_type":"LINE","handle":"1BC41B"}},{"type":"Feature","geometry":{"type":"LineString","coordinates":[[-60.73092955,-31.66240224],[-60.7309163,-31.66241809]]},"properties":{"layer":"Cuencas","entity_type":"LINE","handle":"1BC41C"}},{"type":"Feature","geometry":{"type":"LineString","coordinates":[[-60.7309163,-31.66241809],[-60.73090351,-31.66243454]]},"properties":{"layer":"Cuencas","entity_type":"LINE","handle":"1BC41D"}},{"type":"Feature","geometry":{"type":"LineString","coordinates":[[-60.73090351,-31.66243454],[-60.73089123,-31.66245155]]},"properties":{"layer":"Cuencas","entity_type":"LINE","handle":"1BC41E"}},{"type":"Feature","geometry":{"type":"LineString","coordinates":[[-60.73089123,-31.66245155],[-60.73087955,-31.66246908]]},"properties":{"layer":"Cuencas","entity_type":"LINE","handle":"1BC41F"}},{"type":"Feature","geometry":{"type":"LineString","coordinates":[[-60.73087955,-31.66246908],[-60.73086853,-31.66248709]]},"properties":{"layer":"Cuencas","entity_type":"LINE","handle":"1BC420"}},{"type":"Feature","geometry":{"type":"LineString","coordinates":[[-60.73086853,-31.66248709],[-60.73085825,-31.66250554]]},"properties":{"layer":"Cuencas","entity_type":"LINE","handle":"1BC421"}},{"type":"Feature","geometry":{"type":"LineString","coordinates":[[-60.73085825,-31.66250554],[-60.73084877,-31.66252439]]},"properties":{"layer":"Cuencas","entity_type":"LINE","handle":"1BC422"}},{"type":"Feature","geometry":{"type":"LineString","coordinates":[[-60.73084877,-31.66252439],[-60.73084017,-31.6625436]]},"properties":{"layer":"Cuencas","entity_type":"LINE","handle":"1BC423"}},{"type":"Feature","geometry":{"type":"LineString","coordinates":[[-60.73084017,-31.6625436],[-60.73083251,-31.66256312]]},"properties":{"layer":"Cuencas","entity_type":"LINE","handle":"1BC424"}},{"type":"Feature","geometry":{"type":"LineString","coordinates":[[-60.73083251,-31.66256312],[-60.7308259,-31.66258295]]},"properties":{"layer":"Cuencas","entity_type":"LINE","handle":"1BC425"}},{"type":"Feature","geometry":{"type":"LineString","coordinates":[[-60.7308259,-31.66258295],[-60.73082041,-31.66260304]]},"properties":{"layer":"Cuencas","entity_type":"LINE","handle":"1BC426"}},{"type":"Feature","geometry":{"type":"LineString","coordinates":[[-60.73082041,-31.66260304],[-60.73081616,-31.66262339]]},"properties":{"layer":"Cuencas","entity_type":"LINE","handle":"1BC427"}},{"type":"Feature","geometry":{"type":"LineString","coordinates":[[-60.73081616,-31.66262339],[-60.73081322,-31.66264398]]},"properties":{"layer":"Cuencas","entity_type":"LINE","handle":"1BC428"}},{"type":"Feature","geometry":{"type":"LineString","coordinates":[[-60.73081322,-31.66264398],[-60.73081171,-31.66266478]]},"properties":{"layer":"Cuencas","entity_type":"LINE","handle":"1BC429"}},{"type":"Feature","geometry":{"type":"LineString","coordinates":[[-60.73081171,-31.66266478],[-60.7308117,-31.66268577]]},"properties":{"layer":"Cuencas","entity_type":"LINE","handle":"1BC42A"}},{"type":"Feature","geometry":{"type":"LineString","coordinates":[[-60.7308117,-31.66268577],[-60.73081329,-31.66270693]]},"properties":{"layer":"Cuencas","entity_type":"LINE","handle":"1BC42B"}},{"type":"Feature","geometry":{"type":"LineString","coordinates":[[-60.73081329,-31.66270693],[-60.73081655,-31.66272824]]},"properties":{"layer":"Cuencas","entity_type":"LINE","handle":"1BC42C"}},{"type":"Feature","geometry":{"type":"LineString","coordinates":[[-60.73081655,-31.66272824],[-60.73082136,-31.66274961]]},"properties":{"layer":"Cuencas","entity_type":"LINE","handle":"1BC42D"}},{"type":"Feature","geometry":{"type":"LineString","coordinates":[[-60.73082136,-31.66274961],[-60.73082758,-31.66277098]]},"properties":{"layer":"Cuencas","entity_type":"LINE","handle":"1BC42E"}},{"type":"Feature","geometry":{"type":"LineString","coordinates":[[-60.73082758,-31.66277098],[-60.73083508,-31.66279226]]},"properties":{"layer":"Cuencas","entity_type":"LINE","handle":"1BC42F"}},{"type":"Feature","geometry":{"type":"LineString","coordinates":[[-60.73083508,-31.66279226],[-60.7308437,-31.66281338]]},"properties":{"layer":"Cuencas","entity_type":"LINE","handle":"1BC430"}},{"type":"Feature","geometry":{"type":"LineString","coordinates":[[-60.7308437,-31.66281338],[-60.73085331,-31.66283424]]},"properties":{"layer":"Cuencas","entity_type":"LINE","handle":"1BC431"}},{"type":"Feature","geometry":{"type":"LineString","coordinates":[[-60.73085331,-31.66283424],[-60.73086377,-31.66285478]]},"properties":{"layer":"Cuencas","entity_type":"LINE","handle":"1BC432"}},{"type":"Feature","geometry":{"type":"LineString","coordinates":[[-60.73086377,-31.66285478],[-60.73087494,-31.66287491]]},"properties":{"layer":"Cuencas","entity_type":"LINE","handle":"1BC433"}},{"type":"Feature","geometry":{"type":"LineString","coordinates":[[-60.73087494,-31.66287491],[-60.7308867,-31.66289457]]},"properties":{"layer":"Cuencas","entity_type":"LINE","handle":"1BC434"}},{"type":"Feature","geometry":{"type":"LineString","coordinates":[[-60.7308867,-31.66289457],[-60.73089911,-31.66291371]]},"properties":{"layer":"Cuencas","entity_type":"LINE","handle":"1BC435"}},{"type":"Feature","geometry":{"type":"LineString","coordinates":[[-60.73089911,-31.66291371],[-60.73091226,-31.66293231]]},"properties":{"layer":"Cuencas","entity_type":"LINE","handle":"1BC436"}},{"type":"Feature","geometry":{"type":"LineString","coordinates":[[-60.73091226,-31.66293231],[-60.73092624,-31.66295035]]},"properties":{"layer":"Cuencas","entity_type":"LINE","handle":"1BC437"}},{"type":"Feature","geometry":{"type":"LineString","coordinates":[[-60.73092624,-31.66295035],[-60.73094113,-31.6629678]]},"properties":{"layer":"Cuencas","entity_type":"LINE","handle":"1BC438"}},{"type":"Feature","geometry":{"type":"LineString","coordinates":[[-60.73094113,-31.6629678],[-60.73095702,-31.66298463]]},"properties":{"layer":"Cuencas","entity_type":"LINE","handle":"1BC439"}},{"type":"Feature","geometry":{"type":"LineString","coordinates":[[-60.73095702,-31.66298463],[-60.730974,-31.66300082]]},"properties":{"layer":"Cuencas","entity_type":"LINE","handle":"1BC43A"}},{"type":"Feature","geometry":{"type":"LineString","coordinates":[[-60.730974,-31.66300082],[-60.73099216,-31.66301633]]},"properties":{"layer":"Cuencas","entity_type":"LINE","handle":"1BC43B"}},{"type":"Feature","geometry":{"type":"LineString","coordinates":[[-60.73099216,-31.66301633],[-60.73101152,-31.66303114]]},"properties":{"layer":"Cuencas","entity_type":"LINE","handle":"1BC43C"}},{"type":"Feature","geometry":{"type":"LineString","coordinates":[[-60.73101152,-31.66303114],[-60.73103189,-31.66304517]]},"properties":{"layer":"Cuencas","entity_type":"LINE","handle":"1BC43D"}},{"type":"Feature","geometry":{"type":"LineString","coordinates":[[-60.73103189,-31.66304517],[-60.73105299,-31.66305834]]},"properties":{"layer":"Cuencas","entity_type":"LINE","handle":"1BC43E"}},{"type":"Feature","geometry":{"type":"LineString","coordinates":[[-60.73105299,-31.66305834],[-60.73107456,-31.66307057]]},"properties":{"layer":"Cuencas","entity_type":"LINE","handle":"1BC43F"}},{"type":"Feature","geometry":{"type":"LineString","coordinates":[[-60.73107456,-31.66307057],[-60.73109633,-31.66308177]]},"properties":{"layer":"Cuencas","entity_type":"LINE","handle":"1BC440"}},{"type":"Feature","geometry":{"type":"LineString","coordinates":[[-60.73109633,-31.66308177],[-60.73111805,-31.66309187]]},"properties":{"layer":"Cuencas","entity_type":"LINE","handle":"1BC441"}},{"type":"Feature","geometry":{"type":"LineString","coordinates":[[-60.73111805,-31.66309187],[-60.73113944,-31.66310077]]},"properties":{"layer":"Cuencas","entity_type":"LINE","handle":"1BC442"}},{"type":"Feature","geometry":{"type":"LineString","coordinates":[[-60.73113944,-31.66310077],[-60.73116024,-31.6631084]]},"properties":{"layer":"Cuencas","entity_type":"LINE","handle":"1BC443"}},{"type":"Feature","geometry":{"type":"LineString","coordinates":[[-60.73116024,-31.6631084],[-60.73118026,-31.66311477]]},"properties":{"layer":"Cuencas","entity_type":"LINE","handle":"1BC444"}},{"type":"Feature","geometry":{"type":"LineString","coordinates":[[-60.73118026,-31.66311477],[-60.73119965,-31.6631202]]},"properties":{"layer":"Cuencas","entity_type":"LINE","handle":"1BC445"}},{"type":"Feature","geometry":{"type":"LineString","coordinates":[[-60.73119965,-31.6631202],[-60.73121863,-31.66312513]]},"properties":{"layer":"Cuencas","entity_type":"LINE","handle":"1BC446"}},{"type":"Feature","geometry":{"type":"LineString","coordinates":[[-60.73121863,-31.66312513],[-60.73123741,-31.66312997]]},"properties":{"layer":"Cuencas","entity_type":"LINE","handle":"1BC447"}},{"type":"Feature","geometry":{"type":"LineString","coordinates":[[-60.73123741,-31.66312997],[-60.73125622,-31.66313516]]},"properties":{"layer":"Cuencas","entity_type":"LINE","handle":"1BC448"}},{"type":"Feature","geometry":{"type":"LineString","coordinates":[[-60.73125622,-31.66313516],[-60.73127528,-31.66314112]]},"properties":{"layer":"Cuencas","entity_type":"LINE","handle":"1BC449"}},{"type":"Feature","geometry":{"type":"LineString","coordinates":[[-60.73127528,-31.66314112],[-60.7312948,-31.66314828]]},"properties":{"layer":"Cuencas","entity_type":"LINE","handle":"1BC44A"}},{"type":"Feature","geometry":{"type":"LineString","coordinates":[[-60.7312948,-31.66314828],[-60.73131502,-31.66315705]]},"properties":{"layer":"Cuencas","entity_type":"LINE","handle":"1BC44B"}},{"type":"Feature","geometry":{"type":"LineString","coordinates":[[-60.73131502,-31.66315705],[-60.7313359,-31.66316769]]},"properties":{"layer":"Cuencas","entity_type":"LINE","handle":"1BC44C"}},{"type":"Feature","geometry":{"type":"LineString","coordinates":[[-60.7313359,-31.66316769],[-60.73135646,-31.66317977]]},"properties":{"layer":"Cuencas","entity_type":"LINE","handle":"1BC44D"}},{"type":"Feature","geometry":{"type":"LineString","coordinates":[[-60.73135646,-31.66317977],[-60.73137547,-31.66319268]]},"properties":{"layer":"Cuencas","entity_type":"LINE","handle":"1BC44E"}},{"type":"Feature","geometry":{"type":"LineString","coordinates":[[-60.73137547,-31.66319268],[-60.7313917,-31.66320581]]},"properties":{"layer":"Cuencas","entity_type":"LINE","handle":"1BC44F"}},{"type":"Feature","geometry":{"type":"LineString","coordinates":[[-60.7313917,-31.66320581],[-60.73140392,-31.66321856]]},"properties":{"layer":"Cuencas","entity_type":"LINE","handle":"1BC450"}},{"type":"Feature","geometry":{"type":"LineString","coordinates":[[-60.73140392,-31.66321856],[-60.7314109,-31.66323031]]},"properties":{"layer":"Cuencas","entity_type":"LINE","handle":"1BC451"}},{"type":"Feature","geometry":{"type":"LineString","coordinates":[[-60.7314109,-31.66323031],[-60.7314114,-31.66324046]]},"properties":{"layer":"Cuencas","entity_type":"LINE","handle":"1BC452"}},{"type":"Feature","geometry":{"type":"LineString","coordinates":[[-60.7314114,-31.66324046],[-60.7314042,-31.66324841]]},"properties":{"layer":"Cuencas","entity_type":"LINE","handle":"1BC453"}},{"type":"Feature","geometry":{"type":"LineString","coordinates":[[-60.7314042,-31.66324841],[-60.73138852,-31.6632537]]},"properties":{"layer":"Cuencas","entity_type":"LINE","handle":"1BC454"}},{"type":"Feature","geometry":{"type":"LineString","coordinates":[[-60.73138852,-31.6632537],[-60.73136544,-31.66325657]]},"properties":{"layer":"Cuencas","entity_type":"LINE","handle":"1BC455"}},{"type":"Feature","geometry":{"type":"LineString","coordinates":[[-60.73136544,-31.66325657],[-60.73133648,-31.66325739]]},"properties":{"layer":"Cuencas","entity_type":"LINE","handle":"1BC456"}},{"type":"Feature","geometry":{"type":"LineString","coordinates":[[-60.73133648,-31.66325739],[-60.73130315,-31.66325656]]},"properties":{"layer":"Cuencas","entity_type":"LINE","handle":"1BC457"}},{"type":"Feature","geometry":{"type":"LineString","coordinates":[[-60.73130315,-31.66325656],[-60.731267,-31.66325445]]},"properties":{"layer":"Cuencas","entity_type":"LINE","handle":"1BC458"}},{"type":"Feature","geometry":{"type":"LineString","coordinates":[[-60.731267,-31.66325445],[-60.73122955,-31.66325145]]},"properties":{"layer":"Cuencas","entity_type":"LINE","handle":"1BC459"}},{"type":"Feature","geometry":{"type":"LineString","coordinates":[[-60.73122955,-31.66325145],[-60.73119231,-31.66324796]]},"properties":{"layer":"Cuencas","entity_type":"LINE","handle":"1BC45A"}},{"type":"Feature","geometry":{"type":"LineString","coordinates":[[-60.73119231,-31.66324796],[-60.73115682,-31.66324434]]},"properties":{"layer":"Cuencas","entity_type":"LINE","handle":"1BC45B"}},{"type":"Feature","geometry":{"type":"LineString","coordinates":[[-60.73115682,-31.66324434],[-60.73112427,-31.66324093]]},"properties":{"layer":"Cuencas","entity_type":"LINE","handle":"1BC45C"}},{"type":"Feature","geometry":{"type":"LineString","coordinates":[[-60.73112427,-31.66324093],[-60.73109452,-31.66323784]]},"properties":{"layer":"Cuencas","entity_type":"LINE","handle":"1BC45D"}},{"type":"Feature","geometry":{"type":"LineString","coordinates":[[-60.73109452,-31.66323784],[-60.73106707,-31.66323511]]},"properties":{"layer":"Cuencas","entity_type":"LINE","handle":"1BC45E"}},{"type":"Feature","geometry":{"type":"LineString","coordinates":[[-60.73106707,-31.66323511],[-60.73104145,-31.6632328]]},"properties":{"layer":"Cuencas","entity_type":"LINE","handle":"1BC45F"}},{"type":"Feature","geometry":{"type":"LineString","coordinates":[[-60.73104145,-31.6632328],[-60.73101718,-31.66323094]]},"properties":{"layer":"Cuencas","entity_type":"LINE","handle":"1BC460"}},{"type":"Feature","geometry":{"type":"LineString","coordinates":[[-60.73101718,-31.66323094],[-60.73099378,-31.66322959]]},"properties":{"layer":"Cuencas","entity_type":"LINE","handle":"1BC461"}},{"type":"Feature","geometry":{"type":"LineString","coordinates":[[-60.73099378,-31.66322959],[-60.73097077,-31.66322879]]},"properties":{"layer":"Cuencas","entity_type":"LINE","handle":"1BC462"}},{"type":"Feature","geometry":{"type":"LineString","coordinates":[[-60.73097077,-31.66322879],[-60.73094766,-31.6632286]]},"properties":{"layer":"Cuencas","entity_type":"LINE","handle":"1BC463"}},{"type":"Feature","geometry":{"type":"LineString","coordinates":[[-60.73094766,-31.6632286],[-60.73092408,-31.66322906]]},"properties":{"layer":"Cuencas","entity_type":"LINE","handle":"1BC464"}},{"type":"Feature","geometry":{"type":"LineString","coordinates":[[-60.73092408,-31.66322906],[-60.7309001,-31.66323023]]},"properties":{"layer":"Cuencas","entity_type":"LINE","handle":"1BC465"}},{"type":"Feature","geometry":{"type":"LineString","coordinates":[[-60.7309001,-31.66323023],[-60.73087587,-31.66323216]]},"properties":{"layer":"Cuencas","entity_type":"LINE","handle":"1BC466"}},{"type":"Feature","geometry":{"type":"LineString","coordinates":[[-60.73087587,-31.66323216],[-60.73085157,-31.66323492]]},"properties":{"layer":"Cuencas","entity_type":"LINE","handle":"1BC467"}},{"type":"Feature","geometry":{"type":"LineString","coordinates":[[-60.73085157,-31.66323492],[-60.73082737,-31.66323857]]},"properties":{"layer":"Cuencas","entity_type":"LINE","handle":"1BC468"}},{"type":"Feature","geometry":{"type":"LineString","coordinates":[[-60.73082737,-31.66323857],[-60.73080342,-31.66324317]]},"properties":{"layer":"Cuencas","entity_type":"LINE","handle":"1BC469"}},{"type":"Feature","geometry":{"type":"LineString","coordinates":[[-60.73080342,-31.66324317],[-60.73077991,-31.66324877]]},"properties":{"layer":"Cuencas","entity_type":"LINE","handle":"1BC46A"}},{"type":"Feature","geometry":{"type":"LineString","coordinates":[[-60.73077991,-31.66324877],[-60.73075699,-31.66325543]]},"properties":{"layer":"Cuencas","entity_type":"LINE","handle":"1BC46B"}},{"type":"Feature","geometry":{"type":"LineString","coordinates":[[-60.73075699,-31.66325543],[-60.73073479,-31.66326319]]},"properties":{"layer":"Cuencas","entity_type":"LINE","handle":"1BC46C"}},{"type":"Feature","geometry":{"type":"LineString","coordinates":[[-60.73073479,-31.66326319],[-60.73071331,-31.66327197]]},"properties":{"layer":"Cuencas","entity_type":"LINE","handle":"1BC46D"}},{"type":"Feature","geometry":{"type":"LineString","coordinates":[[-60.73071331,-31.66327197],[-60.7306925,-31.66328168]]},"properties":{"layer":"Cuencas","entity_type":"LINE","handle":"1BC46E"}},{"type":"Feature","geometry":{"type":"LineString","coordinates":[[-60.7306925,-31.66328168],[-60.73067231,-31.6632922]]},"properties":{"layer":"Cuencas","entity_type":"LINE","handle":"1BC46F"}},{"type":"Feature","geometry":{"type":"LineString","coordinates":[[-60.73067231,-31.6632922],[-60.73065269,-31.66330345]]},"properties":{"layer":"Cuencas","entity_type":"LINE","handle":"1BC470"}},{"type":"Feature","geometry":{"type":"LineString","coordinates":[[-60.73065269,-31.66330345],[-60.73063359,-31.66331532]]},"properties":{"layer":"Cuencas","entity_type":"LINE","handle":"1BC471"}},{"type":"Feature","geometry":{"type":"LineString","coordinates":[[-60.73063359,-31.66331532],[-60.73061497,-31.66332771]]},"properties":{"layer":"Cuencas","entity_type":"LINE","handle":"1BC472"}},{"type":"Feature","geometry":{"type":"LineString","coordinates":[[-60.73061497,-31.66332771],[-60.73059677,-31.66334051]]},"properties":{"layer":"Cuencas","entity_type":"LINE","handle":"1BC473"}},{"type":"Feature","geometry":{"type":"LineString","coordinates":[[-60.73059677,-31.66334051],[-60.73057897,-31.66335367]]},"properties":{"layer":"Cuencas","entity_type":"LINE","handle":"1BC474"}},{"type":"Feature","geometry":{"type":"LineString","coordinates":[[-60.73057897,-31.66335367],[-60.7305616,-31.66336723]]},"properties":{"layer":"Cuencas","entity_type":"LINE","handle":"1BC475"}},{"type":"Feature","geometry":{"type":"LineString","coordinates":[[-60.7305616,-31.66336723],[-60.7305447,-31.66338127]]},"properties":{"layer":"Cuencas","entity_type":"LINE","handle":"1BC476"}},{"type":"Feature","geometry":{"type":"LineString","coordinates":[[-60.7305447,-31.66338127],[-60.73052833,-31.66339587]]},"properties":{"layer":"Cuencas","entity_type":"LINE","handle":"1BC477"}},{"type":"Feature","geometry":{"type":"LineString","coordinates":[[-60.73052833,-31.66339587],[-60.73051253,-31.66341111]]},"properties":{"layer":"Cuencas","entity_type":"LINE","handle":"1BC478"}},{"type":"Feature","geometry":{"type":"LineString","coordinates":[[-60.73051253,-31.66341111],[-60.73049734,-31.66342708]]},"properties":{"layer":"Cuencas","entity_type":"LINE","handle":"1BC479"}},{"type":"Feature","geometry":{"type":"LineString","coordinates":[[-60.73049734,-31.66342708],[-60.73048282,-31.66344384]]},"properties":{"layer":"Cuencas","entity_type":"LINE","handle":"1BC47A"}},{"type":"Feature","geometry":{"type":"LineString","coordinates":[[-60.73048282,-31.66344384],[-60.73046902,-31.66346148]]},"properties":{"layer":"Cuencas","entity_type":"LINE","handle":"1BC47B"}},{"type":"Feature","geometry":{"type":"LineString","coordinates":[[-60.73046902,-31.66346148],[-60.73045596,-31.66348005]]},"properties":{"layer":"Cuencas","entity_type":"LINE","handle":"1BC47C"}},{"type":"Feature","geometry":{"type":"LineString","coordinates":[[-60.73045596,-31.66348005],[-60.73044367,-31.66349944]]},"properties":{"layer":"Cuencas","entity_type":"LINE","handle":"1BC47D"}},{"type":"Feature","geometry":{"type":"LineString","coordinates":[[-60.73044367,-31.66349944],[-60.73043214,-31.66351952]]},"properties":{"layer":"Cuencas","entity_type":"LINE","handle":"1BC47E"}},{"type":"Feature","geometry":{"type":"LineString","coordinates":[[-60.73043214,-31.66351952],[-60.73042137,-31.66354013]]},"properties":{"layer":"Cuencas","entity_type":"LINE","handle":"1BC47F"}},{"type":"Feature","geometry":{"type":"LineString","coordinates":[[-60.73042137,-31.66354013],[-60.73041135,-31.66356113]]},"properties":{"layer":"Cuencas","entity_type":"LINE","handle":"1BC480"}},{"type":"Feature","geometry":{"type":"LineString","coordinates":[[-60.73041135,-31.66356113],[-60.73040209,-31.6635824]]},"properties":{"layer":"Cuencas","entity_type":"LINE","handle":"1BC481"}},{"type":"Feature","geometry":{"type":"LineString","coordinates":[[-60.73040209,-31.6635824],[-60.73039359,-31.66360378]]},"properties":{"layer":"Cuencas","entity_type":"LINE","handle":"1BC482"}},{"type":"Feature","geometry":{"type":"LineString","coordinates":[[-60.73039359,-31.66360378],[-60.73038583,-31.66362514]]},"properties":{"layer":"Cuencas","entity_type":"LINE","handle":"1BC483"}},{"type":"Feature","geometry":{"type":"LineString","coordinates":[[-60.73038583,-31.66362514],[-60.73037886,-31.66364637]]},"properties":{"layer":"Cuencas","entity_type":"LINE","handle":"1BC484"}},{"type":"Feature","geometry":{"type":"LineString","coordinates":[[-60.73037886,-31.66364637],[-60.73037275,-31.66366751]]},"properties":{"layer":"Cuencas","entity_type":"LINE","handle":"1BC485"}},{"type":"Feature","geometry":{"type":"LineString","coordinates":[[-60.73037275,-31.66366751],[-60.73036763,-31.66368865]]},"properties":{"layer":"Cuencas","entity_type":"LINE","handle":"1BC486"}},{"type":"Feature","geometry":{"type":"LineString","coordinates":[[-60.73036763,-31.66368865],[-60.73036362,-31.66370986]]},"properties":{"layer":"Cuencas","entity_type":"LINE","handle":"1BC487"}},{"type":"Feature","geometry":{"type":"LineString","coordinates":[[-60.73036362,-31.66370986],[-60.73036084,-31.66373123]]},"properties":{"layer":"Cuencas","entity_type":"LINE","handle":"1BC488"}},{"type":"Feature","geometry":{"type":"LineString","coordinates":[[-60.73036084,-31.66373123],[-60.7303594,-31.66375283]]},"properties":{"layer":"Cuencas","entity_type":"LINE","handle":"1BC489"}},{"type":"Feature","geometry":{"type":"LineString","coordinates":[[-60.7303594,-31.66375283],[-60.73035943,-31.66377474]]},"properties":{"layer":"Cuencas","entity_type":"LINE","handle":"1BC48A"}},{"type":"Feature","geometry":{"type":"LineString","coordinates":[[-60.73035943,-31.66377474],[-60.73036104,-31.66379705]]},"properties":{"layer":"Cuencas","entity_type":"LINE","handle":"1BC48B"}},{"type":"Feature","geometry":{"type":"LineString","coordinates":[[-60.73036104,-31.66379705],[-60.73036431,-31.6638198]]},"properties":{"layer":"Cuencas","entity_type":"LINE","handle":"1BC48C"}},{"type":"Feature","geometry":{"type":"LineString","coordinates":[[-60.73036431,-31.6638198],[-60.73036916,-31.66384287]]},"properties":{"layer":"Cuencas","entity_type":"LINE","handle":"1BC48D"}},{"type":"Feature","geometry":{"type":"LineString","coordinates":[[-60.73036916,-31.66384287],[-60.73037547,-31.66386614]]},"properties":{"layer":"Cuencas","entity_type":"LINE","handle":"1BC48E"}},{"type":"Feature","geometry":{"type":"LineString","coordinates":[[-60.73037547,-31.66386614],[-60.73038313,-31.66388947]]},"properties":{"layer":"Cuencas","entity_type":"LINE","handle":"1BC48F"}},{"type":"Feature","geometry":{"type":"LineString","coordinates":[[-60.73038313,-31.66388947],[-60.73039201,-31.6639127]]},"properties":{"layer":"Cuencas","entity_type":"LINE","handle":"1BC490"}},{"type":"Feature","geometry":{"type":"LineString","coordinates":[[-60.73039201,-31.6639127],[-60.730402,-31.66393571]]},"properties":{"layer":"Cuencas","entity_type":"LINE","handle":"1BC491"}},{"type":"Feature","geometry":{"type":"LineString","coordinates":[[-60.730402,-31.66393571],[-60.73041297,-31.66395835]]},"properties":{"layer":"Cuencas","entity_type":"LINE","handle":"1BC492"}},{"type":"Feature","geometry":{"type":"LineString","coordinates":[[-60.73041297,-31.66395835],[-60.73042481,-31.66398048]]},"properties":{"layer":"Cuencas","entity_type":"LINE","handle":"1BC493"}},{"type":"Feature","geometry":{"type":"LineString","coordinates":[[-60.73042481,-31.66398048],[-60.73043743,-31.66400198]]},"properties":{"layer":"Cuencas","entity_type":"LINE","handle":"1BC494"}},{"type":"Feature","geometry":{"type":"LineString","coordinates":[[-60.73043743,-31.66400198],[-60.73045085,-31.66402282]]},"properties":{"layer":"Cuencas","entity_type":"LINE","handle":"1BC495"}},{"type":"Feature","geometry":{"type":"LineString","coordinates":[[-60.73045085,-31.66402282],[-60.73046511,-31.66404296]]},"properties":{"layer":"Cuencas","entity_type":"LINE","handle":"1BC496"}},{"type":"Feature","geometry":{"type":"LineString","coordinates":[[-60.73046511,-31.66404296],[-60.73048025,-31.6640624]]},"properties":{"layer":"Cuencas","entity_type":"LINE","handle":"1BC497"}},{"type":"Feature","geometry":{"type":"LineString","coordinates":[[-60.73048025,-31.6640624],[-60.73049634,-31.6640811]]},"properties":{"layer":"Cuencas","entity_type":"LINE","handle":"1BC498"}},{"type":"Feature","geometry":{"type":"LineString","coordinates":[[-60.73049634,-31.6640811],[-60.73051341,-31.66409906]]},"properties":{"layer":"Cuencas","entity_type":"LINE","handle":"1BC499"}},{"type":"Feature","geometry":{"type":"LineString","coordinates":[[-60.73051341,-31.66409906],[-60.73053151,-31.66411624]]},"properties":{"layer":"Cuencas","entity_type":"LINE","handle":"1BC49A"}},{"type":"Feature","geometry":{"type":"LineString","coordinates":[[-60.73053151,-31.66411624],[-60.73055069,-31.66413263]]},"properties":{"layer":"Cuencas","entity_type":"LINE","handle":"1BC49B"}},{"type":"Feature","geometry":{"type":"LineString","coordinates":[[-60.73055069,-31.66413263],[-60.73057096,-31.66414821]]},"properties":{"layer":"Cuencas","entity_type":"LINE","handle":"1BC49C"}},{"type":"Feature","geometry":{"type":"LineString","coordinates":[[-60.73057096,-31.66414821],[-60.73059224,-31.66416296]]},"properties":{"layer":"Cuencas","entity_type":"LINE","handle":"1BC49D"}},{"type":"Feature","geometry":{"type":"LineString","coordinates":[[-60.73059224,-31.66416296],[-60.73061441,-31.66417686]]},"properties":{"layer":"Cuencas","entity_type":"LINE","handle":"1BC49E"}},{"type":"Feature","geometry":{"type":"LineString","coordinates":[[-60.73061441,-31.66417686],[-60.73063736,-31.66418989]]},"properties":{"layer":"Cuencas","entity_type":"LINE","handle":"1BC49F"}},{"type":"Feature","geometry":{"type":"LineString","coordinates":[[-60.73063736,-31.66418989],[-60.73066095,-31.66420203]]},"properties":{"layer":"Cuencas","entity_type":"LINE","handle":"1BC4A0"}},{"type":"Feature","geometry":{"type":"LineString","coordinates":[[-60.73066095,-31.66420203],[-60.73068508,-31.66421327]]},"properties":{"layer":"Cuencas","entity_type":"LINE","handle":"1BC4A1"}},{"type":"Feature","geometry":{"type":"LineString","coordinates":[[-60.73068508,-31.66421327],[-60.73070963,-31.66422357]]},"properties":{"layer":"Cuencas","entity_type":"LINE","handle":"1BC4A2"}},{"type":"Feature","geometry":{"type":"LineString","coordinates":[[-60.73070963,-31.66422357],[-60.73073447,-31.66423292]]},"properties":{"layer":"Cuencas","entity_type":"LINE","handle":"1BC4A3"}},{"type":"Feature","geometry":{"type":"LineString","coordinates":[[-60.73073447,-31.66423292],[-60.73075952,-31.66424132]]},"properties":{"layer":"Cuencas","entity_type":"LINE","handle":"1BC4A4"}},{"type":"Feature","geometry":{"type":"LineString","coordinates":[[-60.73075952,-31.66424132],[-60.73078475,-31.66424874]]},"properties":{"layer":"Cuencas","entity_type":"LINE","handle":"1BC4A5"}},{"type":"Feature","geometry":{"type":"LineString","coordinates":[[-60.73078475,-31.66424874],[-60.73081015,-31.6642552]]},"properties":{"layer":"Cuencas","entity_type":"LINE","handle":"1BC4A6"}},{"type":"Feature","geometry":{"type":"LineString","coordinates":[[-60.73081015,-31.6642552],[-60.73083574,-31.66426069]]},"properties":{"layer":"Cuencas","entity_type":"LINE","handle":"1BC4A7"}},{"type":"Feature","geometry":{"type":"LineString","coordinates":[[-60.73083574,-31.66426069],[-60.73086151,-31.66426521]]},"properties":{"layer":"Cuencas","entity_type":"LINE","handle":"1BC4A8"}},{"type":"Feature","geometry":{"type":"LineString","coordinates":[[-60.73086151,-31.66426521],[-60.73088746,-31.66426876]]},"properties":{"layer":"Cuencas","entity_type":"LINE","handle":"1BC4A9"}},{"type":"Feature","geometry":{"type":"LineString","coordinates":[[-60.73088746,-31.66426876],[-60.7309136,-31.66427135]]},"properties":{"layer":"Cuencas","entity_type":"LINE","handle":"1BC4AA"}},{"type":"Feature","geometry":{"type":"LineString","coordinates":[[-60.7309136,-31.66427135],[-60.73093991,-31.66427297]]},"properties":{"layer":"Cuencas","entity_type":"LINE","handle":"1BC4AB"}},{"type":"Feature","geometry":{"type":"LineString","coordinates":[[-60.73093991,-31.66427297],[-60.7309664,-31.66427362]]},"properties":{"layer":"Cuencas","entity_type":"LINE","handle":"1BC4AC"}},{"type":"Feature","geometry":{"type":"LineString","coordinates":[[-60.7309664,-31.66427362],[-60.73099308,-31.66427323]]},"properties":{"layer":"Cuencas","entity_type":"LINE","handle":"1BC4AD"}},{"type":"Feature","geometry":{"type":"LineString","coordinates":[[-60.73099308,-31.66427323],[-60.73101993,-31.66427176]]},"properties":{"layer":"Cuencas","entity_type":"LINE","handle":"1BC4AE"}},{"type":"Feature","geometry":{"type":"LineString","coordinates":[[-60.73101993,-31.66427176],[-60.73104696,-31.66426914]]},"properties":{"layer":"Cuencas","entity_type":"LINE","handle":"1BC4AF"}},{"type":"Feature","geometry":{"type":"LineString","coordinates":[[-60.73104696,-31.66426914],[-60.73107418,-31.66426531]]},"properties":{"layer":"Cuencas","entity_type":"LINE","handle":"1BC4B0"}},{"type":"Feature","geometry":{"type":"LineString","coordinates":[[-60.73107418,-31.66426531],[-60.73110157,-31.66426021]]},"properties":{"layer":"Cuencas","entity_type":"LINE","handle":"1BC4B1"}},{"type":"Feature","geometry":{"type":"LineString","coordinates":[[-60.73110157,-31.66426021],[-60.73112914,-31.66425378]]},"properties":{"layer":"Cuencas","entity_type":"LINE","handle":"1BC4B2"}},{"type":"Feature","geometry":{"type":"LineString","coordinates":[[-60.73112914,-31.66425378],[-60.73115689,-31.66424596]]},"properties":{"layer":"Cuencas","entity_type":"LINE","handle":"1BC4B3"}},{"type":"Feature","geometry":{"type":"LineString","coordinates":[[-60.73115689,-31.66424596],[-60.73118477,-31.66423673]]},"properties":{"layer":"Cuencas","entity_type":"LINE","handle":"1BC4B4"}},{"type":"Feature","geometry":{"type":"LineString","coordinates":[[-60.73118477,-31.66423673],[-60.73121262,-31.66422617]]},"properties":{"layer":"Cuencas","entity_type":"LINE","handle":"1BC4B5"}},{"type":"Feature","geometry":{"type":"LineString","coordinates":[[-60.73121262,-31.66422617],[-60.73124021,-31.66421442]]},"properties":{"layer":"Cuencas","entity_type":"LINE","handle":"1BC4B6"}},{"type":"Feature","geometry":{"type":"LineString","coordinates":[[-60.73124021,-31.66421442],[-60.73126731,-31.66420161]]},"properties":{"layer":"Cuencas","entity_type":"LINE","handle":"1BC4B7"}},{"type":"Feature","geometry":{"type":"LineString","coordinates":[[-60.73126731,-31.66420161],[-60.73129372,-31.66418787]]},"properties":{"layer":"Cuencas","entity_type":"LINE","handle":"1BC4B8"}},{"type":"Feature","geometry":{"type":"LineString","coordinates":[[-60.73129372,-31.66418787],[-60.73131922,-31.66417333]]},"properties":{"layer":"Cuencas","entity_type":"LINE","handle":"1BC4B9"}},{"type":"Feature","geometry":{"type":"LineString","coordinates":[[-60.73131922,-31.66417333],[-60.73134358,-31.66415812]]},"properties":{"layer":"Cuencas","entity_type":"LINE","handle":"1BC4BA"}},{"type":"Feature","geometry":{"type":"LineString","coordinates":[[-60.73134358,-31.66415812],[-60.73136658,-31.66414236]]},"properties":{"layer":"Cuencas","entity_type":"LINE","handle":"1BC4BB"}},{"type":"Feature","geometry":{"type":"LineString","coordinates":[[-60.73136658,-31.66414236],[-60.73138808,-31.6641262]]},"properties":{"layer":"Cuencas","entity_type":"LINE","handle":"1BC4BC"}},{"type":"Feature","geometry":{"type":"LineString","coordinates":[[-60.73138808,-31.6641262],[-60.7314082,-31.66410983]]},"properties":{"layer":"Cuencas","entity_type":"LINE","handle":"1BC4BD"}},{"type":"Feature","geometry":{"type":"LineString","coordinates":[[-60.7314082,-31.66410983],[-60.73142713,-31.66409344]]},"properties":{"layer":"Cuencas","entity_type":"LINE","handle":"1BC4BE"}},{"type":"Feature","geometry":{"type":"LineString","coordinates":[[-60.73142713,-31.66409344],[-60.73144505,-31.66407723]]},"properties":{"layer":"Cuencas","entity_type":"LINE","handle":"1BC4BF"}},{"type":"Feature","geometry":{"type":"LineString","coordinates":[[-60.73144505,-31.66407723],[-60.73146216,-31.66406139]]},"properties":{"layer":"Cuencas","entity_type":"LINE","handle":"1BC4C0"}},{"type":"Feature","geometry":{"type":"LineString","coordinates":[[-60.73146216,-31.66406139],[-60.73147864,-31.66404613]]},"properties":{"layer":"Cuencas","entity_type":"LINE","handle":"1BC4C1"}},{"type":"Feature","geometry":{"type":"LineString","coordinates":[[-60.73147864,-31.66404613],[-60.73149468,-31.66403164]]},"properties":{"layer":"Cuencas","entity_type":"LINE","handle":"1BC4C2"}},{"type":"Feature","geometry":{"type":"LineString","coordinates":[[-60.73149468,-31.66403164],[-60.73151047,-31.66401812]]},"properties":{"layer":"Cuencas","entity_type":"LINE","handle":"1BC4C3"}},{"type":"Feature","geometry":{"type":"LineString","coordinates":[[-60.73151047,-31.66401812],[-60.73152583,-31.66400648]]},"properties":{"layer":"Cuencas","entity_type":"LINE","handle":"1BC4C4"}},{"type":"Feature","geometry":{"type":"LineString","coordinates":[[-60.73152583,-31.66400648],[-60.73153899,-31.66400051]]},"properties":{"layer":"Cuencas","entity_type":"LINE","handle":"1BC4C5"}},{"type":"Feature","geometry":{"type":"LineString","coordinates":[[-60.73153899,-31.66400051],[-60.73154782,-31.66400471]]},"properties":{"layer":"Cuencas","entity_type":"LINE","handle":"1BC4C6"}},{"type":"Feature","geometry":{"type":"LineString","coordinates":[[-60.73154782,-31.66400471],[-60.73155021,-31.66402359]]},"properties":{"layer":"Cuencas","entity_type":"LINE","handle":"1BC4C7"}},{"type":"Feature","geometry":{"type":"LineString","coordinates":[[-60.73155021,-31.66402359],[-60.73154401,-31.66406165]]},"properties":{"layer":"Cuencas","entity_type":"LINE","handle":"1BC4C8"}},{"type":"Feature","geometry":{"type":"LineString","coordinates":[[-60.73154401,-31.66406165],[-60.73152708,-31.6641234]]},"properties":{"layer":"Cuencas","entity_type":"LINE","handle":"1BC4C9"}},{"type":"Feature","geometry":{"type":"LineString","coordinates":[[-60.73152708,-31.6641234],[-60.73149731,-31.66421334]]},"properties":{"layer":"Cuencas","entity_type":"LINE","handle":"1BC4CA"}},{"type":"Feature","geometry":{"type":"LineString","coordinates":[[-60.73149731,-31.66421334],[-60.73145256,-31.66433597]]},"properties":{"layer":"Cuencas","entity_type":"LINE","handle":"1BC4CB"}},{"type":"Feature","geometry":{"type":"LineString","coordinates":[[-60.73145256,-31.66433597],[-60.73139167,-31.66449368]]},"properties":{"layer":"Cuencas","entity_type":"LINE","handle":"1BC4CC"}},{"type":"Feature","geometry":{"type":"LineString","coordinates":[[-60.73139167,-31.66449368],[-60.73131735,-31.66468044]]},"properties":{"layer":"Cuencas","entity_type":"LINE","handle":"1BC4CD"}},{"type":"Feature","geometry":{"type":"LineString","coordinates":[[-60.73131735,-31.66468044],[-60.73123332,-31.66488808]]},"properties":{"layer":"Cuencas","entity_type":"LINE","handle":"1BC4CE"}},{"type":"Feature","geometry":{"type":"LineString","coordinates":[[-60.73123332,-31.66488808],[-60.73114326,-31.66510845]]},"properties":{"layer":"Cuencas","entity_type":"LINE","handle":"1BC4CF"}},{"type":"Feature","geometry":{"type":"LineString","coordinates":[[-60.73114326,-31.66510845],[-60.73105087,-31.66533338]]},"properties":{"layer":"Cuencas","entity_type":"LINE","handle":"1BC4D0"}},{"type":"Feature","geometry":{"type":"LineString","coordinates":[[-60.73105087,-31.66533338],[-60.73095986,-31.66555473]]},"properties":{"layer":"Cuencas","entity_type":"LINE","handle":"1BC4D1"}},{"type":"Feature","geometry":{"type":"LineString","coordinates":[[-60.73095986,-31.66555473],[-60.7308739,-31.66576434]]},"properties":{"layer":"Cuencas","entity_type":"LINE","handle":"1BC4D2"}},{"type":"Feature","geometry":{"type":"LineString","coordinates":[[-60.7308739,-31.66576434],[-60.73079671,-31.66595404]]},"properties":{"layer":"Cuencas","entity_type":"LINE","handle":"1BC4D3"}},{"type":"Feature","geometry":{"type":"LineString","coordinates":[[-60.73079671,-31.66595404],[-60.73073111,-31.6661176]]},"properties":{"layer":"Cuencas","entity_type":"LINE","handle":"1BC4D4"}},{"type":"Feature","geometry":{"type":"LineString","coordinates":[[-60.73073111,-31.6661176],[-60.73067641,-31.66625644]]},"properties":{"layer":"Cuencas","entity_type":"LINE","handle":"1BC4D5"}},{"type":"Feature","geometry":{"type":"LineString","coordinates":[[-60.73067641,-31.66625644],[-60.73063106,-31.66637391]]},"properties":{"layer":"Cuencas","entity_type":"LINE","handle":"1BC4D6"}},{"type":"Feature","geometry":{"type":"LineString","coordinates":[[-60.73063106,-31.66637391],[-60.73059352,-31.66647335]]},"properties":{"layer":"Cuencas","entity_type":"LINE","handle":"1BC4D7"}},{"type":"Feature","geometry":{"type":"LineString","coordinates":[[-60.73059352,-31.66647335],[-60.73056223,-31.6665581]]},"properties":{"layer":"Cuencas","entity_type":"LINE","handle":"1BC4D8"}},{"type":"Feature","geometry":{"type":"LineString","coordinates":[[-60.73056223,-31.6665581],[-60.73053563,-31.6666315]]},"properties":{"layer":"Cuencas","entity_type":"LINE","handle":"1BC4D9"}},{"type":"Feature","geometry":{"type":"LineString","coordinates":[[-60.73053563,-31.6666315],[-60.73051218,-31.66669691]]},"properties":{"layer":"Cuencas","entity_type":"LINE","handle":"1BC4DA"}},{"type":"Feature","geometry":{"type":"LineString","coordinates":[[-60.73051218,-31.66669691],[-60.73049033,-31.66675765]]},"properties":{"layer":"Cuencas","entity_type":"LINE","handle":"1BC4DB"}},{"type":"Feature","geometry":{"type":"LineString","coordinates":[[-60.73049033,-31.66675765],[-60.73046869,-31.66681671]]},"properties":{"layer":"Cuencas","entity_type":"LINE","handle":"1BC4DC"}},{"type":"Feature","geometry":{"type":"LineString","coordinates":[[-60.73046869,-31.66681671],[-60.73044664,-31.66687558]]},"properties":{"layer":"Cuencas","entity_type":"LINE","handle":"1BC4DD"}},{"type":"Feature","geometry":{"type":"LineString","coordinates":[[-60.73044664,-31.66687558],[-60.73042371,-31.66693541]]},"properties":{"layer":"Cuencas","entity_type":"LINE","handle":"1BC4DE"}},{"type":"Feature","geometry":{"type":"LineString","coordinates":[[-60.73042371,-31.66693541],[-60.73039944,-31.66699731]]},"properties":{"layer":"Cuencas","entity_type":"LINE","handle":"1BC4DF"}},{"type":"Feature","geometry":{"type":"LineString","coordinates":[[-60.73039944,-31.66699731],[-60.73037338,-31.66706242]]},"properties":{"layer":"Cuencas","entity_type":"LINE","handle":"1BC4E0"}},{"type":"Feature","geometry":{"type":"LineString","coordinates":[[-60.73037338,-31.66706242],[-60.73034506,-31.66713188]]},"properties":{"layer":"Cuencas","entity_type":"LINE","handle":"1BC4E1"}},{"type":"Feature","geometry":{"type":"LineString","coordinates":[[-60.73034506,-31.66713188],[-60.73031402,-31.66720681]]},"properties":{"layer":"Cuencas","entity_type":"LINE","handle":"1BC4E2"}},{"type":"Feature","geometry":{"type":"LineString","coordinates":[[-60.73031402,-31.66720681],[-60.73027981,-31.66728836]]},"properties":{"layer":"Cuencas","entity_type":"LINE","handle":"1BC4E3"}},{"type":"Feature","geometry":{"type":"LineString","coordinates":[[-60.73027981,-31.66728836],[-60.73024217,-31.6673772]]},"properties":{"layer":"Cuencas","entity_type":"LINE","handle":"1BC4E4"}},{"type":"Feature","geometry":{"type":"LineString","coordinates":[[-60.73024217,-31.6673772],[-60.73020174,-31.66747222]]},"properties":{"layer":"Cuencas","entity_type":"LINE","handle":"1BC4E5"}},{"type":"Feature","geometry":{"type":"LineString","coordinates":[[-60.73020174,-31.66747222],[-60.73015934,-31.66757188]]},"properties":{"layer":"Cuencas","entity_type":"LINE","handle":"1BC4E6"}},{"type":"Feature","geometry":{"type":"LineString","coordinates":[[-60.73015934,-31.66757188],[-60.73011581,-31.66767461]]},"properties":{"layer":"Cuencas","entity_type":"LINE","handle":"1BC4E7"}},{"type":"Feature","geometry":{"type":"LineString","coordinates":[[-60.73011581,-31.66767461],[-60.73007198,-31.66777887]]},"properties":{"layer":"Cuencas","entity_type":"LINE","handle":"1BC4E8"}},{"type":"Feature","geometry":{"type":"LineString","coordinates":[[-60.73007198,-31.66777887],[-60.73002869,-31.66788309]]},"properties":{"layer":"Cuencas","entity_type":"LINE","handle":"1BC4E9"}},{"type":"Feature","geometry":{"type":"LineString","coordinates":[[-60.73002869,-31.66788309],[-60.72998677,-31.66798572]]},"properties":{"layer":"Cuencas","entity_type":"LINE","handle":"1BC4EA"}},{"type":"Feature","geometry":{"type":"LineString","coordinates":[[-60.72998677,-31.66798572],[-60.72994706,-31.66808521]]},"properties":{"layer":"Cuencas","entity_type":"LINE","handle":"1BC4EB"}},{"type":"Feature","geometry":{"type":"LineString","coordinates":[[-60.72994706,-31.66808521],[-60.72991025,-31.66818016]]},"properties":{"layer":"Cuencas","entity_type":"LINE","handle":"1BC4EC"}},{"type":"Feature","geometry":{"type":"LineString","coordinates":[[-60.72991025,-31.66818016],[-60.7298765,-31.66826979]]},"properties":{"layer":"Cuencas","entity_type":"LINE","handle":"1BC4ED"}},{"type":"Feature","geometry":{"type":"LineString","coordinates":[[-60.7298765,-31.66826979],[-60.72984582,-31.66835347]]},"properties":{"layer":"Cuencas","entity_type":"LINE","handle":"1BC4EE"}},{"type":"Feature","geometry":{"type":"LineString","coordinates":[[-60.72984582,-31.66835347],[-60.72981821,-31.66843059]]},"properties":{"layer":"Cuencas","entity_type":"LINE","handle":"1BC4EF"}},{"type":"Feature","geometry":{"type":"LineString","coordinates":[[-60.72981821,-31.66843059],[-60.72979371,-31.66850052]]},"properties":{"layer":"Cuencas","entity_type":"LINE","handle":"1BC4F0"}},{"type":"Feature","geometry":{"type":"LineString","coordinates":[[-60.72979371,-31.66850052],[-60.72977231,-31.66856265]]},"properties":{"layer":"Cuencas","entity_type":"LINE","handle":"1BC4F1"}},{"type":"Feature","geometry":{"type":"LineString","coordinates":[[-60.72977231,-31.66856265],[-60.72975404,-31.66861634]]},"properties":{"layer":"Cuencas","entity_type":"LINE","handle":"1BC4F2"}},{"type":"Feature","geometry":{"type":"LineString","coordinates":[[-60.72975404,-31.66861634],[-60.7297389,-31.66866097]]},"properties":{"layer":"Cuencas","entity_type":"LINE","handle":"1BC4F3"}},{"type":"Feature","geometry":{"type":"LineString","coordinates":[[-60.7297389,-31.66866097],[-60.72972684,-31.66869626]]},"properties":{"layer":"Cuencas","entity_type":"LINE","handle":"1BC4F4"}},{"type":"Feature","geometry":{"type":"LineString","coordinates":[[-60.72972684,-31.66869626],[-60.72971748,-31.66872319]]},"properties":{"layer":"Cuencas","entity_type":"LINE","handle":"1BC4F5"}},{"type":"Feature","geometry":{"type":"LineString","coordinates":[[-60.72971748,-31.66872319],[-60.72971039,-31.66874309]]},"properties":{"layer":"Cuencas","entity_type":"LINE","handle":"1BC4F6"}},{"type":"Feature","geometry":{"type":"LineString","coordinates":[[-60.72971039,-31.66874309],[-60.72970512,-31.66875729]]},"properties":{"layer":"Cuencas","entity_type":"LINE","handle":"1BC4F7"}},{"type":"Feature","geometry":{"type":"LineString","coordinates":[[-60.72970512,-31.66875729],[-60.72970121,-31.66876711]]},"properties":{"layer":"Cuencas","entity_type":"LINE","handle":"1BC4F8"}},{"type":"Feature","geometry":{"type":"LineString","coordinates":[[-60.72970121,-31.66876711],[-60.72969824,-31.66877388]]},"properties":{"layer":"Cuencas","entity_type":"LINE","handle":"1BC4F9"}},{"type":"Feature","geometry":{"type":"LineString","coordinates":[[-60.72969824,-31.66877388],[-60.72969575,-31.66877892]]},"properties":{"layer":"Cuencas","entity_type":"LINE","handle":"1BC4FA"}},{"type":"Feature","geometry":{"type":"LineString","coordinates":[[-60.72969575,-31.66877892],[-60.72969329,-31.66878355]]},"properties":{"layer":"Cuencas","entity_type":"LINE","handle":"1BC4FB"}},{"type":"Feature","geometry":{"type":"LineString","coordinates":[[-60.72969329,-31.66878355],[-60.72969051,-31.66878887]]},"properties":{"layer":"Cuencas","entity_type":"LINE","handle":"1BC4FC"}},{"type":"Feature","geometry":{"type":"LineString","coordinates":[[-60.72969051,-31.66878887],[-60.72968735,-31.66879503]]},"properties":{"layer":"Cuencas","entity_type":"LINE","handle":"1BC4FD"}},{"type":"Feature","geometry":{"type":"LineString","coordinates":[[-60.72968735,-31.66879503],[-60.72968382,-31.66880196]]},"properties":{"layer":"Cuencas","entity_type":"LINE","handle":"1BC4FE"}},{"type":"Feature","geometry":{"type":"LineString","coordinates":[[-60.72968382,-31.66880196],[-60.72967996,-31.66880958]]},"properties":{"layer":"Cuencas","entity_type":"LINE","handle":"1BC4FF"}},{"type":"Feature","geometry":{"type":"LineString","coordinates":[[-60.72967996,-31.66880958],[-60.72967578,-31.66881781]]},"properties":{"layer":"Cuencas","entity_type":"LINE","handle":"1BC500"}},{"type":"Feature","geometry":{"type":"LineString","coordinates":[[-60.72967578,-31.66881781],[-60.72967132,-31.66882657]]},"properties":{"layer":"Cuencas","entity_type":"LINE","handle":"1BC501"}},{"type":"Feature","geometry":{"type":"LineString","coordinates":[[-60.72967132,-31.66882657],[-60.72966659,-31.6688358]]},"properties":{"layer":"Cuencas","entity_type":"LINE","handle":"1BC502"}},{"type":"Feature","geometry":{"type":"LineString","coordinates":[[-60.72966659,-31.6688358],[-60.72966161,-31.6688454]]},"properties":{"layer":"Cuencas","entity_type":"LINE","handle":"1BC503"}},{"type":"Feature","geometry":{"type":"LineString","coordinates":[[-60.72966161,-31.6688454],[-60.72965643,-31.66885532]]},"properties":{"layer":"Cuencas","entity_type":"LINE","handle":"1BC504"}},{"type":"Feature","geometry":{"type":"LineString","coordinates":[[-60.72965643,-31.66885532],[-60.7296511,-31.66886547]]},"properties":{"layer":"Cuencas","entity_type":"LINE","handle":"1BC505"}},{"type":"Feature","geometry":{"type":"LineString","coordinates":[[-60.7296511,-31.66886547],[-60.7296457,-31.66887578]]},"properties":{"layer":"Cuencas","entity_type":"LINE","handle":"1BC506"}},{"type":"Feature","geometry":{"type":"LineString","coordinates":[[-60.7296457,-31.66887578],[-60.72964032,-31.66888618]]},"properties":{"layer":"Cuencas","entity_type":"LINE","handle":"1BC507"}},{"type":"Feature","geometry":{"type":"LineString","coordinates":[[-60.72964032,-31.66888618],[-60.72963503,-31.6688966]]},"properties":{"layer":"Cuencas","entity_type":"LINE","handle":"1BC508"}},{"type":"Feature","geometry":{"type":"LineString","coordinates":[[-60.72963503,-31.6688966],[-60.7296299,-31.66890696]]},"properties":{"layer":"Cuencas","entity_type":"LINE","handle":"1BC509"}},{"type":"Feature","geometry":{"type":"LineString","coordinates":[[-60.7296299,-31.66890696],[-60.72962502,-31.6689172]]},"properties":{"layer":"Cuencas","entity_type":"LINE","handle":"1BC50A"}},{"type":"Feature","geometry":{"type":"LineString","coordinates":[[-60.72962502,-31.6689172],[-60.72962046,-31.66892725]]},"properties":{"layer":"Cuencas","entity_type":"LINE","handle":"1BC50B"}},{"type":"Feature","geometry":{"type":"LineString","coordinates":[[-60.72962046,-31.66892725],[-60.72961622,-31.66893719]]},"properties":{"layer":"Cuencas","entity_type":"LINE","handle":"1BC50C"}},{"type":"Feature","geometry":{"type":"LineString","coordinates":[[-60.72961622,-31.66893719],[-60.72961201,-31.66894779]]},"properties":{"layer":"Cuencas","entity_type":"LINE","handle":"1BC50D"}},{"type":"Feature","geometry":{"type":"LineString","coordinates":[[-60.72961201,-31.66894779],[-60.72960746,-31.66895999]]},"properties":{"layer":"Cuencas","entity_type":"LINE","handle":"1BC50E"}},{"type":"Feature","geometry":{"type":"LineString","coordinates":[[-60.72960746,-31.66895999],[-60.72960219,-31.6689747]]},"properties":{"layer":"Cuencas","entity_type":"LINE","handle":"1BC50F"}},{"type":"Feature","geometry":{"type":"LineString","coordinates":[[-60.72960219,-31.6689747],[-60.72959583,-31.66899287]]},"properties":{"layer":"Cuencas","entity_type":"LINE","handle":"1BC510"}},{"type":"Feature","geometry":{"type":"LineString","coordinates":[[-60.72959583,-31.66899287],[-60.72958802,-31.66901541]]},"properties":{"layer":"Cuencas","entity_type":"LINE","handle":"1BC511"}},{"type":"Feature","geometry":{"type":"LineString","coordinates":[[-60.72958802,-31.66901541],[-60.72957838,-31.66904327]]},"properties":{"layer":"Cuencas","entity_type":"LINE","handle":"1BC512"}},{"type":"Feature","geometry":{"type":"LineString","coordinates":[[-60.72957838,-31.66904327],[-60.72956654,-31.66907737]]},"properties":{"layer":"Cuencas","entity_type":"LINE","handle":"1BC513"}},{"type":"Feature","geometry":{"type":"LineString","coordinates":[[-60.72956654,-31.66907737],[-60.72955225,-31.66911832]]},"properties":{"layer":"Cuencas","entity_type":"LINE","handle":"1BC514"}},{"type":"Feature","geometry":{"type":"LineString","coordinates":[[-60.72955225,-31.66911832],[-60.72953575,-31.66916548]]},"properties":{"layer":"Cuencas","entity_type":"LINE","handle":"1BC515"}},{"type":"Feature","geometry":{"type":"LineString","coordinates":[[-60.72953575,-31.66916548],[-60.72951741,-31.66921787]]},"properties":{"layer":"Cuencas","entity_type":"LINE","handle":"1BC516"}},{"type":"Feature","geometry":{"type":"LineString","coordinates":[[-60.72951741,-31.66921787],[-60.72949759,-31.66927453]]},"properties":{"layer":"Cuencas","entity_type":"LINE","handle":"1BC517"}},{"type":"Feature","geometry":{"type":"LineString","coordinates":[[-60.72949759,-31.66927453],[-60.72947665,-31.66933449]]},"properties":{"layer":"Cuencas","entity_type":"LINE","handle":"1BC518"}},{"type":"Feature","geometry":{"type":"LineString","coordinates":[[-60.72947665,-31.66933449],[-60.72945496,-31.66939678]]},"properties":{"layer":"Cuencas","entity_type":"LINE","handle":"1BC519"}},{"type":"Feature","geometry":{"type":"LineString","coordinates":[[-60.72945496,-31.66939678],[-60.72943289,-31.66946043]]},"properties":{"layer":"Cuencas","entity_type":"LINE","handle":"1BC51A"}},{"type":"Feature","geometry":{"type":"LineString","coordinates":[[-60.72943289,-31.66946043],[-60.72941078,-31.66952448]]},"properties":{"layer":"Cuencas","entity_type":"LINE","handle":"1BC51B"}},{"type":"Feature","geometry":{"type":"LineString","coordinates":[[-60.72941078,-31.66952448],[-60.729389,-31.66958801]]},"properties":{"layer":"Cuencas","entity_type":"LINE","handle":"1BC51C"}},{"type":"Feature","geometry":{"type":"LineString","coordinates":[[-60.729389,-31.66958801],[-60.72936777,-31.6696503]]},"properties":{"layer":"Cuencas","entity_type":"LINE","handle":"1BC51D"}},{"type":"Feature","geometry":{"type":"LineString","coordinates":[[-60.72936777,-31.6696503],[-60.72934732,-31.6697107]]},"properties":{"layer":"Cuencas","entity_type":"LINE","handle":"1BC51E"}},{"type":"Feature","geometry":{"type":"LineString","coordinates":[[-60.72934732,-31.6697107],[-60.72932787,-31.66976853]]},"properties":{"layer":"Cuencas","entity_type":"LINE","handle":"1BC51F"}},{"type":"Feature","geometry":{"type":"LineString","coordinates":[[-60.72932787,-31.66976853],[-60.72930963,-31.66982313]]},"properties":{"layer":"Cuencas","entity_type":"LINE","handle":"1BC520"}},{"type":"Feature","geometry":{"type":"LineString","coordinates":[[-60.72930963,-31.66982313],[-60.72929283,-31.66987385]]},"properties":{"layer":"Cuencas","entity_type":"LINE","handle":"1BC521"}},{"type":"Feature","geometry":{"type":"LineString","coordinates":[[-60.72929283,-31.66987385],[-60.72927769,-31.66992001]]},"properties":{"layer":"Cuencas","entity_type":"LINE","handle":"1BC522"}},{"type":"Feature","geometry":{"type":"LineString","coordinates":[[-60.72927769,-31.66992001],[-60.72926442,-31.66996095]]},"properties":{"layer":"Cuencas","entity_type":"LINE","handle":"1BC523"}},{"type":"Feature","geometry":{"type":"LineString","coordinates":[[-60.72926442,-31.66996095],[-60.72925316,-31.66999628]]},"properties":{"layer":"Cuencas","entity_type":"LINE","handle":"1BC524"}},{"type":"Feature","geometry":{"type":"LineString","coordinates":[[-60.72925316,-31.66999628],[-60.72924369,-31.67002672]]},"properties":{"layer":"Cuencas","entity_type":"LINE","handle":"1BC525"}},{"type":"Feature","geometry":{"type":"LineString","coordinates":[[-60.72924369,-31.67002672],[-60.72923571,-31.67005325]]},"properties":{"layer":"Cuencas","entity_type":"LINE","handle":"1BC526"}},{"type":"Feature","geometry":{"type":"LineString","coordinates":[[-60.72923571,-31.67005325],[-60.72922892,-31.67007685]]},"properties":{"layer":"Cuencas","entity_type":"LINE","handle":"1BC527"}},{"type":"Feature","geometry":{"type":"LineString","coordinates":[[-60.72922892,-31.67007685],[-60.72922301,-31.67009851]]},"properties":{"layer":"Cuencas","entity_type":"LINE","handle":"1BC528"}},{"type":"Feature","geometry":{"type":"LineString","coordinates":[[-60.72922301,-31.67009851],[-60.72921768,-31.67011922]]},"properties":{"layer":"Cuencas","entity_type":"LINE","handle":"1BC529"}},{"type":"Feature","geometry":{"type":"LineString","coordinates":[[-60.72921768,-31.67011922],[-60.72921263,-31.67013995]]},"properties":{"layer":"Cuencas","entity_type":"LINE","handle":"1BC52A"}},{"type":"Feature","geometry":{"type":"LineString","coordinates":[[-60.72921263,-31.67013995],[-60.72920755,-31.67016171]]},"properties":{"layer":"Cuencas","entity_type":"LINE","handle":"1BC52B"}},{"type":"Feature","geometry":{"type":"LineString","coordinates":[[-60.72920755,-31.67016171],[-60.72920218,-31.67018528]]},"properties":{"layer":"Cuencas","entity_type":"LINE","handle":"1BC52C"}},{"type":"Feature","geometry":{"type":"LineString","coordinates":[[-60.72920218,-31.67018528],[-60.7291964,-31.67021074]]},"properties":{"layer":"Cuencas","entity_type":"LINE","handle":"1BC52D"}},{"type":"Feature","geometry":{"type":"LineString","coordinates":[[-60.7291964,-31.67021074],[-60.72919012,-31.67023799]]},"properties":{"layer":"Cuencas","entity_type":"LINE","handle":"1BC52E"}},{"type":"Feature","geometry":{"type":"LineString","coordinates":[[-60.72919012,-31.67023799],[-60.72918325,-31.6702669]]},"properties":{"layer":"Cuencas","entity_type":"LINE","handle":"1BC52F"}},{"type":"Feature","geometry":{"type":"LineString","coordinates":[[-60.72918325,-31.6702669],[-60.7291757,-31.67029737]]},"properties":{"layer":"Cuencas","entity_type":"LINE","handle":"1BC530"}},{"type":"Feature","geometry":{"type":"LineString","coordinates":[[-60.7291757,-31.67029737],[-60.72916738,-31.67032929]]},"properties":{"layer":"Cuencas","entity_type":"LINE","handle":"1BC531"}},{"type":"Feature","geometry":{"type":"LineString","coordinates":[[-60.72916738,-31.67032929],[-60.72915821,-31.67036254]]},"properties":{"layer":"Cuencas","entity_type":"LINE","handle":"1BC532"}},{"type":"Feature","geometry":{"type":"LineString","coordinates":[[-60.72915821,-31.67036254],[-60.7291481,-31.67039701]]},"properties":{"layer":"Cuencas","entity_type":"LINE","handle":"1BC533"}},{"type":"Feature","geometry":{"type":"LineString","coordinates":[[-60.7291481,-31.67039701],[-60.72913702,-31.67043255]]},"properties":{"layer":"Cuencas","entity_type":"LINE","handle":"1BC534"}},{"type":"Feature","geometry":{"type":"LineString","coordinates":[[-60.72913702,-31.67043255],[-60.72912512,-31.67046874]]},"properties":{"layer":"Cuencas","entity_type":"LINE","handle":"1BC535"}},{"type":"Feature","geometry":{"type":"LineString","coordinates":[[-60.72912512,-31.67046874],[-60.72911263,-31.67050515]]},"properties":{"layer":"Cuencas","entity_type":"LINE","handle":"1BC536"}},{"type":"Feature","geometry":{"type":"LineString","coordinates":[[-60.72911263,-31.67050515],[-60.72909975,-31.67054131]]},"properties":{"layer":"Cuencas","entity_type":"LINE","handle":"1BC537"}},{"type":"Feature","geometry":{"type":"LineString","coordinates":[[-60.72909975,-31.67054131],[-60.7290867,-31.67057679]]},"properties":{"layer":"Cuencas","entity_type":"LINE","handle":"1BC538"}},{"type":"Feature","geometry":{"type":"LineString","coordinates":[[-60.7290867,-31.67057679],[-60.72907371,-31.67061112]]},"properties":{"layer":"Cuencas","entity_type":"LINE","handle":"1BC539"}},{"type":"Feature","geometry":{"type":"LineString","coordinates":[[-60.72907371,-31.67061112],[-60.72906097,-31.67064386]]},"properties":{"layer":"Cuencas","entity_type":"LINE","handle":"1BC53A"}},{"type":"Feature","geometry":{"type":"LineString","coordinates":[[-60.72906097,-31.67064386],[-60.72904871,-31.67067455]]},"properties":{"layer":"Cuencas","entity_type":"LINE","handle":"1BC53B"}},{"type":"Feature","geometry":{"type":"LineString","coordinates":[[-60.72904871,-31.67067455],[-60.72903708,-31.67070292]]},"properties":{"layer":"Cuencas","entity_type":"LINE","handle":"1BC53C"}},{"type":"Feature","geometry":{"type":"LineString","coordinates":[[-60.72903708,-31.67070292],[-60.72902589,-31.67072934]]},"properties":{"layer":"Cuencas","entity_type":"LINE","handle":"1BC53D"}},{"type":"Feature","geometry":{"type":"LineString","coordinates":[[-60.72902589,-31.67072934],[-60.72901492,-31.67075436]]},"properties":{"layer":"Cuencas","entity_type":"LINE","handle":"1BC53E"}},{"type":"Feature","geometry":{"type":"LineString","coordinates":[[-60.72901492,-31.67075436],[-60.72900393,-31.67077852]]},"properties":{"layer":"Cuencas","entity_type":"LINE","handle":"1BC53F"}},{"type":"Feature","geometry":{"type":"LineString","coordinates":[[-60.72900393,-31.67077852],[-60.72899268,-31.67080239]]},"properties":{"layer":"Cuencas","entity_type":"LINE","handle":"1BC540"}},{"type":"Feature","geometry":{"type":"LineString","coordinates":[[-60.72899268,-31.67080239],[-60.72898092,-31.6708265]]},"properties":{"layer":"Cuencas","entity_type":"LINE","handle":"1BC541"}},{"type":"Feature","geometry":{"type":"LineString","coordinates":[[-60.72898092,-31.6708265],[-60.72896843,-31.6708514]]},"properties":{"layer":"Cuencas","entity_type":"LINE","handle":"1BC542"}},{"type":"Feature","geometry":{"type":"LineString","coordinates":[[-60.72896843,-31.6708514],[-60.72895496,-31.67087765]]},"properties":{"layer":"Cuencas","entity_type":"LINE","handle":"1BC543"}},{"type":"Feature","geometry":{"type":"LineString","coordinates":[[-60.72895496,-31.67087765],[-60.72894034,-31.67090563]]},"properties":{"layer":"Cuencas","entity_type":"LINE","handle":"1BC544"}},{"type":"Feature","geometry":{"type":"LineString","coordinates":[[-60.72894034,-31.67090563],[-60.72892464,-31.67093517]]},"properties":{"layer":"Cuencas","entity_type":"LINE","handle":"1BC545"}},{"type":"Feature","geometry":{"type":"LineString","coordinates":[[-60.72892464,-31.67093517],[-60.72890802,-31.67096591]]},"properties":{"layer":"Cuencas","entity_type":"LINE","handle":"1BC546"}},{"type":"Feature","geometry":{"type":"LineString","coordinates":[[-60.72890802,-31.67096591],[-60.72889061,-31.67099753]]},"properties":{"layer":"Cuencas","entity_type":"LINE","handle":"1BC547"}},{"type":"Feature","geometry":{"type":"LineString","coordinates":[[-60.72889061,-31.67099753],[-60.72887256,-31.67102967]]},"properties":{"layer":"Cuencas","entity_type":"LINE","handle":"1BC548"}},{"type":"Feature","geometry":{"type":"LineString","coordinates":[[-60.72887256,-31.67102967],[-60.728854,-31.67106201]]},"properties":{"layer":"Cuencas","entity_type":"LINE","handle":"1BC549"}},{"type":"Feature","geometry":{"type":"LineString","coordinates":[[-60.728854,-31.67106201],[-60.72883509,-31.67109419]]},"properties":{"layer":"Cuencas","entity_type":"LINE","handle":"1BC54A"}},{"type":"Feature","geometry":{"type":"LineString","coordinates":[[-60.72883509,-31.67109419],[-60.72881596,-31.67112588]]},"properties":{"layer":"Cuencas","entity_type":"LINE","handle":"1BC54B"}},{"type":"Feature","geometry":{"type":"LineString","coordinates":[[-60.72881596,-31.67112588],[-60.72879673,-31.67115682]]},"properties":{"layer":"Cuencas","entity_type":"LINE","handle":"1BC54C"}},{"type":"Feature","geometry":{"type":"LineString","coordinates":[[-60.72879673,-31.67115682],[-60.72877736,-31.67118705]]},"properties":{"layer":"Cuencas","entity_type":"LINE","handle":"1BC54D"}},{"type":"Feature","geometry":{"type":"LineString","coordinates":[[-60.72877736,-31.67118705],[-60.7287578,-31.67121669]]},"properties":{"layer":"Cuencas","entity_type":"LINE","handle":"1BC54E"}},{"type":"Feature","geometry":{"type":"LineString","coordinates":[[-60.7287578,-31.67121669],[-60.72873797,-31.67124584]]},"properties":{"layer":"Cuencas","entity_type":"LINE","handle":"1BC54F"}},{"type":"Feature","geometry":{"type":"LineString","coordinates":[[-60.72873797,-31.67124584],[-60.72871781,-31.67127464]]},"properties":{"layer":"Cuencas","entity_type":"LINE","handle":"1BC550"}},{"type":"Feature","geometry":{"type":"LineString","coordinates":[[-60.72871781,-31.67127464],[-60.72869726,-31.6713032]]},"properties":{"layer":"Cuencas","entity_type":"LINE","handle":"1BC551"}},{"type":"Feature","geometry":{"type":"LineString","coordinates":[[-60.72869726,-31.6713032],[-60.72867626,-31.67133164]]},"properties":{"layer":"Cuencas","entity_type":"LINE","handle":"1BC552"}},{"type":"Feature","geometry":{"type":"LineString","coordinates":[[-60.72867626,-31.67133164],[-60.72865474,-31.67136007]]},"properties":{"layer":"Cuencas","entity_type":"LINE","handle":"1BC553"}},{"type":"Feature","geometry":{"type":"LineString","coordinates":[[-60.72865474,-31.67136007],[-60.72863264,-31.67138861]]},"properties":{"layer":"Cuencas","entity_type":"LINE","handle":"1BC554"}},{"type":"Feature","geometry":{"type":"LineString","coordinates":[[-60.72863264,-31.67138861],[-60.7286099,-31.6714173]]},"properties":{"layer":"Cuencas","entity_type":"LINE","handle":"1BC555"}},{"type":"Feature","geometry":{"type":"LineString","coordinates":[[-60.7286099,-31.6714173],[-60.72858644,-31.67144619]]},"properties":{"layer":"Cuencas","entity_type":"LINE","handle":"1BC556"}},{"type":"Feature","geometry":{"type":"LineString","coordinates":[[-60.72858644,-31.67144619],[-60.7285622,-31.67147532]]},"properties":{"layer":"Cuencas","entity_type":"LINE","handle":"1BC557"}},{"type":"Feature","geometry":{"type":"LineString","coordinates":[[-60.7285622,-31.67147532],[-60.72853713,-31.67150473]]},"properties":{"layer":"Cuencas","entity_type":"LINE","handle":"1BC558"}},{"type":"Feature","geometry":{"type":"LineString","coordinates":[[-60.72853713,-31.67150473],[-60.72851115,-31.67153446]]},"properties":{"layer":"Cuencas","entity_type":"LINE","handle":"1BC559"}},{"type":"Feature","geometry":{"type":"LineString","coordinates":[[-60.72851115,-31.67153446],[-60.72848421,-31.67156456]]},"properties":{"layer":"Cuencas","entity_type":"LINE","handle":"1BC55A"}},{"type":"Feature","geometry":{"type":"LineString","coordinates":[[-60.72848421,-31.67156456],[-60.72845623,-31.67159507]]},"properties":{"layer":"Cuencas","entity_type":"LINE","handle":"1BC55B"}},{"type":"Feature","geometry":{"type":"LineString","coordinates":[[-60.72845623,-31.67159507],[-60.72842719,-31.67162599]]},"properties":{"layer":"Cuencas","entity_type":"LINE","handle":"1BC55C"}},{"type":"Feature","geometry":{"type":"LineString","coordinates":[[-60.72842719,-31.67162599],[-60.72839722,-31.67165721]]},"properties":{"layer":"Cuencas","entity_type":"LINE","handle":"1BC55D"}},{"type":"Feature","geometry":{"type":"LineString","coordinates":[[-60.72839722,-31.67165721],[-60.72836649,-31.67168857]]},"properties":{"layer":"Cuencas","entity_type":"LINE","handle":"1BC55E"}},{"type":"Feature","geometry":{"type":"LineString","coordinates":[[-60.72836649,-31.67168857],[-60.72833517,-31.67171992]]},"properties":{"layer":"Cuencas","entity_type":"LINE","handle":"1BC55F"}},{"type":"Feature","geometry":{"type":"LineString","coordinates":[[-60.72833517,-31.67171992],[-60.72830343,-31.67175111]]},"properties":{"layer":"Cuencas","entity_type":"LINE","handle":"1BC560"}},{"type":"Feature","geometry":{"type":"LineString","coordinates":[[-60.72830343,-31.67175111],[-60.72827144,-31.67178198]]},"properties":{"layer":"Cuencas","entity_type":"LINE","handle":"1BC561"}},{"type":"Feature","geometry":{"type":"LineString","coordinates":[[-60.72827144,-31.67178198],[-60.72823936,-31.67181238]]},"properties":{"layer":"Cuencas","entity_type":"LINE","handle":"1BC562"}},{"type":"Feature","geometry":{"type":"LineString","coordinates":[[-60.72823936,-31.67181238],[-60.72820737,-31.67184216]]},"properties":{"layer":"Cuencas","entity_type":"LINE","handle":"1BC563"}},{"type":"Feature","geometry":{"type":"LineString","coordinates":[[-60.72820737,-31.67184216],[-60.72817562,-31.67187117]]},"properties":{"layer":"Cuencas","entity_type":"LINE","handle":"1BC564"}},{"type":"Feature","geometry":{"type":"LineString","coordinates":[[-60.72817562,-31.67187117],[-60.72814427,-31.67189931]]},"properties":{"layer":"Cuencas","entity_type":"LINE","handle":"1BC565"}},{"type":"Feature","geometry":{"type":"LineString","coordinates":[[-60.72814427,-31.67189931],[-60.72811347,-31.67192647]]},"properties":{"layer":"Cuencas","entity_type":"LINE","handle":"1BC566"}},{"type":"Feature","geometry":{"type":"LineString","coordinates":[[-60.72811347,-31.67192647],[-60.72808335,-31.67195256]]},"properties":{"layer":"Cuencas","entity_type":"LINE","handle":"1BC567"}},{"type":"Feature","geometry":{"type":"LineString","coordinates":[[-60.72808335,-31.67195256],[-60.72805407,-31.67197749]]},"properties":{"layer":"Cuencas","entity_type":"LINE","handle":"1BC568"}},{"type":"Feature","geometry":{"type":"LineString","coordinates":[[-60.72805407,-31.67197749],[-60.72802576,-31.67200115]]},"properties":{"layer":"Cuencas","entity_type":"LINE","handle":"1BC569"}},{"type":"Feature","geometry":{"type":"LineString","coordinates":[[-60.72802576,-31.67200115],[-60.72799858,-31.67202345]]},"properties":{"layer":"Cuencas","entity_type":"LINE","handle":"1BC56A"}},{"type":"Feature","geometry":{"type":"LineString","coordinates":[[-60.72799858,-31.67202345],[-60.72797266,-31.67204429]]},"properties":{"layer":"Cuencas","entity_type":"LINE","handle":"1BC56B"}},{"type":"Feature","geometry":{"type":"LineString","coordinates":[[-60.72797266,-31.67204429],[-60.72794806,-31.67206364]]},"properties":{"layer":"Cuencas","entity_type":"LINE","handle":"1BC56C"}},{"type":"Feature","geometry":{"type":"LineString","coordinates":[[-60.72794806,-31.67206364],[-60.72792441,-31.67208175]]},"properties":{"layer":"Cuencas","entity_type":"LINE","handle":"1BC56D"}},{"type":"Feature","geometry":{"type":"LineString","coordinates":[[-60.72792441,-31.67208175],[-60.72790126,-31.67209895]]},"properties":{"layer":"Cuencas","entity_type":"LINE","handle":"1BC56E"}},{"type":"Feature","geometry":{"type":"LineString","coordinates":[[-60.72790126,-31.67209895],[-60.72787814,-31.67211555]]},"properties":{"layer":"Cuencas","entity_type":"LINE","handle":"1BC56F"}},{"type":"Feature","geometry":{"type":"LineString","coordinates":[[-60.72787814,-31.67211555],[-60.72785459,-31.67213187]]},"properties":{"layer":"Cuencas","entity_type":"LINE","handle":"1BC570"}},{"type":"Feature","geometry":{"type":"LineString","coordinates":[[-60.72785459,-31.67213187],[-60.72783017,-31.67214824]]},"properties":{"layer":"Cuencas","entity_type":"LINE","handle":"1BC571"}},{"type":"Feature","geometry":{"type":"LineString","coordinates":[[-60.72783017,-31.67214824],[-60.72780441,-31.67216498]]},"properties":{"layer":"Cuencas","entity_type":"LINE","handle":"1BC572"}},{"type":"Feature","geometry":{"type":"LineString","coordinates":[[-60.72780441,-31.67216498],[-60.72777684,-31.67218241]]},"properties":{"layer":"Cuencas","entity_type":"LINE","handle":"1BC573"}},{"type":"Feature","geometry":{"type":"LineString","coordinates":[[-60.72777684,-31.67218241],[-60.72774712,-31.67220078]]},"properties":{"layer":"Cuencas","entity_type":"LINE","handle":"1BC574"}},{"type":"Feature","geometry":{"type":"LineString","coordinates":[[-60.72774712,-31.67220078],[-60.72771534,-31.67222002]]},"properties":{"layer":"Cuencas","entity_type":"LINE","handle":"1BC575"}},{"type":"Feature","geometry":{"type":"LineString","coordinates":[[-60.72771534,-31.67222002],[-60.72768169,-31.67224003]]},"properties":{"layer":"Cuencas","entity_type":"LINE","handle":"1BC576"}},{"type":"Feature","geometry":{"type":"LineString","coordinates":[[-60.72768169,-31.67224003],[-60.72764636,-31.67226067]]},"properties":{"layer":"Cuencas","entity_type":"LINE","handle":"1BC577"}},{"type":"Feature","geometry":{"type":"LineString","coordinates":[[-60.72764636,-31.67226067],[-60.72760954,-31.67228181]]},"properties":{"layer":"Cuencas","entity_type":"LINE","handle":"1BC578"}},{"type":"Feature","geometry":{"type":"LineString","coordinates":[[-60.72760954,-31.67228181],[-60.72757143,-31.67230334]]},"properties":{"layer":"Cuencas","entity_type":"LINE","handle":"1BC579"}},{"type":"Feature","geometry":{"type":"LineString","coordinates":[[-60.72757143,-31.67230334],[-60.72753222,-31.67232512]]},"properties":{"layer":"Cuencas","entity_type":"LINE","handle":"1BC57A"}},{"type":"Feature","geometry":{"type":"LineString","coordinates":[[-60.72753222,-31.67232512],[-60.7274921,-31.67234703]]},"properties":{"layer":"Cuencas","entity_type":"LINE","handle":"1BC57B"}},{"type":"Feature","geometry":{"type":"LineString","coordinates":[[-60.7274921,-31.67234703],[-60.72745126,-31.67236895]]},"properties":{"layer":"Cuencas","entity_type":"LINE","handle":"1BC57C"}},{"type":"Feature","geometry":{"type":"LineString","coordinates":[[-60.72745126,-31.67236895],[-60.72740985,-31.67239077]]},"properties":{"layer":"Cuencas","entity_type":"LINE","handle":"1BC57D"}},{"type":"Feature","geometry":{"type":"LineString","coordinates":[[-60.72740985,-31.67239077],[-60.72736799,-31.67241238]]},"properties":{"layer":"Cuencas","entity_type":"LINE","handle":"1BC57E"}},{"type":"Feature","geometry":{"type":"LineString","coordinates":[[-60.72736799,-31.67241238],[-60.72732584,-31.67243368]]},"properties":{"layer":"Cuencas","entity_type":"LINE","handle":"1BC57F"}},{"type":"Feature","geometry":{"type":"LineString","coordinates":[[-60.72732584,-31.67243368],[-60.72728352,-31.67245457]]},"properties":{"layer":"Cuencas","entity_type":"LINE","handle":"1BC580"}},{"type":"Feature","geometry":{"type":"LineString","coordinates":[[-60.72728352,-31.67245457],[-60.72724117,-31.67247494]]},"properties":{"layer":"Cuencas","entity_type":"LINE","handle":"1BC581"}},{"type":"Feature","geometry":{"type":"LineString","coordinates":[[-60.72724117,-31.67247494],[-60.72719893,-31.67249469]]},"properties":{"layer":"Cuencas","entity_type":"LINE","handle":"1BC582"}},{"type":"Feature","geometry":{"type":"LineString","coordinates":[[-60.72719893,-31.67249469],[-60.72715694,-31.67251371]]},"properties":{"layer":"Cuencas","entity_type":"LINE","handle":"1BC583"}},{"type":"Feature","geometry":{"type":"LineString","coordinates":[[-60.72715694,-31.67251371],[-60.72711533,-31.67253191]]},"properties":{"layer":"Cuencas","entity_type":"LINE","handle":"1BC584"}},{"type":"Feature","geometry":{"type":"LineString","coordinates":[[-60.72711533,-31.67253191],[-60.7270743,-31.67254927]]},"properties":{"layer":"Cuencas","entity_type":"LINE","handle":"1BC585"}},{"type":"Feature","geometry":{"type":"LineString","coordinates":[[-60.7270743,-31.67254927],[-60.72703402,-31.67256578]]},"properties":{"layer":"Cuencas","entity_type":"LINE","handle":"1BC586"}},{"type":"Feature","geometry":{"type":"LineString","coordinates":[[-60.72703402,-31.67256578],[-60.72699468,-31.67258144]]},"properties":{"layer":"Cuencas","entity_type":"LINE","handle":"1BC587"}},{"type":"Feature","geometry":{"type":"LineString","coordinates":[[-60.72699468,-31.67258144],[-60.72695646,-31.67259623]]},"properties":{"layer":"Cuencas","entity_type":"LINE","handle":"1BC588"}},{"type":"Feature","geometry":{"type":"LineString","coordinates":[[-60.72695646,-31.67259623],[-60.72691956,-31.67261015]]},"properties":{"layer":"Cuencas","entity_type":"LINE","handle":"1BC589"}},{"type":"Feature","geometry":{"type":"LineString","coordinates":[[-60.72691956,-31.67261015],[-60.72688416,-31.67262319]]},"properties":{"layer":"Cuencas","entity_type":"LINE","handle":"1BC58A"}},{"type":"Feature","geometry":{"type":"LineString","coordinates":[[-60.72688416,-31.67262319],[-60.72685044,-31.67263533]]},"properties":{"layer":"Cuencas","entity_type":"LINE","handle":"1BC58B"}},{"type":"Feature","geometry":{"type":"LineString","coordinates":[[-60.72685044,-31.67263533],[-60.7268185,-31.67264661]]},"properties":{"layer":"Cuencas","entity_type":"LINE","handle":"1BC58C"}},{"type":"Feature","geometry":{"type":"LineString","coordinates":[[-60.7268185,-31.67264661],[-60.726788,-31.67265712]]},"properties":{"layer":"Cuencas","entity_type":"LINE","handle":"1BC58D"}},{"type":"Feature","geometry":{"type":"LineString","coordinates":[[-60.726788,-31.67265712],[-60.72675854,-31.67266698]]},"properties":{"layer":"Cuencas","entity_type":"LINE","handle":"1BC58E"}},{"type":"Feature","geometry":{"type":"LineString","coordinates":[[-60.72675854,-31.67266698],[-60.72672969,-31.67267633]]},"properties":{"layer":"Cuencas","entity_type":"LINE","handle":"1BC58F"}},{"type":"Feature","geometry":{"type":"LineString","coordinates":[[-60.72672969,-31.67267633],[-60.72670102,-31.67268529]]},"properties":{"layer":"Cuencas","entity_type":"LINE","handle":"1BC590"}},{"type":"Feature","geometry":{"type":"LineString","coordinates":[[-60.72670102,-31.67268529],[-60.72667213,-31.67269399]]},"properties":{"layer":"Cuencas","entity_type":"LINE","handle":"1BC591"}},{"type":"Feature","geometry":{"type":"LineString","coordinates":[[-60.72667213,-31.67269399],[-60.7266426,-31.67270255]]},"properties":{"layer":"Cuencas","entity_type":"LINE","handle":"1BC592"}},{"type":"Feature","geometry":{"type":"LineString","coordinates":[[-60.7266426,-31.67270255],[-60.72661199,-31.6727111]]},"properties":{"layer":"Cuencas","entity_type":"LINE","handle":"1BC593"}},{"type":"Feature","geometry":{"type":"LineString","coordinates":[[-60.72661199,-31.6727111],[-60.72657999,-31.67271975]]},"properties":{"layer":"Cuencas","entity_type":"LINE","handle":"1BC594"}},{"type":"Feature","geometry":{"type":"LineString","coordinates":[[-60.72657999,-31.67271975],[-60.72654669,-31.67272846]]},"properties":{"layer":"Cuencas","entity_type":"LINE","handle":"1BC595"}},{"type":"Feature","geometry":{"type":"LineString","coordinates":[[-60.72654669,-31.67272846],[-60.72651228,-31.6727372]]},"properties":{"layer":"Cuencas","entity_type":"LINE","handle":"1BC596"}},{"type":"Feature","geometry":{"type":"LineString","coordinates":[[-60.72651228,-31.6727372],[-60.72647693,-31.6727459]]},"properties":{"layer":"Cuencas","entity_type":"LINE","handle":"1BC597"}},{"type":"Feature","geometry":{"type":"LineString","coordinates":[[-60.72647693,-31.6727459],[-60.72644084,-31.67275453]]},"properties":{"layer":"Cuencas","entity_type":"LINE","handle":"1BC598"}},{"type":"Feature","geometry":{"type":"LineString","coordinates":[[-60.72644084,-31.67275453],[-60.72640419,-31.67276303]]},"properties":{"layer":"Cuencas","entity_type":"LINE","handle":"1BC599"}},{"type":"Feature","geometry":{"type":"LineString","coordinates":[[-60.72640419,-31.67276303],[-60.72636716,-31.67277135]]},"properties":{"layer":"Cuencas","entity_type":"LINE","handle":"1BC59A"}},{"type":"Feature","geometry":{"type":"LineString","coordinates":[[-60.72636716,-31.67277135],[-60.72632995,-31.67277944]]},"properties":{"layer":"Cuencas","entity_type":"LINE","handle":"1BC59B"}},{"type":"Feature","geometry":{"type":"LineString","coordinates":[[-60.72632995,-31.67277944],[-60.7262927,-31.67278727]]},"properties":{"layer":"Cuencas","entity_type":"LINE","handle":"1BC59C"}},{"type":"Feature","geometry":{"type":"LineString","coordinates":[[-60.7262927,-31.67278727],[-60.72625544,-31.6727948]]},"properties":{"layer":"Cuencas","entity_type":"LINE","handle":"1BC59D"}},{"type":"Feature","geometry":{"type":"LineString","coordinates":[[-60.72625544,-31.6727948],[-60.72621816,-31.67280205]]},"properties":{"layer":"Cuencas","entity_type":"LINE","handle":"1BC59E"}},{"type":"Feature","geometry":{"type":"LineString","coordinates":[[-60.72621816,-31.67280205],[-60.72618086,-31.67280901]]},"properties":{"layer":"Cuencas","entity_type":"LINE","handle":"1BC59F"}},{"type":"Feature","geometry":{"type":"LineString","coordinates":[[-60.72618086,-31.67280901],[-60.72614352,-31.67281565]]},"properties":{"layer":"Cuencas","entity_type":"LINE","handle":"1BC5A0"}},{"type":"Feature","geometry":{"type":"LineString","coordinates":[[-60.72614352,-31.67281565],[-60.72610614,-31.67282199]]},"properties":{"layer":"Cuencas","entity_type":"LINE","handle":"1BC5A1"}},{"type":"Feature","geometry":{"type":"LineString","coordinates":[[-60.72610614,-31.67282199],[-60.72606871,-31.67282801]]},"properties":{"layer":"Cuencas","entity_type":"LINE","handle":"1BC5A2"}},{"type":"Feature","geometry":{"type":"LineString","coordinates":[[-60.72606871,-31.67282801],[-60.72603122,-31.6728337]]},"properties":{"layer":"Cuencas","entity_type":"LINE","handle":"1BC5A3"}},{"type":"Feature","geometry":{"type":"LineString","coordinates":[[-60.72603122,-31.6728337],[-60.72599365,-31.67283906]]},"properties":{"layer":"Cuencas","entity_type":"LINE","handle":"1BC5A4"}},{"type":"Feature","geometry":{"type":"LineString","coordinates":[[-60.72599365,-31.67283906],[-60.72595596,-31.67284409]]},"properties":{"layer":"Cuencas","entity_type":"LINE","handle":"1BC5A5"}},{"type":"Feature","geometry":{"type":"LineString","coordinates":[[-60.72595596,-31.67284409],[-60.72591809,-31.67284879]]},"properties":{"layer":"Cuencas","entity_type":"LINE","handle":"1BC5A6"}},{"type":"Feature","geometry":{"type":"LineString","coordinates":[[-60.72591809,-31.67284879],[-60.72587998,-31.67285316]]},"properties":{"layer":"Cuencas","entity_type":"LINE","handle":"1BC5A7"}},{"type":"Feature","geometry":{"type":"LineString","coordinates":[[-60.72587998,-31.67285316],[-60.72584158,-31.6728572]]},"properties":{"layer":"Cuencas","entity_type":"LINE","handle":"1BC5A8"}},{"type":"Feature","geometry":{"type":"LineString","coordinates":[[-60.72584158,-31.6728572],[-60.72580282,-31.67286091]]},"properties":{"layer":"Cuencas","entity_type":"LINE","handle":"1BC5A9"}},{"type":"Feature","geometry":{"type":"LineString","coordinates":[[-60.72580282,-31.67286091],[-60.72576366,-31.67286429]]},"properties":{"layer":"Cuencas","entity_type":"LINE","handle":"1BC5AA"}},{"type":"Feature","geometry":{"type":"LineString","coordinates":[[-60.72576366,-31.67286429],[-60.72572404,-31.67286734]]},"properties":{"layer":"Cuencas","entity_type":"LINE","handle":"1BC5AB"}},{"type":"Feature","geometry":{"type":"LineString","coordinates":[[-60.72572404,-31.67286734],[-60.72568393,-31.67287006]]},"properties":{"layer":"Cuencas","entity_type":"LINE","handle":"1BC5AC"}},{"type":"Feature","geometry":{"type":"LineString","coordinates":[[-60.72568393,-31.67287006],[-60.72564352,-31.67287245]]},"properties":{"layer":"Cuencas","entity_type":"LINE","handle":"1BC5AD"}},{"type":"Feature","geometry":{"type":"LineString","coordinates":[[-60.72564352,-31.67287245],[-60.72560301,-31.6728745]]},"properties":{"layer":"Cuencas","entity_type":"LINE","handle":"1BC5AE"}},{"type":"Feature","geometry":{"type":"LineString","coordinates":[[-60.72560301,-31.6728745],[-60.72556261,-31.67287623]]},"properties":{"layer":"Cuencas","entity_type":"LINE","handle":"1BC5AF"}},{"type":"Feature","geometry":{"type":"LineString","coordinates":[[-60.72556261,-31.67287623],[-60.72552253,-31.67287762]]},"properties":{"layer":"Cuencas","entity_type":"LINE","handle":"1BC5B0"}},{"type":"Feature","geometry":{"type":"LineString","coordinates":[[-60.72552253,-31.67287762],[-60.72548298,-31.67287868]]},"properties":{"layer":"Cuencas","entity_type":"LINE","handle":"1BC5B1"}},{"type":"Feature","geometry":{"type":"LineString","coordinates":[[-60.72548298,-31.67287868],[-60.72544418,-31.67287939]]},"properties":{"layer":"Cuencas","entity_type":"LINE","handle":"1BC5B2"}},{"type":"Feature","geometry":{"type":"LineString","coordinates":[[-60.72544418,-31.67287939],[-60.72540633,-31.67287978]]},"properties":{"layer":"Cuencas","entity_type":"LINE","handle":"1BC5B3"}},{"type":"Feature","geometry":{"type":"LineString","coordinates":[[-60.72540633,-31.67287978],[-60.72536956,-31.67287982]]},"properties":{"layer":"Cuencas","entity_type":"LINE","handle":"1BC5B4"}},{"type":"Feature","geometry":{"type":"LineString","coordinates":[[-60.72536956,-31.67287982],[-60.72533373,-31.67287952]]},"properties":{"layer":"Cuencas","entity_type":"LINE","handle":"1BC5B5"}},{"type":"Feature","geometry":{"type":"LineString","coordinates":[[-60.72533373,-31.67287952],[-60.72529858,-31.67287889]]},"properties":{"layer":"Cuencas","entity_type":"LINE","handle":"1BC5B6"}},{"type":"Feature","geometry":{"type":"LineString","coordinates":[[-60.72529858,-31.67287889],[-60.7252639,-31.67287793]]},"properties":{"layer":"Cuencas","entity_type":"LINE","handle":"1BC5B7"}},{"type":"Feature","geometry":{"type":"LineString","coordinates":[[-60.7252639,-31.67287793],[-60.72522944,-31.67287663]]},"properties":{"layer":"Cuencas","entity_type":"LINE","handle":"1BC5B8"}},{"type":"Feature","geometry":{"type":"LineString","coordinates":[[-60.72522944,-31.67287663],[-60.72519497,-31.672875]]},"properties":{"layer":"Cuencas","entity_type":"LINE","handle":"1BC5B9"}},{"type":"Feature","geometry":{"type":"LineString","coordinates":[[-60.72519497,-31.672875],[-60.72516026,-31.67287304]]},"properties":{"layer":"Cuencas","entity_type":"LINE","handle":"1BC5BA"}},{"type":"Feature","geometry":{"type":"LineString","coordinates":[[-60.72516026,-31.67287304],[-60.72512506,-31.67287074]]},"properties":{"layer":"Cuencas","entity_type":"LINE","handle":"1BC5BB"}},{"type":"Feature","geometry":{"type":"LineString","coordinates":[[-60.72512506,-31.67287074],[-60.72508919,-31.67286812]]},"properties":{"layer":"Cuencas","entity_type":"LINE","handle":"1BC5BC"}},{"type":"Feature","geometry":{"type":"LineString","coordinates":[[-60.72508919,-31.67286812],[-60.72505261,-31.67286517]]},"properties":{"layer":"Cuencas","entity_type":"LINE","handle":"1BC5BD"}},{"type":"Feature","geometry":{"type":"LineString","coordinates":[[-60.72505261,-31.67286517],[-60.72501531,-31.67286187]]},"properties":{"layer":"Cuencas","entity_type":"LINE","handle":"1BC5BE"}},{"type":"Feature","geometry":{"type":"LineString","coordinates":[[-60.72501531,-31.67286187],[-60.72497729,-31.67285822]]},"properties":{"layer":"Cuencas","entity_type":"LINE","handle":"1BC5BF"}},{"type":"Feature","geometry":{"type":"LineString","coordinates":[[-60.72497729,-31.67285822],[-60.72493856,-31.67285422]]},"properties":{"layer":"Cuencas","entity_type":"LINE","handle":"1BC5C0"}},{"type":"Feature","geometry":{"type":"LineString","coordinates":[[-60.72493856,-31.67285422],[-60.72489911,-31.67284985]]},"properties":{"layer":"Cuencas","entity_type":"LINE","handle":"1BC5C1"}},{"type":"Feature","geometry":{"type":"LineString","coordinates":[[-60.72489911,-31.67284985],[-60.72485895,-31.67284512]]},"properties":{"layer":"Cuencas","entity_type":"LINE","handle":"1BC5C2"}},{"type":"Feature","geometry":{"type":"LineString","coordinates":[[-60.72485895,-31.67284512],[-60.72481807,-31.67284001]]},"properties":{"layer":"Cuencas","entity_type":"LINE","handle":"1BC5C3"}},{"type":"Feature","geometry":{"type":"LineString","coordinates":[[-60.72481807,-31.67284001],[-60.7247765,-31.67283451]]},"properties":{"layer":"Cuencas","entity_type":"LINE","handle":"1BC5C4"}},{"type":"Feature","geometry":{"type":"LineString","coordinates":[[-60.7247765,-31.67283451],[-60.72473433,-31.67282862]]},"properties":{"layer":"Cuencas","entity_type":"LINE","handle":"1BC5C5"}},{"type":"Feature","geometry":{"type":"LineString","coordinates":[[-60.72473433,-31.67282862],[-60.72469169,-31.67282231]]},"properties":{"layer":"Cuencas","entity_type":"LINE","handle":"1BC5C6"}},{"type":"Feature","geometry":{"type":"LineString","coordinates":[[-60.72469169,-31.67282231],[-60.7246487,-31.67281558]]},"properties":{"layer":"Cuencas","entity_type":"LINE","handle":"1BC5C7"}},{"type":"Feature","geometry":{"type":"LineString","coordinates":[[-60.7246487,-31.67281558],[-60.72460548,-31.6728084]]},"properties":{"layer":"Cuencas","entity_type":"LINE","handle":"1BC5C8"}},{"type":"Feature","geometry":{"type":"LineString","coordinates":[[-60.72460548,-31.6728084],[-60.72456215,-31.67280077]]},"properties":{"layer":"Cuencas","entity_type":"LINE","handle":"1BC5C9"}},{"type":"Feature","geometry":{"type":"LineString","coordinates":[[-60.72456215,-31.67280077],[-60.72451883,-31.67279267]]},"properties":{"layer":"Cuencas","entity_type":"LINE","handle":"1BC5CA"}},{"type":"Feature","geometry":{"type":"LineString","coordinates":[[-60.72451883,-31.67279267],[-60.72447565,-31.67278408]]},"properties":{"layer":"Cuencas","entity_type":"LINE","handle":"1BC5CB"}},{"type":"Feature","geometry":{"type":"LineString","coordinates":[[-60.72447565,-31.67278408],[-60.72443272,-31.67277499]]},"properties":{"layer":"Cuencas","entity_type":"LINE","handle":"1BC5CC"}},{"type":"Feature","geometry":{"type":"LineString","coordinates":[[-60.72443272,-31.67277499],[-60.72439014,-31.67276542]]},"properties":{"layer":"Cuencas","entity_type":"LINE","handle":"1BC5CD"}},{"type":"Feature","geometry":{"type":"LineString","coordinates":[[-60.72439014,-31.67276542],[-60.72434801,-31.67275535]]},"properties":{"layer":"Cuencas","entity_type":"LINE","handle":"1BC5CE"}},{"type":"Feature","geometry":{"type":"LineString","coordinates":[[-60.72434801,-31.67275535],[-60.72430642,-31.67274481]]},"properties":{"layer":"Cuencas","entity_type":"LINE","handle":"1BC5CF"}},{"type":"Feature","geometry":{"type":"LineString","coordinates":[[-60.72430642,-31.67274481],[-60.72426549,-31.67273379]]},"properties":{"layer":"Cuencas","entity_type":"LINE","handle":"1BC5D0"}},{"type":"Feature","geometry":{"type":"LineString","coordinates":[[-60.72426549,-31.67273379],[-60.72422529,-31.6727223]]},"properties":{"layer":"Cuencas","entity_type":"LINE","handle":"1BC5D1"}},{"type":"Feature","geometry":{"type":"LineString","coordinates":[[-60.72422529,-31.6727223],[-60.72418593,-31.67271035]]},"properties":{"layer":"Cuencas","entity_type":"LINE","handle":"1BC5D2"}},{"type":"Feature","geometry":{"type":"LineString","coordinates":[[-60.72418593,-31.67271035],[-60.7241475,-31.67269795]]},"properties":{"layer":"Cuencas","entity_type":"LINE","handle":"1BC5D3"}},{"type":"Feature","geometry":{"type":"LineString","coordinates":[[-60.7241475,-31.67269795],[-60.72410997,-31.67268505]]},"properties":{"layer":"Cuencas","entity_type":"LINE","handle":"1BC5D4"}},{"type":"Feature","geometry":{"type":"LineString","coordinates":[[-60.72410997,-31.67268505],[-60.72407268,-31.67267145]]},"properties":{"layer":"Cuencas","entity_type":"LINE","handle":"1BC5D5"}},{"type":"Feature","geometry":{"type":"LineString","coordinates":[[-60.72407268,-31.67267145],[-60.72403487,-31.67265688]]},"properties":{"layer":"Cuencas","entity_type":"LINE","handle":"1BC5D6"}},{"type":"Feature","geometry":{"type":"LineString","coordinates":[[-60.72403487,-31.67265688],[-60.72399576,-31.67264108]]},"properties":{"layer":"Cuencas","entity_type":"LINE","handle":"1BC5D7"}},{"type":"Feature","geometry":{"type":"LineString","coordinates":[[-60.72399576,-31.67264108],[-60.72395456,-31.67262381]]},"properties":{"layer":"Cuencas","entity_type":"LINE","handle":"1BC5D8"}},{"type":"Feature","geometry":{"type":"LineString","coordinates":[[-60.72395456,-31.67262381],[-60.7239105,-31.67260479]]},"properties":{"layer":"Cuencas","entity_type":"LINE","handle":"1BC5D9"}},{"type":"Feature","geometry":{"type":"LineString","coordinates":[[-60.7239105,-31.67260479],[-60.72386279,-31.67258377]]},"properties":{"layer":"Cuencas","entity_type":"LINE","handle":"1BC5DA"}},{"type":"Feature","geometry":{"type":"LineString","coordinates":[[-60.72386279,-31.67258377],[-60.72381067,-31.67256049]]},"properties":{"layer":"Cuencas","entity_type":"LINE","handle":"1BC5DB"}},{"type":"Feature","geometry":{"type":"LineString","coordinates":[[-60.72381067,-31.67256049],[-60.7237533,-31.67253466]]},"properties":{"layer":"Cuencas","entity_type":"LINE","handle":"1BC5DC"}},{"type":"Feature","geometry":{"type":"LineString","coordinates":[[-60.7237533,-31.67253466],[-60.72368972,-31.67250588]]},"properties":{"layer":"Cuencas","entity_type":"LINE","handle":"1BC5DD"}},{"type":"Feature","geometry":{"type":"LineString","coordinates":[[-60.72368972,-31.67250588],[-60.7236189,-31.67247371]]},"properties":{"layer":"Cuencas","entity_type":"LINE","handle":"1BC5DE"}},{"type":"Feature","geometry":{"type":"LineString","coordinates":[[-60.7236189,-31.67247371],[-60.72353984,-31.67243771]]},"properties":{"layer":"Cuencas","entity_type":"LINE","handle":"1BC5DF"}},{"type":"Feature","geometry":{"type":"LineString","coordinates":[[-60.72353984,-31.67243771],[-60.72345151,-31.67239745]]},"properties":{"layer":"Cuencas","entity_type":"LINE","handle":"1BC5E0"}},{"type":"Feature","geometry":{"type":"LineString","coordinates":[[-60.72345151,-31.67239745],[-60.72335291,-31.67235248]]},"properties":{"layer":"Cuencas","entity_type":"LINE","handle":"1BC5E1"}},{"type":"Feature","geometry":{"type":"LineString","coordinates":[[-60.72335291,-31.67235248],[-60.72324301,-31.67230237]]},"properties":{"layer":"Cuencas","entity_type":"LINE","handle":"1BC5E2"}},{"type":"Feature","geometry":{"type":"LineString","coordinates":[[-60.72324301,-31.67230237],[-60.72312081,-31.67224668]]},"properties":{"layer":"Cuencas","entity_type":"LINE","handle":"1BC5E3"}},{"type":"Feature","geometry":{"type":"LineString","coordinates":[[-60.72312081,-31.67224668],[-60.72298582,-31.67218522]]},"properties":{"layer":"Cuencas","entity_type":"LINE","handle":"1BC5E4"}},{"type":"Feature","geometry":{"type":"LineString","coordinates":[[-60.72298582,-31.67218522],[-60.72283972,-31.67211876]]},"properties":{"layer":"Cuencas","entity_type":"LINE","handle":"1BC5E5"}},{"type":"Feature","geometry":{"type":"LineString","coordinates":[[-60.72283972,-31.67211876],[-60.72268473,-31.6720483]]},"properties":{"layer":"Cuencas","entity_type":"LINE","handle":"1BC5E6"}},{"type":"Feature","geometry":{"type":"LineString","coordinates":[[-60.72268473,-31.6720483],[-60.72252308,-31.67197487]]},"properties":{"layer":"Cuencas","entity_type":"LINE","handle":"1BC5E7"}},{"type":"Feature","geometry":{"type":"LineString","coordinates":[[-60.72252308,-31.67197487],[-60.72235697,-31.67189947]]},"properties":{"layer":"Cuencas","entity_type":"LINE","handle":"1BC5E8"}},{"type":"Feature","geometry":{"type":"LineString","coordinates":[[-60.72235697,-31.67189947],[-60.72218863,-31.67182311]]},"properties":{"layer":"Cuencas","entity_type":"LINE","handle":"1BC5E9"}},{"type":"Feature","geometry":{"type":"LineString","coordinates":[[-60.72218863,-31.67182311],[-60.72202027,-31.6717468]]},"properties":{"layer":"Cuencas","entity_type":"LINE","handle":"1BC5EA"}},{"type":"Feature","geometry":{"type":"LineString","coordinates":[[-60.72202027,-31.6717468],[-60.72185412,-31.67167157]]},"properties":{"layer":"Cuencas","entity_type":"LINE","handle":"1BC5EB"}},{"type":"Feature","geometry":{"type":"LineString","coordinates":[[-60.72185412,-31.67167157],[-60.72169201,-31.67159824]]},"properties":{"layer":"Cuencas","entity_type":"LINE","handle":"1BC5EC"}},{"type":"Feature","geometry":{"type":"LineString","coordinates":[[-60.72169201,-31.67159824],[-60.72153431,-31.67152696]]},"properties":{"layer":"Cuencas","entity_type":"LINE","handle":"1BC5ED"}},{"type":"Feature","geometry":{"type":"LineString","coordinates":[[-60.72153431,-31.67152696],[-60.721381,-31.6714577]]},"properties":{"layer":"Cuencas","entity_type":"LINE","handle":"1BC5EE"}},{"type":"Feature","geometry":{"type":"LineString","coordinates":[[-60.721381,-31.6714577],[-60.72123206,-31.67139044]]},"properties":{"layer":"Cuencas","entity_type":"LINE","handle":"1BC5EF"}},{"type":"Feature","geometry":{"type":"LineString","coordinates":[[-60.72123206,-31.67139044],[-60.72108747,-31.67132514]]},"properties":{"layer":"Cuencas","entity_type":"LINE","handle":"1BC5F0"}},{"type":"Feature","geometry":{"type":"LineString","coordinates":[[-60.72108747,-31.67132514],[-60.72094722,-31.67126179]]},"properties":{"layer":"Cuencas","entity_type":"LINE","handle":"1BC5F1"}},{"type":"Feature","geometry":{"type":"LineString","coordinates":[[-60.72094722,-31.67126179],[-60.7208113,-31.67120035]]},"properties":{"layer":"Cuencas","entity_type":"LINE","handle":"1BC5F2"}},{"type":"Feature","geometry":{"type":"LineString","coordinates":[[-60.7208113,-31.67120035],[-60.72067968,-31.6711408]]},"properties":{"layer":"Cuencas","entity_type":"LINE","handle":"1BC5F3"}},{"type":"Feature","geometry":{"type":"LineString","coordinates":[[-60.72067968,-31.6711408],[-60.72055238,-31.67108313]]},"properties":{"layer":"Cuencas","entity_type":"LINE","handle":"1BC5F4"}},{"type":"Feature","geometry":{"type":"LineString","coordinates":[[-60.72055238,-31.67108313],[-60.72042958,-31.67102742]]},"properties":{"layer":"Cuencas","entity_type":"LINE","handle":"1BC5F5"}},{"type":"Feature","geometry":{"type":"LineString","coordinates":[[-60.72042958,-31.67102742],[-60.72031147,-31.67097379]]},"properties":{"layer":"Cuencas","entity_type":"LINE","handle":"1BC5F6"}},{"type":"Feature","geometry":{"type":"LineString","coordinates":[[-60.72031147,-31.67097379],[-60.72019825,-31.67092234]]},"properties":{"layer":"Cuencas","entity_type":"LINE","handle":"1BC5F7"}},{"type":"Feature","geometry":{"type":"LineString","coordinates":[[-60.72019825,-31.67092234],[-60.72009012,-31.67087317]]},"properties":{"layer":"Cuencas","entity_type":"LINE","handle":"1BC5F8"}},{"type":"Feature","geometry":{"type":"LineString","coordinates":[[-60.72009012,-31.67087317],[-60.71998729,-31.67082641]]},"properties":{"layer":"Cuencas","entity_type":"LINE","handle":"1BC5F9"}},{"type":"Feature","geometry":{"type":"LineString","coordinates":[[-60.71998729,-31.67082641],[-60.71988996,-31.67078215]]},"properties":{"layer":"Cuencas","entity_type":"LINE","handle":"1BC5FA"}},{"type":"Feature","geometry":{"type":"LineString","coordinates":[[-60.71988996,-31.67078215],[-60.71979833,-31.6707405]]},"properties":{"layer":"Cuencas","entity_type":"LINE","handle":"1BC5FB"}},{"type":"Feature","geometry":{"type":"LineString","coordinates":[[-60.71979833,-31.6707405],[-60.71971257,-31.67070154]]},"properties":{"layer":"Cuencas","entity_type":"LINE","handle":"1BC5FC"}},{"type":"Feature","geometry":{"type":"LineString","coordinates":[[-60.71971257,-31.67070154],[-60.71963273,-31.67066525]]},"properties":{"layer":"Cuencas","entity_type":"LINE","handle":"1BC5FD"}},{"type":"Feature","geometry":{"type":"LineString","coordinates":[[-60.71963273,-31.67066525],[-60.71955884,-31.67063154]]},"properties":{"layer":"Cuencas","entity_type":"LINE","handle":"1BC5FE"}},{"type":"Feature","geometry":{"type":"LineString","coordinates":[[-60.71955884,-31.67063154],[-60.71949092,-31.67060037]]},"properties":{"layer":"Cuencas","entity_type":"LINE","handle":"1BC5FF"}},{"type":"Feature","geometry":{"type":"LineString","coordinates":[[-60.71949092,-31.67060037],[-60.71942899,-31.67057166]]},"properties":{"layer":"Cuencas","entity_type":"LINE","handle":"1BC600"}},{"type":"Feature","geometry":{"type":"LineString","coordinates":[[-60.71942899,-31.67057166],[-60.71937307,-31.67054537]]},"properties":{"layer":"Cuencas","entity_type":"LINE","handle":"1BC601"}},{"type":"Feature","geometry":{"type":"LineString","coordinates":[[-60.71937307,-31.67054537],[-60.71932319,-31.67052141]]},"properties":{"layer":"Cuencas","entity_type":"LINE","handle":"1BC602"}},{"type":"Feature","geometry":{"type":"LineString","coordinates":[[-60.71932319,-31.67052141],[-60.71927937,-31.67049974]]},"properties":{"layer":"Cuencas","entity_type":"LINE","handle":"1BC603"}},{"type":"Feature","geometry":{"type":"LineString","coordinates":[[-60.71927937,-31.67049974],[-60.71924146,-31.67048022]]},"properties":{"layer":"Cuencas","entity_type":"LINE","handle":"1BC604"}},{"type":"Feature","geometry":{"type":"LineString","coordinates":[[-60.71924146,-31.67048022],[-60.71920866,-31.67046248]]},"properties":{"layer":"Cuencas","entity_type":"LINE","handle":"1BC605"}},{"type":"Feature","geometry":{"type":"LineString","coordinates":[[-60.71920866,-31.67046248],[-60.71917999,-31.67044608]]},"properties":{"layer":"Cuencas","entity_type":"LINE","handle":"1BC606"}},{"type":"Feature","geometry":{"type":"LineString","coordinates":[[-60.71917999,-31.67044608],[-60.71915447,-31.67043059]]},"properties":{"layer":"Cuencas","entity_type":"LINE","handle":"1BC607"}},{"type":"Feature","geometry":{"type":"LineString","coordinates":[[-60.71915447,-31.67043059],[-60.71913113,-31.67041557]]},"properties":{"layer":"Cuencas","entity_type":"LINE","handle":"1BC608"}},{"type":"Feature","geometry":{"type":"LineString","coordinates":[[-60.71913113,-31.67041557],[-60.71910899,-31.67040059]]},"properties":{"layer":"Cuencas","entity_type":"LINE","handle":"1BC609"}},{"type":"Feature","geometry":{"type":"LineString","coordinates":[[-60.71910899,-31.67040059],[-60.71908706,-31.67038519]]},"properties":{"layer":"Cuencas","entity_type":"LINE","handle":"1BC60A"}},{"type":"Feature","geometry":{"type":"LineString","coordinates":[[-60.71908706,-31.67038519],[-60.71906438,-31.67036896]]},"properties":{"layer":"Cuencas","entity_type":"LINE","handle":"1BC60B"}},{"type":"Feature","geometry":{"type":"LineString","coordinates":[[-60.71906438,-31.67036896],[-60.71904011,-31.67035148]]},"properties":{"layer":"Cuencas","entity_type":"LINE","handle":"1BC60C"}},{"type":"Feature","geometry":{"type":"LineString","coordinates":[[-60.71904011,-31.67035148],[-60.71901394,-31.67033245]]},"properties":{"layer":"Cuencas","entity_type":"LINE","handle":"1BC60D"}},{"type":"Feature","geometry":{"type":"LineString","coordinates":[[-60.71901394,-31.67033245],[-60.7189857,-31.67031162]]},"properties":{"layer":"Cuencas","entity_type":"LINE","handle":"1BC60E"}},{"type":"Feature","geometry":{"type":"LineString","coordinates":[[-60.7189857,-31.67031162],[-60.71895525,-31.67028872]]},"properties":{"layer":"Cuencas","entity_type":"LINE","handle":"1BC60F"}},{"type":"Feature","geometry":{"type":"LineString","coordinates":[[-60.71895525,-31.67028872],[-60.71892241,-31.67026348]]},"properties":{"layer":"Cuencas","entity_type":"LINE","handle":"1BC610"}},{"type":"Feature","geometry":{"type":"LineString","coordinates":[[-60.71892241,-31.67026348],[-60.71888702,-31.67023565]]},"properties":{"layer":"Cuencas","entity_type":"LINE","handle":"1BC611"}},{"type":"Feature","geometry":{"type":"LineString","coordinates":[[-60.71888702,-31.67023565],[-60.71884892,-31.67020496]]},"properties":{"layer":"Cuencas","entity_type":"LINE","handle":"1BC612"}},{"type":"Feature","geometry":{"type":"LineString","coordinates":[[-60.71884892,-31.67020496],[-60.71880794,-31.67017115]]},"properties":{"layer":"Cuencas","entity_type":"LINE","handle":"1BC613"}},{"type":"Feature","geometry":{"type":"LineString","coordinates":[[-60.71880794,-31.67017115],[-60.71876405,-31.67013409]]},"properties":{"layer":"Cuencas","entity_type":"LINE","handle":"1BC614"}},{"type":"Feature","geometry":{"type":"LineString","coordinates":[[-60.71876405,-31.67013409],[-60.71871778,-31.67009423]]},"properties":{"layer":"Cuencas","entity_type":"LINE","handle":"1BC615"}},{"type":"Feature","geometry":{"type":"LineString","coordinates":[[-60.71871778,-31.67009423],[-60.71866977,-31.67005218]]},"properties":{"layer":"Cuencas","entity_type":"LINE","handle":"1BC616"}},{"type":"Feature","geometry":{"type":"LineString","coordinates":[[-60.71866977,-31.67005218],[-60.71862066,-31.67000853]]},"properties":{"layer":"Cuencas","entity_type":"LINE","handle":"1BC617"}},{"type":"Feature","geometry":{"type":"LineString","coordinates":[[-60.71862066,-31.67000853],[-60.71857112,-31.66996386]]},"properties":{"layer":"Cuencas","entity_type":"LINE","handle":"1BC618"}},{"type":"Feature","geometry":{"type":"LineString","coordinates":[[-60.71857112,-31.66996386],[-60.71852179,-31.66991878]]},"properties":{"layer":"Cuencas","entity_type":"LINE","handle":"1BC619"}},{"type":"Feature","geometry":{"type":"LineString","coordinates":[[-60.71852179,-31.66991878],[-60.71847333,-31.66987388]]},"properties":{"layer":"Cuencas","entity_type":"LINE","handle":"1BC61A"}},{"type":"Feature","geometry":{"type":"LineString","coordinates":[[-60.71847333,-31.66987388],[-60.71842638,-31.66982975]]},"properties":{"layer":"Cuencas","entity_type":"LINE","handle":"1BC61B"}},{"type":"Feature","geometry":{"type":"LineString","coordinates":[[-60.71842638,-31.66982975],[-60.71838145,-31.66978687]]},"properties":{"layer":"Cuencas","entity_type":"LINE","handle":"1BC61C"}},{"type":"Feature","geometry":{"type":"LineString","coordinates":[[-60.71838145,-31.66978687],[-60.71833854,-31.66974523]]},"properties":{"layer":"Cuencas","entity_type":"LINE","handle":"1BC61D"}},{"type":"Feature","geometry":{"type":"LineString","coordinates":[[-60.71833854,-31.66974523],[-60.7182975,-31.66970471]]},"properties":{"layer":"Cuencas","entity_type":"LINE","handle":"1BC61E"}},{"type":"Feature","geometry":{"type":"LineString","coordinates":[[-60.7182975,-31.66970471],[-60.71825818,-31.66966518]]},"properties":{"layer":"Cuencas","entity_type":"LINE","handle":"1BC61F"}},{"type":"Feature","geometry":{"type":"LineString","coordinates":[[-60.71825818,-31.66966518],[-60.71822042,-31.66962651]]},"properties":{"layer":"Cuencas","entity_type":"LINE","handle":"1BC620"}},{"type":"Feature","geometry":{"type":"LineString","coordinates":[[-60.71822042,-31.66962651],[-60.71818408,-31.66958859]]},"properties":{"layer":"Cuencas","entity_type":"LINE","handle":"1BC621"}},{"type":"Feature","geometry":{"type":"LineString","coordinates":[[-60.71818408,-31.66958859],[-60.71814901,-31.66955128]]},"properties":{"layer":"Cuencas","entity_type":"LINE","handle":"1BC622"}},{"type":"Feature","geometry":{"type":"LineString","coordinates":[[-60.71814901,-31.66955128],[-60.71811506,-31.66951446]]},"properties":{"layer":"Cuencas","entity_type":"LINE","handle":"1BC623"}},{"type":"Feature","geometry":{"type":"LineString","coordinates":[[-60.71811506,-31.66951446],[-60.71808209,-31.669478]]},"properties":{"layer":"Cuencas","entity_type":"LINE","handle":"1BC624"}},{"type":"Feature","geometry":{"type":"LineString","coordinates":[[-60.71808209,-31.669478],[-60.71804999,-31.66944182]]},"properties":{"layer":"Cuencas","entity_type":"LINE","handle":"1BC625"}},{"type":"Feature","geometry":{"type":"LineString","coordinates":[[-60.71804999,-31.66944182],[-60.71801867,-31.66940583]]},"properties":{"layer":"Cuencas","entity_type":"LINE","handle":"1BC626"}},{"type":"Feature","geometry":{"type":"LineString","coordinates":[[-60.71801867,-31.66940583],[-60.71798801,-31.66936993]]},"properties":{"layer":"Cuencas","entity_type":"LINE","handle":"1BC627"}},{"type":"Feature","geometry":{"type":"LineString","coordinates":[[-60.71798801,-31.66936993],[-60.71795793,-31.66933405]]},"properties":{"layer":"Cuencas","entity_type":"LINE","handle":"1BC628"}},{"type":"Feature","geometry":{"type":"LineString","coordinates":[[-60.71795793,-31.66933405],[-60.71792833,-31.66929809]]},"properties":{"layer":"Cuencas","entity_type":"LINE","handle":"1BC629"}},{"type":"Feature","geometry":{"type":"LineString","coordinates":[[-60.71792833,-31.66929809],[-60.71789909,-31.66926195]]},"properties":{"layer":"Cuencas","entity_type":"LINE","handle":"1BC62A"}},{"type":"Feature","geometry":{"type":"LineString","coordinates":[[-60.71789909,-31.66926195],[-60.71787013,-31.66922557]]},"properties":{"layer":"Cuencas","entity_type":"LINE","handle":"1BC62B"}},{"type":"Feature","geometry":{"type":"LineString","coordinates":[[-60.71787013,-31.66922557],[-60.71784139,-31.66918891]]},"properties":{"layer":"Cuencas","entity_type":"LINE","handle":"1BC62C"}},{"type":"Feature","geometry":{"type":"LineString","coordinates":[[-60.71784139,-31.66918891],[-60.71781308,-31.66915221]]},"properties":{"layer":"Cuencas","entity_type":"LINE","handle":"1BC62D"}},{"type":"Feature","geometry":{"type":"LineString","coordinates":[[-60.71781308,-31.66915221],[-60.71778544,-31.66911578]]},"properties":{"layer":"Cuencas","entity_type":"LINE","handle":"1BC62E"}},{"type":"Feature","geometry":{"type":"LineString","coordinates":[[-60.71778544,-31.66911578],[-60.71775871,-31.66907993]]},"properties":{"layer":"Cuencas","entity_type":"LINE","handle":"1BC62F"}},{"type":"Feature","geometry":{"type":"LineString","coordinates":[[-60.71775871,-31.66907993],[-60.71773314,-31.66904496]]},"properties":{"layer":"Cuencas","entity_type":"LINE","handle":"1BC630"}},{"type":"Feature","geometry":{"type":"LineString","coordinates":[[-60.71773314,-31.66904496],[-60.71770898,-31.66901119]]},"properties":{"layer":"Cuencas","entity_type":"LINE","handle":"1BC631"}},{"type":"Feature","geometry":{"type":"LineString","coordinates":[[-60.71770898,-31.66901119],[-60.71768648,-31.66897891]]},"properties":{"layer":"Cuencas","entity_type":"LINE","handle":"1BC632"}},{"type":"Feature","geometry":{"type":"LineString","coordinates":[[-60.71768648,-31.66897891],[-60.71766588,-31.66894843]]},"properties":{"layer":"Cuencas","entity_type":"LINE","handle":"1BC633"}},{"type":"Feature","geometry":{"type":"LineString","coordinates":[[-60.71766588,-31.66894843],[-60.71764735,-31.66891995]]},"properties":{"layer":"Cuencas","entity_type":"LINE","handle":"1BC634"}},{"type":"Feature","geometry":{"type":"LineString","coordinates":[[-60.71764735,-31.66891995],[-60.7176307,-31.66889314]]},"properties":{"layer":"Cuencas","entity_type":"LINE","handle":"1BC635"}},{"type":"Feature","geometry":{"type":"LineString","coordinates":[[-60.7176307,-31.66889314],[-60.71761566,-31.66886759]]},"properties":{"layer":"Cuencas","entity_type":"LINE","handle":"1BC636"}},{"type":"Feature","geometry":{"type":"LineString","coordinates":[[-60.71761566,-31.66886759],[-60.71760197,-31.66884287]]},"properties":{"layer":"Cuencas","entity_type":"LINE","handle":"1BC637"}},{"type":"Feature","geometry":{"type":"LineString","coordinates":[[-60.71760197,-31.66884287],[-60.71758934,-31.66881854]]},"properties":{"layer":"Cuencas","entity_type":"LINE","handle":"1BC638"}},{"type":"Feature","geometry":{"type":"LineString","coordinates":[[-60.71758934,-31.66881854],[-60.71757751,-31.66879417]]},"properties":{"layer":"Cuencas","entity_type":"LINE","handle":"1BC639"}},{"type":"Feature","geometry":{"type":"LineString","coordinates":[[-60.71757751,-31.66879417],[-60.71756622,-31.66876935]]},"properties":{"layer":"Cuencas","entity_type":"LINE","handle":"1BC63A"}},{"type":"Feature","geometry":{"type":"LineString","coordinates":[[-60.71756622,-31.66876935],[-60.71755518,-31.66874364]]},"properties":{"layer":"Cuencas","entity_type":"LINE","handle":"1BC63B"}},{"type":"Feature","geometry":{"type":"LineString","coordinates":[[-60.71755518,-31.66874364],[-60.71754412,-31.66871662]]},"properties":{"layer":"Cuencas","entity_type":"LINE","handle":"1BC63C"}},{"type":"Feature","geometry":{"type":"LineString","coordinates":[[-60.71754412,-31.66871662],[-60.71753265,-31.66868793]]},"properties":{"layer":"Cuencas","entity_type":"LINE","handle":"1BC63D"}},{"type":"Feature","geometry":{"type":"LineString","coordinates":[[-60.71753265,-31.66868793],[-60.71752039,-31.66865722]]},"properties":{"layer":"Cuencas","entity_type":"LINE","handle":"1BC63E"}},{"type":"Feature","geometry":{"type":"LineString","coordinates":[[-60.71752039,-31.66865722],[-60.71750696,-31.66862413]]},"properties":{"layer":"Cuencas","entity_type":"LINE","handle":"1BC63F"}},{"type":"Feature","geometry":{"type":"LineString","coordinates":[[-60.71750696,-31.66862413],[-60.71749196,-31.66858831]]},"properties":{"layer":"Cuencas","entity_type":"LINE","handle":"1BC640"}},{"type":"Feature","geometry":{"type":"LineString","coordinates":[[-60.71749196,-31.66858831],[-60.71747499,-31.66854941]]},"properties":{"layer":"Cuencas","entity_type":"LINE","handle":"1BC641"}},{"type":"Feature","geometry":{"type":"LineString","coordinates":[[-60.71747499,-31.66854941],[-60.71745568,-31.66850708]]},"properties":{"layer":"Cuencas","entity_type":"LINE","handle":"1BC642"}},{"type":"Feature","geometry":{"type":"LineString","coordinates":[[-60.71745568,-31.66850708],[-60.71743363,-31.66846095]]},"properties":{"layer":"Cuencas","entity_type":"LINE","handle":"1BC643"}},{"type":"Feature","geometry":{"type":"LineString","coordinates":[[-60.71743363,-31.66846095],[-60.71740814,-31.66841033]]},"properties":{"layer":"Cuencas","entity_type":"LINE","handle":"1BC644"}},{"type":"Feature","geometry":{"type":"LineString","coordinates":[[-60.71740814,-31.66841033],[-60.71737721,-31.66835304]]},"properties":{"layer":"Cuencas","entity_type":"LINE","handle":"1BC645"}},{"type":"Feature","geometry":{"type":"LineString","coordinates":[[-60.71737721,-31.66835304],[-60.71733856,-31.66828658]]},"properties":{"layer":"Cuencas","entity_type":"LINE","handle":"1BC646"}},{"type":"Feature","geometry":{"type":"LineString","coordinates":[[-60.71733856,-31.66828658],[-60.71728987,-31.66820842]]},"properties":{"layer":"Cuencas","entity_type":"LINE","handle":"1BC647"}},{"type":"Feature","geometry":{"type":"LineString","coordinates":[[-60.71728987,-31.66820842],[-60.71722885,-31.66811606]]},"properties":{"layer":"Cuencas","entity_type":"LINE","handle":"1BC648"}},{"type":"Feature","geometry":{"type":"LineString","coordinates":[[-60.71722885,-31.66811606],[-60.71715319,-31.66800696]]},"properties":{"layer":"Cuencas","entity_type":"LINE","handle":"1BC649"}},{"type":"Feature","geometry":{"type":"LineString","coordinates":[[-60.71715319,-31.66800696],[-60.71706059,-31.66787862]]},"properties":{"layer":"Cuencas","entity_type":"LINE","handle":"1BC64A"}},{"type":"Feature","geometry":{"type":"LineString","coordinates":[[-60.71706059,-31.66787862],[-60.71694875,-31.66772852]]},"properties":{"layer":"Cuencas","entity_type":"LINE","handle":"1BC64B"}},{"type":"Feature","geometry":{"type":"LineString","coordinates":[[-60.71694875,-31.66772852],[-60.71668592,-31.66739653]]},"properties":{"layer":"Cuencas","entity_type":"LINE","handle":"1BC64C"}},{"type":"Feature","geometry":{"type":"LineString","coordinates":[[-60.71668592,-31.66739653],[-60.7162926,-31.66694255]]},"properties":{"layer":"Cuencas","entity_type":"LINE","handle":"1BC64D"}},{"type":"Feature","geometry":{"type":"LineString","coordinates":[[-60.7162926,-31.66694255],[-60.71582634,-31.66639034]]},"properties":{"layer":"Cuencas","entity_type":"LINE","handle":"1BC64E"}},{"type":"Feature","geometry":{"type":"LineString","coordinates":[[-60.71582634,-31.66639034],[-60.71552079,-31.66608382]]},"properties":{"layer":"Cuencas","entity_type":"LINE","handle":"1BC64F"}},{"type":"Feature","geometry":{"type":"LineString","coordinates":[[-60.71552079,-31.66608382],[-60.71547606,-31.66589913]]},"properties":{"layer":"Cuencas","entity_type":"LINE","handle":"1BC650"}},{"type":"Feature","geometry":{"type":"LineString","coordinates":[[-60.71547606,-31.66589913],[-60.71554654,-31.6656768]]},"properties":{"layer":"Cuencas","entity_type":"LINE","handle":"1BC651"}},{"type":"Feature","geometry":{"type":"LineString","coordinates":[[-60.71554654,-31.6656768],[-60.71564572,-31.66542965]]},"properties":{"layer":"Cuencas","entity_type":"LINE","handle":"1BC652"}},{"type":"Feature","geometry":{"type":"LineString","coordinates":[[-60.71864751,-31.6376265],[-60.71814974,-31.63773843]]},"properties":{"layer":"Cuencas","entity_type":"LINE","handle":"1BC653"}},{"type":"Feature","geometry":{"type":"LineString","coordinates":[[-60.71814974,-31.63773843],[-60.71808482,-31.63839637]]},"properties":{"layer":"Cuencas","entity_type":"LINE","handle":"1BC654"}},{"type":"Feature","geometry":{"type":"LineString","coordinates":[[-60.71808482,-31.63839637],[-60.71814467,-31.6385953]]},"properties":{"layer":"Cuencas","entity_type":"LINE","handle":"1BC655"}},{"type":"Feature","geometry":{"type":"LineString","coordinates":[[-60.71814467,-31.6385953],[-60.7184611,-31.63879278]]},"properties":{"layer":"Cuencas","entity_type":"LINE","handle":"1BC656"}},{"type":"Feature","geometry":{"type":"LineString","coordinates":[[-60.7184611,-31.63879278],[-60.71858126,-31.63925041]]},"properties":{"layer":"Cuencas","entity_type":"LINE","handle":"1BC657"}},{"type":"Feature","geometry":{"type":"LineString","coordinates":[[-60.71858126,-31.63925041],[-60.71844528,-31.63976926]]},"properties":{"layer":"Cuencas","entity_type":"LINE","handle":"1BC658"}},{"type":"Feature","geometry":{"type":"LineString","coordinates":[[-60.71844528,-31.63976926],[-60.71852915,-31.64005773]]},"properties":{"layer":"Cuencas","entity_type":"LINE","handle":"1BC659"}},{"type":"Feature","geometry":{"type":"LineString","coordinates":[[-60.71852915,-31.64005773],[-60.7188226,-31.64029814]]},"properties":{"layer":"Cuencas","entity_type":"LINE","handle":"1BC65A"}},{"type":"Feature","geometry":{"type":"LineString","coordinates":[[-60.7188226,-31.64029814],[-60.71888252,-31.64050703]]},"properties":{"layer":"Cuencas","entity_type":"LINE","handle":"1BC65B"}},{"type":"Feature","geometry":{"type":"LineString","coordinates":[[-60.71888252,-31.64050703],[-60.71873351,-31.64084662]]},"properties":{"layer":"Cuencas","entity_type":"LINE","handle":"1BC65C"}},{"type":"Feature","geometry":{"type":"LineString","coordinates":[[-60.71873351,-31.64084662],[-60.71864096,-31.64094678]]},"properties":{"layer":"Cuencas","entity_type":"LINE","handle":"1BC65D"}},{"type":"Feature","geometry":{"type":"LineString","coordinates":[[-60.71864096,-31.64094678],[-60.71711905,-31.64021806]]},"properties":{"layer":"Cuencas","entity_type":"LINE","handle":"1BC65E"}},{"type":"Feature","geometry":{"type":"LineString","coordinates":[[-60.71711905,-31.64021806],[-60.71699935,-31.6398202]]},"properties":{"layer":"Cuencas","entity_type":"LINE","handle":"1BC65F"}},{"type":"Feature","geometry":{"type":"LineString","coordinates":[[-60.71699935,-31.6398202],[-60.71648701,-31.63993267]]},"properties":{"layer":"Cuencas","entity_type":"LINE","handle":"1BC660"}},{"type":"Feature","geometry":{"type":"LineString","coordinates":[[-60.71648701,-31.63993267],[-60.71617263,-31.64000418]]},"properties":{"layer":"Cuencas","entity_type":"LINE","handle":"1BC661"}},{"type":"Feature","geometry":{"type":"LineString","coordinates":[[-60.71617263,-31.64000418],[-60.71578995,-31.64029526]]},"properties":{"layer":"Cuencas","entity_type":"LINE","handle":"1BC662"}},{"type":"Feature","geometry":{"type":"LineString","coordinates":[[-60.71578995,-31.64029526],[-60.71568666,-31.64051503]]},"properties":{"layer":"Cuencas","entity_type":"LINE","handle":"1BC663"}},{"type":"Feature","geometry":{"type":"LineString","coordinates":[[-60.71568666,-31.64051503],[-60.71494435,-31.64151945]]},"properties":{"layer":"Cuencas","entity_type":"LINE","handle":"1BC664"}},{"type":"Feature","geometry":{"type":"LineString","coordinates":[[-60.71494435,-31.64151945],[-60.71445524,-31.64162182]]},"properties":{"layer":"Cuencas","entity_type":"LINE","handle":"1BC665"}},{"type":"Feature","geometry":{"type":"LineString","coordinates":[[-60.71445524,-31.64162182],[-60.7139746,-31.64130569]]},"properties":{"layer":"Cuencas","entity_type":"LINE","handle":"1BC666"}},{"type":"Feature","geometry":{"type":"LineString","coordinates":[[-60.7139746,-31.64130569],[-60.7125851,-31.6415506]]},"properties":{"layer":"Cuencas","entity_type":"LINE","handle":"1BC667"}},{"type":"Feature","geometry":{"type":"LineString","coordinates":[[-60.71933399,-31.61579987],[-60.71964998,-31.61682671]]},"properties":{"layer":"Cuencas","entity_type":"LINE","handle":"1BC668"}},{"type":"Feature","geometry":{"type":"LineString","coordinates":[[-60.71964998,-31.61682671],[-60.72143298,-31.61640493]]},"properties":{"layer":"Cuencas","entity_type":"LINE","handle":"1BC669"}},{"type":"Feature","geometry":{"type":"LineString","coordinates":[[-60.69344791,-31.64181387],[-60.69313315,-31.64073342]]},"properties":{"layer":"Cuencas","entity_type":"LINE","handle":"1BC66A"}},{"type":"Feature","geometry":{"type":"LineString","coordinates":[[-60.69313315,-31.64073342],[-60.69302887,-31.64068611]]},"properties":{"layer":"Cuencas","entity_type":"LINE","handle":"1BC66B"}},{"type":"Feature","geometry":{"type":"LineString","coordinates":[[-60.69302887,-31.64068611],[-60.69242408,-31.64042302]]},"properties":{"layer":"Cuencas","entity_type":"LINE","handle":"1BC66C"}},{"type":"Feature","geometry":{"type":"LineString","coordinates":[[-60.69242408,-31.64042302],[-60.69190515,-31.6405235]]},"properties":{"layer":"Cuencas","entity_type":"LINE","handle":"1BC66D"}},{"type":"Feature","geometry":{"type":"LineString","coordinates":[[-60.69190515,-31.6405235],[-60.69177694,-31.64005361]]},"properties":{"layer":"Cuencas","entity_type":"LINE","handle":"1BC66E"}},{"type":"Feature","geometry":{"type":"LineString","coordinates":[[-60.69177694,-31.64005361],[-60.69116178,-31.63979057]]},"properties":{"layer":"Cuencas","entity_type":"LINE","handle":"1BC66F"}},{"type":"Feature","geometry":{"type":"LineString","coordinates":[[-60.69116178,-31.63979057],[-60.69110444,-31.6396267]]},"properties":{"layer":"Cuencas","entity_type":"LINE","handle":"1BC670"}},{"type":"Feature","geometry":{"type":"LineString","coordinates":[[-60.69110444,-31.6396267],[-60.69066668,-31.63946037]]},"properties":{"layer":"Cuencas","entity_type":"LINE","handle":"1BC671"}},{"type":"Feature","geometry":{"type":"LineString","coordinates":[[-60.69066668,-31.63946037],[-60.69030344,-31.63953337]]},"properties":{"layer":"Cuencas","entity_type":"LINE","handle":"1BC672"}},{"type":"Feature","geometry":{"type":"LineString","coordinates":[[-60.69030344,-31.63953337],[-60.69007801,-31.63996966]]},"properties":{"layer":"Cuencas","entity_type":"LINE","handle":"1BC673"}},{"type":"Feature","geometry":{"type":"LineString","coordinates":[[-60.69007801,-31.63996966],[-60.68967064,-31.63969661]]},"properties":{"layer":"Cuencas","entity_type":"LINE","handle":"1BC674"}},{"type":"Feature","geometry":{"type":"LineString","coordinates":[[-60.68967064,-31.63969661],[-60.68960704,-31.63952825]]},"properties":{"layer":"Cuencas","entity_type":"LINE","handle":"1BC675"}},{"type":"Feature","geometry":{"type":"LineString","coordinates":[[-60.68960704,-31.63952825],[-60.68724612,-31.64002045]]},"properties":{"layer":"Cuencas","entity_type":"LINE","handle":"1BC676"}},{"type":"Feature","geometry":{"type":"LineString","coordinates":[[-60.68724612,-31.64002045],[-60.68698152,-31.63903622]]},"properties":{"layer":"Cuencas","entity_type":"LINE","handle":"1BC677"}},{"type":"Feature","geometry":{"type":"LineString","coordinates":[[-60.68698152,-31.63903622],[-60.68577744,-31.63927921]]},"properties":{"layer":"Cuencas","entity_type":"LINE","handle":"1BC678"}},{"type":"Feature","geometry":{"type":"LineString","coordinates":[[-60.70849798,-31.63445024],[-60.70827694,-31.63449537]]},"properties":{"layer":"Cuencas","entity_type":"LINE","handle":"1BC679"}},{"type":"Feature","geometry":{"type":"LineString","coordinates":[[-60.70827694,-31.63449537],[-60.70836034,-31.63484]]},"properties":{"layer":"Cuencas","entity_type":"LINE","handle":"1BC67A"}},{"type":"Feature","geometry":{"type":"LineString","coordinates":[[-60.70836034,-31.63484],[-60.70795961,-31.63526783]]},"properties":{"layer":"Cuencas","entity_type":"LINE","handle":"1BC67B"}},{"type":"Feature","geometry":{"type":"LineString","coordinates":[[-60.70795961,-31.63526783],[-60.70828751,-31.63635915]]},"properties":{"layer":"Cuencas","entity_type":"LINE","handle":"1BC67C"}},{"type":"Feature","geometry":{"type":"LineString","coordinates":[[-60.70828751,-31.63635915],[-60.70774763,-31.63704368]]},"properties":{"layer":"Cuencas","entity_type":"LINE","handle":"1BC67D"}},{"type":"Feature","geometry":{"type":"LineString","coordinates":[[-60.70774763,-31.63704368],[-60.70698578,-31.63665813]]},"properties":{"layer":"Cuencas","entity_type":"LINE","handle":"1BC67E"}},{"type":"Feature","geometry":{"type":"LineString","coordinates":[[-60.70698578,-31.63665813],[-60.7063807,-31.63677651]]},"properties":{"layer":"Cuencas","entity_type":"LINE","handle":"1BC67F"}},{"type":"Feature","geometry":{"type":"LineString","coordinates":[[-60.7063807,-31.63677651],[-60.70624223,-31.63627115]]},"properties":{"layer":"Cuencas","entity_type":"LINE","handle":"1BC680"}},{"type":"Feature","geometry":{"type":"LineString","coordinates":[[-60.70624223,-31.63627115],[-60.70290735,-31.63699483]]},"properties":{"layer":"Cuencas","entity_type":"LINE","handle":"1BC681"}},{"type":"Feature","geometry":{"type":"LineString","coordinates":[[-60.71142479,-31.63986373],[-60.71142312,-31.63985687]]},"properties":{"layer":"Cuencas","entity_type":"LINE","handle":"1BC682"}},{"type":"Feature","geometry":{"type":"LineString","coordinates":[[-60.68661269,-31.62778604],[-60.68708604,-31.62789743]]},"properties":{"layer":"Cuencas","entity_type":"LINE","handle":"1BC683"}},{"type":"Feature","geometry":{"type":"LineString","coordinates":[[-60.68708604,-31.62789743],[-60.69176244,-31.6290364]]},"properties":{"layer":"Cuencas","entity_type":"LINE","handle":"1BC684"}},{"type":"Feature","geometry":{"type":"LineString","coordinates":[[-60.69176244,-31.6290364],[-60.69187123,-31.62946128]]},"properties":{"layer":"Cuencas","entity_type":"LINE","handle":"1BC685"}},{"type":"Feature","geometry":{"type":"LineString","coordinates":[[-60.69187123,-31.62946128],[-60.69155679,-31.62979821]]},"properties":{"layer":"Cuencas","entity_type":"LINE","handle":"1BC686"}},{"type":"Feature","geometry":{"type":"LineString","coordinates":[[-60.69155679,-31.62979821],[-60.69202601,-31.62998127]]},"properties":{"layer":"Cuencas","entity_type":"LINE","handle":"1BC687"}},{"type":"Feature","geometry":{"type":"LineString","coordinates":[[-60.69202601,-31.62998127],[-60.69211885,-31.6302902]]},"properties":{"layer":"Cuencas","entity_type":"LINE","handle":"1BC688"}},{"type":"Feature","geometry":{"type":"LineString","coordinates":[[-60.69211885,-31.6302902],[-60.69185034,-31.63071713]]},"properties":{"layer":"Cuencas","entity_type":"LINE","handle":"1BC689"}},{"type":"Feature","geometry":{"type":"LineString","coordinates":[[-60.69185034,-31.63071713],[-60.69240793,-31.63099685]]},"properties":{"layer":"Cuencas","entity_type":"LINE","handle":"1BC68A"}},{"type":"Feature","geometry":{"type":"LineString","coordinates":[[-60.69240793,-31.63099685],[-60.6925136,-31.6310585]]},"properties":{"layer":"Cuencas","entity_type":"LINE","handle":"1BC68B"}},{"type":"Feature","geometry":{"type":"LineString","coordinates":[[-60.6925136,-31.6310585],[-60.69361612,-31.63080163]]},"properties":{"layer":"Cuencas","entity_type":"LINE","handle":"1BC68C"}},{"type":"Feature","geometry":{"type":"LineString","coordinates":[[-60.69815302,-31.61742811],[-60.69804758,-31.61716831]]},"properties":{"layer":"Cuencas","entity_type":"LINE","handle":"1BC68D"}},{"type":"Feature","geometry":{"type":"LineString","coordinates":[[-60.69804758,-31.61716831],[-60.69813665,-31.61679434]]},"properties":{"layer":"Cuencas","entity_type":"LINE","handle":"1BC68E"}},{"type":"Feature","geometry":{"type":"LineString","coordinates":[[-60.69361612,-31.63080163],[-60.69334373,-31.63047224]]},"properties":{"layer":"Cuencas","entity_type":"LINE","handle":"1BC68F"}},{"type":"Feature","geometry":{"type":"LineString","coordinates":[[-60.69334373,-31.63047224],[-60.69314733,-31.63010234]]},"properties":{"layer":"Cuencas","entity_type":"LINE","handle":"1BC690"}},{"type":"Feature","geometry":{"type":"LineString","coordinates":[[-60.69314733,-31.63010234],[-60.69309415,-31.63005249]]},"properties":{"layer":"Cuencas","entity_type":"LINE","handle":"1BC691"}},{"type":"Feature","geometry":{"type":"LineString","coordinates":[[-60.69309415,-31.63005249],[-60.69298058,-31.62977237]]},"properties":{"layer":"Cuencas","entity_type":"LINE","handle":"1BC692"}},{"type":"Feature","geometry":{"type":"LineString","coordinates":[[-60.69298058,-31.62977237],[-60.69302069,-31.62964181]]},"properties":{"layer":"Cuencas","entity_type":"LINE","handle":"1BC693"}},{"type":"Feature","geometry":{"type":"LineString","coordinates":[[-60.69302069,-31.62964181],[-60.69284904,-31.62944425]]},"properties":{"layer":"Cuencas","entity_type":"LINE","handle":"1BC694"}},{"type":"Feature","geometry":{"type":"LineString","coordinates":[[-60.69284904,-31.62944425],[-60.69280132,-31.62933924]]},"properties":{"layer":"Cuencas","entity_type":"LINE","handle":"1BC695"}},{"type":"Feature","geometry":{"type":"LineString","coordinates":[[-60.69280132,-31.62933924],[-60.69236638,-31.62924635]]},"properties":{"layer":"Cuencas","entity_type":"LINE","handle":"1BC696"}},{"type":"Feature","geometry":{"type":"LineString","coordinates":[[-60.69236638,-31.62924635],[-60.69237069,-31.62903577]]},"properties":{"layer":"Cuencas","entity_type":"LINE","handle":"1BC697"}},{"type":"Feature","geometry":{"type":"LineString","coordinates":[[-60.69237069,-31.62903577],[-60.69240493,-31.62890524]]},"properties":{"layer":"Cuencas","entity_type":"LINE","handle":"1BC698"}},{"type":"Feature","geometry":{"type":"LineString","coordinates":[[-60.69240493,-31.62890524],[-60.69229655,-31.62853287]]},"properties":{"layer":"Cuencas","entity_type":"LINE","handle":"1BC699"}},{"type":"Feature","geometry":{"type":"LineString","coordinates":[[-60.69229655,-31.62853287],[-60.69435908,-31.62812062]]},"properties":{"layer":"Cuencas","entity_type":"LINE","handle":"1BC69A"}},{"type":"Feature","geometry":{"type":"LineString","coordinates":[[-60.69435908,-31.62812062],[-60.69455366,-31.62824489]]},"properties":{"layer":"Cuencas","entity_type":"LINE","handle":"1BC69B"}},{"type":"Feature","geometry":{"type":"LineString","coordinates":[[-60.69455366,-31.62824489],[-60.69484499,-31.62772948]]},"properties":{"layer":"Cuencas","entity_type":"LINE","handle":"1BC69C"}},{"type":"Feature","geometry":{"type":"LineString","coordinates":[[-60.69484499,-31.62772948],[-60.69490883,-31.62763388]]},"properties":{"layer":"Cuencas","entity_type":"LINE","handle":"1BC69D"}},{"type":"Feature","geometry":{"type":"LineString","coordinates":[[-60.69490883,-31.62763388],[-60.69578763,-31.62744361]]},"properties":{"layer":"Cuencas","entity_type":"LINE","handle":"1BC69E"}},{"type":"Feature","geometry":{"type":"LineString","coordinates":[[-60.69578763,-31.62744361],[-60.69573363,-31.62728348]]},"properties":{"layer":"Cuencas","entity_type":"LINE","handle":"1BC69F"}},{"type":"Feature","geometry":{"type":"LineString","coordinates":[[-60.69573363,-31.62728348],[-60.69531562,-31.62709879]]},"properties":{"layer":"Cuencas","entity_type":"LINE","handle":"1BC6A0"}},{"type":"Feature","geometry":{"type":"LineString","coordinates":[[-60.69531562,-31.62709879],[-60.69559407,-31.62666614]]},"properties":{"layer":"Cuencas","entity_type":"LINE","handle":"1BC6A1"}},{"type":"Feature","geometry":{"type":"LineString","coordinates":[[-60.69559407,-31.62666614],[-60.69551017,-31.62643097]]},"properties":{"layer":"Cuencas","entity_type":"LINE","handle":"1BC6A2"}},{"type":"Feature","geometry":{"type":"LineString","coordinates":[[-60.69551017,-31.62643097],[-60.69520955,-31.62624966]]},"properties":{"layer":"Cuencas","entity_type":"LINE","handle":"1BC6A3"}},{"type":"Feature","geometry":{"type":"LineString","coordinates":[[-60.69520955,-31.62624966],[-60.69496344,-31.62629612]]},"properties":{"layer":"Cuencas","entity_type":"LINE","handle":"1BC6A4"}},{"type":"Feature","geometry":{"type":"LineString","coordinates":[[-60.69496344,-31.62629612],[-60.6948613,-31.62597583]]},"properties":{"layer":"Cuencas","entity_type":"LINE","handle":"1BC6A5"}},{"type":"Feature","geometry":{"type":"LineString","coordinates":[[-60.6948613,-31.62597583],[-60.69537945,-31.6254241]]},"properties":{"layer":"Cuencas","entity_type":"LINE","handle":"1BC6A6"}},{"type":"Feature","geometry":{"type":"LineString","coordinates":[[-60.69537945,-31.6254241],[-60.69674685,-31.62513089]]},"properties":{"layer":"Cuencas","entity_type":"LINE","handle":"1BC6A7"}},{"type":"Feature","geometry":{"type":"LineString","coordinates":[[-60.69674685,-31.62513089],[-60.6971355,-31.62531426]]},"properties":{"layer":"Cuencas","entity_type":"LINE","handle":"1BC6A8"}},{"type":"Feature","geometry":{"type":"LineString","coordinates":[[-60.6971355,-31.62531426],[-60.69751324,-31.62560797]]},"properties":{"layer":"Cuencas","entity_type":"LINE","handle":"1BC6A9"}},{"type":"Feature","geometry":{"type":"LineString","coordinates":[[-60.69751324,-31.62560797],[-60.69782214,-31.62532555]]},"properties":{"layer":"Cuencas","entity_type":"LINE","handle":"1BC6AA"}},{"type":"Feature","geometry":{"type":"LineString","coordinates":[[-60.69782214,-31.62532555],[-60.69792122,-31.62421362]]},"properties":{"layer":"Cuencas","entity_type":"LINE","handle":"1BC6AB"}},{"type":"Feature","geometry":{"type":"LineString","coordinates":[[-60.69792122,-31.62421362],[-60.69802639,-31.62415289]]},"properties":{"layer":"Cuencas","entity_type":"LINE","handle":"1BC6AC"}},{"type":"Feature","geometry":{"type":"LineString","coordinates":[[-60.69802639,-31.62415289],[-60.69803031,-31.62389218]]},"properties":{"layer":"Cuencas","entity_type":"LINE","handle":"1BC6AD"}},{"type":"Feature","geometry":{"type":"LineString","coordinates":[[-60.69803031,-31.62389218],[-60.69784217,-31.62384308]]},"properties":{"layer":"Cuencas","entity_type":"LINE","handle":"1BC6AE"}},{"type":"Feature","geometry":{"type":"LineString","coordinates":[[-60.69784217,-31.62384308],[-60.69794167,-31.62302192]]},"properties":{"layer":"Cuencas","entity_type":"LINE","handle":"1BC6AF"}},{"type":"Feature","geometry":{"type":"LineString","coordinates":[[-60.69794167,-31.62302192],[-60.6979236,-31.62217331]]},"properties":{"layer":"Cuencas","entity_type":"LINE","handle":"1BC6B0"}},{"type":"Feature","geometry":{"type":"LineString","coordinates":[[-60.6979236,-31.62217331],[-60.69782639,-31.62094214]]},"properties":{"layer":"Cuencas","entity_type":"LINE","handle":"1BC6B1"}},{"type":"Feature","geometry":{"type":"LineString","coordinates":[[-60.69782639,-31.62094214],[-60.69781294,-31.62075239]]},"properties":{"layer":"Cuencas","entity_type":"LINE","handle":"1BC6B2"}},{"type":"Feature","geometry":{"type":"LineString","coordinates":[[-60.70851137,-31.63443046],[-60.70878317,-31.63402889]]},"properties":{"layer":"Cuencas","entity_type":"LINE","handle":"1BC6B3"}},{"type":"Feature","geometry":{"type":"LineString","coordinates":[[-60.70878317,-31.63402889],[-60.7085547,-31.63323794]]},"properties":{"layer":"Cuencas","entity_type":"LINE","handle":"1BC6B4"}},{"type":"Feature","geometry":{"type":"LineString","coordinates":[[-60.7085547,-31.63323794],[-60.70877069,-31.63304239]]},"properties":{"layer":"Cuencas","entity_type":"LINE","handle":"1BC6B5"}},{"type":"Feature","geometry":{"type":"LineString","coordinates":[[-60.70877069,-31.63304239],[-60.70880455,-31.63294503]]},"properties":{"layer":"Cuencas","entity_type":"LINE","handle":"1BC6B6"}},{"type":"Feature","geometry":{"type":"LineString","coordinates":[[-60.70880455,-31.63294503],[-60.70872499,-31.63288209]]},"properties":{"layer":"Cuencas","entity_type":"LINE","handle":"1BC6B7"}},{"type":"Feature","geometry":{"type":"LineString","coordinates":[[-60.70872499,-31.63288209],[-60.70839803,-31.63278251]]},"properties":{"layer":"Cuencas","entity_type":"LINE","handle":"1BC6B8"}},{"type":"Feature","geometry":{"type":"LineString","coordinates":[[-60.70839803,-31.63278251],[-60.70817277,-31.63197857]]},"properties":{"layer":"Cuencas","entity_type":"LINE","handle":"1BC6B9"}},{"type":"Feature","geometry":{"type":"LineString","coordinates":[[-60.70817277,-31.63197857],[-60.70800511,-31.63181735]]},"properties":{"layer":"Cuencas","entity_type":"LINE","handle":"1BC6BA"}},{"type":"Feature","geometry":{"type":"LineString","coordinates":[[-60.70800511,-31.63181735],[-60.70793869,-31.63158819]]},"properties":{"layer":"Cuencas","entity_type":"LINE","handle":"1BC6BB"}},{"type":"Feature","geometry":{"type":"LineString","coordinates":[[-60.71292678,-31.64415373],[-60.71287428,-31.6439285]]},"properties":{"layer":"Cuencas","entity_type":"LINE","handle":"1BC6BC"}},{"type":"Feature","geometry":{"type":"LineString","coordinates":[[-60.71287428,-31.6439285],[-60.71322142,-31.64365377]]},"properties":{"layer":"Cuencas","entity_type":"LINE","handle":"1BC6BD"}},{"type":"Feature","geometry":{"type":"LineString","coordinates":[[-60.71292678,-31.64415373],[-60.71266903,-31.64422084]]},"properties":{"layer":"Cuencas","entity_type":"LINE","handle":"1BC6BE"}},{"type":"Feature","geometry":{"type":"LineString","coordinates":[[-60.71266903,-31.64422084],[-60.71282504,-31.64479207]]},"properties":{"layer":"Cuencas","entity_type":"LINE","handle":"1BC6BF"}},{"type":"Feature","geometry":{"type":"LineString","coordinates":[[-60.71282504,-31.64479207],[-60.71290323,-31.64477391]]},"properties":{"layer":"Cuencas","entity_type":"LINE","handle":"1BC6C0"}},{"type":"Feature","geometry":{"type":"LineString","coordinates":[[-60.70290735,-31.63699483],[-60.70234141,-31.63763265]]},"properties":{"layer":"Cuencas","entity_type":"LINE","handle":"1BC6C1"}},{"type":"Feature","geometry":{"type":"LineString","coordinates":[[-60.70234141,-31.63763265],[-60.70297375,-31.63793521]]},"properties":{"layer":"Cuencas","entity_type":"LINE","handle":"1BC6C2"}},{"type":"Feature","geometry":{"type":"LineString","coordinates":[[-60.70297375,-31.63793521],[-60.70310031,-31.63833553]]},"properties":{"layer":"Cuencas","entity_type":"LINE","handle":"1BC6C3"}},{"type":"Feature","geometry":{"type":"LineString","coordinates":[[-60.70310031,-31.63833553],[-60.70270808,-31.63874926]]},"properties":{"layer":"Cuencas","entity_type":"LINE","handle":"1BC6C4"}},{"type":"Feature","geometry":{"type":"LineString","coordinates":[[-60.70270808,-31.63874926],[-60.70351632,-31.63909734]]},"properties":{"layer":"Cuencas","entity_type":"LINE","handle":"1BC6C5"}},{"type":"Feature","geometry":{"type":"LineString","coordinates":[[-60.71322142,-31.64365377],[-60.71252222,-31.64379571]]},"properties":{"layer":"Cuencas","entity_type":"LINE","handle":"1BC6C6"}},{"type":"Feature","geometry":{"type":"LineString","coordinates":[[-60.71252222,-31.64379571],[-60.71210172,-31.64226532]]},"properties":{"layer":"Cuencas","entity_type":"LINE","handle":"1BC6C7"}},{"type":"Feature","geometry":{"type":"LineString","coordinates":[[-60.71210172,-31.64226532],[-60.71212328,-31.6422458]]},"properties":{"layer":"Cuencas","entity_type":"LINE","handle":"1BC6C8"}},{"type":"Feature","geometry":{"type":"LineString","coordinates":[[-60.71351746,-31.64463307],[-60.71290323,-31.64477391]]},"properties":{"layer":"Cuencas","entity_type":"LINE","handle":"1BC6C9"}},{"type":"Feature","geometry":{"type":"LineString","coordinates":[[-60.69201764,-31.63387875],[-60.69214082,-31.63395239]]},"properties":{"layer":"Cuencas","entity_type":"LINE","handle":"1BC6CA"}},{"type":"Feature","geometry":{"type":"LineString","coordinates":[[-60.69214082,-31.63395239],[-60.69227989,-31.63400084]]},"properties":{"layer":"Cuencas","entity_type":"LINE","handle":"1BC6CB"}},{"type":"Feature","geometry":{"type":"LineString","coordinates":[[-60.69227989,-31.63400084],[-60.69332785,-31.63377432]]},"properties":{"layer":"Cuencas","entity_type":"LINE","handle":"1BC6CC"}},{"type":"Feature","geometry":{"type":"LineString","coordinates":[[-60.69332785,-31.63377432],[-60.69347368,-31.63381792]]},"properties":{"layer":"Cuencas","entity_type":"LINE","handle":"1BC6CD"}},{"type":"Feature","geometry":{"type":"LineString","coordinates":[[-60.69347368,-31.63381792],[-60.69395384,-31.63409944]]},"properties":{"layer":"Cuencas","entity_type":"LINE","handle":"1BC6CE"}},{"type":"Feature","geometry":{"type":"LineString","coordinates":[[-60.69395384,-31.63409944],[-60.69423187,-31.63375165]]},"properties":{"layer":"Cuencas","entity_type":"LINE","handle":"1BC6CF"}},{"type":"Feature","geometry":{"type":"LineString","coordinates":[[-60.69423187,-31.63375165],[-60.69461573,-31.63366077]]},"properties":{"layer":"Cuencas","entity_type":"LINE","handle":"1BC6D0"}},{"type":"Feature","geometry":{"type":"LineString","coordinates":[[-60.69461573,-31.63366077],[-60.69503321,-31.63389823]]},"properties":{"layer":"Cuencas","entity_type":"LINE","handle":"1BC6D1"}},{"type":"Feature","geometry":{"type":"LineString","coordinates":[[-60.69503321,-31.63389823],[-60.69612582,-31.63366142]]},"properties":{"layer":"Cuencas","entity_type":"LINE","handle":"1BC6D2"}},{"type":"Feature","geometry":{"type":"LineString","coordinates":[[-60.69612582,-31.63366142],[-60.69615785,-31.63377667]]},"properties":{"layer":"Cuencas","entity_type":"LINE","handle":"1BC6D3"}},{"type":"Feature","geometry":{"type":"LineString","coordinates":[[-60.69615785,-31.63377667],[-60.69587924,-31.63404457]]},"properties":{"layer":"Cuencas","entity_type":"LINE","handle":"1BC6D4"}},{"type":"Feature","geometry":{"type":"LineString","coordinates":[[-60.69587924,-31.63404457],[-60.69596476,-31.63436375]]},"properties":{"layer":"Cuencas","entity_type":"LINE","handle":"1BC6D5"}},{"type":"Feature","geometry":{"type":"LineString","coordinates":[[-60.69596476,-31.63436375],[-60.69640264,-31.63454782]]},"properties":{"layer":"Cuencas","entity_type":"LINE","handle":"1BC6D6"}},{"type":"Feature","geometry":{"type":"LineString","coordinates":[[-60.69640264,-31.63454782],[-60.69611447,-31.6349284]]},"properties":{"layer":"Cuencas","entity_type":"LINE","handle":"1BC6D7"}},{"type":"Feature","geometry":{"type":"LineString","coordinates":[[-60.69611447,-31.6349284],[-60.69621071,-31.63529192]]},"properties":{"layer":"Cuencas","entity_type":"LINE","handle":"1BC6D8"}},{"type":"Feature","geometry":{"type":"LineString","coordinates":[[-60.69621071,-31.63529192],[-60.69578521,-31.63537415]]},"properties":{"layer":"Cuencas","entity_type":"LINE","handle":"1BC6D9"}},{"type":"Feature","geometry":{"type":"LineString","coordinates":[[-60.69578521,-31.63537415],[-60.69557974,-31.63569492]]},"properties":{"layer":"Cuencas","entity_type":"LINE","handle":"1BC6DA"}},{"type":"Feature","geometry":{"type":"LineString","coordinates":[[-60.69557974,-31.63569492],[-60.69342135,-31.63615061]]},"properties":{"layer":"Cuencas","entity_type":"LINE","handle":"1BC6DB"}},{"type":"Feature","geometry":{"type":"LineString","coordinates":[[-60.69342135,-31.63615061],[-60.69318508,-31.63652482]]},"properties":{"layer":"Cuencas","entity_type":"LINE","handle":"1BC6DC"}},{"type":"Feature","geometry":{"type":"LineString","coordinates":[[-60.69318508,-31.63652482],[-60.69298795,-31.63657028]]},"properties":{"layer":"Cuencas","entity_type":"LINE","handle":"1BC6DD"}},{"type":"Feature","geometry":{"type":"LineString","coordinates":[[-60.69298795,-31.63657028],[-60.69304123,-31.63674757]]},"properties":{"layer":"Cuencas","entity_type":"LINE","handle":"1BC6DE"}},{"type":"Feature","geometry":{"type":"LineString","coordinates":[[-60.69304123,-31.63674757],[-60.6928043,-31.63703299]]},"properties":{"layer":"Cuencas","entity_type":"LINE","handle":"1BC6DF"}},{"type":"Feature","geometry":{"type":"LineString","coordinates":[[-60.6928043,-31.63703299],[-60.6931053,-31.63697808]]},"properties":{"layer":"Cuencas","entity_type":"LINE","handle":"1BC6E0"}},{"type":"Feature","geometry":{"type":"LineString","coordinates":[[-60.6931053,-31.63697808],[-60.69330808,-31.63769427]]},"properties":{"layer":"Cuencas","entity_type":"LINE","handle":"1BC6E1"}},{"type":"Feature","geometry":{"type":"LineString","coordinates":[[-60.69330808,-31.63769427],[-60.69349601,-31.63780868]]},"properties":{"layer":"Cuencas","entity_type":"LINE","handle":"1BC6E2"}},{"type":"Feature","geometry":{"type":"LineString","coordinates":[[-60.69349601,-31.63780868],[-60.69404888,-31.63808092]]},"properties":{"layer":"Cuencas","entity_type":"LINE","handle":"1BC6E3"}},{"type":"Feature","geometry":{"type":"LineString","coordinates":[[-60.69404888,-31.63808092],[-60.69373059,-31.63860652]]},"properties":{"layer":"Cuencas","entity_type":"LINE","handle":"1BC6E4"}},{"type":"Feature","geometry":{"type":"LineString","coordinates":[[-60.69373059,-31.63860652],[-60.69378387,-31.63878381]]},"properties":{"layer":"Cuencas","entity_type":"LINE","handle":"1BC6E5"}},{"type":"Feature","geometry":{"type":"LineString","coordinates":[[-60.69378387,-31.63878381],[-60.69429478,-31.63900301]]},"properties":{"layer":"Cuencas","entity_type":"LINE","handle":"1BC6E6"}},{"type":"Feature","geometry":{"type":"LineString","coordinates":[[-60.69429478,-31.63900301],[-60.69397632,-31.63950545]]},"properties":{"layer":"Cuencas","entity_type":"LINE","handle":"1BC6E7"}},{"type":"Feature","geometry":{"type":"LineString","coordinates":[[-60.69397632,-31.63950545],[-60.69396658,-31.63959429]]},"properties":{"layer":"Cuencas","entity_type":"LINE","handle":"1BC6E8"}},{"type":"Feature","geometry":{"type":"LineString","coordinates":[[-60.69396658,-31.63959429],[-60.69405184,-31.63987796]]},"properties":{"layer":"Cuencas","entity_type":"LINE","handle":"1BC6E9"}},{"type":"Feature","geometry":{"type":"LineString","coordinates":[[-60.69405184,-31.63987796],[-60.69433951,-31.64082646]]},"properties":{"layer":"Cuencas","entity_type":"LINE","handle":"1BC6EA"}},{"type":"Feature","geometry":{"type":"LineString","coordinates":[[-60.69433951,-31.64082646],[-60.69392441,-31.64091297]]},"properties":{"layer":"Cuencas","entity_type":"LINE","handle":"1BC6EB"}},{"type":"Feature","geometry":{"type":"LineString","coordinates":[[-60.69392441,-31.64091297],[-60.69374924,-31.64111815]]},"properties":{"layer":"Cuencas","entity_type":"LINE","handle":"1BC6EC"}},{"type":"Feature","geometry":{"type":"LineString","coordinates":[[-60.69374924,-31.64111815],[-60.69431232,-31.6413637]]},"properties":{"layer":"Cuencas","entity_type":"LINE","handle":"1BC6ED"}},{"type":"Feature","geometry":{"type":"LineString","coordinates":[[-60.69431232,-31.6413637],[-60.69452065,-31.64142472]]},"properties":{"layer":"Cuencas","entity_type":"LINE","handle":"1BC6EE"}},{"type":"Feature","geometry":{"type":"LineString","coordinates":[[-60.69452065,-31.64142472],[-60.69504352,-31.64324904]]},"properties":{"layer":"Cuencas","entity_type":"LINE","handle":"1BC6EF"}},{"type":"Feature","geometry":{"type":"LineString","coordinates":[[-60.69504352,-31.64324904],[-60.69510634,-31.64331085]]},"properties":{"layer":"Cuencas","entity_type":"LINE","handle":"1BC6F0"}},{"type":"Feature","geometry":{"type":"LineString","coordinates":[[-60.69510634,-31.64331085],[-60.69558603,-31.64352134]]},"properties":{"layer":"Cuencas","entity_type":"LINE","handle":"1BC6F1"}},{"type":"Feature","geometry":{"type":"LineString","coordinates":[[-60.69558603,-31.64352134],[-60.69540265,-31.64401956]]},"properties":{"layer":"Cuencas","entity_type":"LINE","handle":"1BC6F2"}},{"type":"Feature","geometry":{"type":"LineString","coordinates":[[-60.69540265,-31.64401956],[-60.69529897,-31.64405565]]},"properties":{"layer":"Cuencas","entity_type":"LINE","handle":"1BC6F3"}},{"type":"Feature","geometry":{"type":"LineString","coordinates":[[-60.69529897,-31.64405565],[-60.69514234,-31.64395883]]},"properties":{"layer":"Cuencas","entity_type":"LINE","handle":"1BC6F4"}},{"type":"Feature","geometry":{"type":"LineString","coordinates":[[-60.69514234,-31.64395883],[-60.69492441,-31.64400441]]},"properties":{"layer":"Cuencas","entity_type":"LINE","handle":"1BC6F5"}},{"type":"Feature","geometry":{"type":"LineString","coordinates":[[-60.69492441,-31.64400441],[-60.69488158,-31.64383594]]},"properties":{"layer":"Cuencas","entity_type":"LINE","handle":"1BC6F6"}},{"type":"Feature","geometry":{"type":"LineString","coordinates":[[-60.69488158,-31.64383594],[-60.6947039,-31.64370372]]},"properties":{"layer":"Cuencas","entity_type":"LINE","handle":"1BC6F7"}},{"type":"Feature","geometry":{"type":"LineString","coordinates":[[-60.6947039,-31.64370372],[-60.69441327,-31.64375858]]},"properties":{"layer":"Cuencas","entity_type":"LINE","handle":"1BC6F8"}},{"type":"Feature","geometry":{"type":"LineString","coordinates":[[-60.69441327,-31.64375858],[-60.69423236,-31.6436522]]},"properties":{"layer":"Cuencas","entity_type":"LINE","handle":"1BC6F9"}},{"type":"Feature","geometry":{"type":"LineString","coordinates":[[-60.69423236,-31.6436522],[-60.6941083,-31.64328077]]},"properties":{"layer":"Cuencas","entity_type":"LINE","handle":"1BC6FA"}},{"type":"Feature","geometry":{"type":"LineString","coordinates":[[-60.6941083,-31.64328077],[-60.69435517,-31.64293314]]},"properties":{"layer":"Cuencas","entity_type":"LINE","handle":"1BC6FB"}},{"type":"Feature","geometry":{"type":"LineString","coordinates":[[-60.69435517,-31.64293314],[-60.69377089,-31.64263443]]},"properties":{"layer":"Cuencas","entity_type":"LINE","handle":"1BC6FC"}},{"type":"Feature","geometry":{"type":"LineString","coordinates":[[-60.69377089,-31.64263443],[-60.69366643,-31.64256397]]},"properties":{"layer":"Cuencas","entity_type":"LINE","handle":"1BC6FD"}},{"type":"Feature","geometry":{"type":"LineString","coordinates":[[-60.69366643,-31.64256397],[-60.69344791,-31.64181387]]},"properties":{"layer":"Cuencas","entity_type":"LINE","handle":"1BC6FE"}},{"type":"Feature","geometry":{"type":"LineString","coordinates":[[-60.70090547,-31.63793246],[-60.70081293,-31.63762785]]},"properties":{"layer":"Cuencas","entity_type":"LINE","handle":"1BC6FF"}},{"type":"Feature","geometry":{"type":"LineString","coordinates":[[-60.70081293,-31.63762785],[-60.70090101,-31.63745558]]},"properties":{"layer":"Cuencas","entity_type":"LINE","handle":"1BC700"}},{"type":"Feature","geometry":{"type":"LineString","coordinates":[[-60.70090101,-31.63745558],[-60.70105612,-31.63728294]]},"properties":{"layer":"Cuencas","entity_type":"LINE","handle":"1BC701"}},{"type":"Feature","geometry":{"type":"LineString","coordinates":[[-60.70105612,-31.63728294],[-60.70105375,-31.63696801]]},"properties":{"layer":"Cuencas","entity_type":"LINE","handle":"1BC702"}},{"type":"Feature","geometry":{"type":"LineString","coordinates":[[-60.70105375,-31.63696801],[-60.70055995,-31.63666532]]},"properties":{"layer":"Cuencas","entity_type":"LINE","handle":"1BC703"}},{"type":"Feature","geometry":{"type":"LineString","coordinates":[[-60.70055995,-31.63666532],[-60.70088111,-31.63629135]]},"properties":{"layer":"Cuencas","entity_type":"LINE","handle":"1BC704"}},{"type":"Feature","geometry":{"type":"LineString","coordinates":[[-60.70088111,-31.63629135],[-60.70080102,-31.63603898]]},"properties":{"layer":"Cuencas","entity_type":"LINE","handle":"1BC705"}},{"type":"Feature","geometry":{"type":"LineString","coordinates":[[-60.70080102,-31.63603898],[-60.7014926,-31.63590157]]},"properties":{"layer":"Cuencas","entity_type":"LINE","handle":"1BC706"}},{"type":"Feature","geometry":{"type":"LineString","coordinates":[[-60.7014926,-31.63590157],[-60.70135447,-31.63535833]]},"properties":{"layer":"Cuencas","entity_type":"LINE","handle":"1BC707"}},{"type":"Feature","geometry":{"type":"LineString","coordinates":[[-60.70135447,-31.63535833],[-60.70158747,-31.63514709]]},"properties":{"layer":"Cuencas","entity_type":"LINE","handle":"1BC708"}},{"type":"Feature","geometry":{"type":"LineString","coordinates":[[-60.70158747,-31.63514709],[-60.70094846,-31.6348452]]},"properties":{"layer":"Cuencas","entity_type":"LINE","handle":"1BC709"}},{"type":"Feature","geometry":{"type":"LineString","coordinates":[[-60.70094846,-31.6348452],[-60.70083382,-31.63445454]]},"properties":{"layer":"Cuencas","entity_type":"LINE","handle":"1BC70A"}},{"type":"Feature","geometry":{"type":"LineString","coordinates":[[-60.70083382,-31.63445454],[-60.70115347,-31.63388016]]},"properties":{"layer":"Cuencas","entity_type":"LINE","handle":"1BC70B"}},{"type":"Feature","geometry":{"type":"LineString","coordinates":[[-60.70115347,-31.63388016],[-60.70032402,-31.63350596]]},"properties":{"layer":"Cuencas","entity_type":"LINE","handle":"1BC70C"}},{"type":"Feature","geometry":{"type":"LineString","coordinates":[[-60.70032402,-31.63350596],[-60.70009539,-31.63281052]]},"properties":{"layer":"Cuencas","entity_type":"LINE","handle":"1BC70D"}},{"type":"Feature","geometry":{"type":"LineString","coordinates":[[-60.70009539,-31.63281052],[-60.70083142,-31.63264424]]},"properties":{"layer":"Cuencas","entity_type":"LINE","handle":"1BC70E"}},{"type":"Feature","geometry":{"type":"LineString","coordinates":[[-60.70083142,-31.63264424],[-60.7005165,-31.63235966]]},"properties":{"layer":"Cuencas","entity_type":"LINE","handle":"1BC70F"}},{"type":"Feature","geometry":{"type":"LineString","coordinates":[[-60.7005165,-31.63235966],[-60.70023419,-31.63204968]]},"properties":{"layer":"Cuencas","entity_type":"LINE","handle":"1BC710"}},{"type":"Feature","geometry":{"type":"LineString","coordinates":[[-60.70023419,-31.63204968],[-60.70032999,-31.63184744]]},"properties":{"layer":"Cuencas","entity_type":"LINE","handle":"1BC711"}},{"type":"Feature","geometry":{"type":"LineString","coordinates":[[-60.69340182,-31.64165566],[-60.69331424,-31.64176324]]},"properties":{"layer":"Cuencas","entity_type":"LINE","handle":"1BC712"}},{"type":"Feature","geometry":{"type":"LineString","coordinates":[[-60.69331424,-31.64176324],[-60.69298426,-31.64223987]]},"properties":{"layer":"Cuencas","entity_type":"LINE","handle":"1BC713"}},{"type":"Feature","geometry":{"type":"LineString","coordinates":[[-60.69298426,-31.64223987],[-60.69322912,-31.64313397]]},"properties":{"layer":"Cuencas","entity_type":"LINE","handle":"1BC714"}},{"type":"Feature","geometry":{"type":"LineString","coordinates":[[-60.69322912,-31.64313397],[-60.6928522,-31.64370583]]},"properties":{"layer":"Cuencas","entity_type":"LINE","handle":"1BC715"}},{"type":"Feature","geometry":{"type":"LineString","coordinates":[[-60.6928522,-31.64370583],[-60.69171036,-31.64392909]]},"properties":{"layer":"Cuencas","entity_type":"LINE","handle":"1BC716"}},{"type":"Feature","geometry":{"type":"LineString","coordinates":[[-60.69171036,-31.64392909],[-60.69109571,-31.64457007]]},"properties":{"layer":"Cuencas","entity_type":"LINE","handle":"1BC717"}},{"type":"Feature","geometry":{"type":"LineString","coordinates":[[-60.69109571,-31.64457007],[-60.69099963,-31.64493599]]},"properties":{"layer":"Cuencas","entity_type":"LINE","handle":"1BC718"}},{"type":"Feature","geometry":{"type":"LineString","coordinates":[[-60.69345983,-31.63083999],[-60.69368058,-31.63088949]]},"properties":{"layer":"Cuencas","entity_type":"LINE","handle":"1BC719"}},{"type":"Feature","geometry":{"type":"LineString","coordinates":[[-60.69368058,-31.63088949],[-60.69466114,-31.63138138]]},"properties":{"layer":"Cuencas","entity_type":"LINE","handle":"1BC71A"}},{"type":"Feature","geometry":{"type":"LineString","coordinates":[[-60.69466114,-31.63138138],[-60.6947677,-31.63173597]]},"properties":{"layer":"Cuencas","entity_type":"LINE","handle":"1BC71B"}},{"type":"Feature","geometry":{"type":"LineString","coordinates":[[-60.6947677,-31.63173597],[-60.69417109,-31.63256497]]},"properties":{"layer":"Cuencas","entity_type":"LINE","handle":"1BC71C"}},{"type":"Feature","geometry":{"type":"LineString","coordinates":[[-60.69417109,-31.63256497],[-60.69410926,-31.63263634]]},"properties":{"layer":"Cuencas","entity_type":"LINE","handle":"1BC71D"}},{"type":"Feature","geometry":{"type":"LineString","coordinates":[[-60.69410926,-31.63263634],[-60.69376682,-31.63270644]]},"properties":{"layer":"Cuencas","entity_type":"LINE","handle":"1BC71E"}},{"type":"Feature","geometry":{"type":"LineString","coordinates":[[-60.69376682,-31.63270644],[-60.69384148,-31.63296353]]},"properties":{"layer":"Cuencas","entity_type":"LINE","handle":"1BC71F"}},{"type":"Feature","geometry":{"type":"LineString","coordinates":[[-60.69384148,-31.63296353],[-60.69347157,-31.6335338]]},"properties":{"layer":"Cuencas","entity_type":"LINE","handle":"1BC720"}},{"type":"Feature","geometry":{"type":"LineString","coordinates":[[-60.69347157,-31.6335338],[-60.69301502,-31.63363395]]},"properties":{"layer":"Cuencas","entity_type":"LINE","handle":"1BC721"}},{"type":"Feature","geometry":{"type":"LineString","coordinates":[[-60.69301502,-31.63363395],[-60.69266003,-31.6334139]]},"properties":{"layer":"Cuencas","entity_type":"LINE","handle":"1BC722"}},{"type":"Feature","geometry":{"type":"LineString","coordinates":[[-60.69266003,-31.6334139],[-60.69245495,-31.63378793]]},"properties":{"layer":"Cuencas","entity_type":"LINE","handle":"1BC723"}},{"type":"Feature","geometry":{"type":"LineString","coordinates":[[-60.69245495,-31.63378793],[-60.69201764,-31.63387875]]},"properties":{"layer":"Cuencas","entity_type":"LINE","handle":"1BC724"}},{"type":"Feature","geometry":{"type":"LineString","coordinates":[[-60.68558985,-31.63063111],[-60.68333729,-31.63109987]]},"properties":{"layer":"Cuencas","entity_type":"LINE","handle":"1BC725"}},{"type":"Feature","geometry":{"type":"LineString","coordinates":[[-60.68333729,-31.63109987],[-60.6836319,-31.63199223]]},"properties":{"layer":"Cuencas","entity_type":"LINE","handle":"1BC726"}},{"type":"Feature","geometry":{"type":"LineString","coordinates":[[-60.6836319,-31.63199223],[-60.68458267,-31.63518029]]},"properties":{"layer":"Cuencas","entity_type":"LINE","handle":"1BC727"}},{"type":"Feature","geometry":{"type":"LineString","coordinates":[[-60.68458267,-31.63518029],[-60.6854299,-31.63812151]]},"properties":{"layer":"Cuencas","entity_type":"LINE","handle":"1BC728"}},{"type":"Feature","geometry":{"type":"LineString","coordinates":[[-60.6854299,-31.63812151],[-60.68641526,-31.64138177]]},"properties":{"layer":"Cuencas","entity_type":"LINE","handle":"1BC729"}},{"type":"Feature","geometry":{"type":"LineString","coordinates":[[-60.68641526,-31.64138177],[-60.68685541,-31.64278609]]},"properties":{"layer":"Cuencas","entity_type":"LINE","handle":"1BC72A"}},{"type":"Feature","geometry":{"type":"LineString","coordinates":[[-60.68685541,-31.64278609],[-60.68697093,-31.64311397]]},"properties":{"layer":"Cuencas","entity_type":"LINE","handle":"1BC72B"}},{"type":"Feature","geometry":{"type":"LineString","coordinates":[[-60.68697093,-31.64311397],[-60.68696062,-31.64324929]]},"properties":{"layer":"Cuencas","entity_type":"LINE","handle":"1BC72C"}},{"type":"Feature","geometry":{"type":"LineString","coordinates":[[-60.68696062,-31.64324929],[-60.68682963,-31.64344455]]},"properties":{"layer":"Cuencas","entity_type":"LINE","handle":"1BC72D"}},{"type":"Feature","geometry":{"type":"LineString","coordinates":[[-60.68276596,-31.63956862],[-60.68220345,-31.63864283]]},"properties":{"layer":"Cuencas","entity_type":"LINE","handle":"1BC72E"}},{"type":"Feature","geometry":{"type":"LineString","coordinates":[[-60.68220345,-31.63864283],[-60.67867264,-31.63167433]]},"properties":{"layer":"Cuencas","entity_type":"LINE","handle":"1BC72F"}},{"type":"Feature","geometry":{"type":"LineString","coordinates":[[-60.67867264,-31.63167433],[-60.67820202,-31.6307067]]},"properties":{"layer":"Cuencas","entity_type":"LINE","handle":"1BC730"}},{"type":"Feature","geometry":{"type":"LineString","coordinates":[[-60.67820202,-31.6307067],[-60.6780036,-31.62998168]]},"properties":{"layer":"Cuencas","entity_type":"LINE","handle":"1BC731"}},{"type":"Feature","geometry":{"type":"LineString","coordinates":[[-60.6780036,-31.62998168],[-60.67791765,-31.62942554]]},"properties":{"layer":"Cuencas","entity_type":"LINE","handle":"1BC732"}},{"type":"Feature","geometry":{"type":"LineString","coordinates":[[-60.67791765,-31.62942554],[-60.67797035,-31.62889386]]},"properties":{"layer":"Cuencas","entity_type":"LINE","handle":"1BC733"}},{"type":"Feature","geometry":{"type":"LineString","coordinates":[[-60.67797035,-31.62889386],[-60.67802521,-31.62866168]]},"properties":{"layer":"Cuencas","entity_type":"LINE","handle":"1BC734"}},{"type":"Feature","geometry":{"type":"LineString","coordinates":[[-60.67802521,-31.62866168],[-60.67849985,-31.62861085]]},"properties":{"layer":"Cuencas","entity_type":"LINE","handle":"1BC735"}},{"type":"Feature","geometry":{"type":"LineString","coordinates":[[-60.67849985,-31.62861085],[-60.68033426,-31.6272899]]},"properties":{"layer":"Cuencas","entity_type":"LINE","handle":"1BC736"}},{"type":"Feature","geometry":{"type":"LineString","coordinates":[[-60.68033426,-31.6272899],[-60.68071673,-31.62700767]]},"properties":{"layer":"Cuencas","entity_type":"LINE","handle":"1BC737"}},{"type":"Feature","geometry":{"type":"LineString","coordinates":[[-60.68071673,-31.62700767],[-60.68094101,-31.62674561]]},"properties":{"layer":"Cuencas","entity_type":"LINE","handle":"1BC738"}},{"type":"Feature","geometry":{"type":"LineString","coordinates":[[-60.68094101,-31.62674561],[-60.68139196,-31.62654997]]},"properties":{"layer":"Cuencas","entity_type":"LINE","handle":"1BC739"}},{"type":"Feature","geometry":{"type":"LineString","coordinates":[[-60.68139196,-31.62654997],[-60.68132213,-31.62627981]]},"properties":{"layer":"Cuencas","entity_type":"LINE","handle":"1BC73A"}},{"type":"Feature","geometry":{"type":"LineString","coordinates":[[-60.68132213,-31.62627981],[-60.68155764,-31.62600802]]},"properties":{"layer":"Cuencas","entity_type":"LINE","handle":"1BC73B"}},{"type":"Feature","geometry":{"type":"LineString","coordinates":[[-60.68155764,-31.62600802],[-60.68186256,-31.62594843]]},"properties":{"layer":"Cuencas","entity_type":"LINE","handle":"1BC73C"}},{"type":"Feature","geometry":{"type":"LineString","coordinates":[[-60.68186256,-31.62594843],[-60.68199813,-31.62592838]]},"properties":{"layer":"Cuencas","entity_type":"LINE","handle":"1BC73D"}},{"type":"Feature","geometry":{"type":"LineString","coordinates":[[-60.68199813,-31.62592838],[-60.68206788,-31.62618887]]},"properties":{"layer":"Cuencas","entity_type":"LINE","handle":"1BC73E"}},{"type":"Feature","geometry":{"type":"LineString","coordinates":[[-60.68206788,-31.62618887],[-60.68221701,-31.62647793]]},"properties":{"layer":"Cuencas","entity_type":"LINE","handle":"1BC73F"}},{"type":"Feature","geometry":{"type":"LineString","coordinates":[[-60.68221701,-31.62647793],[-60.68255832,-31.6267563]]},"properties":{"layer":"Cuencas","entity_type":"LINE","handle":"1BC740"}},{"type":"Feature","geometry":{"type":"LineString","coordinates":[[-60.68255832,-31.6267563],[-60.68293251,-31.62688956]]},"properties":{"layer":"Cuencas","entity_type":"LINE","handle":"1BC741"}},{"type":"Feature","geometry":{"type":"LineString","coordinates":[[-60.68293251,-31.62688956],[-60.68388408,-31.62710669]]},"properties":{"layer":"Cuencas","entity_type":"LINE","handle":"1BC742"}},{"type":"Feature","geometry":{"type":"LineString","coordinates":[[-60.68388408,-31.62710669],[-60.68662066,-31.62777153]]},"properties":{"layer":"Cuencas","entity_type":"LINE","handle":"1BC743"}},{"type":"Feature","geometry":{"type":"LineString","coordinates":[[-60.68662066,-31.62777153],[-60.68627469,-31.6284014]]},"properties":{"layer":"Cuencas","entity_type":"LINE","handle":"1BC744"}},{"type":"Feature","geometry":{"type":"LineString","coordinates":[[-60.68627469,-31.6284014],[-60.68632128,-31.62858473]]},"properties":{"layer":"Cuencas","entity_type":"LINE","handle":"1BC745"}},{"type":"Feature","geometry":{"type":"LineString","coordinates":[[-60.68632128,-31.62858473],[-60.68603904,-31.62865388]]},"properties":{"layer":"Cuencas","entity_type":"LINE","handle":"1BC746"}},{"type":"Feature","geometry":{"type":"LineString","coordinates":[[-60.68603904,-31.62865388],[-60.68570331,-31.62913877]]},"properties":{"layer":"Cuencas","entity_type":"LINE","handle":"1BC747"}},{"type":"Feature","geometry":{"type":"LineString","coordinates":[[-60.68570331,-31.62913877],[-60.6859933,-31.63012653]]},"properties":{"layer":"Cuencas","entity_type":"LINE","handle":"1BC748"}},{"type":"Feature","geometry":{"type":"LineString","coordinates":[[-60.6859933,-31.63012653],[-60.68567948,-31.63051469]]},"properties":{"layer":"Cuencas","entity_type":"LINE","handle":"1BC749"}},{"type":"Feature","geometry":{"type":"LineString","coordinates":[[-60.68567948,-31.63051469],[-60.68558985,-31.63063111]]},"properties":{"layer":"Cuencas","entity_type":"LINE","handle":"1BC74A"}},{"type":"Feature","geometry":{"type":"LineString","coordinates":[[-60.68298847,-31.64025886],[-60.6827908,-31.63966136]]},"properties":{"layer":"Cuencas","entity_type":"LINE","handle":"1BC74B"}},{"type":"Feature","geometry":{"type":"LineString","coordinates":[[-60.68682963,-31.64344455],[-60.68554242,-31.64255364]]},"properties":{"layer":"Cuencas","entity_type":"LINE","handle":"1BC74C"}},{"type":"Feature","geometry":{"type":"LineString","coordinates":[[-60.68554242,-31.64255364],[-60.68498327,-31.64209225]]},"properties":{"layer":"Cuencas","entity_type":"LINE","handle":"1BC74D"}},{"type":"Feature","geometry":{"type":"LineString","coordinates":[[-60.68498327,-31.64209225],[-60.68459455,-31.64180538]]},"properties":{"layer":"Cuencas","entity_type":"LINE","handle":"1BC74E"}},{"type":"Feature","geometry":{"type":"LineString","coordinates":[[-60.68459455,-31.64180538],[-60.68432839,-31.64175521]]},"properties":{"layer":"Cuencas","entity_type":"LINE","handle":"1BC74F"}},{"type":"Feature","geometry":{"type":"LineString","coordinates":[[-60.68432839,-31.64175521],[-60.68406321,-31.64183919]]},"properties":{"layer":"Cuencas","entity_type":"LINE","handle":"1BC750"}},{"type":"Feature","geometry":{"type":"LineString","coordinates":[[-60.68406321,-31.64183919],[-60.68385828,-31.6419022]]},"properties":{"layer":"Cuencas","entity_type":"LINE","handle":"1BC751"}},{"type":"Feature","geometry":{"type":"LineString","coordinates":[[-60.68385828,-31.6419022],[-60.68357981,-31.64182114]]},"properties":{"layer":"Cuencas","entity_type":"LINE","handle":"1BC752"}},{"type":"Feature","geometry":{"type":"LineString","coordinates":[[-60.68357981,-31.64182114],[-60.68345794,-31.64167731]]},"properties":{"layer":"Cuencas","entity_type":"LINE","handle":"1BC753"}},{"type":"Feature","geometry":{"type":"LineString","coordinates":[[-60.68345794,-31.64167731],[-60.6830382,-31.64045149]]},"properties":{"layer":"Cuencas","entity_type":"LINE","handle":"1BC754"}},{"type":"Feature","geometry":{"type":"LineString","coordinates":[[-60.71320016,-31.63641109],[-60.71261173,-31.63652591]]},"properties":{"layer":"Cuencas","entity_type":"LINE","handle":"1BC755"}},{"type":"Feature","geometry":{"type":"LineString","coordinates":[[-60.71261173,-31.63652591],[-60.71188808,-31.63612456]]},"properties":{"layer":"Cuencas","entity_type":"LINE","handle":"1BC756"}},{"type":"Feature","geometry":{"type":"LineString","coordinates":[[-60.71188808,-31.63612456],[-60.71188363,-31.6361255]]},"properties":{"layer":"Cuencas","entity_type":"LINE","handle":"1BC757"}},{"type":"Feature","geometry":{"type":"LineString","coordinates":[[-60.71188363,-31.6361255],[-60.70999968,-31.63653998]]},"properties":{"layer":"Cuencas","entity_type":"LINE","handle":"1BC758"}},{"type":"Feature","geometry":{"type":"LineString","coordinates":[[-60.70999968,-31.63653998],[-60.70988294,-31.63612819]]},"properties":{"layer":"Cuencas","entity_type":"LINE","handle":"1BC759"}},{"type":"Feature","geometry":{"type":"LineString","coordinates":[[-60.70988294,-31.63612819],[-60.70954141,-31.63603304]]},"properties":{"layer":"Cuencas","entity_type":"LINE","handle":"1BC75A"}},{"type":"Feature","geometry":{"type":"LineString","coordinates":[[-60.70954141,-31.63603304],[-60.70826165,-31.63627308]]},"properties":{"layer":"Cuencas","entity_type":"LINE","handle":"1BC75B"}},{"type":"Feature","geometry":{"type":"LineString","coordinates":[[-60.69829266,-31.61683804],[-60.69780308,-31.61670092]]},"properties":{"layer":"Cuencas","entity_type":"LINE","handle":"1BC75C"}},{"type":"Feature","geometry":{"type":"LineString","coordinates":[[-60.69780308,-31.61670092],[-60.69792374,-31.61634361]]},"properties":{"layer":"Cuencas","entity_type":"LINE","handle":"1BC75D"}},{"type":"Feature","geometry":{"type":"LineString","coordinates":[[-60.69792374,-31.61634361],[-60.69838246,-31.61615873]]},"properties":{"layer":"Cuencas","entity_type":"LINE","handle":"1BC75E"}},{"type":"Feature","geometry":{"type":"LineString","coordinates":[[-60.69838246,-31.61615873],[-60.69876437,-31.61585108]]},"properties":{"layer":"Cuencas","entity_type":"LINE","handle":"1BC75F"}},{"type":"Feature","geometry":{"type":"LineString","coordinates":[[-60.69876437,-31.61585108],[-60.69852609,-31.61570244]]},"properties":{"layer":"Cuencas","entity_type":"LINE","handle":"1BC760"}},{"type":"Feature","geometry":{"type":"LineString","coordinates":[[-60.69852609,-31.61570244],[-60.69851071,-31.61554852]]},"properties":{"layer":"Cuencas","entity_type":"LINE","handle":"1BC761"}},{"type":"Feature","geometry":{"type":"LineString","coordinates":[[-60.69851071,-31.61554852],[-60.69900724,-31.61515433]]},"properties":{"layer":"Cuencas","entity_type":"LINE","handle":"1BC762"}},{"type":"Feature","geometry":{"type":"LineString","coordinates":[[-60.69900724,-31.61515433],[-60.69841335,-31.61502384]]},"properties":{"layer":"Cuencas","entity_type":"LINE","handle":"1BC763"}},{"type":"Feature","geometry":{"type":"LineString","coordinates":[[-60.69841335,-31.61502384],[-60.69875746,-31.61410038]]},"properties":{"layer":"Cuencas","entity_type":"LINE","handle":"1BC764"}},{"type":"Feature","geometry":{"type":"LineString","coordinates":[[-60.69875746,-31.61410038],[-60.69910136,-31.6131518]]},"properties":{"layer":"Cuencas","entity_type":"LINE","handle":"1BC765"}},{"type":"Feature","geometry":{"type":"LineString","coordinates":[[-60.69910136,-31.6131518],[-60.69910762,-31.61313478]]},"properties":{"layer":"Cuencas","entity_type":"LINE","handle":"1BC766"}},{"type":"Feature","geometry":{"type":"LineString","coordinates":[[-60.69910762,-31.61313478],[-60.69924124,-31.61317319]]},"properties":{"layer":"Cuencas","entity_type":"LINE","handle":"1BC767"}},{"type":"Feature","geometry":{"type":"LineString","coordinates":[[-60.69924124,-31.61317319],[-60.69964526,-31.61212168]]},"properties":{"layer":"Cuencas","entity_type":"LINE","handle":"1BC768"}},{"type":"Feature","geometry":{"type":"LineString","coordinates":[[-60.69964526,-31.61212168],[-60.69949172,-31.61209236]]},"properties":{"layer":"Cuencas","entity_type":"LINE","handle":"1BC769"}},{"type":"Feature","geometry":{"type":"LineString","coordinates":[[-60.69949172,-31.61209236],[-60.6998359,-31.61116202]]},"properties":{"layer":"Cuencas","entity_type":"LINE","handle":"1BC76A"}},{"type":"Feature","geometry":{"type":"LineString","coordinates":[[-60.6998359,-31.61116202],[-60.70006331,-31.61112835]]},"properties":{"layer":"Cuencas","entity_type":"LINE","handle":"1BC76B"}},{"type":"Feature","geometry":{"type":"LineString","coordinates":[[-60.70006331,-31.61112835],[-60.7005497,-31.61128495]]},"properties":{"layer":"Cuencas","entity_type":"LINE","handle":"1BC76C"}},{"type":"Feature","geometry":{"type":"LineString","coordinates":[[-60.7005497,-31.61128495],[-60.7005984,-31.61145489]]},"properties":{"layer":"Cuencas","entity_type":"LINE","handle":"1BC76D"}},{"type":"Feature","geometry":{"type":"LineString","coordinates":[[-60.7005984,-31.61145489],[-60.70062272,-31.61153582]]},"properties":{"layer":"Cuencas","entity_type":"LINE","handle":"1BC76E"}},{"type":"Feature","geometry":{"type":"LineString","coordinates":[[-60.70062272,-31.61153582],[-60.70096518,-31.61166363]]},"properties":{"layer":"Cuencas","entity_type":"LINE","handle":"1BC76F"}},{"type":"Feature","geometry":{"type":"LineString","coordinates":[[-60.70096518,-31.61166363],[-60.70122559,-31.6116014]]},"properties":{"layer":"Cuencas","entity_type":"LINE","handle":"1BC770"}},{"type":"Feature","geometry":{"type":"LineString","coordinates":[[-60.70122559,-31.6116014],[-60.70140408,-31.61136942]]},"properties":{"layer":"Cuencas","entity_type":"LINE","handle":"1BC771"}},{"type":"Feature","geometry":{"type":"LineString","coordinates":[[-60.70140408,-31.61136942],[-60.70132613,-31.61109426]]},"properties":{"layer":"Cuencas","entity_type":"LINE","handle":"1BC772"}},{"type":"Feature","geometry":{"type":"LineString","coordinates":[[-60.70132613,-31.61109426],[-60.70157054,-31.61079706]]},"properties":{"layer":"Cuencas","entity_type":"LINE","handle":"1BC773"}},{"type":"Feature","geometry":{"type":"LineString","coordinates":[[-60.70157054,-31.61079706],[-60.70164558,-31.61068318]]},"properties":{"layer":"Cuencas","entity_type":"LINE","handle":"1BC774"}},{"type":"Feature","geometry":{"type":"LineString","coordinates":[[-60.70164558,-31.61068318],[-60.70177231,-31.61075948]]},"properties":{"layer":"Cuencas","entity_type":"LINE","handle":"1BC775"}},{"type":"Feature","geometry":{"type":"LineString","coordinates":[[-60.70177231,-31.61075948],[-60.70238557,-31.61094659]]},"properties":{"layer":"Cuencas","entity_type":"LINE","handle":"1BC776"}},{"type":"Feature","geometry":{"type":"LineString","coordinates":[[-60.70238557,-31.61094659],[-60.70243412,-31.61109627]]},"properties":{"layer":"Cuencas","entity_type":"LINE","handle":"1BC777"}},{"type":"Feature","geometry":{"type":"LineString","coordinates":[[-60.70243412,-31.61109627],[-60.70268679,-31.61189853]]},"properties":{"layer":"Cuencas","entity_type":"LINE","handle":"1BC778"}},{"type":"Feature","geometry":{"type":"LineString","coordinates":[[-60.70268679,-31.61189853],[-60.70392905,-31.61165258]]},"properties":{"layer":"Cuencas","entity_type":"LINE","handle":"1BC779"}},{"type":"Feature","geometry":{"type":"LineString","coordinates":[[-60.70392905,-31.61165258],[-60.70461873,-31.61190815]]},"properties":{"layer":"Cuencas","entity_type":"LINE","handle":"1BC77A"}},{"type":"Feature","geometry":{"type":"LineString","coordinates":[[-60.70461873,-31.61190815],[-60.7047708,-31.61194784]]},"properties":{"layer":"Cuencas","entity_type":"LINE","handle":"1BC77B"}},{"type":"Feature","geometry":{"type":"LineString","coordinates":[[-60.7047708,-31.61194784],[-60.70481374,-31.61198003]]},"properties":{"layer":"Cuencas","entity_type":"LINE","handle":"1BC77C"}},{"type":"Feature","geometry":{"type":"LineString","coordinates":[[-60.70481374,-31.61198003],[-60.70504671,-31.61312402]]},"properties":{"layer":"Cuencas","entity_type":"LINE","handle":"1BC77D"}},{"type":"Feature","geometry":{"type":"LineString","coordinates":[[-60.70504671,-31.61312402],[-60.70536628,-31.61461807]]},"properties":{"layer":"Cuencas","entity_type":"LINE","handle":"1BC77E"}},{"type":"Feature","geometry":{"type":"LineString","coordinates":[[-60.70536628,-31.61461807],[-60.70538597,-31.61471278]]},"properties":{"layer":"Cuencas","entity_type":"LINE","handle":"1BC77F"}},{"type":"Feature","geometry":{"type":"LineString","coordinates":[[-60.70538597,-31.61471278],[-60.7054079,-31.61510578]]},"properties":{"layer":"Cuencas","entity_type":"LINE","handle":"1BC780"}},{"type":"Feature","geometry":{"type":"LineString","coordinates":[[-60.7054079,-31.61510578],[-60.70541085,-31.61525714]]},"properties":{"layer":"Cuencas","entity_type":"LINE","handle":"1BC781"}},{"type":"Feature","geometry":{"type":"LineString","coordinates":[[-60.70541085,-31.61525714],[-60.70526769,-31.61526825]]},"properties":{"layer":"Cuencas","entity_type":"LINE","handle":"1BC782"}},{"type":"Feature","geometry":{"type":"LineString","coordinates":[[-60.70526769,-31.61526825],[-60.70485095,-31.61531703]]},"properties":{"layer":"Cuencas","entity_type":"LINE","handle":"1BC783"}},{"type":"Feature","geometry":{"type":"LineString","coordinates":[[-60.70485095,-31.61531703],[-60.70491908,-31.61553359]]},"properties":{"layer":"Cuencas","entity_type":"LINE","handle":"1BC784"}},{"type":"Feature","geometry":{"type":"LineString","coordinates":[[-60.70491908,-31.61553359],[-60.70514798,-31.61561403]]},"properties":{"layer":"Cuencas","entity_type":"LINE","handle":"1BC785"}},{"type":"Feature","geometry":{"type":"LineString","coordinates":[[-60.70514798,-31.61561403],[-60.70526261,-31.61572581]]},"properties":{"layer":"Cuencas","entity_type":"LINE","handle":"1BC786"}},{"type":"Feature","geometry":{"type":"LineString","coordinates":[[-60.70526261,-31.61572581],[-60.70542042,-31.61574921]]},"properties":{"layer":"Cuencas","entity_type":"LINE","handle":"1BC787"}},{"type":"Feature","geometry":{"type":"LineString","coordinates":[[-60.70542042,-31.61574921],[-60.7054234,-31.61590203]]},"properties":{"layer":"Cuencas","entity_type":"LINE","handle":"1BC788"}},{"type":"Feature","geometry":{"type":"LineString","coordinates":[[-60.7054234,-31.61590203],[-60.70543174,-31.61637896]]},"properties":{"layer":"Cuencas","entity_type":"LINE","handle":"1BC789"}},{"type":"Feature","geometry":{"type":"LineString","coordinates":[[-60.70543174,-31.61637896],[-60.70574946,-31.6163691]]},"properties":{"layer":"Cuencas","entity_type":"LINE","handle":"1BC78A"}},{"type":"Feature","geometry":{"type":"LineString","coordinates":[[-60.70574946,-31.6163691],[-60.7057506,-31.61589087]]},"properties":{"layer":"Cuencas","entity_type":"LINE","handle":"1BC78B"}},{"type":"Feature","geometry":{"type":"LineString","coordinates":[[-60.7057506,-31.61589087],[-60.70581642,-31.61581351]]},"properties":{"layer":"Cuencas","entity_type":"LINE","handle":"1BC78C"}},{"type":"Feature","geometry":{"type":"LineString","coordinates":[[-60.70581642,-31.61581351],[-60.70610753,-31.61579568]]},"properties":{"layer":"Cuencas","entity_type":"LINE","handle":"1BC78D"}},{"type":"Feature","geometry":{"type":"LineString","coordinates":[[-60.70610753,-31.61579568],[-60.70656944,-31.6160363]]},"properties":{"layer":"Cuencas","entity_type":"LINE","handle":"1BC78E"}},{"type":"Feature","geometry":{"type":"LineString","coordinates":[[-60.70656944,-31.6160363],[-60.7068398,-31.6160348]]},"properties":{"layer":"Cuencas","entity_type":"LINE","handle":"1BC78F"}},{"type":"Feature","geometry":{"type":"LineString","coordinates":[[-60.7068398,-31.6160348],[-60.70716371,-31.61621538]]},"properties":{"layer":"Cuencas","entity_type":"LINE","handle":"1BC790"}},{"type":"Feature","geometry":{"type":"LineString","coordinates":[[-60.70716371,-31.61621538],[-60.70725429,-31.61627567]]},"properties":{"layer":"Cuencas","entity_type":"LINE","handle":"1BC791"}},{"type":"Feature","geometry":{"type":"LineString","coordinates":[[-60.70725429,-31.61627567],[-60.70846033,-31.6160015]]},"properties":{"layer":"Cuencas","entity_type":"LINE","handle":"1BC792"}},{"type":"Feature","geometry":{"type":"LineString","coordinates":[[-60.70846033,-31.6160015],[-60.70849935,-31.61614313]]},"properties":{"layer":"Cuencas","entity_type":"LINE","handle":"1BC793"}},{"type":"Feature","geometry":{"type":"LineString","coordinates":[[-60.70849935,-31.61614313],[-60.70836802,-31.61633839]]},"properties":{"layer":"Cuencas","entity_type":"LINE","handle":"1BC794"}},{"type":"Feature","geometry":{"type":"LineString","coordinates":[[-60.70836802,-31.61633839],[-60.7083705,-31.61634676]]},"properties":{"layer":"Cuencas","entity_type":"LINE","handle":"1BC795"}},{"type":"Feature","geometry":{"type":"LineString","coordinates":[[-60.7083705,-31.61634676],[-60.70848837,-31.61667875]]},"properties":{"layer":"Cuencas","entity_type":"LINE","handle":"1BC796"}},{"type":"Feature","geometry":{"type":"LineString","coordinates":[[-60.70848837,-31.61667875],[-60.7087284,-31.61684498]]},"properties":{"layer":"Cuencas","entity_type":"LINE","handle":"1BC797"}},{"type":"Feature","geometry":{"type":"LineString","coordinates":[[-60.7087284,-31.61684498],[-60.70879075,-31.61702684]]},"properties":{"layer":"Cuencas","entity_type":"LINE","handle":"1BC798"}},{"type":"Feature","geometry":{"type":"LineString","coordinates":[[-60.70879075,-31.61702684],[-60.70862096,-31.61716949]]},"properties":{"layer":"Cuencas","entity_type":"LINE","handle":"1BC799"}},{"type":"Feature","geometry":{"type":"LineString","coordinates":[[-60.70862096,-31.61716949],[-60.70864621,-31.61725499]]},"properties":{"layer":"Cuencas","entity_type":"LINE","handle":"1BC79A"}},{"type":"Feature","geometry":{"type":"LineString","coordinates":[[-60.7147709,-31.61552138],[-60.71480274,-31.61564752]]},"properties":{"layer":"Cuencas","entity_type":"LINE","handle":"1BC79B"}},{"type":"Feature","geometry":{"type":"LineString","coordinates":[[-60.71480274,-31.61564752],[-60.71625031,-31.61532695]]},"properties":{"layer":"Cuencas","entity_type":"LINE","handle":"1BC79C"}},{"type":"Feature","geometry":{"type":"LineString","coordinates":[[-60.71625031,-31.61532695],[-60.71765199,-31.61502323]]},"properties":{"layer":"Cuencas","entity_type":"LINE","handle":"1BC79D"}},{"type":"Feature","geometry":{"type":"LineString","coordinates":[[-60.71765199,-31.61502323],[-60.71768427,-31.61490311]]},"properties":{"layer":"Cuencas","entity_type":"LINE","handle":"1BC79E"}},{"type":"Feature","geometry":{"type":"LineString","coordinates":[[-60.71768427,-31.61490311],[-60.71784057,-31.61487387]]},"properties":{"layer":"Cuencas","entity_type":"LINE","handle":"1BC79F"}},{"type":"Feature","geometry":{"type":"LineString","coordinates":[[-60.71784057,-31.61487387],[-60.71899365,-31.61460265]]},"properties":{"layer":"Cuencas","entity_type":"LINE","handle":"1BC7A0"}},{"type":"Feature","geometry":{"type":"LineString","coordinates":[[-60.71899365,-31.61460265],[-60.71933399,-31.61579987]]},"properties":{"layer":"Cuencas","entity_type":"LINE","handle":"1BC7A1"}},{"type":"Feature","geometry":{"type":"LineString","coordinates":[[-60.70864534,-31.61725586],[-60.70855118,-31.61734959]]},"properties":{"layer":"Cuencas","entity_type":"LINE","handle":"1BC7A2"}},{"type":"Feature","geometry":{"type":"LineString","coordinates":[[-60.70855118,-31.61734959],[-60.70801606,-31.61746604]]},"properties":{"layer":"Cuencas","entity_type":"LINE","handle":"1BC7A3"}},{"type":"Feature","geometry":{"type":"LineString","coordinates":[[-60.70801606,-31.61746604],[-60.7081083,-31.61774516]]},"properties":{"layer":"Cuencas","entity_type":"LINE","handle":"1BC7A4"}},{"type":"Feature","geometry":{"type":"LineString","coordinates":[[-60.7081083,-31.61774516],[-60.70812774,-31.61780585]]},"properties":{"layer":"Cuencas","entity_type":"LINE","handle":"1BC7A5"}},{"type":"Feature","geometry":{"type":"LineString","coordinates":[[-60.70812774,-31.61780585],[-60.70791124,-31.61802995]]},"properties":{"layer":"Cuencas","entity_type":"LINE","handle":"1BC7A6"}},{"type":"Feature","geometry":{"type":"LineString","coordinates":[[-60.70791124,-31.61802995],[-60.70783611,-31.61813168]]},"properties":{"layer":"Cuencas","entity_type":"LINE","handle":"1BC7A7"}},{"type":"Feature","geometry":{"type":"LineString","coordinates":[[-60.70783611,-31.61813168],[-60.7078321,-31.61813662]]},"properties":{"layer":"Cuencas","entity_type":"LINE","handle":"1BC7A8"}},{"type":"Feature","geometry":{"type":"LineString","coordinates":[[-60.7078321,-31.61813662],[-60.70776522,-31.61825031]]},"properties":{"layer":"Cuencas","entity_type":"LINE","handle":"1BC7A9"}},{"type":"Feature","geometry":{"type":"LineString","coordinates":[[-60.70776522,-31.61825031],[-60.70743957,-31.61868407]]},"properties":{"layer":"Cuencas","entity_type":"LINE","handle":"1BC7AA"}},{"type":"Feature","geometry":{"type":"LineString","coordinates":[[-60.70743957,-31.61868407],[-60.7079592,-31.618931]]},"properties":{"layer":"Cuencas","entity_type":"LINE","handle":"1BC7AB"}},{"type":"Feature","geometry":{"type":"LineString","coordinates":[[-60.7079592,-31.618931],[-60.70799283,-31.61903943]]},"properties":{"layer":"Cuencas","entity_type":"LINE","handle":"1BC7AC"}},{"type":"Feature","geometry":{"type":"LineString","coordinates":[[-60.70797542,-31.61898965],[-60.70799002,-31.6190382]]},"properties":{"layer":"Cuencas","entity_type":"LINE","handle":"1BC7AD"}},{"type":"Feature","geometry":{"type":"LineString","coordinates":[[-60.70799002,-31.6190382],[-60.70809948,-31.61908623]]},"properties":{"layer":"Cuencas","entity_type":"LINE","handle":"1BC7AE"}},{"type":"Feature","geometry":{"type":"LineString","coordinates":[[-60.70809948,-31.61908623],[-60.70951563,-31.61880278]]},"properties":{"layer":"Cuencas","entity_type":"LINE","handle":"1BC7AF"}},{"type":"Feature","geometry":{"type":"LineString","coordinates":[[-60.70951563,-31.61880278],[-60.71075911,-31.61852028]]},"properties":{"layer":"Cuencas","entity_type":"LINE","handle":"1BC7B0"}},{"type":"Feature","geometry":{"type":"LineString","coordinates":[[-60.71075911,-31.61852028],[-60.7105297,-31.61766847]]},"properties":{"layer":"Cuencas","entity_type":"LINE","handle":"1BC7B1"}},{"type":"Feature","geometry":{"type":"LineString","coordinates":[[-60.7105297,-31.61766847],[-60.71070966,-31.617631]]},"properties":{"layer":"Cuencas","entity_type":"LINE","handle":"1BC7B2"}},{"type":"Feature","geometry":{"type":"LineString","coordinates":[[-60.71070966,-31.617631],[-60.71127567,-31.61783454]]},"properties":{"layer":"Cuencas","entity_type":"LINE","handle":"1BC7B3"}},{"type":"Feature","geometry":{"type":"LineString","coordinates":[[-60.71127567,-31.61783454],[-60.71150053,-31.61870988]]},"properties":{"layer":"Cuencas","entity_type":"LINE","handle":"1BC7B4"}},{"type":"Feature","geometry":{"type":"LineString","coordinates":[[-60.71150053,-31.61870988],[-60.71200894,-31.61892716]]},"properties":{"layer":"Cuencas","entity_type":"LINE","handle":"1BC7B5"}},{"type":"Feature","geometry":{"type":"LineString","coordinates":[[-60.71200894,-31.61892716],[-60.71263389,-31.61785939]]},"properties":{"layer":"Cuencas","entity_type":"LINE","handle":"1BC7B6"}},{"type":"Feature","geometry":{"type":"LineString","coordinates":[[-60.71263389,-31.61785939],[-60.71314689,-31.61695766]]},"properties":{"layer":"Cuencas","entity_type":"LINE","handle":"1BC7B7"}},{"type":"Feature","geometry":{"type":"LineString","coordinates":[[-60.71314689,-31.61695766],[-60.7138211,-31.61580051]]},"properties":{"layer":"Cuencas","entity_type":"LINE","handle":"1BC7B8"}},{"type":"Feature","geometry":{"type":"LineString","coordinates":[[-60.72706464,-31.63580172],[-60.72729196,-31.63593282]]},"properties":{"layer":"Cuencas","entity_type":"LINE","handle":"1BC7B9"}},{"type":"Feature","geometry":{"type":"LineString","coordinates":[[-60.72729196,-31.63593282],[-60.72780598,-31.63617433]]},"properties":{"layer":"Cuencas","entity_type":"LINE","handle":"1BC7BA"}},{"type":"Feature","geometry":{"type":"LineString","coordinates":[[-60.72780598,-31.63617433],[-60.72823624,-31.63636539]]},"properties":{"layer":"Cuencas","entity_type":"LINE","handle":"1BC7BB"}},{"type":"Feature","geometry":{"type":"LineString","coordinates":[[-60.72823624,-31.63636539],[-60.72866627,-31.63652589]]},"properties":{"layer":"Cuencas","entity_type":"LINE","handle":"1BC7BC"}},{"type":"Feature","geometry":{"type":"LineString","coordinates":[[-60.72866627,-31.63652589],[-60.72909629,-31.63668639]]},"properties":{"layer":"Cuencas","entity_type":"LINE","handle":"1BC7BD"}},{"type":"Feature","geometry":{"type":"LineString","coordinates":[[-60.72909629,-31.63668639],[-60.72947837,-31.63680643]]},"properties":{"layer":"Cuencas","entity_type":"LINE","handle":"1BC7BE"}},{"type":"Feature","geometry":{"type":"LineString","coordinates":[[-60.72947837,-31.63680643],[-60.73015678,-31.63699637]]},"properties":{"layer":"Cuencas","entity_type":"LINE","handle":"1BC7BF"}},{"type":"Feature","geometry":{"type":"LineString","coordinates":[[-60.73015678,-31.63699637],[-60.73082087,-31.63714441]]},"properties":{"layer":"Cuencas","entity_type":"LINE","handle":"1BC7C0"}},{"type":"Feature","geometry":{"type":"LineString","coordinates":[[-60.73082087,-31.63714441],[-60.7314373,-31.63725224]]},"properties":{"layer":"Cuencas","entity_type":"LINE","handle":"1BC7C1"}},{"type":"Feature","geometry":{"type":"LineString","coordinates":[[-60.7314373,-31.63725224],[-60.7322252,-31.637352]]},"properties":{"layer":"Cuencas","entity_type":"LINE","handle":"1BC7C2"}},{"type":"Feature","geometry":{"type":"LineString","coordinates":[[-60.7322252,-31.637352],[-60.73373001,-31.63742549]]},"properties":{"layer":"Cuencas","entity_type":"LINE","handle":"1BC7C3"}},{"type":"Feature","geometry":{"type":"LineString","coordinates":[[-60.73373001,-31.63742549],[-60.73385511,-31.63742875]]},"properties":{"layer":"Cuencas","entity_type":"LINE","handle":"1BC7C4"}},{"type":"Feature","geometry":{"type":"LineString","coordinates":[[-60.73385511,-31.63742875],[-60.73414097,-31.63742711]]},"properties":{"layer":"Cuencas","entity_type":"LINE","handle":"1BC7C5"}},{"type":"Feature","geometry":{"type":"LineString","coordinates":[[-60.73414097,-31.63742711],[-60.7349227,-31.63737174]]},"properties":{"layer":"Cuencas","entity_type":"LINE","handle":"1BC7C6"}},{"type":"Feature","geometry":{"type":"LineString","coordinates":[[-60.7349227,-31.63737174],[-60.73546325,-31.63734203]]},"properties":{"layer":"Cuencas","entity_type":"LINE","handle":"1BC7C7"}},{"type":"Feature","geometry":{"type":"LineString","coordinates":[[-60.73546325,-31.63734203],[-60.73549502,-31.63734184]]},"properties":{"layer":"Cuencas","entity_type":"LINE","handle":"1BC7C8"}},{"type":"Feature","geometry":{"type":"LineString","coordinates":[[-60.73549502,-31.63734184],[-60.73553488,-31.63736196]]},"properties":{"layer":"Cuencas","entity_type":"LINE","handle":"1BC7C9"}},{"type":"Feature","geometry":{"type":"LineString","coordinates":[[-60.73553488,-31.63736196],[-60.73555886,-31.63738218]]},"properties":{"layer":"Cuencas","entity_type":"LINE","handle":"1BC7CA"}},{"type":"Feature","geometry":{"type":"LineString","coordinates":[[-60.73555886,-31.63738218],[-60.73564295,-31.63747327]]},"properties":{"layer":"Cuencas","entity_type":"LINE","handle":"1BC7CB"}},{"type":"Feature","geometry":{"type":"LineString","coordinates":[[-60.73564295,-31.63747327],[-60.73579081,-31.63759451]]},"properties":{"layer":"Cuencas","entity_type":"LINE","handle":"1BC7CC"}},{"type":"Feature","geometry":{"type":"LineString","coordinates":[[-60.73579081,-31.63759451],[-60.73649168,-31.63827234]]},"properties":{"layer":"Cuencas","entity_type":"LINE","handle":"1BC7CD"}},{"type":"Feature","geometry":{"type":"LineString","coordinates":[[-60.73649168,-31.63827234],[-60.73680399,-31.63856059]]},"properties":{"layer":"Cuencas","entity_type":"LINE","handle":"1BC7CE"}},{"type":"Feature","geometry":{"type":"LineString","coordinates":[[-60.73680399,-31.63856059],[-60.7371157,-31.63877318]]},"properties":{"layer":"Cuencas","entity_type":"LINE","handle":"1BC7CF"}},{"type":"Feature","geometry":{"type":"LineString","coordinates":[[-60.7371157,-31.63877318],[-60.73760566,-31.63912347]]},"properties":{"layer":"Cuencas","entity_type":"LINE","handle":"1BC7D0"}},{"type":"Feature","geometry":{"type":"LineString","coordinates":[[-60.73760566,-31.63912347],[-60.73785792,-31.63928595]]},"properties":{"layer":"Cuencas","entity_type":"LINE","handle":"1BC7D1"}},{"type":"Feature","geometry":{"type":"LineString","coordinates":[[-60.73785792,-31.63928595],[-60.73842262,-31.63978166]]},"properties":{"layer":"Cuencas","entity_type":"LINE","handle":"1BC7D2"}},{"type":"Feature","geometry":{"type":"LineString","coordinates":[[-60.73842262,-31.63978166],[-60.73859905,-31.64000692]]},"properties":{"layer":"Cuencas","entity_type":"LINE","handle":"1BC7D3"}},{"type":"Feature","geometry":{"type":"LineString","coordinates":[[-60.70485095,-31.61531703],[-60.70267711,-31.61578911]]},"properties":{"layer":"Cuencas","entity_type":"LINE","handle":"1BC7D4"}},{"type":"Feature","geometry":{"type":"LineString","coordinates":[[-60.70267711,-31.61578911],[-60.70273626,-31.61593754]]},"properties":{"layer":"Cuencas","entity_type":"LINE","handle":"1BC7D5"}},{"type":"Feature","geometry":{"type":"LineString","coordinates":[[-60.70273626,-31.61593754],[-60.7025704,-31.61617535]]},"properties":{"layer":"Cuencas","entity_type":"LINE","handle":"1BC7D6"}},{"type":"Feature","geometry":{"type":"LineString","coordinates":[[-60.7025704,-31.61617535],[-60.70232575,-31.61622628]]},"properties":{"layer":"Cuencas","entity_type":"LINE","handle":"1BC7D7"}},{"type":"Feature","geometry":{"type":"LineString","coordinates":[[-60.70232575,-31.61622628],[-60.70213815,-31.61614467]]},"properties":{"layer":"Cuencas","entity_type":"LINE","handle":"1BC7D8"}},{"type":"Feature","geometry":{"type":"LineString","coordinates":[[-60.70213815,-31.61614467],[-60.70220436,-31.6163757]]},"properties":{"layer":"Cuencas","entity_type":"LINE","handle":"1BC7D9"}},{"type":"Feature","geometry":{"type":"LineString","coordinates":[[-60.70220436,-31.6163757],[-60.70107777,-31.61661879]]},"properties":{"layer":"Cuencas","entity_type":"LINE","handle":"1BC7DA"}},{"type":"Feature","geometry":{"type":"LineString","coordinates":[[-60.70107777,-31.61661879],[-60.7011907,-31.6170611]]},"properties":{"layer":"Cuencas","entity_type":"LINE","handle":"1BC7DB"}},{"type":"Feature","geometry":{"type":"LineString","coordinates":[[-60.7011907,-31.6170611],[-60.70075422,-31.61732794]]},"properties":{"layer":"Cuencas","entity_type":"LINE","handle":"1BC7DC"}},{"type":"Feature","geometry":{"type":"LineString","coordinates":[[-60.70075422,-31.61732794],[-60.70058186,-31.61756028]]},"properties":{"layer":"Cuencas","entity_type":"LINE","handle":"1BC7DD"}},{"type":"Feature","geometry":{"type":"LineString","coordinates":[[-60.70058186,-31.61756028],[-60.69981036,-31.61726149]]},"properties":{"layer":"Cuencas","entity_type":"LINE","handle":"1BC7DE"}},{"type":"Feature","geometry":{"type":"LineString","coordinates":[[-60.69981036,-31.61726149],[-60.69919633,-31.61706652]]},"properties":{"layer":"Cuencas","entity_type":"LINE","handle":"1BC7DF"}},{"type":"Feature","geometry":{"type":"LineString","coordinates":[[-60.69919633,-31.61706652],[-60.69829266,-31.61683804]]},"properties":{"layer":"Cuencas","entity_type":"LINE","handle":"1BC7E0"}},{"type":"Feature","geometry":{"type":"LineString","coordinates":[[-60.69755305,-31.62574811],[-60.6975963,-31.62553203]]},"properties":{"layer":"Cuencas","entity_type":"LINE","handle":"1BC7E1"}},{"type":"Feature","geometry":{"type":"LineString","coordinates":[[-60.71805838,-31.63504094],[-60.7180503,-31.63500679]]},"properties":{"layer":"Cuencas","entity_type":"LINE","handle":"1BC7E2"}},{"type":"Feature","geometry":{"type":"LineString","coordinates":[[-60.7180503,-31.63500679],[-60.71810097,-31.63489848]]},"properties":{"layer":"Cuencas","entity_type":"LINE","handle":"1BC7E3"}},{"type":"Feature","geometry":{"type":"LineString","coordinates":[[-60.71810097,-31.63489848],[-60.7180475,-31.63464274]]},"properties":{"layer":"Cuencas","entity_type":"LINE","handle":"1BC7E4"}},{"type":"Feature","geometry":{"type":"LineString","coordinates":[[-60.7180475,-31.63464274],[-60.71797214,-31.63458315]]},"properties":{"layer":"Cuencas","entity_type":"LINE","handle":"1BC7E5"}},{"type":"Feature","geometry":{"type":"LineString","coordinates":[[-60.71797214,-31.63458315],[-60.71777836,-31.63373608]]},"properties":{"layer":"Cuencas","entity_type":"LINE","handle":"1BC7E6"}},{"type":"Feature","geometry":{"type":"LineString","coordinates":[[-60.71777836,-31.63373608],[-60.71766105,-31.63370074]]},"properties":{"layer":"Cuencas","entity_type":"LINE","handle":"1BC7E7"}},{"type":"Feature","geometry":{"type":"LineString","coordinates":[[-60.71766105,-31.63370074],[-60.71745761,-31.63281372]]},"properties":{"layer":"Cuencas","entity_type":"LINE","handle":"1BC7E8"}},{"type":"Feature","geometry":{"type":"LineString","coordinates":[[-60.71745761,-31.63281372],[-60.7172847,-31.63285469]]},"properties":{"layer":"Cuencas","entity_type":"LINE","handle":"1BC7E9"}},{"type":"Feature","geometry":{"type":"LineString","coordinates":[[-60.7172847,-31.63285469],[-60.71650732,-31.63343517]]},"properties":{"layer":"Cuencas","entity_type":"LINE","handle":"1BC7EA"}},{"type":"Feature","geometry":{"type":"LineString","coordinates":[[-60.71650732,-31.63343517],[-60.71610526,-31.63350943]]},"properties":{"layer":"Cuencas","entity_type":"LINE","handle":"1BC7EB"}},{"type":"Feature","geometry":{"type":"LineString","coordinates":[[-60.71610526,-31.63350943],[-60.71543554,-31.63408929]]},"properties":{"layer":"Cuencas","entity_type":"LINE","handle":"1BC7EC"}},{"type":"Feature","geometry":{"type":"LineString","coordinates":[[-60.71543554,-31.63408929],[-60.71549852,-31.63436499]]},"properties":{"layer":"Cuencas","entity_type":"LINE","handle":"1BC7ED"}},{"type":"Feature","geometry":{"type":"LineString","coordinates":[[-60.71549852,-31.63436499],[-60.71612725,-31.6345455]]},"properties":{"layer":"Cuencas","entity_type":"LINE","handle":"1BC7EE"}},{"type":"Feature","geometry":{"type":"LineString","coordinates":[[-60.71612725,-31.6345455],[-60.71575702,-31.63510768]]},"properties":{"layer":"Cuencas","entity_type":"LINE","handle":"1BC7EF"}},{"type":"Feature","geometry":{"type":"LineString","coordinates":[[-60.71575702,-31.63510768],[-60.7158538,-31.63551921]]},"properties":{"layer":"Cuencas","entity_type":"LINE","handle":"1BC7F0"}},{"type":"Feature","geometry":{"type":"LineString","coordinates":[[-60.7158538,-31.63551921],[-60.71528339,-31.63561843]]},"properties":{"layer":"Cuencas","entity_type":"LINE","handle":"1BC7F1"}},{"type":"Feature","geometry":{"type":"LineString","coordinates":[[-60.71528339,-31.63561843],[-60.71505684,-31.63599177]]},"properties":{"layer":"Cuencas","entity_type":"LINE","handle":"1BC7F2"}},{"type":"Feature","geometry":{"type":"LineString","coordinates":[[-60.71505684,-31.63599177],[-60.71462904,-31.63576212]]},"properties":{"layer":"Cuencas","entity_type":"LINE","handle":"1BC7F3"}},{"type":"Feature","geometry":{"type":"LineString","coordinates":[[-60.71462904,-31.63576212],[-60.71427372,-31.63582812]]},"properties":{"layer":"Cuencas","entity_type":"LINE","handle":"1BC7F4"}},{"type":"Feature","geometry":{"type":"LineString","coordinates":[[-60.71427372,-31.63582812],[-60.71387468,-31.63629844]]},"properties":{"layer":"Cuencas","entity_type":"LINE","handle":"1BC7F5"}},{"type":"Feature","geometry":{"type":"LineString","coordinates":[[-60.71387468,-31.63629844],[-60.71318734,-31.6364143]]},"properties":{"layer":"Cuencas","entity_type":"LINE","handle":"1BC7F6"}},{"type":"Feature","geometry":{"type":"LineString","coordinates":[[-60.71318734,-31.6364143],[-60.71338007,-31.63712935]]},"properties":{"layer":"Cuencas","entity_type":"LINE","handle":"1BC7F7"}},{"type":"Feature","geometry":{"type":"LineString","coordinates":[[-60.71338007,-31.63712935],[-60.71345222,-31.637381]]},"properties":{"layer":"Cuencas","entity_type":"LINE","handle":"1BC7F8"}},{"type":"Feature","geometry":{"type":"LineString","coordinates":[[-60.71345222,-31.637381],[-60.71309234,-31.63746302]]},"properties":{"layer":"Cuencas","entity_type":"LINE","handle":"1BC7F9"}},{"type":"Feature","geometry":{"type":"LineString","coordinates":[[-60.71309234,-31.63746302],[-60.71285535,-31.63769639]]},"properties":{"layer":"Cuencas","entity_type":"LINE","handle":"1BC7FA"}},{"type":"Feature","geometry":{"type":"LineString","coordinates":[[-60.71285535,-31.63769639],[-60.7116306,-31.63794727]]},"properties":{"layer":"Cuencas","entity_type":"LINE","handle":"1BC7FB"}},{"type":"Feature","geometry":{"type":"LineString","coordinates":[[-60.7116306,-31.63794727],[-60.71182311,-31.63863432]]},"properties":{"layer":"Cuencas","entity_type":"LINE","handle":"1BC7FC"}},{"type":"Feature","geometry":{"type":"LineString","coordinates":[[-60.71182311,-31.63863432],[-60.71195293,-31.63908168]]},"properties":{"layer":"Cuencas","entity_type":"LINE","handle":"1BC7FD"}},{"type":"Feature","geometry":{"type":"LineString","coordinates":[[-60.71195293,-31.63908168],[-60.71142044,-31.63986079]]},"properties":{"layer":"Cuencas","entity_type":"LINE","handle":"1BC7FE"}},{"type":"Feature","geometry":{"type":"LineString","coordinates":[[-60.71142044,-31.63986079],[-60.71227698,-31.64044012]]},"properties":{"layer":"Cuencas","entity_type":"LINE","handle":"1BC7FF"}},{"type":"Feature","geometry":{"type":"LineString","coordinates":[[-60.71227698,-31.64044012],[-60.71242627,-31.64098339]]},"properties":{"layer":"Cuencas","entity_type":"LINE","handle":"1BC800"}},{"type":"Feature","geometry":{"type":"LineString","coordinates":[[-60.71242627,-31.64098339],[-60.7125851,-31.6415506]]},"properties":{"layer":"Cuencas","entity_type":"LINE","handle":"1BC801"}},{"type":"Feature","geometry":{"type":"LineString","coordinates":[[-60.7125851,-31.6415506],[-60.71212328,-31.6422458]]},"properties":{"layer":"Cuencas","entity_type":"LINE","handle":"1BC802"}},{"type":"Feature","geometry":{"type":"LineString","coordinates":[[-60.71805838,-31.63504094],[-60.71805282,-31.63504833]]},"properties":{"layer":"Cuencas","entity_type":"LINE","handle":"1BC803"}},{"type":"Feature","geometry":{"type":"LineString","coordinates":[[-60.71805282,-31.63504833],[-60.71809451,-31.63525641]]},"properties":{"layer":"Cuencas","entity_type":"LINE","handle":"1BC804"}},{"type":"Feature","geometry":{"type":"LineString","coordinates":[[-60.71809451,-31.63525641],[-60.71804162,-31.63526699]]},"properties":{"layer":"Cuencas","entity_type":"LINE","handle":"1BC805"}},{"type":"Feature","geometry":{"type":"LineString","coordinates":[[-60.72178376,-31.63786155],[-60.72199731,-31.63781882]]},"properties":{"layer":"Cuencas","entity_type":"LINE","handle":"1BC806"}},{"type":"Feature","geometry":{"type":"LineString","coordinates":[[-60.72199731,-31.63781882],[-60.72236214,-31.63797209]]},"properties":{"layer":"Cuencas","entity_type":"LINE","handle":"1BC807"}},{"type":"Feature","geometry":{"type":"LineString","coordinates":[[-60.72236214,-31.63797209],[-60.72274954,-31.63790776]]},"properties":{"layer":"Cuencas","entity_type":"LINE","handle":"1BC808"}},{"type":"Feature","geometry":{"type":"LineString","coordinates":[[-60.72274954,-31.63790776],[-60.72321086,-31.63799835]]},"properties":{"layer":"Cuencas","entity_type":"LINE","handle":"1BC809"}},{"type":"Feature","geometry":{"type":"LineString","coordinates":[[-60.72321086,-31.63799835],[-60.72351333,-31.63792415]]},"properties":{"layer":"Cuencas","entity_type":"LINE","handle":"1BC80A"}},{"type":"Feature","geometry":{"type":"LineString","coordinates":[[-60.72195378,-31.63783149],[-60.72167816,-31.63788022]]},"properties":{"layer":"Cuencas","entity_type":"LINE","handle":"1BC80B"}},{"type":"Feature","geometry":{"type":"LineString","coordinates":[[-60.72167816,-31.63788022],[-60.72156988,-31.63815441]]},"properties":{"layer":"Cuencas","entity_type":"LINE","handle":"1BC80C"}},{"type":"Feature","geometry":{"type":"LineString","coordinates":[[-60.72156988,-31.63815441],[-60.72084308,-31.63839436]]},"properties":{"layer":"Cuencas","entity_type":"LINE","handle":"1BC80D"}},{"type":"Feature","geometry":{"type":"LineString","coordinates":[[-60.72084308,-31.63839436],[-60.72079672,-31.63841994]]},"properties":{"layer":"Cuencas","entity_type":"LINE","handle":"1BC80E"}},{"type":"Feature","geometry":{"type":"LineString","coordinates":[[-60.72079672,-31.63841994],[-60.72068923,-31.63844455]]},"properties":{"layer":"Cuencas","entity_type":"LINE","handle":"1BC80F"}},{"type":"Feature","geometry":{"type":"LineString","coordinates":[[-60.72068923,-31.63844455],[-60.72063794,-31.63847284]]},"properties":{"layer":"Cuencas","entity_type":"LINE","handle":"1BC810"}},{"type":"Feature","geometry":{"type":"LineString","coordinates":[[-60.72063794,-31.63847284],[-60.72050233,-31.63849361]]},"properties":{"layer":"Cuencas","entity_type":"LINE","handle":"1BC811"}},{"type":"Feature","geometry":{"type":"LineString","coordinates":[[-60.72050233,-31.63849361],[-60.71984137,-31.63778121]]},"properties":{"layer":"Cuencas","entity_type":"LINE","handle":"1BC812"}},{"type":"Feature","geometry":{"type":"LineString","coordinates":[[-60.71984137,-31.63778121],[-60.71871432,-31.63794759]]},"properties":{"layer":"Cuencas","entity_type":"LINE","handle":"1BC813"}},{"type":"Feature","geometry":{"type":"LineString","coordinates":[[-60.71334666,-31.62484241],[-60.71308116,-31.6246868]]},"properties":{"layer":"Cuencas","entity_type":"LINE","handle":"1BC814"}},{"type":"Feature","geometry":{"type":"LineString","coordinates":[[-60.71308116,-31.6246868],[-60.71091866,-31.62345748]]},"properties":{"layer":"Cuencas","entity_type":"LINE","handle":"1BC815"}},{"type":"Feature","geometry":{"type":"LineString","coordinates":[[-60.71091866,-31.62345748],[-60.71079002,-31.6236378]]},"properties":{"layer":"Cuencas","entity_type":"LINE","handle":"1BC816"}},{"type":"Feature","geometry":{"type":"LineString","coordinates":[[-60.71079002,-31.6236378],[-60.71033388,-31.62414923]]},"properties":{"layer":"Cuencas","entity_type":"LINE","handle":"1BC817"}},{"type":"Feature","geometry":{"type":"LineString","coordinates":[[-60.71033388,-31.62414923],[-60.70965189,-31.62389216]]},"properties":{"layer":"Cuencas","entity_type":"LINE","handle":"1BC818"}},{"type":"Feature","geometry":{"type":"LineString","coordinates":[[-60.70965189,-31.62389216],[-60.70947215,-31.62392737]]},"properties":{"layer":"Cuencas","entity_type":"LINE","handle":"1BC819"}},{"type":"Feature","geometry":{"type":"LineString","coordinates":[[-60.70947215,-31.62392737],[-60.70914339,-31.62397394]]},"properties":{"layer":"Cuencas","entity_type":"LINE","handle":"1BC81A"}},{"type":"Feature","geometry":{"type":"LineString","coordinates":[[-60.70914339,-31.62397394],[-60.70732382,-31.62705575]]},"properties":{"layer":"Cuencas","entity_type":"LINE","handle":"1BC81B"}},{"type":"Feature","geometry":{"type":"LineString","coordinates":[[-60.70732382,-31.62705575],[-60.70726685,-31.62706048]]},"properties":{"layer":"Cuencas","entity_type":"LINE","handle":"1BC81C"}},{"type":"Feature","geometry":{"type":"LineString","coordinates":[[-60.70726685,-31.62706048],[-60.70710514,-31.62708115]]},"properties":{"layer":"Cuencas","entity_type":"LINE","handle":"1BC81D"}},{"type":"Feature","geometry":{"type":"LineString","coordinates":[[-60.70710514,-31.62708115],[-60.70703387,-31.62682941]]},"properties":{"layer":"Cuencas","entity_type":"LINE","handle":"1BC81E"}},{"type":"Feature","geometry":{"type":"LineString","coordinates":[[-60.70196901,-31.62612034],[-60.7014772,-31.62445711]]},"properties":{"layer":"Cuencas","entity_type":"LINE","handle":"1BC820"}},{"type":"Feature","geometry":{"type":"LineString","coordinates":[[-60.7014772,-31.62445711],[-60.70139364,-31.6244694]]},"properties":{"layer":"Cuencas","entity_type":"LINE","handle":"1BC821"}},{"type":"Feature","geometry":{"type":"LineString","coordinates":[[-60.72214791,-31.62337921],[-60.72198743,-31.6233931]]},"properties":{"layer":"Cuencas","entity_type":"LINE","handle":"1BC822"}},{"type":"Feature","geometry":{"type":"LineString","coordinates":[[-60.72198743,-31.6233931],[-60.72162848,-31.62346458]]},"properties":{"layer":"Cuencas","entity_type":"LINE","handle":"1BC823"}},{"type":"Feature","geometry":{"type":"LineString","coordinates":[[-60.72162848,-31.62346458],[-60.72147384,-31.62337256]]},"properties":{"layer":"Cuencas","entity_type":"LINE","handle":"1BC824"}},{"type":"Feature","geometry":{"type":"LineString","coordinates":[[-60.72147384,-31.62337256],[-60.72145322,-31.62304754]]},"properties":{"layer":"Cuencas","entity_type":"LINE","handle":"1BC825"}},{"type":"Feature","geometry":{"type":"LineString","coordinates":[[-60.72145322,-31.62304754],[-60.72080135,-31.62305896]]},"properties":{"layer":"Cuencas","entity_type":"LINE","handle":"1BC826"}},{"type":"Feature","geometry":{"type":"LineString","coordinates":[[-60.72080135,-31.62305896],[-60.72059208,-31.62292854]]},"properties":{"layer":"Cuencas","entity_type":"LINE","handle":"1BC827"}},{"type":"Feature","geometry":{"type":"LineString","coordinates":[[-60.72059208,-31.62292854],[-60.72031145,-31.62293786]]},"properties":{"layer":"Cuencas","entity_type":"LINE","handle":"1BC828"}},{"type":"Feature","geometry":{"type":"LineString","coordinates":[[-60.72031145,-31.62293786],[-60.72014043,-31.62307043]]},"properties":{"layer":"Cuencas","entity_type":"LINE","handle":"1BC829"}},{"type":"Feature","geometry":{"type":"LineString","coordinates":[[-60.72014043,-31.62307043],[-60.71945246,-31.62309753]]},"properties":{"layer":"Cuencas","entity_type":"LINE","handle":"1BC82A"}},{"type":"Feature","geometry":{"type":"LineString","coordinates":[[-60.71945246,-31.62309753],[-60.71937966,-31.6230515]]},"properties":{"layer":"Cuencas","entity_type":"LINE","handle":"1BC82B"}},{"type":"Feature","geometry":{"type":"LineString","coordinates":[[-60.71937966,-31.6230515],[-60.71887279,-31.62307757]]},"properties":{"layer":"Cuencas","entity_type":"LINE","handle":"1BC82C"}},{"type":"Feature","geometry":{"type":"LineString","coordinates":[[-60.71887279,-31.62307757],[-60.71868193,-31.62298575]]},"properties":{"layer":"Cuencas","entity_type":"LINE","handle":"1BC82D"}},{"type":"Feature","geometry":{"type":"LineString","coordinates":[[-60.71868193,-31.62298575],[-60.71833726,-31.62291028]]},"properties":{"layer":"Cuencas","entity_type":"LINE","handle":"1BC82E"}},{"type":"Feature","geometry":{"type":"LineString","coordinates":[[-60.71833726,-31.62291028],[-60.71808835,-31.62270147]]},"properties":{"layer":"Cuencas","entity_type":"LINE","handle":"1BC82F"}},{"type":"Feature","geometry":{"type":"LineString","coordinates":[[-60.71808835,-31.62270147],[-60.71728304,-31.62277566]]},"properties":{"layer":"Cuencas","entity_type":"LINE","handle":"1BC830"}},{"type":"Feature","geometry":{"type":"LineString","coordinates":[[-60.71728304,-31.62277566],[-60.71704382,-31.62254816]]},"properties":{"layer":"Cuencas","entity_type":"LINE","handle":"1BC831"}},{"type":"Feature","geometry":{"type":"LineString","coordinates":[[-60.71704382,-31.62254816],[-60.71647632,-31.62310259]]},"properties":{"layer":"Cuencas","entity_type":"LINE","handle":"1BC833"}},{"type":"Feature","geometry":{"type":"LineString","coordinates":[[-60.71647632,-31.62310259],[-60.71629101,-31.62312233]]},"properties":{"layer":"Cuencas","entity_type":"LINE","handle":"1BC834"}},{"type":"Feature","geometry":{"type":"LineString","coordinates":[[-60.71629101,-31.62312233],[-60.71564648,-31.62267021]]},"properties":{"layer":"Cuencas","entity_type":"LINE","handle":"1BC835"}},{"type":"Feature","geometry":{"type":"LineString","coordinates":[[-60.71564648,-31.62267021],[-60.71512512,-31.6233181]]},"properties":{"layer":"Cuencas","entity_type":"LINE","handle":"1BC836"}},{"type":"Feature","geometry":{"type":"LineString","coordinates":[[-60.71512512,-31.6233181],[-60.71500041,-31.62344645]]},"properties":{"layer":"Cuencas","entity_type":"LINE","handle":"1BC837"}},{"type":"Feature","geometry":{"type":"LineString","coordinates":[[-60.71500041,-31.62344645],[-60.71357013,-31.6236148]]},"properties":{"layer":"Cuencas","entity_type":"LINE","handle":"1BC838"}},{"type":"Feature","geometry":{"type":"LineString","coordinates":[[-60.71357013,-31.6236148],[-60.71357914,-31.62480012]]},"properties":{"layer":"Cuencas","entity_type":"LINE","handle":"1BC839"}},{"type":"Feature","geometry":{"type":"LineString","coordinates":[[-60.71357914,-31.62480012],[-60.71348355,-31.62491975]]},"properties":{"layer":"Cuencas","entity_type":"LINE","handle":"1BC83A"}},{"type":"Feature","geometry":{"type":"LineString","coordinates":[[-60.71348355,-31.62491975],[-60.71334818,-31.62484213]]},"properties":{"layer":"Cuencas","entity_type":"LINE","handle":"1BC83B"}},{"type":"Feature","geometry":{"type":"LineString","coordinates":[[-60.72214791,-31.62337921],[-60.72230539,-31.62602583]]},"properties":{"layer":"Cuencas","entity_type":"LINE","handle":"1BC83C"}},{"type":"Feature","geometry":{"type":"LineString","coordinates":[[-60.70145119,-31.63102186],[-60.70229247,-31.63085712]]},"properties":{"layer":"Cuencas","entity_type":"LINE","handle":"1BC83D"}},{"type":"Feature","geometry":{"type":"LineString","coordinates":[[-60.70229247,-31.63085712],[-60.70447794,-31.63039414]]},"properties":{"layer":"Cuencas","entity_type":"LINE","handle":"1BC83E"}},{"type":"Feature","geometry":{"type":"LineString","coordinates":[[-60.70447794,-31.63039414],[-60.70454343,-31.63059589]]},"properties":{"layer":"Cuencas","entity_type":"LINE","handle":"1BC83F"}},{"type":"Feature","geometry":{"type":"LineString","coordinates":[[-60.70454343,-31.63059589],[-60.70456889,-31.63068408]]},"properties":{"layer":"Cuencas","entity_type":"LINE","handle":"1BC840"}},{"type":"Feature","geometry":{"type":"LineString","coordinates":[[-60.70456889,-31.63068408],[-60.70484262,-31.63080977]]},"properties":{"layer":"Cuencas","entity_type":"LINE","handle":"1BC841"}},{"type":"Feature","geometry":{"type":"LineString","coordinates":[[-60.70484262,-31.63080977],[-60.70494733,-31.63099291]]},"properties":{"layer":"Cuencas","entity_type":"LINE","handle":"1BC842"}},{"type":"Feature","geometry":{"type":"LineString","coordinates":[[-60.70494733,-31.63099291],[-60.70507795,-31.63132431]]},"properties":{"layer":"Cuencas","entity_type":"LINE","handle":"1BC843"}},{"type":"Feature","geometry":{"type":"LineString","coordinates":[[-60.70507795,-31.63132431],[-60.70521701,-31.63125743]]},"properties":{"layer":"Cuencas","entity_type":"LINE","handle":"1BC844"}},{"type":"Feature","geometry":{"type":"LineString","coordinates":[[-60.70521701,-31.63125743],[-60.70533649,-31.6312073]]},"properties":{"layer":"Cuencas","entity_type":"LINE","handle":"1BC845"}},{"type":"Feature","geometry":{"type":"LineString","coordinates":[[-60.70533649,-31.6312073],[-60.70703958,-31.63069617]]},"properties":{"layer":"Cuencas","entity_type":"LINE","handle":"1BC846"}},{"type":"Feature","geometry":{"type":"LineString","coordinates":[[-60.70703958,-31.63069617],[-60.70722149,-31.63124987]]},"properties":{"layer":"Cuencas","entity_type":"LINE","handle":"1BC847"}},{"type":"Feature","geometry":{"type":"LineString","coordinates":[[-60.70722149,-31.63124987],[-60.70699149,-31.63144194]]},"properties":{"layer":"Cuencas","entity_type":"LINE","handle":"1BC848"}},{"type":"Feature","geometry":{"type":"LineString","coordinates":[[-60.70699149,-31.63144194],[-60.70765913,-31.63173503]]},"properties":{"layer":"Cuencas","entity_type":"LINE","handle":"1BC849"}},{"type":"Feature","geometry":{"type":"LineString","coordinates":[[-60.70765913,-31.63173503],[-60.70788194,-31.63168433]]},"properties":{"layer":"Cuencas","entity_type":"LINE","handle":"1BC84A"}},{"type":"Feature","geometry":{"type":"LineString","coordinates":[[-60.70788194,-31.63168433],[-60.70821893,-31.63111344]]},"properties":{"layer":"Cuencas","entity_type":"LINE","handle":"1BC84B"}},{"type":"Feature","geometry":{"type":"LineString","coordinates":[[-60.70821893,-31.63111344],[-60.70794692,-31.63042085]]},"properties":{"layer":"Cuencas","entity_type":"LINE","handle":"1BC84C"}},{"type":"Feature","geometry":{"type":"LineString","coordinates":[[-60.70794692,-31.63042085],[-60.70981622,-31.62986688]]},"properties":{"layer":"Cuencas","entity_type":"LINE","handle":"1BC84D"}},{"type":"Feature","geometry":{"type":"LineString","coordinates":[[-60.70981622,-31.62986688],[-60.71025711,-31.62978051]]},"properties":{"layer":"Cuencas","entity_type":"LINE","handle":"1BC84E"}},{"type":"Feature","geometry":{"type":"LineString","coordinates":[[-60.71025711,-31.62978051],[-60.7106859,-31.62971519]]},"properties":{"layer":"Cuencas","entity_type":"LINE","handle":"1BC84F"}},{"type":"Feature","geometry":{"type":"LineString","coordinates":[[-60.7106859,-31.62971519],[-60.7110536,-31.62968168]]},"properties":{"layer":"Cuencas","entity_type":"LINE","handle":"1BC850"}},{"type":"Feature","geometry":{"type":"LineString","coordinates":[[-60.7110536,-31.62968168],[-60.71139708,-31.62969026]]},"properties":{"layer":"Cuencas","entity_type":"LINE","handle":"1BC851"}},{"type":"Feature","geometry":{"type":"LineString","coordinates":[[-60.71139708,-31.62969026],[-60.71190033,-31.6297399]]},"properties":{"layer":"Cuencas","entity_type":"LINE","handle":"1BC852"}},{"type":"Feature","geometry":{"type":"LineString","coordinates":[[-60.71190033,-31.6297399],[-60.71258779,-31.62981997]]},"properties":{"layer":"Cuencas","entity_type":"LINE","handle":"1BC853"}},{"type":"Feature","geometry":{"type":"LineString","coordinates":[[-60.71258779,-31.62981997],[-60.71318657,-31.62989414]]},"properties":{"layer":"Cuencas","entity_type":"LINE","handle":"1BC854"}},{"type":"Feature","geometry":{"type":"LineString","coordinates":[[-60.71318657,-31.62989414],[-60.71321817,-31.62979603]]},"properties":{"layer":"Cuencas","entity_type":"LINE","handle":"1BC855"}},{"type":"Feature","geometry":{"type":"LineString","coordinates":[[-60.71321817,-31.62979603],[-60.713278,-31.62970078]]},"properties":{"layer":"Cuencas","entity_type":"LINE","handle":"1BC856"}},{"type":"Feature","geometry":{"type":"LineString","coordinates":[[-60.713278,-31.62970078],[-60.71320386,-31.62924384]]},"properties":{"layer":"Cuencas","entity_type":"LINE","handle":"1BC857"}},{"type":"Feature","geometry":{"type":"LineString","coordinates":[[-60.71320386,-31.62924384],[-60.71325327,-31.6291055]]},"properties":{"layer":"Cuencas","entity_type":"LINE","handle":"1BC858"}},{"type":"Feature","geometry":{"type":"LineString","coordinates":[[-60.71325327,-31.6291055],[-60.71323012,-31.62871732]]},"properties":{"layer":"Cuencas","entity_type":"LINE","handle":"1BC859"}},{"type":"Feature","geometry":{"type":"LineString","coordinates":[[-60.71323012,-31.62871732],[-60.71321898,-31.62857931]]},"properties":{"layer":"Cuencas","entity_type":"LINE","handle":"1BC85A"}},{"type":"Feature","geometry":{"type":"LineString","coordinates":[[-60.71321898,-31.62857931],[-60.71336887,-31.62838]]},"properties":{"layer":"Cuencas","entity_type":"LINE","handle":"1BC85B"}},{"type":"Feature","geometry":{"type":"LineString","coordinates":[[-60.71336887,-31.62838],[-60.71311734,-31.62716469]]},"properties":{"layer":"Cuencas","entity_type":"LINE","handle":"1BC85C"}},{"type":"Feature","geometry":{"type":"LineString","coordinates":[[-60.71311734,-31.62716469],[-60.71312697,-31.62710424]]},"properties":{"layer":"Cuencas","entity_type":"LINE","handle":"1BC85D"}},{"type":"Feature","geometry":{"type":"LineString","coordinates":[[-60.71312697,-31.62710424],[-60.7132068,-31.62698298]]},"properties":{"layer":"Cuencas","entity_type":"LINE","handle":"1BC85E"}},{"type":"Feature","geometry":{"type":"LineString","coordinates":[[-60.7132068,-31.62698298],[-60.71338002,-31.62688607]]},"properties":{"layer":"Cuencas","entity_type":"LINE","handle":"1BC85F"}},{"type":"Feature","geometry":{"type":"LineString","coordinates":[[-60.71338002,-31.62688607],[-60.71348463,-31.6268078]]},"properties":{"layer":"Cuencas","entity_type":"LINE","handle":"1BC860"}},{"type":"Feature","geometry":{"type":"LineString","coordinates":[[-60.71348463,-31.6268078],[-60.71376781,-31.62661459]]},"properties":{"layer":"Cuencas","entity_type":"LINE","handle":"1BC861"}},{"type":"Feature","geometry":{"type":"LineString","coordinates":[[-60.71376781,-31.62661459],[-60.71395785,-31.6266119]]},"properties":{"layer":"Cuencas","entity_type":"LINE","handle":"1BC862"}},{"type":"Feature","geometry":{"type":"LineString","coordinates":[[-60.71395785,-31.6266119],[-60.71416635,-31.62656728]]},"properties":{"layer":"Cuencas","entity_type":"LINE","handle":"1BC863"}},{"type":"Feature","geometry":{"type":"LineString","coordinates":[[-60.71416635,-31.62656728],[-60.71417003,-31.62656605]]},"properties":{"layer":"Cuencas","entity_type":"LINE","handle":"1BC864"}},{"type":"Feature","geometry":{"type":"LineString","coordinates":[[-60.69755305,-31.62574811],[-60.69775127,-31.62638277]]},"properties":{"layer":"Cuencas","entity_type":"LINE","handle":"1BC865"}},{"type":"Feature","geometry":{"type":"LineString","coordinates":[[-60.69775127,-31.62638277],[-60.6991566,-31.63063428]]},"properties":{"layer":"Cuencas","entity_type":"LINE","handle":"1BC866"}},{"type":"Feature","geometry":{"type":"LineString","coordinates":[[-60.6991566,-31.63063428],[-60.69930858,-31.63103297]]},"properties":{"layer":"Cuencas","entity_type":"LINE","handle":"1BC868"}},{"type":"Feature","geometry":{"type":"LineString","coordinates":[[-60.69930858,-31.63103297],[-60.6994123,-31.63116414]]},"properties":{"layer":"Cuencas","entity_type":"LINE","handle":"1BC869"}},{"type":"Feature","geometry":{"type":"LineString","coordinates":[[-60.6994123,-31.63116414],[-60.69952617,-31.63127769]]},"properties":{"layer":"Cuencas","entity_type":"LINE","handle":"1BC86A"}},{"type":"Feature","geometry":{"type":"LineString","coordinates":[[-60.69952617,-31.63127769],[-60.69970934,-31.63143814]]},"properties":{"layer":"Cuencas","entity_type":"LINE","handle":"1BC86B"}},{"type":"Feature","geometry":{"type":"LineString","coordinates":[[-60.69970934,-31.63143814],[-60.69986902,-31.63156546]]},"properties":{"layer":"Cuencas","entity_type":"LINE","handle":"1BC86C"}},{"type":"Feature","geometry":{"type":"LineString","coordinates":[[-60.69986902,-31.63156546],[-60.7000906,-31.63171507]]},"properties":{"layer":"Cuencas","entity_type":"LINE","handle":"1BC86D"}},{"type":"Feature","geometry":{"type":"LineString","coordinates":[[-60.7000906,-31.63171507],[-60.70032077,-31.63183447]]},"properties":{"layer":"Cuencas","entity_type":"LINE","handle":"1BC86E"}},{"type":"Feature","geometry":{"type":"LineString","coordinates":[[-60.70032077,-31.63183447],[-60.70056852,-31.63194622]]},"properties":{"layer":"Cuencas","entity_type":"LINE","handle":"1BC86F"}},{"type":"Feature","geometry":{"type":"LineString","coordinates":[[-60.70056852,-31.63194622],[-60.70083374,-31.63203526]]},"properties":{"layer":"Cuencas","entity_type":"LINE","handle":"1BC870"}},{"type":"Feature","geometry":{"type":"LineString","coordinates":[[-60.70083374,-31.63203526],[-60.70101038,-31.63207199]]},"properties":{"layer":"Cuencas","entity_type":"LINE","handle":"1BC871"}},{"type":"Feature","geometry":{"type":"LineString","coordinates":[[-60.70101038,-31.63207199],[-60.70119572,-31.6320936]]},"properties":{"layer":"Cuencas","entity_type":"LINE","handle":"1BC872"}},{"type":"Feature","geometry":{"type":"LineString","coordinates":[[-60.70119572,-31.6320936],[-60.70135821,-31.63209705]]},"properties":{"layer":"Cuencas","entity_type":"LINE","handle":"1BC873"}},{"type":"Feature","geometry":{"type":"LineString","coordinates":[[-60.70139364,-31.6244694],[-60.70120832,-31.62452079]]},"properties":{"layer":"Cuencas","entity_type":"LINE","handle":"1BC874"}},{"type":"Feature","geometry":{"type":"LineString","coordinates":[[-60.70120832,-31.62452079],[-60.70108657,-31.62472346]]},"properties":{"layer":"Cuencas","entity_type":"LINE","handle":"1BC875"}},{"type":"Feature","geometry":{"type":"LineString","coordinates":[[-60.70703565,-31.62682619],[-60.70703387,-31.62682941]]},"properties":{"layer":"Cuencas","entity_type":"LINE","handle":"1BC876"}},{"type":"Feature","geometry":{"type":"LineString","coordinates":[[-60.70703565,-31.62682619],[-60.70720902,-31.6266069]]},"properties":{"layer":"Cuencas","entity_type":"LINE","handle":"1BC877"}},{"type":"Feature","geometry":{"type":"LineString","coordinates":[[-60.70720902,-31.6266069],[-60.70712958,-31.62629117]]},"properties":{"layer":"Cuencas","entity_type":"LINE","handle":"1BC878"}},{"type":"Feature","geometry":{"type":"LineString","coordinates":[[-60.70712958,-31.62629117],[-60.7068668,-31.62618284]]},"properties":{"layer":"Cuencas","entity_type":"LINE","handle":"1BC879"}},{"type":"Feature","geometry":{"type":"LineString","coordinates":[[-60.7068668,-31.62618284],[-60.70677388,-31.62612187]]},"properties":{"layer":"Cuencas","entity_type":"LINE","handle":"1BC87A"}},{"type":"Feature","geometry":{"type":"LineString","coordinates":[[-60.70677388,-31.62612187],[-60.70670127,-31.62603006]]},"properties":{"layer":"Cuencas","entity_type":"LINE","handle":"1BC87B"}},{"type":"Feature","geometry":{"type":"LineString","coordinates":[[-60.70670127,-31.62603006],[-60.70642815,-31.625913]]},"properties":{"layer":"Cuencas","entity_type":"LINE","handle":"1BC87C"}},{"type":"Feature","geometry":{"type":"LineString","coordinates":[[-60.70642815,-31.625913],[-60.70631753,-31.62554914]]},"properties":{"layer":"Cuencas","entity_type":"LINE","handle":"1BC87D"}},{"type":"Feature","geometry":{"type":"LineString","coordinates":[[-60.70631753,-31.62554914],[-60.70586971,-31.62548336]]},"properties":{"layer":"Cuencas","entity_type":"LINE","handle":"1BC87E"}},{"type":"Feature","geometry":{"type":"LineString","coordinates":[[-60.70586971,-31.62548336],[-60.70566133,-31.62571964]]},"properties":{"layer":"Cuencas","entity_type":"LINE","handle":"1BC87F"}},{"type":"Feature","geometry":{"type":"LineString","coordinates":[[-60.70566133,-31.62571964],[-60.70539762,-31.62548835]]},"properties":{"layer":"Cuencas","entity_type":"LINE","handle":"1BC880"}},{"type":"Feature","geometry":{"type":"LineString","coordinates":[[-60.70539762,-31.62548835],[-60.70521988,-31.62545048]]},"properties":{"layer":"Cuencas","entity_type":"LINE","handle":"1BC881"}},{"type":"Feature","geometry":{"type":"LineString","coordinates":[[-60.70521988,-31.62545048],[-60.70510647,-31.62546254]]},"properties":{"layer":"Cuencas","entity_type":"LINE","handle":"1BC882"}},{"type":"Feature","geometry":{"type":"LineString","coordinates":[[-60.70510647,-31.62546254],[-60.70268585,-31.62597427]]},"properties":{"layer":"Cuencas","entity_type":"LINE","handle":"1BC883"}},{"type":"Feature","geometry":{"type":"LineString","coordinates":[[-60.70268585,-31.62597427],[-60.70196643,-31.62612087]]},"properties":{"layer":"Cuencas","entity_type":"LINE","handle":"1BC884"}},{"type":"Feature","geometry":{"type":"LineString","coordinates":[[-60.71047336,-31.62399285],[-60.71079002,-31.6236378]]},"properties":{"layer":"Cuencas","entity_type":"LINE","handle":"1BC885"}},{"type":"Feature","geometry":{"type":"LineString","coordinates":[[-60.71079002,-31.6236378],[-60.71091866,-31.62345748]]},"properties":{"layer":"Cuencas","entity_type":"LINE","handle":"1BC886"}},{"type":"Feature","geometry":{"type":"LineString","coordinates":[[-60.71091866,-31.62345748],[-60.71308116,-31.6246868]]},"properties":{"layer":"Cuencas","entity_type":"LINE","handle":"1BC887"}},{"type":"Feature","geometry":{"type":"LineString","coordinates":[[-60.71308116,-31.6246868],[-60.71334666,-31.62484241]]},"properties":{"layer":"Cuencas","entity_type":"LINE","handle":"1BC888"}},{"type":"Feature","geometry":{"type":"LineString","coordinates":[[-60.71334666,-31.62484241],[-60.71334818,-31.62484213]]},"properties":{"layer":"Cuencas","entity_type":"LINE","handle":"1BC889"}},{"type":"Feature","geometry":{"type":"LineString","coordinates":[[-60.71357914,-31.62480012],[-60.71357013,-31.6236148]]},"properties":{"layer":"Cuencas","entity_type":"LINE","handle":"1BC88A"}},{"type":"Feature","geometry":{"type":"LineString","coordinates":[[-60.71357013,-31.6236148],[-60.71500041,-31.62344645]]},"properties":{"layer":"Cuencas","entity_type":"LINE","handle":"1BC88B"}},{"type":"Feature","geometry":{"type":"LineString","coordinates":[[-60.71500041,-31.62344645],[-60.71512512,-31.6233181]]},"properties":{"layer":"Cuencas","entity_type":"LINE","handle":"1BC88C"}},{"type":"Feature","geometry":{"type":"LineString","coordinates":[[-60.71512512,-31.6233181],[-60.71564648,-31.62267021]]},"properties":{"layer":"Cuencas","entity_type":"LINE","handle":"1BC88D"}},{"type":"Feature","geometry":{"type":"LineString","coordinates":[[-60.70137849,-31.63209748],[-60.7016644,-31.6321146]]},"properties":{"layer":"Cuencas","entity_type":"LINE","handle":"1BC88E"}},{"type":"Feature","geometry":{"type":"LineString","coordinates":[[-60.7016644,-31.6321146],[-60.70159403,-31.63154968]]},"properties":{"layer":"Cuencas","entity_type":"LINE","handle":"1BC88F"}},{"type":"Feature","geometry":{"type":"LineString","coordinates":[[-60.70159403,-31.63154968],[-60.7014519,-31.63102447]]},"properties":{"layer":"Cuencas","entity_type":"LINE","handle":"1BC890"}},{"type":"Feature","geometry":{"type":"LineString","coordinates":[[-60.70947215,-31.62392737],[-60.70965189,-31.62389216]]},"properties":{"layer":"Cuencas","entity_type":"LINE","handle":"1BC891"}},{"type":"Feature","geometry":{"type":"LineString","coordinates":[[-60.70965189,-31.62389216],[-60.7100972,-31.62406002]]},"properties":{"layer":"Cuencas","entity_type":"LINE","handle":"1BC892"}},{"type":"Feature","geometry":{"type":"LineString","coordinates":[[-60.70947215,-31.62392737],[-60.70914339,-31.62397394]]},"properties":{"layer":"Cuencas","entity_type":"LINE","handle":"1BC893"}},{"type":"Feature","geometry":{"type":"LineString","coordinates":[[-60.72207869,-31.61889553],[-60.72207687,-31.6186603]]},"properties":{"layer":"Cuencas","entity_type":"LINE","handle":"1BC894"}},{"type":"Feature","geometry":{"type":"LineString","coordinates":[[-60.72207687,-31.6186603],[-60.72203978,-31.61826446]]},"properties":{"layer":"Cuencas","entity_type":"LINE","handle":"1BC895"}},{"type":"Feature","geometry":{"type":"LineString","coordinates":[[-60.72203978,-31.61826446],[-60.72195867,-31.61777317]]},"properties":{"layer":"Cuencas","entity_type":"LINE","handle":"1BC896"}},{"type":"Feature","geometry":{"type":"LineString","coordinates":[[-60.72195867,-31.61777317],[-60.72184264,-31.61720869]]},"properties":{"layer":"Cuencas","entity_type":"LINE","handle":"1BC897"}},{"type":"Feature","geometry":{"type":"LineString","coordinates":[[-60.72184264,-31.61720869],[-60.72173572,-31.61671021]]},"properties":{"layer":"Cuencas","entity_type":"LINE","handle":"1BC898"}},{"type":"Feature","geometry":{"type":"LineString","coordinates":[[-60.72173572,-31.61671021],[-60.72168193,-31.61644533]]},"properties":{"layer":"Cuencas","entity_type":"LINE","handle":"1BC899"}},{"type":"Feature","geometry":{"type":"LineString","coordinates":[[-60.72168193,-31.61644533],[-60.72165548,-31.61635741]]},"properties":{"layer":"Cuencas","entity_type":"LINE","handle":"1BC89A"}},{"type":"Feature","geometry":{"type":"LineString","coordinates":[[-60.72165548,-31.61635741],[-60.72143298,-31.61640493]]},"properties":{"layer":"Cuencas","entity_type":"LINE","handle":"1BC89B"}},{"type":"Feature","geometry":{"type":"LineString","coordinates":[[-60.72201826,-31.62109758],[-60.72197485,-31.62070576]]},"properties":{"layer":"Cuencas","entity_type":"LINE","handle":"1BC89C"}},{"type":"Feature","geometry":{"type":"LineString","coordinates":[[-60.72197485,-31.62070576],[-60.72190354,-31.62003125]]},"properties":{"layer":"Cuencas","entity_type":"LINE","handle":"1BC89D"}},{"type":"Feature","geometry":{"type":"LineString","coordinates":[[-60.72190354,-31.62003125],[-60.72200999,-31.61955389]]},"properties":{"layer":"Cuencas","entity_type":"LINE","handle":"1BC89E"}},{"type":"Feature","geometry":{"type":"LineString","coordinates":[[-60.72200999,-31.61955389],[-60.72207732,-31.61919351]]},"properties":{"layer":"Cuencas","entity_type":"LINE","handle":"1BC89F"}},{"type":"Feature","geometry":{"type":"LineString","coordinates":[[-60.72207732,-31.61919351],[-60.72208214,-31.61889551]]},"properties":{"layer":"Cuencas","entity_type":"LINE","handle":"1BC8A0"}},{"type":"Feature","geometry":{"type":"LineString","coordinates":[[-60.72212877,-31.62344156],[-60.72216853,-31.62344203]]},"properties":{"layer":"Cuencas","entity_type":"LINE","handle":"1BC8A1"}},{"type":"Feature","geometry":{"type":"LineString","coordinates":[[-60.72216853,-31.62344203],[-60.72211064,-31.62260177]]},"properties":{"layer":"Cuencas","entity_type":"LINE","handle":"1BC8A2"}},{"type":"Feature","geometry":{"type":"LineString","coordinates":[[-60.72211064,-31.62260177],[-60.72205984,-31.62172736]]},"properties":{"layer":"Cuencas","entity_type":"LINE","handle":"1BC8A3"}},{"type":"Feature","geometry":{"type":"LineString","coordinates":[[-60.72205984,-31.62172736],[-60.72201826,-31.62109758]]},"properties":{"layer":"Cuencas","entity_type":"LINE","handle":"1BC8A4"}},{"type":"Feature","geometry":{"type":"LineString","coordinates":[[-60.71382069,-31.61579335],[-60.7139429,-31.61557682]]},"properties":{"layer":"Cuencas","entity_type":"LINE","handle":"1BC8A5"}},{"type":"Feature","geometry":{"type":"LineString","coordinates":[[-60.7139429,-31.61557682],[-60.7141344,-31.61523124]]},"properties":{"layer":"Cuencas","entity_type":"LINE","handle":"1BC8A6"}},{"type":"Feature","geometry":{"type":"LineString","coordinates":[[-60.7141344,-31.61523124],[-60.7143579,-31.61516619]]},"properties":{"layer":"Cuencas","entity_type":"LINE","handle":"1BC8A7"}},{"type":"Feature","geometry":{"type":"LineString","coordinates":[[-60.7143579,-31.61516619],[-60.71456765,-31.61525433]]},"properties":{"layer":"Cuencas","entity_type":"LINE","handle":"1BC8A8"}},{"type":"Feature","geometry":{"type":"LineString","coordinates":[[-60.71456765,-31.61525433],[-60.71467198,-31.61522823]]},"properties":{"layer":"Cuencas","entity_type":"LINE","handle":"1BC8A9"}},{"type":"Feature","geometry":{"type":"LineString","coordinates":[[-60.71467198,-31.61522823],[-60.7148095,-31.61563577]]},"properties":{"layer":"Cuencas","entity_type":"LINE","handle":"1BC8AA"}},{"type":"Feature","geometry":{"type":"LineString","coordinates":[[-60.70542515,-31.61574991],[-60.70542743,-31.61637794]]},"properties":{"layer":"Cuencas","entity_type":"LINE","handle":"1BC8AB"}},{"type":"Feature","geometry":{"type":"LineString","coordinates":[[-60.70542743,-31.61637794],[-60.70574531,-31.61637028]]},"properties":{"layer":"Cuencas","entity_type":"LINE","handle":"1BC8AC"}},{"type":"Feature","geometry":{"type":"LineString","coordinates":[[-60.70108758,-31.62472177],[-60.70071413,-31.62459866]]},"properties":{"layer":"Cuencas","entity_type":"LINE","handle":"1BC8AD"}},{"type":"Feature","geometry":{"type":"LineString","coordinates":[[-60.70071413,-31.62459866],[-60.70060093,-31.6246278]]},"properties":{"layer":"Cuencas","entity_type":"LINE","handle":"1BC8AE"}},{"type":"Feature","geometry":{"type":"LineString","coordinates":[[-60.70060093,-31.6246278],[-60.70034987,-31.6249544]]},"properties":{"layer":"Cuencas","entity_type":"LINE","handle":"1BC8AF"}},{"type":"Feature","geometry":{"type":"LineString","coordinates":[[-60.70034987,-31.6249544],[-60.69976091,-31.62505812]]},"properties":{"layer":"Cuencas","entity_type":"LINE","handle":"1BC8B0"}},{"type":"Feature","geometry":{"type":"LineString","coordinates":[[-60.69976091,-31.62505812],[-60.69948104,-31.62371581]]},"properties":{"layer":"Cuencas","entity_type":"LINE","handle":"1BC8B1"}},{"type":"Feature","geometry":{"type":"LineString","coordinates":[[-60.69948104,-31.62371581],[-60.69880595,-31.62381885]]},"properties":{"layer":"Cuencas","entity_type":"LINE","handle":"1BC8B2"}},{"type":"Feature","geometry":{"type":"LineString","coordinates":[[-60.69880595,-31.62381885],[-60.69869112,-31.62401195]]},"properties":{"layer":"Cuencas","entity_type":"LINE","handle":"1BC8B3"}},{"type":"Feature","geometry":{"type":"LineString","coordinates":[[-60.69869112,-31.62401195],[-60.69838484,-31.62387082]]},"properties":{"layer":"Cuencas","entity_type":"LINE","handle":"1BC8B4"}},{"type":"Feature","geometry":{"type":"LineString","coordinates":[[-60.69838484,-31.62387082],[-60.69803031,-31.62389218]]},"properties":{"layer":"Cuencas","entity_type":"LINE","handle":"1BC8B5"}},{"type":"Feature","geometry":{"type":"LineString","coordinates":[[-60.70196029,-31.62611828],[-60.70196643,-31.62612087]]},"properties":{"layer":"Cuencas","entity_type":"LINE","handle":"1BC8B6"}},{"type":"Feature","geometry":{"type":"LineString","coordinates":[[-60.70196643,-31.62612087],[-60.70268585,-31.62597427]]},"properties":{"layer":"Cuencas","entity_type":"LINE","handle":"1BC8B7"}},{"type":"Feature","geometry":{"type":"LineString","coordinates":[[-60.70268585,-31.62597427],[-60.70510647,-31.62546254]]},"properties":{"layer":"Cuencas","entity_type":"LINE","handle":"1BC8B8"}},{"type":"Feature","geometry":{"type":"LineString","coordinates":[[-60.70196029,-31.62611828],[-60.70146899,-31.62445765]]},"properties":{"layer":"Cuencas","entity_type":"LINE","handle":"1BC8B9"}},{"type":"Feature","geometry":{"type":"LineString","coordinates":[[-60.70146899,-31.62445765],[-60.70139364,-31.6244694]]},"properties":{"layer":"Cuencas","entity_type":"LINE","handle":"1BC8BA"}},{"type":"Feature","geometry":{"type":"LineString","coordinates":[[-60.70521988,-31.62545048],[-60.70510647,-31.62546254]]},"properties":{"layer":"Cuencas","entity_type":"LINE","handle":"1BC8BB"}},{"type":"Feature","geometry":{"type":"LineString","coordinates":[[-60.72666265,-31.63706571],[-60.72699148,-31.63701008]]},"properties":{"layer":"Cuencas","entity_type":"LINE","handle":"1BC8BC"}},{"type":"Feature","geometry":{"type":"LineString","coordinates":[[-60.72699148,-31.63701008],[-60.72690928,-31.63587968]]},"properties":{"layer":"Cuencas","entity_type":"LINE","handle":"1BC8BD"}},{"type":"Feature","geometry":{"type":"LineString","coordinates":[[-60.72690928,-31.63587968],[-60.72705687,-31.63580024]]},"properties":{"layer":"Cuencas","entity_type":"LINE","handle":"1BC8BE"}},{"type":"Feature","geometry":{"type":"LineString","coordinates":[[-60.72351333,-31.63792415],[-60.72365485,-31.63776733]]},"properties":{"layer":"Cuencas","entity_type":"LINE","handle":"1BC8BF"}},{"type":"Feature","geometry":{"type":"LineString","coordinates":[[-60.72365485,-31.63776733],[-60.72389979,-31.63786714]]},"properties":{"layer":"Cuencas","entity_type":"LINE","handle":"1BC8C0"}},{"type":"Feature","geometry":{"type":"LineString","coordinates":[[-60.72389979,-31.63786714],[-60.72408826,-31.63784077]]},"properties":{"layer":"Cuencas","entity_type":"LINE","handle":"1BC8C1"}},{"type":"Feature","geometry":{"type":"LineString","coordinates":[[-60.72408826,-31.63784077],[-60.72427918,-31.63765311]]},"properties":{"layer":"Cuencas","entity_type":"LINE","handle":"1BC8C2"}},{"type":"Feature","geometry":{"type":"LineString","coordinates":[[-60.72427918,-31.63765311],[-60.7245166,-31.63773715]]},"properties":{"layer":"Cuencas","entity_type":"LINE","handle":"1BC8C3"}},{"type":"Feature","geometry":{"type":"LineString","coordinates":[[-60.7245166,-31.63773715],[-60.72484541,-31.63767836]]},"properties":{"layer":"Cuencas","entity_type":"LINE","handle":"1BC8C4"}},{"type":"Feature","geometry":{"type":"LineString","coordinates":[[-60.72484541,-31.63767836],[-60.72496934,-31.63744048]]},"properties":{"layer":"Cuencas","entity_type":"LINE","handle":"1BC8C5"}},{"type":"Feature","geometry":{"type":"LineString","coordinates":[[-60.72496934,-31.63744048],[-60.72527779,-31.63761898]]},"properties":{"layer":"Cuencas","entity_type":"LINE","handle":"1BC8C6"}},{"type":"Feature","geometry":{"type":"LineString","coordinates":[[-60.72527779,-31.63761898],[-60.72545879,-31.63758317]]},"properties":{"layer":"Cuencas","entity_type":"LINE","handle":"1BC8C7"}},{"type":"Feature","geometry":{"type":"LineString","coordinates":[[-60.72545879,-31.63758317],[-60.7256069,-31.63737063]]},"properties":{"layer":"Cuencas","entity_type":"LINE","handle":"1BC8C8"}},{"type":"Feature","geometry":{"type":"LineString","coordinates":[[-60.7256069,-31.63737063],[-60.7259002,-31.63750494]]},"properties":{"layer":"Cuencas","entity_type":"LINE","handle":"1BC8C9"}},{"type":"Feature","geometry":{"type":"LineString","coordinates":[[-60.7259002,-31.63750494],[-60.7262696,-31.63743327]]},"properties":{"layer":"Cuencas","entity_type":"LINE","handle":"1BC8CA"}},{"type":"Feature","geometry":{"type":"LineString","coordinates":[[-60.7262696,-31.63743327],[-60.72666265,-31.63706571]]},"properties":{"layer":"Cuencas","entity_type":"LINE","handle":"1BC8CB"}},{"type":"Feature","geometry":{"type":"LineString","coordinates":[[-60.70821893,-31.63111344],[-60.70793946,-31.63042306]]},"properties":{"layer":"Cuencas","entity_type":"LINE","handle":"1BC8CC"}},{"type":"Feature","geometry":{"type":"LineString","coordinates":[[-60.71258779,-31.62981997],[-60.71190033,-31.6297399]]},"properties":{"layer":"Cuencas","entity_type":"LINE","handle":"1BC8CD"}},{"type":"Feature","geometry":{"type":"LineString","coordinates":[[-60.71190033,-31.6297399],[-60.71139708,-31.62969026]]},"properties":{"layer":"Cuencas","entity_type":"LINE","handle":"1BC8CE"}},{"type":"Feature","geometry":{"type":"LineString","coordinates":[[-60.71139708,-31.62969026],[-60.7110536,-31.62968168]]},"properties":{"layer":"Cuencas","entity_type":"LINE","handle":"1BC8CF"}},{"type":"Feature","geometry":{"type":"LineString","coordinates":[[-60.7110536,-31.62968168],[-60.7106859,-31.62971519]]},"properties":{"layer":"Cuencas","entity_type":"LINE","handle":"1BC8D0"}},{"type":"Feature","geometry":{"type":"LineString","coordinates":[[-60.7106859,-31.62971519],[-60.71025711,-31.62978051]]},"properties":{"layer":"Cuencas","entity_type":"LINE","handle":"1BC8D1"}},{"type":"Feature","geometry":{"type":"LineString","coordinates":[[-60.71025711,-31.62978051],[-60.70981622,-31.62986688]]},"properties":{"layer":"Cuencas","entity_type":"LINE","handle":"1BC8D2"}},{"type":"Feature","geometry":{"type":"LineString","coordinates":[[-60.70981622,-31.62986688],[-60.70793946,-31.63042306]]},"properties":{"layer":"Cuencas","entity_type":"LINE","handle":"1BC8D3"}},{"type":"Feature","geometry":{"type":"LineString","coordinates":[[-60.71804162,-31.63526699],[-60.71801396,-31.63527306]]},"properties":{"layer":"Cuencas","entity_type":"LINE","handle":"1BC8D4"}},{"type":"Feature","geometry":{"type":"LineString","coordinates":[[-60.71801396,-31.63527306],[-60.71827726,-31.63641071]]},"properties":{"layer":"Cuencas","entity_type":"LINE","handle":"1BC8D5"}},{"type":"Feature","geometry":{"type":"LineString","coordinates":[[-60.71827726,-31.63641071],[-60.71837414,-31.63639981]]},"properties":{"layer":"Cuencas","entity_type":"LINE","handle":"1BC8D6"}},{"type":"Feature","geometry":{"type":"LineString","coordinates":[[-60.71837414,-31.63639981],[-60.71844926,-31.63671006]]},"properties":{"layer":"Cuencas","entity_type":"LINE","handle":"1BC8D7"}},{"type":"Feature","geometry":{"type":"LineString","coordinates":[[-60.71844926,-31.63671006],[-60.71857079,-31.6367508]]},"properties":{"layer":"Cuencas","entity_type":"LINE","handle":"1BC8D8"}},{"type":"Feature","geometry":{"type":"LineString","coordinates":[[-60.71857079,-31.6367508],[-60.71868346,-31.63721617]]},"properties":{"layer":"Cuencas","entity_type":"LINE","handle":"1BC8D9"}},{"type":"Feature","geometry":{"type":"LineString","coordinates":[[-60.71868346,-31.63721617],[-60.71858761,-31.63736169]]},"properties":{"layer":"Cuencas","entity_type":"LINE","handle":"1BC8DA"}},{"type":"Feature","geometry":{"type":"LineString","coordinates":[[-60.71858761,-31.63736169],[-60.71871995,-31.63794676]]},"properties":{"layer":"Cuencas","entity_type":"LINE","handle":"1BC8DB"}},{"type":"Feature","geometry":{"type":"LineString","coordinates":[[-60.72705452,-31.6358015],[-60.72692243,-31.63539665]]},"properties":{"layer":"Cuencas","entity_type":"LINE","handle":"1BC8DC"}},{"type":"Feature","geometry":{"type":"LineString","coordinates":[[-60.72692243,-31.63539665],[-60.72673127,-31.63480222]]},"properties":{"layer":"Cuencas","entity_type":"LINE","handle":"1BC8DD"}},{"type":"Feature","geometry":{"type":"LineString","coordinates":[[-60.72673127,-31.63480222],[-60.72636961,-31.63397455]]},"properties":{"layer":"Cuencas","entity_type":"LINE","handle":"1BC8DE"}},{"type":"Feature","geometry":{"type":"LineString","coordinates":[[-60.72636961,-31.63397455],[-60.72565753,-31.63277666]]},"properties":{"layer":"Cuencas","entity_type":"LINE","handle":"1BC8DF"}},{"type":"Feature","geometry":{"type":"LineString","coordinates":[[-60.72565753,-31.63277666],[-60.7250736,-31.6321083]]},"properties":{"layer":"Cuencas","entity_type":"LINE","handle":"1BC8E0"}},{"type":"Feature","geometry":{"type":"LineString","coordinates":[[-60.7250736,-31.6321083],[-60.72421961,-31.63126471]]},"properties":{"layer":"Cuencas","entity_type":"LINE","handle":"1BC8E1"}},{"type":"Feature","geometry":{"type":"LineString","coordinates":[[-60.72421961,-31.63126471],[-60.72322165,-31.63051031]]},"properties":{"layer":"Cuencas","entity_type":"LINE","handle":"1BC8E2"}},{"type":"Feature","geometry":{"type":"LineString","coordinates":[[-60.72322165,-31.63051031],[-60.72233394,-31.62998834]]},"properties":{"layer":"Cuencas","entity_type":"LINE","handle":"1BC8E3"}},{"type":"Feature","geometry":{"type":"LineString","coordinates":[[-60.72233394,-31.62998834],[-60.72224485,-31.6279479]]},"properties":{"layer":"Cuencas","entity_type":"LINE","handle":"1BC8E4"}},{"type":"Feature","geometry":{"type":"LineString","coordinates":[[-60.72224485,-31.6279479],[-60.72216374,-31.62597694]]},"properties":{"layer":"Cuencas","entity_type":"LINE","handle":"1BC8E5"}},{"type":"Feature","geometry":{"type":"LineString","coordinates":[[-60.72230418,-31.62600547],[-60.72174111,-31.62583707]]},"properties":{"layer":"Cuencas","entity_type":"LINE","handle":"1BC8E6"}},{"type":"Feature","geometry":{"type":"LineString","coordinates":[[-60.72174111,-31.62583707],[-60.7211303,-31.6257307]]},"properties":{"layer":"Cuencas","entity_type":"LINE","handle":"1BC8E7"}},{"type":"Feature","geometry":{"type":"LineString","coordinates":[[-60.7211303,-31.6257307],[-60.72051992,-31.62567923]]},"properties":{"layer":"Cuencas","entity_type":"LINE","handle":"1BC8E8"}},{"type":"Feature","geometry":{"type":"LineString","coordinates":[[-60.72051992,-31.62567923],[-60.71962062,-31.62562939]]},"properties":{"layer":"Cuencas","entity_type":"LINE","handle":"1BC8E9"}},{"type":"Feature","geometry":{"type":"LineString","coordinates":[[-60.71962062,-31.62562939],[-60.71888267,-31.62568846]]},"properties":{"layer":"Cuencas","entity_type":"LINE","handle":"1BC8EA"}},{"type":"Feature","geometry":{"type":"LineString","coordinates":[[-60.71888267,-31.62568846],[-60.71830566,-31.62580153]]},"properties":{"layer":"Cuencas","entity_type":"LINE","handle":"1BC8EB"}},{"type":"Feature","geometry":{"type":"LineString","coordinates":[[-60.71830566,-31.62580153],[-60.71644621,-31.62614145]]},"properties":{"layer":"Cuencas","entity_type":"LINE","handle":"1BC8EC"}},{"type":"Feature","geometry":{"type":"LineString","coordinates":[[-60.71644621,-31.62614145],[-60.71471473,-31.62642572]]},"properties":{"layer":"Cuencas","entity_type":"LINE","handle":"1BC8ED"}},{"type":"Feature","geometry":{"type":"LineString","coordinates":[[-60.71471473,-31.62642572],[-60.71417003,-31.62656605]]},"properties":{"layer":"Cuencas","entity_type":"LINE","handle":"1BC8EE"}},{"type":"Feature","geometry":{"type":"LineString","coordinates":[[-60.72706464,-31.63580172],[-60.72729196,-31.63593282]]},"properties":{"layer":"Cuencas","entity_type":"LINE","handle":"1BC8EF"}},{"type":"Feature","geometry":{"type":"LineString","coordinates":[[-60.72729196,-31.63593282],[-60.72780598,-31.63617433]]},"properties":{"layer":"Cuencas","entity_type":"LINE","handle":"1BC8F0"}},{"type":"Feature","geometry":{"type":"LineString","coordinates":[[-60.72780598,-31.63617433],[-60.72823624,-31.63636539]]},"properties":{"layer":"Cuencas","entity_type":"LINE","handle":"1BC8F1"}},{"type":"Feature","geometry":{"type":"LineString","coordinates":[[-60.72823624,-31.63636539],[-60.72866627,-31.63652589]]},"properties":{"layer":"Cuencas","entity_type":"LINE","handle":"1BC8F2"}},{"type":"Feature","geometry":{"type":"LineString","coordinates":[[-60.72866627,-31.63652589],[-60.72909629,-31.63668639]]},"properties":{"layer":"Cuencas","entity_type":"LINE","handle":"1BC8F3"}},{"type":"Feature","geometry":{"type":"LineString","coordinates":[[-60.72909629,-31.63668639],[-60.72947837,-31.63680643]]},"properties":{"layer":"Cuencas","entity_type":"LINE","handle":"1BC8F4"}},{"type":"Feature","geometry":{"type":"LineString","coordinates":[[-60.72947837,-31.63680643],[-60.72978942,-31.63689352]]},"properties":{"layer":"Cuencas","entity_type":"LINE","handle":"1BC8F5"}},{"type":"Feature","geometry":{"type":"LineString","coordinates":[[-60.73859905,-31.64000692],[-60.73910188,-31.64055202]]},"properties":{"layer":"Cuencas","entity_type":"LINE","handle":"1BC8F6"}},{"type":"Feature","geometry":{"type":"LineString","coordinates":[[-60.73910188,-31.64055202],[-60.73669188,-31.64111592]]},"properties":{"layer":"Cuencas","entity_type":"LINE","handle":"1BC8F7"}},{"type":"Feature","geometry":{"type":"LineString","coordinates":[[-60.73669188,-31.64111592],[-60.73641319,-31.64149563]]},"properties":{"layer":"Cuencas","entity_type":"LINE","handle":"1BC8F8"}},{"type":"Feature","geometry":{"type":"LineString","coordinates":[[-60.73641319,-31.64149563],[-60.7359314,-31.6416359]]},"properties":{"layer":"Cuencas","entity_type":"LINE","handle":"1BC8F9"}},{"type":"Feature","geometry":{"type":"LineString","coordinates":[[-60.7359314,-31.6416359],[-60.73601459,-31.64197915]]},"properties":{"layer":"Cuencas","entity_type":"LINE","handle":"1BC8FA"}},{"type":"Feature","geometry":{"type":"LineString","coordinates":[[-60.73601459,-31.64197915],[-60.73569322,-31.64204975]]},"properties":{"layer":"Cuencas","entity_type":"LINE","handle":"1BC8FB"}},{"type":"Feature","geometry":{"type":"LineString","coordinates":[[-60.73569322,-31.64204975],[-60.73557439,-31.64229104]]},"properties":{"layer":"Cuencas","entity_type":"LINE","handle":"1BC8FC"}},{"type":"Feature","geometry":{"type":"LineString","coordinates":[[-60.73557439,-31.64229104],[-60.73578046,-31.64290857]]},"properties":{"layer":"Cuencas","entity_type":"LINE","handle":"1BC8FD"}},{"type":"Feature","geometry":{"type":"LineString","coordinates":[[-60.73578046,-31.64290857],[-60.73504979,-31.64304773]]},"properties":{"layer":"Cuencas","entity_type":"LINE","handle":"1BC8FE"}},{"type":"Feature","geometry":{"type":"LineString","coordinates":[[-60.70523357,-31.65093144],[-60.70518764,-31.6509457]]},"properties":{"layer":"Cuencas","entity_type":"LINE","handle":"1BC8FF"}},{"type":"Feature","geometry":{"type":"LineString","coordinates":[[-60.70518764,-31.6509457],[-60.70472775,-31.65105356]]},"properties":{"layer":"Cuencas","entity_type":"LINE","handle":"1BC900"}},{"type":"Feature","geometry":{"type":"LineString","coordinates":[[-60.70472775,-31.65105356],[-60.70492241,-31.65178422]]},"properties":{"layer":"Cuencas","entity_type":"LINE","handle":"1BC901"}},{"type":"Feature","geometry":{"type":"LineString","coordinates":[[-60.70492241,-31.65178422],[-60.70489705,-31.65200366]]},"properties":{"layer":"Cuencas","entity_type":"LINE","handle":"1BC902"}},{"type":"Feature","geometry":{"type":"LineString","coordinates":[[-60.70489705,-31.65200366],[-60.70481782,-31.65224647]]},"properties":{"layer":"Cuencas","entity_type":"LINE","handle":"1BC903"}},{"type":"Feature","geometry":{"type":"LineString","coordinates":[[-60.70481782,-31.65224647],[-60.70479228,-31.65244282]]},"properties":{"layer":"Cuencas","entity_type":"LINE","handle":"1BC904"}},{"type":"Feature","geometry":{"type":"LineString","coordinates":[[-60.70479228,-31.65244282],[-60.70474041,-31.65273165]]},"properties":{"layer":"Cuencas","entity_type":"LINE","handle":"1BC905"}},{"type":"Feature","geometry":{"type":"LineString","coordinates":[[-60.70474041,-31.65273165],[-60.70464836,-31.65306687]]},"properties":{"layer":"Cuencas","entity_type":"LINE","handle":"1BC906"}},{"type":"Feature","geometry":{"type":"LineString","coordinates":[[-60.70464836,-31.65306687],[-60.70454327,-31.65346332]]},"properties":{"layer":"Cuencas","entity_type":"LINE","handle":"1BC907"}},{"type":"Feature","geometry":{"type":"LineString","coordinates":[[-60.70454327,-31.65346332],[-60.70435647,-31.65377598]]},"properties":{"layer":"Cuencas","entity_type":"LINE","handle":"1BC908"}},{"type":"Feature","geometry":{"type":"LineString","coordinates":[[-60.70435647,-31.65377598],[-60.70425013,-31.6540074]]},"properties":{"layer":"Cuencas","entity_type":"LINE","handle":"1BC909"}},{"type":"Feature","geometry":{"type":"LineString","coordinates":[[-60.70425013,-31.6540074],[-60.70426677,-31.65442281]]},"properties":{"layer":"Cuencas","entity_type":"LINE","handle":"1BC90A"}},{"type":"Feature","geometry":{"type":"LineString","coordinates":[[-60.70426677,-31.65442281],[-60.70417611,-31.65494269]]},"properties":{"layer":"Cuencas","entity_type":"LINE","handle":"1BC90B"}},{"type":"Feature","geometry":{"type":"LineString","coordinates":[[-60.70417611,-31.65494269],[-60.7052978,-31.65476553]]},"properties":{"layer":"Cuencas","entity_type":"LINE","handle":"1BC90C"}},{"type":"Feature","geometry":{"type":"LineString","coordinates":[[-60.71437139,-31.65021581],[-60.71363545,-31.64754606]]},"properties":{"layer":"Cuencas","entity_type":"LINE","handle":"1BC90D"}},{"type":"Feature","geometry":{"type":"LineString","coordinates":[[-60.71363545,-31.64754606],[-60.7139554,-31.6474586]]},"properties":{"layer":"Cuencas","entity_type":"LINE","handle":"1BC90E"}},{"type":"Feature","geometry":{"type":"LineString","coordinates":[[-60.7139554,-31.6474586],[-60.71498481,-31.64720182]]},"properties":{"layer":"Cuencas","entity_type":"LINE","handle":"1BC90F"}},{"type":"Feature","geometry":{"type":"LineString","coordinates":[[-60.71348892,-31.64463962],[-60.71369446,-31.64531309]]},"properties":{"layer":"Cuencas","entity_type":"LINE","handle":"1BC910"}},{"type":"Feature","geometry":{"type":"LineString","coordinates":[[-60.71369446,-31.64531309],[-60.71411762,-31.64676699]]},"properties":{"layer":"Cuencas","entity_type":"LINE","handle":"1BC911"}},{"type":"Feature","geometry":{"type":"LineString","coordinates":[[-60.71411762,-31.64676699],[-60.71412735,-31.64681495]]},"properties":{"layer":"Cuencas","entity_type":"LINE","handle":"1BC912"}},{"type":"Feature","geometry":{"type":"LineString","coordinates":[[-60.71412735,-31.64681495],[-60.71472871,-31.64707963]]},"properties":{"layer":"Cuencas","entity_type":"LINE","handle":"1BC913"}},{"type":"Feature","geometry":{"type":"LineString","coordinates":[[-60.71472871,-31.64707963],[-60.71493574,-31.64721049]]},"properties":{"layer":"Cuencas","entity_type":"LINE","handle":"1BC914"}},{"type":"Feature","geometry":{"type":"LineString","coordinates":[[-60.71493574,-31.64721049],[-60.7152163,-31.64716091]]},"properties":{"layer":"Cuencas","entity_type":"LINE","handle":"1BC915"}},{"type":"Feature","geometry":{"type":"LineString","coordinates":[[-60.7152163,-31.64716091],[-60.71621161,-31.64689529]]},"properties":{"layer":"Cuencas","entity_type":"LINE","handle":"1BC916"}},{"type":"Feature","geometry":{"type":"LineString","coordinates":[[-60.71621161,-31.64689529],[-60.7169874,-31.6467029]]},"properties":{"layer":"Cuencas","entity_type":"LINE","handle":"1BC917"}},{"type":"Feature","geometry":{"type":"LineString","coordinates":[[-60.7169874,-31.6467029],[-60.71725844,-31.64663336]]},"properties":{"layer":"Cuencas","entity_type":"LINE","handle":"1BC918"}},{"type":"Feature","geometry":{"type":"LineString","coordinates":[[-60.71725844,-31.64663336],[-60.71741723,-31.64658046]]},"properties":{"layer":"Cuencas","entity_type":"LINE","handle":"1BC919"}},{"type":"Feature","geometry":{"type":"LineString","coordinates":[[-60.71741723,-31.64658046],[-60.71747773,-31.64653211]]},"properties":{"layer":"Cuencas","entity_type":"LINE","handle":"1BC91A"}},{"type":"Feature","geometry":{"type":"LineString","coordinates":[[-60.71747773,-31.64653211],[-60.7176831,-31.64644694]]},"properties":{"layer":"Cuencas","entity_type":"LINE","handle":"1BC91B"}},{"type":"Feature","geometry":{"type":"LineString","coordinates":[[-60.7176831,-31.64644694],[-60.71857579,-31.64623388]]},"properties":{"layer":"Cuencas","entity_type":"LINE","handle":"1BC91C"}},{"type":"Feature","geometry":{"type":"LineString","coordinates":[[-60.71857579,-31.64623388],[-60.7188792,-31.64550404]]},"properties":{"layer":"Cuencas","entity_type":"LINE","handle":"1BC91D"}},{"type":"Feature","geometry":{"type":"LineString","coordinates":[[-60.7188792,-31.64550404],[-60.71954769,-31.64536425]]},"properties":{"layer":"Cuencas","entity_type":"LINE","handle":"1BC91E"}},{"type":"Feature","geometry":{"type":"LineString","coordinates":[[-60.71954769,-31.64536425],[-60.71987334,-31.64569847]]},"properties":{"layer":"Cuencas","entity_type":"LINE","handle":"1BC91F"}},{"type":"Feature","geometry":{"type":"LineString","coordinates":[[-60.71987334,-31.64569847],[-60.7201538,-31.64563688]]},"properties":{"layer":"Cuencas","entity_type":"LINE","handle":"1BC920"}},{"type":"Feature","geometry":{"type":"LineString","coordinates":[[-60.7201538,-31.64563688],[-60.72055276,-31.64515454]]},"properties":{"layer":"Cuencas","entity_type":"LINE","handle":"1BC921"}},{"type":"Feature","geometry":{"type":"LineString","coordinates":[[-60.72055276,-31.64515454],[-60.72122421,-31.6453988]]},"properties":{"layer":"Cuencas","entity_type":"LINE","handle":"1BC922"}},{"type":"Feature","geometry":{"type":"LineString","coordinates":[[-60.72122421,-31.6453988],[-60.7214065,-31.64535776]]},"properties":{"layer":"Cuencas","entity_type":"LINE","handle":"1BC923"}},{"type":"Feature","geometry":{"type":"LineString","coordinates":[[-60.7214065,-31.64535776],[-60.72182762,-31.64471526]]},"properties":{"layer":"Cuencas","entity_type":"LINE","handle":"1BC924"}},{"type":"Feature","geometry":{"type":"LineString","coordinates":[[-60.72182762,-31.64471526],[-60.72253262,-31.64505934]]},"properties":{"layer":"Cuencas","entity_type":"LINE","handle":"1BC925"}},{"type":"Feature","geometry":{"type":"LineString","coordinates":[[-60.72253262,-31.64505934],[-60.72272424,-31.64501424]]},"properties":{"layer":"Cuencas","entity_type":"LINE","handle":"1BC926"}},{"type":"Feature","geometry":{"type":"LineString","coordinates":[[-60.72272424,-31.64501424],[-60.7231362,-31.6443998]]},"properties":{"layer":"Cuencas","entity_type":"LINE","handle":"1BC927"}},{"type":"Feature","geometry":{"type":"LineString","coordinates":[[-60.7231362,-31.6443998],[-60.72381773,-31.644736]]},"properties":{"layer":"Cuencas","entity_type":"LINE","handle":"1BC928"}},{"type":"Feature","geometry":{"type":"LineString","coordinates":[[-60.72381773,-31.644736],[-60.72410758,-31.64467834]]},"properties":{"layer":"Cuencas","entity_type":"LINE","handle":"1BC929"}},{"type":"Feature","geometry":{"type":"LineString","coordinates":[[-60.72410758,-31.64467834],[-60.72440742,-31.64409654]]},"properties":{"layer":"Cuencas","entity_type":"LINE","handle":"1BC92A"}},{"type":"Feature","geometry":{"type":"LineString","coordinates":[[-60.72440742,-31.64409654],[-60.72513062,-31.64437248]]},"properties":{"layer":"Cuencas","entity_type":"LINE","handle":"1BC92B"}},{"type":"Feature","geometry":{"type":"LineString","coordinates":[[-60.72513062,-31.64437248],[-60.72540177,-31.64431893]]},"properties":{"layer":"Cuencas","entity_type":"LINE","handle":"1BC92C"}},{"type":"Feature","geometry":{"type":"LineString","coordinates":[[-60.72540177,-31.64431893],[-60.72574354,-31.64371288]]},"properties":{"layer":"Cuencas","entity_type":"LINE","handle":"1BC92D"}},{"type":"Feature","geometry":{"type":"LineString","coordinates":[[-60.72574354,-31.64371288],[-60.7264159,-31.64407312]]},"properties":{"layer":"Cuencas","entity_type":"LINE","handle":"1BC92E"}},{"type":"Feature","geometry":{"type":"LineString","coordinates":[[-60.7264159,-31.64407312],[-60.72665415,-31.64400375]]},"properties":{"layer":"Cuencas","entity_type":"LINE","handle":"1BC92F"}},{"type":"Feature","geometry":{"type":"LineString","coordinates":[[-60.72665415,-31.64400375],[-60.72670943,-31.64388742]]},"properties":{"layer":"Cuencas","entity_type":"LINE","handle":"1BC930"}},{"type":"Feature","geometry":{"type":"LineString","coordinates":[[-60.72670943,-31.64388742],[-60.72674171,-31.64382322]]},"properties":{"layer":"Cuencas","entity_type":"LINE","handle":"1BC931"}},{"type":"Feature","geometry":{"type":"LineString","coordinates":[[-60.72674171,-31.64382322],[-60.72742606,-31.64365542]]},"properties":{"layer":"Cuencas","entity_type":"LINE","handle":"1BC932"}},{"type":"Feature","geometry":{"type":"LineString","coordinates":[[-60.7067505,-31.65055188],[-60.70662763,-31.65001694]]},"properties":{"layer":"Cuencas","entity_type":"LINE","handle":"1BC933"}},{"type":"Feature","geometry":{"type":"LineString","coordinates":[[-60.70662763,-31.65001694],[-60.70705797,-31.64993404]]},"properties":{"layer":"Cuencas","entity_type":"LINE","handle":"1BC934"}},{"type":"Feature","geometry":{"type":"LineString","coordinates":[[-60.70705797,-31.64993404],[-60.7076396,-31.6502644]]},"properties":{"layer":"Cuencas","entity_type":"LINE","handle":"1BC935"}},{"type":"Feature","geometry":{"type":"LineString","coordinates":[[-60.7076396,-31.6502644],[-60.70778835,-31.65034409]]},"properties":{"layer":"Cuencas","entity_type":"LINE","handle":"1BC936"}},{"type":"Feature","geometry":{"type":"LineString","coordinates":[[-60.70778835,-31.65034409],[-60.70854514,-31.65068498]]},"properties":{"layer":"Cuencas","entity_type":"LINE","handle":"1BC937"}},{"type":"Feature","geometry":{"type":"LineString","coordinates":[[-60.70854514,-31.65068498],[-60.70818626,-31.64953668]]},"properties":{"layer":"Cuencas","entity_type":"LINE","handle":"1BC938"}},{"type":"Feature","geometry":{"type":"LineString","coordinates":[[-60.70818626,-31.64953668],[-60.70893912,-31.64935996]]},"properties":{"layer":"Cuencas","entity_type":"LINE","handle":"1BC939"}},{"type":"Feature","geometry":{"type":"LineString","coordinates":[[-60.70893912,-31.64935996],[-60.70935207,-31.64875951]]},"properties":{"layer":"Cuencas","entity_type":"LINE","handle":"1BC93A"}},{"type":"Feature","geometry":{"type":"LineString","coordinates":[[-60.70935207,-31.64875951],[-60.70990684,-31.64910151]]},"properties":{"layer":"Cuencas","entity_type":"LINE","handle":"1BC93B"}},{"type":"Feature","geometry":{"type":"LineString","coordinates":[[-60.70990684,-31.64910151],[-60.7118699,-31.64867647]]},"properties":{"layer":"Cuencas","entity_type":"LINE","handle":"1BC93C"}},{"type":"Feature","geometry":{"type":"LineString","coordinates":[[-60.7118699,-31.64867647],[-60.71193864,-31.64886014]]},"properties":{"layer":"Cuencas","entity_type":"LINE","handle":"1BC93D"}},{"type":"Feature","geometry":{"type":"LineString","coordinates":[[-60.71193864,-31.64886014],[-60.71272543,-31.64924912]]},"properties":{"layer":"Cuencas","entity_type":"LINE","handle":"1BC93E"}},{"type":"Feature","geometry":{"type":"LineString","coordinates":[[-60.71272543,-31.64924912],[-60.71277965,-31.64929483]]},"properties":{"layer":"Cuencas","entity_type":"LINE","handle":"1BC93F"}},{"type":"Feature","geometry":{"type":"LineString","coordinates":[[-60.71277965,-31.64929483],[-60.7134832,-31.64971651]]},"properties":{"layer":"Cuencas","entity_type":"LINE","handle":"1BC940"}},{"type":"Feature","geometry":{"type":"LineString","coordinates":[[-60.7134832,-31.64971651],[-60.7135383,-31.64987724]]},"properties":{"layer":"Cuencas","entity_type":"LINE","handle":"1BC941"}},{"type":"Feature","geometry":{"type":"LineString","coordinates":[[-60.7135383,-31.64987724],[-60.71437591,-31.65021764]]},"properties":{"layer":"Cuencas","entity_type":"LINE","handle":"1BC942"}},{"type":"Feature","geometry":{"type":"LineString","coordinates":[[-60.71437591,-31.65021764],[-60.71361479,-31.64754981]]},"properties":{"layer":"Cuencas","entity_type":"LINE","handle":"1BC943"}},{"type":"Feature","geometry":{"type":"LineString","coordinates":[[-60.71361479,-31.64754981],[-60.71494556,-31.64722028]]},"properties":{"layer":"Cuencas","entity_type":"LINE","handle":"1BC944"}},{"type":"Feature","geometry":{"type":"LineString","coordinates":[[-60.71494556,-31.64722028],[-60.71418857,-31.64685301]]},"properties":{"layer":"Cuencas","entity_type":"LINE","handle":"1BC945"}},{"type":"Feature","geometry":{"type":"LineString","coordinates":[[-60.71418857,-31.64685301],[-60.71351746,-31.64463307]]},"properties":{"layer":"Cuencas","entity_type":"LINE","handle":"1BC946"}},{"type":"Feature","geometry":{"type":"LineString","coordinates":[[-60.70351632,-31.63909734],[-60.70301863,-31.63987121]]},"properties":{"layer":"Cuencas","entity_type":"LINE","handle":"1BC947"}},{"type":"Feature","geometry":{"type":"LineString","coordinates":[[-60.70301863,-31.63987121],[-60.70222864,-31.63947418]]},"properties":{"layer":"Cuencas","entity_type":"LINE","handle":"1BC948"}},{"type":"Feature","geometry":{"type":"LineString","coordinates":[[-60.70222864,-31.63947418],[-60.70198513,-31.63935119]]},"properties":{"layer":"Cuencas","entity_type":"LINE","handle":"1BC949"}},{"type":"Feature","geometry":{"type":"LineString","coordinates":[[-60.70198513,-31.63935119],[-60.70144921,-31.63905219]]},"properties":{"layer":"Cuencas","entity_type":"LINE","handle":"1BC94A"}},{"type":"Feature","geometry":{"type":"LineString","coordinates":[[-60.70144921,-31.63905219],[-60.70139936,-31.63887486]]},"properties":{"layer":"Cuencas","entity_type":"LINE","handle":"1BC94B"}},{"type":"Feature","geometry":{"type":"LineString","coordinates":[[-60.70139936,-31.63887486],[-60.70168763,-31.63849853]]},"properties":{"layer":"Cuencas","entity_type":"LINE","handle":"1BC94C"}},{"type":"Feature","geometry":{"type":"LineString","coordinates":[[-60.70168763,-31.63849853],[-60.70161663,-31.63827395]]},"properties":{"layer":"Cuencas","entity_type":"LINE","handle":"1BC94D"}},{"type":"Feature","geometry":{"type":"LineString","coordinates":[[-60.70161663,-31.63827395],[-60.70094134,-31.63787332]]},"properties":{"layer":"Cuencas","entity_type":"LINE","handle":"1BC94E"}},{"type":"Feature","geometry":{"type":"LineString","coordinates":[[-60.70094134,-31.63787332],[-60.70053026,-31.63850905]]},"properties":{"layer":"Cuencas","entity_type":"LINE","handle":"1BC94F"}},{"type":"Feature","geometry":{"type":"LineString","coordinates":[[-60.70053026,-31.63850905],[-60.70047659,-31.63874616]]},"properties":{"layer":"Cuencas","entity_type":"LINE","handle":"1BC950"}},{"type":"Feature","geometry":{"type":"LineString","coordinates":[[-60.70047659,-31.63874616],[-60.69970669,-31.63987285]]},"properties":{"layer":"Cuencas","entity_type":"LINE","handle":"1BC951"}},{"type":"Feature","geometry":{"type":"LineString","coordinates":[[-60.69970669,-31.63987285],[-60.69961749,-31.6401782]]},"properties":{"layer":"Cuencas","entity_type":"LINE","handle":"1BC952"}},{"type":"Feature","geometry":{"type":"LineString","coordinates":[[-60.69961749,-31.6401782],[-60.69951859,-31.64085542]]},"properties":{"layer":"Cuencas","entity_type":"LINE","handle":"1BC953"}},{"type":"Feature","geometry":{"type":"LineString","coordinates":[[-60.69951859,-31.64085542],[-60.69959145,-31.64132865]]},"properties":{"layer":"Cuencas","entity_type":"LINE","handle":"1BC954"}},{"type":"Feature","geometry":{"type":"LineString","coordinates":[[-60.69959145,-31.64132865],[-60.69938783,-31.64169008]]},"properties":{"layer":"Cuencas","entity_type":"LINE","handle":"1BC955"}},{"type":"Feature","geometry":{"type":"LineString","coordinates":[[-60.69938783,-31.64169008],[-60.69958984,-31.64251234]]},"properties":{"layer":"Cuencas","entity_type":"LINE","handle":"1BC956"}},{"type":"Feature","geometry":{"type":"LineString","coordinates":[[-60.69958984,-31.64251234],[-60.69973486,-31.64329605]]},"properties":{"layer":"Cuencas","entity_type":"LINE","handle":"1BC957"}},{"type":"Feature","geometry":{"type":"LineString","coordinates":[[-60.69973486,-31.64329605],[-60.69947047,-31.6432975]]},"properties":{"layer":"Cuencas","entity_type":"LINE","handle":"1BC958"}},{"type":"Feature","geometry":{"type":"LineString","coordinates":[[-60.69947047,-31.6432975],[-60.69930482,-31.64347671]]},"properties":{"layer":"Cuencas","entity_type":"LINE","handle":"1BC959"}},{"type":"Feature","geometry":{"type":"LineString","coordinates":[[-60.69930482,-31.64347671],[-60.6990142,-31.64369225]]},"properties":{"layer":"Cuencas","entity_type":"LINE","handle":"1BC95A"}},{"type":"Feature","geometry":{"type":"LineString","coordinates":[[-60.6990142,-31.64369225],[-60.69904328,-31.64385851]]},"properties":{"layer":"Cuencas","entity_type":"LINE","handle":"1BC95B"}},{"type":"Feature","geometry":{"type":"LineString","coordinates":[[-60.69904328,-31.64385851],[-60.69926788,-31.64411878]]},"properties":{"layer":"Cuencas","entity_type":"LINE","handle":"1BC95C"}},{"type":"Feature","geometry":{"type":"LineString","coordinates":[[-60.69926788,-31.64411878],[-60.69964031,-31.64553592]]},"properties":{"layer":"Cuencas","entity_type":"LINE","handle":"1BC95D"}},{"type":"Feature","geometry":{"type":"LineString","coordinates":[[-60.69964031,-31.64553592],[-60.69950142,-31.64557234]]},"properties":{"layer":"Cuencas","entity_type":"LINE","handle":"1BC95E"}},{"type":"Feature","geometry":{"type":"LineString","coordinates":[[-60.69950142,-31.64557234],[-60.69977423,-31.64669405]]},"properties":{"layer":"Cuencas","entity_type":"LINE","handle":"1BC95F"}},{"type":"Feature","geometry":{"type":"LineString","coordinates":[[-60.69977423,-31.64669405],[-60.70207563,-31.64738389]]},"properties":{"layer":"Cuencas","entity_type":"LINE","handle":"1BC960"}},{"type":"Feature","geometry":{"type":"LineString","coordinates":[[-60.70207563,-31.64738389],[-60.70344118,-31.6476141]]},"properties":{"layer":"Cuencas","entity_type":"LINE","handle":"1BC961"}},{"type":"Feature","geometry":{"type":"LineString","coordinates":[[-60.70344118,-31.6476141],[-60.70374067,-31.64857525]]},"properties":{"layer":"Cuencas","entity_type":"LINE","handle":"1BC962"}},{"type":"Feature","geometry":{"type":"LineString","coordinates":[[-60.70374067,-31.64857525],[-60.70443813,-31.64842158]]},"properties":{"layer":"Cuencas","entity_type":"LINE","handle":"1BC963"}},{"type":"Feature","geometry":{"type":"LineString","coordinates":[[-60.70443813,-31.64842158],[-60.70523648,-31.65094062]]},"properties":{"layer":"Cuencas","entity_type":"LINE","handle":"1BC964"}},{"type":"Feature","geometry":{"type":"LineString","coordinates":[[-60.70523648,-31.65094062],[-60.7067505,-31.65055188]]},"properties":{"layer":"Cuencas","entity_type":"LINE","handle":"1BC965"}},{"type":"Feature","geometry":{"type":"LineString","coordinates":[[-60.71223945,-31.65658486],[-60.71224873,-31.65647204]]},"properties":{"layer":"Cuencas","entity_type":"LINE","handle":"1BC966"}},{"type":"Feature","geometry":{"type":"LineString","coordinates":[[-60.71224873,-31.65647204],[-60.71267029,-31.65587116]]},"properties":{"layer":"Cuencas","entity_type":"LINE","handle":"1BC967"}},{"type":"Feature","geometry":{"type":"LineString","coordinates":[[-60.71267029,-31.65587116],[-60.71252394,-31.65530815]]},"properties":{"layer":"Cuencas","entity_type":"LINE","handle":"1BC968"}},{"type":"Feature","geometry":{"type":"LineString","coordinates":[[-60.71252394,-31.65530815],[-60.71239246,-31.65482562]]},"properties":{"layer":"Cuencas","entity_type":"LINE","handle":"1BC969"}},{"type":"Feature","geometry":{"type":"LineString","coordinates":[[-60.71239246,-31.65482562],[-60.7118344,-31.65458761]]},"properties":{"layer":"Cuencas","entity_type":"LINE","handle":"1BC96A"}},{"type":"Feature","geometry":{"type":"LineString","coordinates":[[-60.7118344,-31.65458761],[-60.71169696,-31.65415524]]},"properties":{"layer":"Cuencas","entity_type":"LINE","handle":"1BC96B"}},{"type":"Feature","geometry":{"type":"LineString","coordinates":[[-60.71169696,-31.65415524],[-60.71208201,-31.65364322]]},"properties":{"layer":"Cuencas","entity_type":"LINE","handle":"1BC96C"}},{"type":"Feature","geometry":{"type":"LineString","coordinates":[[-60.71208201,-31.65364322],[-60.71176249,-31.65258]]},"properties":{"layer":"Cuencas","entity_type":"LINE","handle":"1BC96D"}},{"type":"Feature","geometry":{"type":"LineString","coordinates":[[-60.71176249,-31.65258],[-60.71089671,-31.65213377]]},"properties":{"layer":"Cuencas","entity_type":"LINE","handle":"1BC96E"}},{"type":"Feature","geometry":{"type":"LineString","coordinates":[[-60.71089671,-31.65213377],[-60.7107377,-31.65159704]]},"properties":{"layer":"Cuencas","entity_type":"LINE","handle":"1BC96F"}},{"type":"Feature","geometry":{"type":"LineString","coordinates":[[-60.7107377,-31.65159704],[-60.71133378,-31.65148204]]},"properties":{"layer":"Cuencas","entity_type":"LINE","handle":"1BC970"}},{"type":"Feature","geometry":{"type":"LineString","coordinates":[[-60.71133378,-31.65148204],[-60.71184973,-31.65071454]]},"properties":{"layer":"Cuencas","entity_type":"LINE","handle":"1BC971"}},{"type":"Feature","geometry":{"type":"LineString","coordinates":[[-60.71184973,-31.65071454],[-60.71272123,-31.6492524]]},"properties":{"layer":"Cuencas","entity_type":"LINE","handle":"1BC972"}},{"type":"Feature","geometry":{"type":"LineString","coordinates":[[-60.71272123,-31.6492524],[-60.71274946,-31.64926938]]},"properties":{"layer":"Cuencas","entity_type":"LINE","handle":"1BC973"}},{"type":"Feature","geometry":{"type":"LineString","coordinates":[[-60.73504979,-31.64304773],[-60.73389499,-31.64335412]]},"properties":{"layer":"Cuencas","entity_type":"LINE","handle":"1BC974"}},{"type":"Feature","geometry":{"type":"LineString","coordinates":[[-60.73389499,-31.64335412],[-60.73376287,-31.64360967]]},"properties":{"layer":"Cuencas","entity_type":"LINE","handle":"1BC975"}},{"type":"Feature","geometry":{"type":"LineString","coordinates":[[-60.73376287,-31.64360967],[-60.73330495,-31.64370317]]},"properties":{"layer":"Cuencas","entity_type":"LINE","handle":"1BC976"}},{"type":"Feature","geometry":{"type":"LineString","coordinates":[[-60.73330495,-31.64370317],[-60.73295906,-31.64362839]]},"properties":{"layer":"Cuencas","entity_type":"LINE","handle":"1BC977"}},{"type":"Feature","geometry":{"type":"LineString","coordinates":[[-60.73295906,-31.64362839],[-60.73325452,-31.64328703]]},"properties":{"layer":"Cuencas","entity_type":"LINE","handle":"1BC978"}},{"type":"Feature","geometry":{"type":"LineString","coordinates":[[-60.73325452,-31.64328703],[-60.73322465,-31.6431958]]},"properties":{"layer":"Cuencas","entity_type":"LINE","handle":"1BC979"}},{"type":"Feature","geometry":{"type":"LineString","coordinates":[[-60.73322465,-31.6431958],[-60.73293874,-31.643032]]},"properties":{"layer":"Cuencas","entity_type":"LINE","handle":"1BC97A"}},{"type":"Feature","geometry":{"type":"LineString","coordinates":[[-60.73293874,-31.643032],[-60.73237546,-31.643127]]},"properties":{"layer":"Cuencas","entity_type":"LINE","handle":"1BC97B"}},{"type":"Feature","geometry":{"type":"LineString","coordinates":[[-60.73237546,-31.643127],[-60.73207284,-31.64310728]]},"properties":{"layer":"Cuencas","entity_type":"LINE","handle":"1BC97C"}},{"type":"Feature","geometry":{"type":"LineString","coordinates":[[-60.73207284,-31.64310728],[-60.73205598,-31.64311109]]},"properties":{"layer":"Cuencas","entity_type":"LINE","handle":"1BC97D"}},{"type":"Feature","geometry":{"type":"LineString","coordinates":[[-60.73205598,-31.64311109],[-60.73188509,-31.64295928]]},"properties":{"layer":"Cuencas","entity_type":"LINE","handle":"1BC97E"}},{"type":"Feature","geometry":{"type":"LineString","coordinates":[[-60.73188509,-31.64295928],[-60.72980877,-31.64343194]]},"properties":{"layer":"Cuencas","entity_type":"LINE","handle":"1BC97F"}},{"type":"Feature","geometry":{"type":"LineString","coordinates":[[-60.72980877,-31.64343194],[-60.7293778,-31.64216347]]},"properties":{"layer":"Cuencas","entity_type":"LINE","handle":"1BC980"}},{"type":"Feature","geometry":{"type":"LineString","coordinates":[[-60.7293778,-31.64216347],[-60.72926773,-31.64217873]]},"properties":{"layer":"Cuencas","entity_type":"LINE","handle":"1BC981"}},{"type":"Feature","geometry":{"type":"LineString","coordinates":[[-60.71618236,-31.64690309],[-60.71707648,-31.64668004]]},"properties":{"layer":"Cuencas","entity_type":"LINE","handle":"1BC982"}},{"type":"Feature","geometry":{"type":"LineString","coordinates":[[-60.72837184,-31.64398851],[-60.72831239,-31.64395865]]},"properties":{"layer":"Cuencas","entity_type":"LINE","handle":"1BC983"}},{"type":"Feature","geometry":{"type":"LineString","coordinates":[[-60.72831239,-31.64395865],[-60.72802333,-31.64402781]]},"properties":{"layer":"Cuencas","entity_type":"LINE","handle":"1BC984"}},{"type":"Feature","geometry":{"type":"LineString","coordinates":[[-60.72802333,-31.64402781],[-60.72781123,-31.64383774]]},"properties":{"layer":"Cuencas","entity_type":"LINE","handle":"1BC985"}},{"type":"Feature","geometry":{"type":"LineString","coordinates":[[-60.72781123,-31.64383774],[-60.72742606,-31.64365542]]},"properties":{"layer":"Cuencas","entity_type":"LINE","handle":"1BC986"}},{"type":"Feature","geometry":{"type":"LineString","coordinates":[[-60.71176249,-31.65258],[-60.71089671,-31.65213377]]},"properties":{"layer":"Cuencas","entity_type":"LINE","handle":"1BC987"}},{"type":"Feature","geometry":{"type":"LineString","coordinates":[[-60.71089671,-31.65213377],[-60.7107377,-31.65159704]]},"properties":{"layer":"Cuencas","entity_type":"LINE","handle":"1BC988"}},{"type":"Feature","geometry":{"type":"LineString","coordinates":[[-60.71176249,-31.65258],[-60.71208201,-31.65364322]]},"properties":{"layer":"Cuencas","entity_type":"LINE","handle":"1BC989"}},{"type":"Feature","geometry":{"type":"LineString","coordinates":[[-60.71184973,-31.65071454],[-60.71272123,-31.6492524]]},"properties":{"layer":"Cuencas","entity_type":"LINE","handle":"1BC98A"}},{"type":"Feature","geometry":{"type":"LineString","coordinates":[[-60.71184973,-31.65071454],[-60.71133378,-31.65148204]]},"properties":{"layer":"Cuencas","entity_type":"LINE","handle":"1BC98B"}},{"type":"Feature","geometry":{"type":"LineString","coordinates":[[-60.71133378,-31.65148204],[-60.7107377,-31.65159704]]},"properties":{"layer":"Cuencas","entity_type":"LINE","handle":"1BC98C"}},{"type":"Feature","geometry":{"type":"LineString","coordinates":[[-60.72830776,-31.64395976],[-60.72831601,-31.64396228]]},"properties":{"layer":"Cuencas","entity_type":"LINE","handle":"1BC98D"}},{"type":"Feature","geometry":{"type":"LineString","coordinates":[[-60.72831601,-31.64396228],[-60.72850369,-31.64401322]]},"properties":{"layer":"Cuencas","entity_type":"LINE","handle":"1BC98E"}},{"type":"Feature","geometry":{"type":"LineString","coordinates":[[-60.72850369,-31.64401322],[-60.72867293,-31.64410027]]},"properties":{"layer":"Cuencas","entity_type":"LINE","handle":"1BC98F"}},{"type":"Feature","geometry":{"type":"LineString","coordinates":[[-60.72867293,-31.64410027],[-60.72886967,-31.64411114]]},"properties":{"layer":"Cuencas","entity_type":"LINE","handle":"1BC990"}},{"type":"Feature","geometry":{"type":"LineString","coordinates":[[-60.72886967,-31.64411114],[-60.72909865,-31.64405383]]},"properties":{"layer":"Cuencas","entity_type":"LINE","handle":"1BC991"}},{"type":"Feature","geometry":{"type":"LineString","coordinates":[[-60.72909865,-31.64405383],[-60.72927481,-31.64382878]]},"properties":{"layer":"Cuencas","entity_type":"LINE","handle":"1BC992"}},{"type":"Feature","geometry":{"type":"LineString","coordinates":[[-60.72927481,-31.64382878],[-60.729331,-31.64380833]]},"properties":{"layer":"Cuencas","entity_type":"LINE","handle":"1BC993"}},{"type":"Feature","geometry":{"type":"LineString","coordinates":[[-60.729331,-31.64380833],[-60.7297938,-31.64369248]]},"properties":{"layer":"Cuencas","entity_type":"LINE","handle":"1BC994"}},{"type":"Feature","geometry":{"type":"LineString","coordinates":[[-60.7297938,-31.64369248],[-60.72756893,-31.63729019]]},"properties":{"layer":"Cuencas","entity_type":"LINE","handle":"1BC995"}},{"type":"Feature","geometry":{"type":"LineString","coordinates":[[-60.72756893,-31.63729019],[-60.727062,-31.63740628]]},"properties":{"layer":"Cuencas","entity_type":"LINE","handle":"1BC996"}},{"type":"Feature","geometry":{"type":"LineString","coordinates":[[-60.727062,-31.63740628],[-60.72693931,-31.63724661]]},"properties":{"layer":"Cuencas","entity_type":"LINE","handle":"1BC997"}},{"type":"Feature","geometry":{"type":"LineString","coordinates":[[-60.72693931,-31.63724661],[-60.72658099,-31.63714208]]},"properties":{"layer":"Cuencas","entity_type":"LINE","handle":"1BC998"}},{"type":"Feature","geometry":{"type":"LineString","coordinates":[[-60.7390078,-31.66547555],[-60.73912262,-31.66560627]]},"properties":{"layer":"Cuencas","entity_type":"LINE","handle":"1BC99A"}},{"type":"Feature","geometry":{"type":"LineString","coordinates":[[-60.73912262,-31.66560627],[-60.73912854,-31.66563965]]},"properties":{"layer":"Cuencas","entity_type":"LINE","handle":"1BC99B"}},{"type":"Feature","geometry":{"type":"LineString","coordinates":[[-60.73912854,-31.66563965],[-60.73912964,-31.66570834]]},"properties":{"layer":"Cuencas","entity_type":"LINE","handle":"1BC99C"}},{"type":"Feature","geometry":{"type":"LineString","coordinates":[[-60.73912964,-31.66570834],[-60.73910848,-31.66578672]]},"properties":{"layer":"Cuencas","entity_type":"LINE","handle":"1BC99D"}},{"type":"Feature","geometry":{"type":"LineString","coordinates":[[-60.73910848,-31.66578672],[-60.73904499,-31.66602189]]},"properties":{"layer":"Cuencas","entity_type":"LINE","handle":"1BC99E"}},{"type":"Feature","geometry":{"type":"LineString","coordinates":[[-60.73904499,-31.66602189],[-60.73881623,-31.66675217]]},"properties":{"layer":"Cuencas","entity_type":"LINE","handle":"1BC99F"}},{"type":"Feature","geometry":{"type":"LineString","coordinates":[[-60.73881623,-31.66675217],[-60.73873205,-31.66695992]]},"properties":{"layer":"Cuencas","entity_type":"LINE","handle":"1BC9A0"}},{"type":"Feature","geometry":{"type":"LineString","coordinates":[[-60.73873205,-31.66695992],[-60.73862599,-31.66732799]]},"properties":{"layer":"Cuencas","entity_type":"LINE","handle":"1BC9A1"}},{"type":"Feature","geometry":{"type":"LineString","coordinates":[[-60.73862599,-31.66732799],[-60.73848987,-31.66768618]]},"properties":{"layer":"Cuencas","entity_type":"LINE","handle":"1BC9A2"}},{"type":"Feature","geometry":{"type":"LineString","coordinates":[[-60.73848987,-31.66768618],[-60.73845099,-31.6678433]]},"properties":{"layer":"Cuencas","entity_type":"LINE","handle":"1BC9A3"}},{"type":"Feature","geometry":{"type":"LineString","coordinates":[[-60.73845099,-31.6678433],[-60.73843936,-31.66790296]]},"properties":{"layer":"Cuencas","entity_type":"LINE","handle":"1BC9A4"}},{"type":"Feature","geometry":{"type":"LineString","coordinates":[[-60.73843936,-31.66790296],[-60.73835601,-31.66813018]]},"properties":{"layer":"Cuencas","entity_type":"LINE","handle":"1BC9A5"}},{"type":"Feature","geometry":{"type":"LineString","coordinates":[[-60.73835601,-31.66813018],[-60.73824654,-31.6683697]]},"properties":{"layer":"Cuencas","entity_type":"LINE","handle":"1BC9A6"}},{"type":"Feature","geometry":{"type":"LineString","coordinates":[[-60.73824654,-31.6683697],[-60.73807529,-31.66860156]]},"properties":{"layer":"Cuencas","entity_type":"LINE","handle":"1BC9A7"}},{"type":"Feature","geometry":{"type":"LineString","coordinates":[[-60.73807529,-31.66860156],[-60.73787611,-31.66885896]]},"properties":{"layer":"Cuencas","entity_type":"LINE","handle":"1BC9A8"}},{"type":"Feature","geometry":{"type":"LineString","coordinates":[[-60.73787611,-31.66885896],[-60.73773551,-31.66899401]]},"properties":{"layer":"Cuencas","entity_type":"LINE","handle":"1BC9A9"}},{"type":"Feature","geometry":{"type":"LineString","coordinates":[[-60.73773551,-31.66899401],[-60.73746943,-31.66919941]]},"properties":{"layer":"Cuencas","entity_type":"LINE","handle":"1BC9AA"}},{"type":"Feature","geometry":{"type":"LineString","coordinates":[[-60.73746943,-31.66919941],[-60.7371345,-31.66942836]]},"properties":{"layer":"Cuencas","entity_type":"LINE","handle":"1BC9AB"}},{"type":"Feature","geometry":{"type":"LineString","coordinates":[[-60.7371345,-31.66942836],[-60.73694281,-31.66952849]]},"properties":{"layer":"Cuencas","entity_type":"LINE","handle":"1BC9AC"}},{"type":"Feature","geometry":{"type":"LineString","coordinates":[[-60.73694281,-31.66952849],[-60.73671853,-31.66963729]]},"properties":{"layer":"Cuencas","entity_type":"LINE","handle":"1BC9AD"}},{"type":"Feature","geometry":{"type":"LineString","coordinates":[[-60.73671853,-31.66963729],[-60.73649481,-31.66971634]]},"properties":{"layer":"Cuencas","entity_type":"LINE","handle":"1BC9AE"}},{"type":"Feature","geometry":{"type":"LineString","coordinates":[[-60.73649481,-31.66971634],[-60.73596067,-31.66978319]]},"properties":{"layer":"Cuencas","entity_type":"LINE","handle":"1BC9AF"}},{"type":"Feature","geometry":{"type":"LineString","coordinates":[[-60.73596067,-31.66978319],[-60.73569757,-31.66979271]]},"properties":{"layer":"Cuencas","entity_type":"LINE","handle":"1BC9B0"}},{"type":"Feature","geometry":{"type":"LineString","coordinates":[[-60.73569757,-31.66979271],[-60.73543503,-31.66977247]]},"properties":{"layer":"Cuencas","entity_type":"LINE","handle":"1BC9B1"}},{"type":"Feature","geometry":{"type":"LineString","coordinates":[[-60.73543503,-31.66977247],[-60.73522679,-31.66972784]]},"properties":{"layer":"Cuencas","entity_type":"LINE","handle":"1BC9B2"}},{"type":"Feature","geometry":{"type":"LineString","coordinates":[[-60.73522679,-31.66972784],[-60.73482579,-31.66962223]]},"properties":{"layer":"Cuencas","entity_type":"LINE","handle":"1BC9B3"}},{"type":"Feature","geometry":{"type":"LineString","coordinates":[[-60.73482579,-31.66962223],[-60.73448335,-31.66952246]]},"properties":{"layer":"Cuencas","entity_type":"LINE","handle":"1BC9B4"}},{"type":"Feature","geometry":{"type":"LineString","coordinates":[[-60.73448335,-31.66952246],[-60.73379122,-31.66928643]]},"properties":{"layer":"Cuencas","entity_type":"LINE","handle":"1BC9B5"}},{"type":"Feature","geometry":{"type":"LineString","coordinates":[[-60.73379122,-31.66928643],[-60.73323266,-31.66903092]]},"properties":{"layer":"Cuencas","entity_type":"LINE","handle":"1BC9B6"}},{"type":"Feature","geometry":{"type":"LineString","coordinates":[[-60.73323266,-31.66903092],[-60.73281984,-31.66884318]]},"properties":{"layer":"Cuencas","entity_type":"LINE","handle":"1BC9B7"}},{"type":"Feature","geometry":{"type":"LineString","coordinates":[[-60.73281984,-31.66884318],[-60.73259883,-31.66869768]]},"properties":{"layer":"Cuencas","entity_type":"LINE","handle":"1BC9B8"}},{"type":"Feature","geometry":{"type":"LineString","coordinates":[[-60.73259883,-31.66869768],[-60.73249017,-31.66861141]]},"properties":{"layer":"Cuencas","entity_type":"LINE","handle":"1BC9B9"}},{"type":"Feature","geometry":{"type":"LineString","coordinates":[[-60.73249017,-31.66861141],[-60.73243381,-31.66861264]]},"properties":{"layer":"Cuencas","entity_type":"LINE","handle":"1BC9BA"}},{"type":"Feature","geometry":{"type":"LineString","coordinates":[[-60.73243381,-31.66861264],[-60.73230377,-31.66856537]]},"properties":{"layer":"Cuencas","entity_type":"LINE","handle":"1BC9BB"}},{"type":"Feature","geometry":{"type":"LineString","coordinates":[[-60.73230377,-31.66856537],[-60.73222033,-31.66852961]]},"properties":{"layer":"Cuencas","entity_type":"LINE","handle":"1BC9BC"}},{"type":"Feature","geometry":{"type":"LineString","coordinates":[[-60.73222033,-31.66852961],[-60.73213228,-31.66852768]]},"properties":{"layer":"Cuencas","entity_type":"LINE","handle":"1BC9BD"}},{"type":"Feature","geometry":{"type":"LineString","coordinates":[[-60.73213228,-31.66852768],[-60.73202654,-31.6685377]]},"properties":{"layer":"Cuencas","entity_type":"LINE","handle":"1BC9BE"}},{"type":"Feature","geometry":{"type":"LineString","coordinates":[[-60.73202654,-31.6685377],[-60.73178207,-31.66862301]]},"properties":{"layer":"Cuencas","entity_type":"LINE","handle":"1BC9BF"}},{"type":"Feature","geometry":{"type":"LineString","coordinates":[[-60.73178207,-31.66862301],[-60.73169309,-31.66862784]]},"properties":{"layer":"Cuencas","entity_type":"LINE","handle":"1BC9C0"}},{"type":"Feature","geometry":{"type":"LineString","coordinates":[[-60.73169309,-31.66862784],[-60.73163249,-31.66860122]]},"properties":{"layer":"Cuencas","entity_type":"LINE","handle":"1BC9C1"}},{"type":"Feature","geometry":{"type":"LineString","coordinates":[[-60.73163249,-31.66860122],[-60.73145969,-31.66863198]]},"properties":{"layer":"Cuencas","entity_type":"LINE","handle":"1BC9C2"}},{"type":"Feature","geometry":{"type":"LineString","coordinates":[[-60.73145969,-31.66863198],[-60.73117085,-31.66863057]]},"properties":{"layer":"Cuencas","entity_type":"LINE","handle":"1BC9C3"}},{"type":"Feature","geometry":{"type":"LineString","coordinates":[[-60.73117085,-31.66863057],[-60.73091223,-31.66858418]]},"properties":{"layer":"Cuencas","entity_type":"LINE","handle":"1BC9C4"}},{"type":"Feature","geometry":{"type":"LineString","coordinates":[[-60.73091223,-31.66858418],[-60.73075844,-31.66853454]]},"properties":{"layer":"Cuencas","entity_type":"LINE","handle":"1BC9C5"}},{"type":"Feature","geometry":{"type":"LineString","coordinates":[[-60.73075844,-31.66853454],[-60.73059526,-31.66843596]]},"properties":{"layer":"Cuencas","entity_type":"LINE","handle":"1BC9C6"}},{"type":"Feature","geometry":{"type":"LineString","coordinates":[[-60.73059526,-31.66843596],[-60.73054205,-31.66835522]]},"properties":{"layer":"Cuencas","entity_type":"LINE","handle":"1BC9C7"}},{"type":"Feature","geometry":{"type":"LineString","coordinates":[[-60.73054205,-31.66835522],[-60.73049861,-31.66826174]]},"properties":{"layer":"Cuencas","entity_type":"LINE","handle":"1BC9C8"}},{"type":"Feature","geometry":{"type":"LineString","coordinates":[[-60.73049861,-31.66826174],[-60.73173512,-31.6654372]]},"properties":{"layer":"Cuencas","entity_type":"LINE","handle":"1BC9C9"}},{"type":"Feature","geometry":{"type":"LineString","coordinates":[[-60.73173512,-31.6654372],[-60.73174972,-31.66539659]]},"properties":{"layer":"Cuencas","entity_type":"LINE","handle":"1BC9CA"}},{"type":"Feature","geometry":{"type":"LineString","coordinates":[[-60.73174972,-31.66539659],[-60.73178467,-31.66537298]]},"properties":{"layer":"Cuencas","entity_type":"LINE","handle":"1BC9CB"}},{"type":"Feature","geometry":{"type":"LineString","coordinates":[[-60.73178467,-31.66537298],[-60.7318036,-31.66536712]]},"properties":{"layer":"Cuencas","entity_type":"LINE","handle":"1BC9CC"}},{"type":"Feature","geometry":{"type":"LineString","coordinates":[[-60.7318036,-31.66536712],[-60.73191299,-31.66536256]]},"properties":{"layer":"Cuencas","entity_type":"LINE","handle":"1BC9CD"}},{"type":"Feature","geometry":{"type":"LineString","coordinates":[[-60.73191299,-31.66536256],[-60.73208759,-31.66534515]]},"properties":{"layer":"Cuencas","entity_type":"LINE","handle":"1BC9CE"}},{"type":"Feature","geometry":{"type":"LineString","coordinates":[[-60.73208759,-31.66534515],[-60.73247478,-31.66519799]]},"properties":{"layer":"Cuencas","entity_type":"LINE","handle":"1BC9CF"}},{"type":"Feature","geometry":{"type":"LineString","coordinates":[[-60.73247478,-31.66519799],[-60.73272366,-31.66506799]]},"properties":{"layer":"Cuencas","entity_type":"LINE","handle":"1BC9D0"}},{"type":"Feature","geometry":{"type":"LineString","coordinates":[[-60.73272366,-31.66506799],[-60.73295912,-31.66493665]]},"properties":{"layer":"Cuencas","entity_type":"LINE","handle":"1BC9D1"}},{"type":"Feature","geometry":{"type":"LineString","coordinates":[[-60.73295912,-31.66493665],[-60.7332875,-31.66465586]]},"properties":{"layer":"Cuencas","entity_type":"LINE","handle":"1BC9D2"}},{"type":"Feature","geometry":{"type":"LineString","coordinates":[[-60.7332875,-31.66465586],[-60.73345372,-31.66446729]]},"properties":{"layer":"Cuencas","entity_type":"LINE","handle":"1BC9D3"}},{"type":"Feature","geometry":{"type":"LineString","coordinates":[[-60.73345372,-31.66446729],[-60.73364056,-31.66419406]]},"properties":{"layer":"Cuencas","entity_type":"LINE","handle":"1BC9D4"}},{"type":"Feature","geometry":{"type":"LineString","coordinates":[[-60.73364056,-31.66419406],[-60.73369704,-31.6641455]]},"properties":{"layer":"Cuencas","entity_type":"LINE","handle":"1BC9D5"}},{"type":"Feature","geometry":{"type":"LineString","coordinates":[[-60.73369704,-31.6641455],[-60.7337428,-31.66414233]]},"properties":{"layer":"Cuencas","entity_type":"LINE","handle":"1BC9D6"}},{"type":"Feature","geometry":{"type":"LineString","coordinates":[[-60.7337428,-31.66414233],[-60.73379094,-31.66415488]]},"properties":{"layer":"Cuencas","entity_type":"LINE","handle":"1BC9D7"}},{"type":"Feature","geometry":{"type":"LineString","coordinates":[[-60.73379094,-31.66415488],[-60.73607835,-31.66487867]]},"properties":{"layer":"Cuencas","entity_type":"LINE","handle":"1BC9D8"}},{"type":"Feature","geometry":{"type":"LineString","coordinates":[[-60.73607835,-31.66487867],[-60.73722832,-31.6651831]]},"properties":{"layer":"Cuencas","entity_type":"LINE","handle":"1BC9D9"}},{"type":"Feature","geometry":{"type":"LineString","coordinates":[[-60.73722832,-31.6651831],[-60.73758789,-31.66523834]]},"properties":{"layer":"Cuencas","entity_type":"LINE","handle":"1BC9DA"}},{"type":"Feature","geometry":{"type":"LineString","coordinates":[[-60.73758789,-31.66523834],[-60.73781592,-31.66526109]]},"properties":{"layer":"Cuencas","entity_type":"LINE","handle":"1BC9DB"}},{"type":"Feature","geometry":{"type":"LineString","coordinates":[[-60.73781592,-31.66526109],[-60.73806184,-31.66528563]]},"properties":{"layer":"Cuencas","entity_type":"LINE","handle":"1BC9DC"}},{"type":"Feature","geometry":{"type":"LineString","coordinates":[[-60.73806184,-31.66528563],[-60.73820336,-31.66531136]]},"properties":{"layer":"Cuencas","entity_type":"LINE","handle":"1BC9DD"}},{"type":"Feature","geometry":{"type":"LineString","coordinates":[[-60.73820336,-31.66531136],[-60.73850719,-31.66537652]]},"properties":{"layer":"Cuencas","entity_type":"LINE","handle":"1BC9DE"}},{"type":"Feature","geometry":{"type":"LineString","coordinates":[[-60.73850719,-31.66537652],[-60.7390078,-31.66547555]]},"properties":{"layer":"Cuencas","entity_type":"LINE","handle":"1BC9DF"}},{"type":"Feature","geometry":{"type":"LineString","coordinates":[[-60.71217207,-31.65637726],[-60.71223728,-31.65657801]]},"properties":{"layer":"Cuencas","entity_type":"LINE","handle":"1BC9E0"}},{"type":"Feature","geometry":{"type":"LineString","coordinates":[[-60.70753153,-31.65487116],[-60.70690036,-31.65448444]]},"properties":{"layer":"Cuencas","entity_type":"LINE","handle":"1BC9E1"}},{"type":"Feature","geometry":{"type":"LineString","coordinates":[[-60.70690036,-31.65448444],[-60.70530418,-31.65471885]]},"properties":{"layer":"Cuencas","entity_type":"LINE","handle":"1BC9E2"}},{"type":"Feature","geometry":{"type":"LineString","coordinates":[[-60.70530418,-31.65471885],[-60.70534806,-31.65528255]]},"properties":{"layer":"Cuencas","entity_type":"LINE","handle":"1BC9E3"}},{"type":"Feature","geometry":{"type":"LineString","coordinates":[[-60.70534806,-31.65528255],[-60.70482017,-31.65533058]]},"properties":{"layer":"Cuencas","entity_type":"LINE","handle":"1BC9E4"}},{"type":"Feature","geometry":{"type":"LineString","coordinates":[[-60.70482017,-31.65533058],[-60.70491737,-31.65596166]]},"properties":{"layer":"Cuencas","entity_type":"LINE","handle":"1BC9E5"}},{"type":"Feature","geometry":{"type":"LineString","coordinates":[[-60.70491737,-31.65596166],[-60.70509399,-31.65661486]]},"properties":{"layer":"Cuencas","entity_type":"LINE","handle":"1BC9E6"}},{"type":"Feature","geometry":{"type":"LineString","coordinates":[[-60.70509399,-31.65661486],[-60.70518839,-31.65687376]]},"properties":{"layer":"Cuencas","entity_type":"LINE","handle":"1BC9E7"}},{"type":"Feature","geometry":{"type":"LineString","coordinates":[[-60.70518839,-31.65687376],[-60.70556459,-31.65772317]]},"properties":{"layer":"Cuencas","entity_type":"LINE","handle":"1BC9E8"}},{"type":"Feature","geometry":{"type":"LineString","coordinates":[[-60.70556459,-31.65772317],[-60.7059785,-31.65831866]]},"properties":{"layer":"Cuencas","entity_type":"LINE","handle":"1BC9E9"}},{"type":"Feature","geometry":{"type":"LineString","coordinates":[[-60.7059785,-31.65831866],[-60.70605936,-31.65853251]]},"properties":{"layer":"Cuencas","entity_type":"LINE","handle":"1BC9EA"}},{"type":"Feature","geometry":{"type":"LineString","coordinates":[[-60.70605936,-31.65853251],[-60.7061133,-31.65867884]]},"properties":{"layer":"Cuencas","entity_type":"LINE","handle":"1BC9EB"}},{"type":"Feature","geometry":{"type":"LineString","coordinates":[[-60.7061133,-31.65867884],[-60.70645794,-31.65884611]]},"properties":{"layer":"Cuencas","entity_type":"LINE","handle":"1BC9EC"}},{"type":"Feature","geometry":{"type":"LineString","coordinates":[[-60.70645794,-31.65884611],[-60.70656274,-31.65873275]]},"properties":{"layer":"Cuencas","entity_type":"LINE","handle":"1BC9ED"}},{"type":"Feature","geometry":{"type":"LineString","coordinates":[[-60.70656274,-31.65873275],[-60.70685276,-31.65866347]]},"properties":{"layer":"Cuencas","entity_type":"LINE","handle":"1BC9EE"}},{"type":"Feature","geometry":{"type":"LineString","coordinates":[[-60.70685276,-31.65866347],[-60.70701192,-31.65875282]]},"properties":{"layer":"Cuencas","entity_type":"LINE","handle":"1BC9EF"}},{"type":"Feature","geometry":{"type":"LineString","coordinates":[[-60.70701192,-31.65875282],[-60.70736934,-31.65886362]]},"properties":{"layer":"Cuencas","entity_type":"LINE","handle":"1BC9F0"}},{"type":"Feature","geometry":{"type":"LineString","coordinates":[[-60.70736934,-31.65886362],[-60.70751427,-31.6588177]]},"properties":{"layer":"Cuencas","entity_type":"LINE","handle":"1BC9F1"}},{"type":"Feature","geometry":{"type":"LineString","coordinates":[[-60.70751427,-31.6588177],[-60.70761924,-31.65872689]]},"properties":{"layer":"Cuencas","entity_type":"LINE","handle":"1BC9F2"}},{"type":"Feature","geometry":{"type":"LineString","coordinates":[[-60.70761924,-31.65872689],[-60.70769805,-31.65867006]]},"properties":{"layer":"Cuencas","entity_type":"LINE","handle":"1BC9F3"}},{"type":"Feature","geometry":{"type":"LineString","coordinates":[[-60.70769805,-31.65867006],[-60.70783011,-31.65866933]]},"properties":{"layer":"Cuencas","entity_type":"LINE","handle":"1BC9F4"}},{"type":"Feature","geometry":{"type":"LineString","coordinates":[[-60.70783011,-31.65866933],[-60.70793593,-31.6586913]]},"properties":{"layer":"Cuencas","entity_type":"LINE","handle":"1BC9F5"}},{"type":"Feature","geometry":{"type":"LineString","coordinates":[[-60.70793593,-31.6586913],[-60.70802906,-31.65878101]]},"properties":{"layer":"Cuencas","entity_type":"LINE","handle":"1BC9F6"}},{"type":"Feature","geometry":{"type":"LineString","coordinates":[[-60.70802906,-31.65878101],[-60.70809612,-31.65891599]]},"properties":{"layer":"Cuencas","entity_type":"LINE","handle":"1BC9F7"}},{"type":"Feature","geometry":{"type":"LineString","coordinates":[[-60.70809612,-31.65891599],[-60.70822921,-31.6590506]]},"properties":{"layer":"Cuencas","entity_type":"LINE","handle":"1BC9F8"}},{"type":"Feature","geometry":{"type":"LineString","coordinates":[[-60.70822921,-31.6590506],[-60.7083093,-31.65916294]]},"properties":{"layer":"Cuencas","entity_type":"LINE","handle":"1BC9F9"}},{"type":"Feature","geometry":{"type":"LineString","coordinates":[[-60.7083093,-31.65916294],[-60.70852159,-31.6592914]]},"properties":{"layer":"Cuencas","entity_type":"LINE","handle":"1BC9FA"}},{"type":"Feature","geometry":{"type":"LineString","coordinates":[[-60.70852159,-31.6592914],[-60.70873357,-31.65938046]]},"properties":{"layer":"Cuencas","entity_type":"LINE","handle":"1BC9FB"}},{"type":"Feature","geometry":{"type":"LineString","coordinates":[[-60.70873357,-31.65938046],[-60.70887953,-31.65946988]]},"properties":{"layer":"Cuencas","entity_type":"LINE","handle":"1BC9FC"}},{"type":"Feature","geometry":{"type":"LineString","coordinates":[[-60.70887953,-31.65946988],[-60.70909228,-31.65966044]]},"properties":{"layer":"Cuencas","entity_type":"LINE","handle":"1BC9FD"}},{"type":"Feature","geometry":{"type":"LineString","coordinates":[[-60.70909228,-31.65966044],[-60.7092523,-31.65986257]]},"properties":{"layer":"Cuencas","entity_type":"LINE","handle":"1BC9FE"}},{"type":"Feature","geometry":{"type":"LineString","coordinates":[[-60.7092523,-31.65986257],[-60.70937228,-31.66000853]]},"properties":{"layer":"Cuencas","entity_type":"LINE","handle":"1BC9FF"}},{"type":"Feature","geometry":{"type":"LineString","coordinates":[[-60.70937228,-31.66000853],[-60.70950545,-31.66015441]]},"properties":{"layer":"Cuencas","entity_type":"LINE","handle":"1BCA00"}},{"type":"Feature","geometry":{"type":"LineString","coordinates":[[-60.70950545,-31.66015441],[-60.70961162,-31.66022149]]},"properties":{"layer":"Cuencas","entity_type":"LINE","handle":"1BCA01"}},{"type":"Feature","geometry":{"type":"LineString","coordinates":[[-60.70961162,-31.66022149],[-60.70982361,-31.66031055]]},"properties":{"layer":"Cuencas","entity_type":"LINE","handle":"1BCA02"}},{"type":"Feature","geometry":{"type":"LineString","coordinates":[[-60.70982361,-31.66031055],[-60.70999572,-31.66036598]]},"properties":{"layer":"Cuencas","entity_type":"LINE","handle":"1BCA03"}},{"type":"Feature","geometry":{"type":"LineString","coordinates":[[-60.70999572,-31.66036598],[-60.71018156,-31.66048902]]},"properties":{"layer":"Cuencas","entity_type":"LINE","handle":"1BCA04"}},{"type":"Feature","geometry":{"type":"LineString","coordinates":[[-60.71018156,-31.66048902],[-60.7103812,-31.66069092]]},"properties":{"layer":"Cuencas","entity_type":"LINE","handle":"1BCA05"}},{"type":"Feature","geometry":{"type":"LineString","coordinates":[[-60.7103812,-31.66069092],[-60.71048797,-31.66083696]]},"properties":{"layer":"Cuencas","entity_type":"LINE","handle":"1BCA06"}},{"type":"Feature","geometry":{"type":"LineString","coordinates":[[-60.71048797,-31.66083696],[-60.71066197,-31.66114052]]},"properties":{"layer":"Cuencas","entity_type":"LINE","handle":"1BCA07"}},{"type":"Feature","geometry":{"type":"LineString","coordinates":[[-60.71066197,-31.66114052],[-60.71082343,-31.6615309]]},"properties":{"layer":"Cuencas","entity_type":"LINE","handle":"1BCA08"}},{"type":"Feature","geometry":{"type":"LineString","coordinates":[[-60.71082343,-31.6615309],[-60.7109585,-31.66192491]]},"properties":{"layer":"Cuencas","entity_type":"LINE","handle":"1BCA09"}},{"type":"Feature","geometry":{"type":"LineString","coordinates":[[-60.7109585,-31.66192491],[-60.71105318,-31.66221763]]},"properties":{"layer":"Cuencas","entity_type":"LINE","handle":"1BCA0A"}},{"type":"Feature","geometry":{"type":"LineString","coordinates":[[-60.71105318,-31.66221763],[-60.71118645,-31.66237479]]},"properties":{"layer":"Cuencas","entity_type":"LINE","handle":"1BCA0B"}},{"type":"Feature","geometry":{"type":"LineString","coordinates":[[-60.71118645,-31.66237479],[-60.71146603,-31.66266649]]},"properties":{"layer":"Cuencas","entity_type":"LINE","handle":"1BCA0C"}},{"type":"Feature","geometry":{"type":"LineString","coordinates":[[-60.71146603,-31.66266649],[-60.71171825,-31.66283426]]},"properties":{"layer":"Cuencas","entity_type":"LINE","handle":"1BCA0D"}},{"type":"Feature","geometry":{"type":"LineString","coordinates":[[-60.71171825,-31.66283426],[-60.71194363,-31.66294579]]},"properties":{"layer":"Cuencas","entity_type":"LINE","handle":"1BCA0E"}},{"type":"Feature","geometry":{"type":"LineString","coordinates":[[-60.71194363,-31.66294579],[-60.71226128,-31.66303425]]},"properties":{"layer":"Cuencas","entity_type":"LINE","handle":"1BCA0F"}},{"type":"Feature","geometry":{"type":"LineString","coordinates":[[-60.71226128,-31.66303425],[-60.71261804,-31.66305482]]},"properties":{"layer":"Cuencas","entity_type":"LINE","handle":"1BCA10"}},{"type":"Feature","geometry":{"type":"LineString","coordinates":[[-60.71261804,-31.66305482],[-60.71310635,-31.66300698]]},"properties":{"layer":"Cuencas","entity_type":"LINE","handle":"1BCA11"}},{"type":"Feature","geometry":{"type":"LineString","coordinates":[[-60.71310635,-31.66300698],[-60.71465643,-31.66277273]]},"properties":{"layer":"Cuencas","entity_type":"LINE","handle":"1BCA12"}},{"type":"Feature","geometry":{"type":"LineString","coordinates":[[-60.71465643,-31.66277273],[-60.71480187,-31.66279447]]},"properties":{"layer":"Cuencas","entity_type":"LINE","handle":"1BCA13"}},{"type":"Feature","geometry":{"type":"LineString","coordinates":[[-60.71480187,-31.66279447],[-60.71497443,-31.66290629]]},"properties":{"layer":"Cuencas","entity_type":"LINE","handle":"1BCA14"}},{"type":"Feature","geometry":{"type":"LineString","coordinates":[[-60.71497443,-31.66290629],[-60.71517313,-31.66298413]]},"properties":{"layer":"Cuencas","entity_type":"LINE","handle":"1BCA15"}},{"type":"Feature","geometry":{"type":"LineString","coordinates":[[-60.71517313,-31.66298413],[-60.715398,-31.66302799]]},"properties":{"layer":"Cuencas","entity_type":"LINE","handle":"1BCA16"}},{"type":"Feature","geometry":{"type":"LineString","coordinates":[[-60.715398,-31.66302799],[-60.71547741,-31.6630501]]},"properties":{"layer":"Cuencas","entity_type":"LINE","handle":"1BCA17"}},{"type":"Feature","geometry":{"type":"LineString","coordinates":[[-60.71547741,-31.6630501],[-60.71550469,-31.66316273]]},"properties":{"layer":"Cuencas","entity_type":"LINE","handle":"1BCA18"}},{"type":"Feature","geometry":{"type":"LineString","coordinates":[[-60.71550469,-31.66316273],[-60.71572075,-31.66378186]]},"properties":{"layer":"Cuencas","entity_type":"LINE","handle":"1BCA19"}},{"type":"Feature","geometry":{"type":"LineString","coordinates":[[-60.71572075,-31.66378186],[-60.71581662,-31.66422677]]},"properties":{"layer":"Cuencas","entity_type":"LINE","handle":"1BCA1A"}},{"type":"Feature","geometry":{"type":"LineString","coordinates":[[-60.71581662,-31.66422677],[-60.7157934,-31.66464422]]},"properties":{"layer":"Cuencas","entity_type":"LINE","handle":"1BCA1B"}},{"type":"Feature","geometry":{"type":"LineString","coordinates":[[-60.7157934,-31.66464422],[-60.71576872,-31.66486994]]},"properties":{"layer":"Cuencas","entity_type":"LINE","handle":"1BCA1C"}},{"type":"Feature","geometry":{"type":"LineString","coordinates":[[-60.71576872,-31.66486994],[-60.71563898,-31.66517519]]},"properties":{"layer":"Cuencas","entity_type":"LINE","handle":"1BCA1D"}},{"type":"Feature","geometry":{"type":"LineString","coordinates":[[-60.71563898,-31.66517519],[-60.71564572,-31.66542965]]},"properties":{"layer":"Cuencas","entity_type":"LINE","handle":"1BCA1E"}},{"type":"Feature","geometry":{"type":"LineString","coordinates":[[-60.70779136,-31.65483241],[-60.70753153,-31.65487116]]},"properties":{"layer":"Cuencas","entity_type":"LINE","handle":"1BCA1F"}},{"type":"Feature","geometry":{"type":"LineString","coordinates":[[-60.715646,-31.66546664],[-60.71662233,-31.66423353]]},"properties":{"layer":"Cuencas","entity_type":"LINE","handle":"1BCA20"}},{"type":"Feature","geometry":{"type":"LineString","coordinates":[[-60.71662233,-31.66423353],[-60.71676735,-31.66419888]]},"properties":{"layer":"Cuencas","entity_type":"LINE","handle":"1BCA21"}},{"type":"Feature","geometry":{"type":"LineString","coordinates":[[-60.71676735,-31.66419888],[-60.71692566,-31.66417543]]},"properties":{"layer":"Cuencas","entity_type":"LINE","handle":"1BCA22"}},{"type":"Feature","geometry":{"type":"LineString","coordinates":[[-60.71692566,-31.66417543],[-60.71744074,-31.66417254]]},"properties":{"layer":"Cuencas","entity_type":"LINE","handle":"1BCA23"}},{"type":"Feature","geometry":{"type":"LineString","coordinates":[[-60.71744074,-31.66417254],[-60.7173742,-31.6637126]]},"properties":{"layer":"Cuencas","entity_type":"LINE","handle":"1BCA24"}},{"type":"Feature","geometry":{"type":"LineString","coordinates":[[-60.7173742,-31.6637126],[-60.71816838,-31.6625265]]},"properties":{"layer":"Cuencas","entity_type":"LINE","handle":"1BCA26"}},{"type":"Feature","geometry":{"type":"LineString","coordinates":[[-60.71816838,-31.6625265],[-60.71824738,-31.66251197]]},"properties":{"layer":"Cuencas","entity_type":"LINE","handle":"1BCA27"}},{"type":"Feature","geometry":{"type":"LineString","coordinates":[[-60.71028187,-31.65457846],[-60.70900229,-31.65476603]]},"properties":{"layer":"Cuencas","entity_type":"LINE","handle":"1BCA28"}},{"type":"Feature","geometry":{"type":"LineString","coordinates":[[-60.70900229,-31.65476603],[-60.70819332,-31.65431937]]},"properties":{"layer":"Cuencas","entity_type":"LINE","handle":"1BCA29"}},{"type":"Feature","geometry":{"type":"LineString","coordinates":[[-60.70819332,-31.65431937],[-60.70779136,-31.65483241]]},"properties":{"layer":"Cuencas","entity_type":"LINE","handle":"1BCA2A"}},{"type":"Feature","geometry":{"type":"LineString","coordinates":[[-60.71825084,-31.66250879],[-60.71787243,-31.66133805]]},"properties":{"layer":"Cuencas","entity_type":"LINE","handle":"1BCA2B"}},{"type":"Feature","geometry":{"type":"LineString","coordinates":[[-60.71787243,-31.66133805],[-60.71747997,-31.66010941]]},"properties":{"layer":"Cuencas","entity_type":"LINE","handle":"1BCA2C"}},{"type":"Feature","geometry":{"type":"LineString","coordinates":[[-60.71747997,-31.66010941],[-60.71630037,-31.66033696]]},"properties":{"layer":"Cuencas","entity_type":"LINE","handle":"1BCA2D"}},{"type":"Feature","geometry":{"type":"LineString","coordinates":[[-60.71630037,-31.66033696],[-60.71620714,-31.66034891]]},"properties":{"layer":"Cuencas","entity_type":"LINE","handle":"1BCA2E"}},{"type":"Feature","geometry":{"type":"LineString","coordinates":[[-60.71620714,-31.66034891],[-60.7160113,-31.65974858]]},"properties":{"layer":"Cuencas","entity_type":"LINE","handle":"1BCA2F"}},{"type":"Feature","geometry":{"type":"LineString","coordinates":[[-60.7160113,-31.65974858],[-60.71533453,-31.65990279]]},"properties":{"layer":"Cuencas","entity_type":"LINE","handle":"1BCA30"}},{"type":"Feature","geometry":{"type":"LineString","coordinates":[[-60.71533453,-31.65990279],[-60.71484235,-31.66059243]]},"properties":{"layer":"Cuencas","entity_type":"LINE","handle":"1BCA31"}},{"type":"Feature","geometry":{"type":"LineString","coordinates":[[-60.7103166,-31.65458643],[-60.71060081,-31.65565053]]},"properties":{"layer":"Cuencas","entity_type":"LINE","handle":"1BCA32"}},{"type":"Feature","geometry":{"type":"LineString","coordinates":[[-60.71060081,-31.65565053],[-60.71113726,-31.65499337]]},"properties":{"layer":"Cuencas","entity_type":"LINE","handle":"1BCA33"}},{"type":"Feature","geometry":{"type":"LineString","coordinates":[[-60.71113726,-31.65499337],[-60.71189343,-31.65544031]]},"properties":{"layer":"Cuencas","entity_type":"LINE","handle":"1BCA34"}},{"type":"Feature","geometry":{"type":"LineString","coordinates":[[-60.71189343,-31.65544031],[-60.7124868,-31.65743553]]},"properties":{"layer":"Cuencas","entity_type":"LINE","handle":"1BCA35"}},{"type":"Feature","geometry":{"type":"LineString","coordinates":[[-60.7124868,-31.65743553],[-60.71279658,-31.65739166]]},"properties":{"layer":"Cuencas","entity_type":"LINE","handle":"1BCA36"}},{"type":"Feature","geometry":{"type":"LineString","coordinates":[[-60.71279658,-31.65739166],[-60.712874,-31.65775906]]},"properties":{"layer":"Cuencas","entity_type":"LINE","handle":"1BCA37"}},{"type":"Feature","geometry":{"type":"LineString","coordinates":[[-60.712874,-31.65775906],[-60.7134439,-31.65801402]]},"properties":{"layer":"Cuencas","entity_type":"LINE","handle":"1BCA38"}},{"type":"Feature","geometry":{"type":"LineString","coordinates":[[-60.7134439,-31.65801402],[-60.71371422,-31.65912475]]},"properties":{"layer":"Cuencas","entity_type":"LINE","handle":"1BCA39"}},{"type":"Feature","geometry":{"type":"LineString","coordinates":[[-60.71371422,-31.65912475],[-60.71452545,-31.65957511]]},"properties":{"layer":"Cuencas","entity_type":"LINE","handle":"1BCA3A"}},{"type":"Feature","geometry":{"type":"LineString","coordinates":[[-60.71452545,-31.65957511],[-60.71469675,-31.66010261]]},"properties":{"layer":"Cuencas","entity_type":"LINE","handle":"1BCA3B"}},{"type":"Feature","geometry":{"type":"LineString","coordinates":[[-60.71469675,-31.66010261],[-60.71484193,-31.66060317]]},"properties":{"layer":"Cuencas","entity_type":"LINE","handle":"1BCA3C"}},{"type":"Feature","geometry":{"type":"LineString","coordinates":[[-60.71223728,-31.65657801],[-60.71313825,-31.6564339]]},"properties":{"layer":"Cuencas","entity_type":"LINE","handle":"1BCA3D"}},{"type":"Feature","geometry":{"type":"LineString","coordinates":[[-60.71313825,-31.6564339],[-60.71747652,-31.65571506]]},"properties":{"layer":"Cuencas","entity_type":"LINE","handle":"1BCA3E"}},{"type":"Feature","geometry":{"type":"LineString","coordinates":[[-60.71747652,-31.65571506],[-60.71839334,-31.65453497]]},"properties":{"layer":"Cuencas","entity_type":"LINE","handle":"1BCA3F"}},{"type":"Feature","geometry":{"type":"LineString","coordinates":[[-60.71839334,-31.65453497],[-60.71845623,-31.65440104]]},"properties":{"layer":"Cuencas","entity_type":"LINE","handle":"1BCA40"}},{"type":"Feature","geometry":{"type":"LineString","coordinates":[[-60.71845623,-31.65440104],[-60.7188928,-31.65373274]]},"properties":{"layer":"Cuencas","entity_type":"LINE","handle":"1BCA41"}},{"type":"Feature","geometry":{"type":"LineString","coordinates":[[-60.7188928,-31.65373274],[-60.72073867,-31.65342933]]},"properties":{"layer":"Cuencas","entity_type":"LINE","handle":"1BCA42"}},{"type":"Feature","geometry":{"type":"LineString","coordinates":[[-60.72073867,-31.65342933],[-60.72092847,-31.65413713]]},"properties":{"layer":"Cuencas","entity_type":"LINE","handle":"1BCA43"}},{"type":"Feature","geometry":{"type":"LineString","coordinates":[[-60.72092847,-31.65413713],[-60.72111016,-31.65410676]]},"properties":{"layer":"Cuencas","entity_type":"LINE","handle":"1BCA44"}},{"type":"Feature","geometry":{"type":"LineString","coordinates":[[-60.72111016,-31.65410676],[-60.72256194,-31.65448715]]},"properties":{"layer":"Cuencas","entity_type":"LINE","handle":"1BCA45"}},{"type":"Feature","geometry":{"type":"LineString","coordinates":[[-60.72256194,-31.65448715],[-60.72276051,-31.6544496]]},"properties":{"layer":"Cuencas","entity_type":"LINE","handle":"1BCA46"}},{"type":"Feature","geometry":{"type":"LineString","coordinates":[[-60.72276051,-31.6544496],[-60.72312934,-31.65438679]]},"properties":{"layer":"Cuencas","entity_type":"LINE","handle":"1BCA47"}},{"type":"Feature","geometry":{"type":"LineString","coordinates":[[-60.72312934,-31.65438679],[-60.72376546,-31.6542556]]},"properties":{"layer":"Cuencas","entity_type":"LINE","handle":"1BCA48"}},{"type":"Feature","geometry":{"type":"LineString","coordinates":[[-60.72376546,-31.6542556],[-60.72466863,-31.65410013]]},"properties":{"layer":"Cuencas","entity_type":"LINE","handle":"1BCA49"}},{"type":"Feature","geometry":{"type":"LineString","coordinates":[[-60.72466863,-31.65410013],[-60.72499503,-31.6540768]]},"properties":{"layer":"Cuencas","entity_type":"LINE","handle":"1BCA4A"}},{"type":"Feature","geometry":{"type":"LineString","coordinates":[[-60.72499503,-31.6540768],[-60.7253968,-31.65405304]]},"properties":{"layer":"Cuencas","entity_type":"LINE","handle":"1BCA4B"}},{"type":"Feature","geometry":{"type":"LineString","coordinates":[[-60.7253968,-31.65405304],[-60.72592986,-31.65404702]]},"properties":{"layer":"Cuencas","entity_type":"LINE","handle":"1BCA4C"}},{"type":"Feature","geometry":{"type":"LineString","coordinates":[[-60.72592986,-31.65404702],[-60.72646577,-31.6540273]]},"properties":{"layer":"Cuencas","entity_type":"LINE","handle":"1BCA4D"}},{"type":"Feature","geometry":{"type":"LineString","coordinates":[[-60.72646577,-31.6540273],[-60.72705984,-31.65396559]]},"properties":{"layer":"Cuencas","entity_type":"LINE","handle":"1BCA4E"}},{"type":"Feature","geometry":{"type":"LineString","coordinates":[[-60.72705984,-31.65396559],[-60.72792319,-31.65385512]]},"properties":{"layer":"Cuencas","entity_type":"LINE","handle":"1BCA4F"}},{"type":"Feature","geometry":{"type":"LineString","coordinates":[[-60.72792319,-31.65385512],[-60.72893904,-31.65377767]]},"properties":{"layer":"Cuencas","entity_type":"LINE","handle":"1BCA50"}},{"type":"Feature","geometry":{"type":"LineString","coordinates":[[-60.72893904,-31.65377767],[-60.73069734,-31.65371666]]},"properties":{"layer":"Cuencas","entity_type":"LINE","handle":"1BCA51"}},{"type":"Feature","geometry":{"type":"LineString","coordinates":[[-60.73069734,-31.65371666],[-60.73168092,-31.65369828]]},"properties":{"layer":"Cuencas","entity_type":"LINE","handle":"1BCA52"}},{"type":"Feature","geometry":{"type":"LineString","coordinates":[[-60.73168092,-31.65369828],[-60.73352874,-31.65364946]]},"properties":{"layer":"Cuencas","entity_type":"LINE","handle":"1BCA53"}},{"type":"Feature","geometry":{"type":"LineString","coordinates":[[-60.73352874,-31.65364946],[-60.73485521,-31.65364183]]},"properties":{"layer":"Cuencas","entity_type":"LINE","handle":"1BCA54"}},{"type":"Feature","geometry":{"type":"LineString","coordinates":[[-60.73485521,-31.65364183],[-60.73733152,-31.65390781]]},"properties":{"layer":"Cuencas","entity_type":"LINE","handle":"1BCA55"}},{"type":"Feature","geometry":{"type":"LineString","coordinates":[[-60.73733152,-31.65390781],[-60.73974643,-31.65413634]]},"properties":{"layer":"Cuencas","entity_type":"LINE","handle":"1BCA56"}},{"type":"Feature","geometry":{"type":"LineString","coordinates":[[-60.7124941,-31.65743449],[-60.71223728,-31.65657801]]},"properties":{"layer":"Cuencas","entity_type":"LINE","handle":"1BCA57"}},{"type":"Feature","geometry":{"type":"LineString","coordinates":[[-60.73332871,-31.65762552],[-60.73896956,-31.65657641]]},"properties":{"layer":"Cuencas","entity_type":"LINE","handle":"1BCA58"}},{"type":"Feature","geometry":{"type":"LineString","coordinates":[[-60.72492814,-31.66250036],[-60.72506673,-31.6624907]]},"properties":{"layer":"Cuencas","entity_type":"LINE","handle":"1BCA59"}},{"type":"Feature","geometry":{"type":"LineString","coordinates":[[-60.72506673,-31.6624907],[-60.7248097,-31.66166672]]},"properties":{"layer":"Cuencas","entity_type":"LINE","handle":"1BCA5A"}},{"type":"Feature","geometry":{"type":"LineString","coordinates":[[-60.7248097,-31.66166672],[-60.72560917,-31.6617376]]},"properties":{"layer":"Cuencas","entity_type":"LINE","handle":"1BCA5B"}},{"type":"Feature","geometry":{"type":"LineString","coordinates":[[-60.72560917,-31.6617376],[-60.72600199,-31.66180821]]},"properties":{"layer":"Cuencas","entity_type":"LINE","handle":"1BCA5C"}},{"type":"Feature","geometry":{"type":"LineString","coordinates":[[-60.72600199,-31.66180821],[-60.72649737,-31.66190737]]},"properties":{"layer":"Cuencas","entity_type":"LINE","handle":"1BCA5D"}},{"type":"Feature","geometry":{"type":"LineString","coordinates":[[-60.72649737,-31.66190737],[-60.72706142,-31.66206441]]},"properties":{"layer":"Cuencas","entity_type":"LINE","handle":"1BCA5E"}},{"type":"Feature","geometry":{"type":"LineString","coordinates":[[-60.72706142,-31.66206441],[-60.72711202,-31.66199128]]},"properties":{"layer":"Cuencas","entity_type":"LINE","handle":"1BCA5F"}},{"type":"Feature","geometry":{"type":"LineString","coordinates":[[-60.72711202,-31.66199128],[-60.7295911,-31.66276381]]},"properties":{"layer":"Cuencas","entity_type":"LINE","handle":"1BCA60"}},{"type":"Feature","geometry":{"type":"LineString","coordinates":[[-60.7295911,-31.66276381],[-60.73132347,-31.66316136]]},"properties":{"layer":"Cuencas","entity_type":"LINE","handle":"1BCA61"}},{"type":"Feature","geometry":{"type":"LineString","coordinates":[[-60.71825371,-31.66250952],[-60.71900641,-31.66285473]]},"properties":{"layer":"Cuencas","entity_type":"LINE","handle":"1BCA62"}},{"type":"Feature","geometry":{"type":"LineString","coordinates":[[-60.71900641,-31.66285473],[-60.71923343,-31.66281948]]},"properties":{"layer":"Cuencas","entity_type":"LINE","handle":"1BCA63"}},{"type":"Feature","geometry":{"type":"LineString","coordinates":[[-60.71923343,-31.66281948],[-60.71956616,-31.66249242]]},"properties":{"layer":"Cuencas","entity_type":"LINE","handle":"1BCA64"}},{"type":"Feature","geometry":{"type":"LineString","coordinates":[[-60.71956616,-31.66249242],[-60.72016209,-31.66240169]]},"properties":{"layer":"Cuencas","entity_type":"LINE","handle":"1BCA65"}},{"type":"Feature","geometry":{"type":"LineString","coordinates":[[-60.72016209,-31.66240169],[-60.72029363,-31.66251258]]},"properties":{"layer":"Cuencas","entity_type":"LINE","handle":"1BCA66"}},{"type":"Feature","geometry":{"type":"LineString","coordinates":[[-60.72029363,-31.66251258],[-60.720547,-31.66221023]]},"properties":{"layer":"Cuencas","entity_type":"LINE","handle":"1BCA67"}},{"type":"Feature","geometry":{"type":"LineString","coordinates":[[-60.720547,-31.66221023],[-60.72089318,-31.66215489]]},"properties":{"layer":"Cuencas","entity_type":"LINE","handle":"1BCA68"}},{"type":"Feature","geometry":{"type":"LineString","coordinates":[[-60.72089318,-31.66215489],[-60.72132169,-31.66245824]]},"properties":{"layer":"Cuencas","entity_type":"LINE","handle":"1BCA69"}},{"type":"Feature","geometry":{"type":"LineString","coordinates":[[-60.72132169,-31.66245824],[-60.72150897,-31.66242806]]},"properties":{"layer":"Cuencas","entity_type":"LINE","handle":"1BCA6A"}},{"type":"Feature","geometry":{"type":"LineString","coordinates":[[-60.72150897,-31.66242806],[-60.72168492,-31.6624028]]},"properties":{"layer":"Cuencas","entity_type":"LINE","handle":"1BCA6B"}},{"type":"Feature","geometry":{"type":"LineString","coordinates":[[-60.72168492,-31.6624028],[-60.7219714,-31.66197407]]},"properties":{"layer":"Cuencas","entity_type":"LINE","handle":"1BCA6C"}},{"type":"Feature","geometry":{"type":"LineString","coordinates":[[-60.7219714,-31.66197407],[-60.72228913,-31.66191403]]},"properties":{"layer":"Cuencas","entity_type":"LINE","handle":"1BCA6D"}},{"type":"Feature","geometry":{"type":"LineString","coordinates":[[-60.72228913,-31.66191403],[-60.72276283,-31.66218314]]},"properties":{"layer":"Cuencas","entity_type":"LINE","handle":"1BCA6E"}},{"type":"Feature","geometry":{"type":"LineString","coordinates":[[-60.72276283,-31.66218314],[-60.72324023,-31.66158923]]},"properties":{"layer":"Cuencas","entity_type":"LINE","handle":"1BCA6F"}},{"type":"Feature","geometry":{"type":"LineString","coordinates":[[-60.72324023,-31.66158923],[-60.7237672,-31.66190225]]},"properties":{"layer":"Cuencas","entity_type":"LINE","handle":"1BCA70"}},{"type":"Feature","geometry":{"type":"LineString","coordinates":[[-60.73172867,-31.66104087],[-60.73175574,-31.66112616]]},"properties":{"layer":"Cuencas","entity_type":"LINE","handle":"1BCA71"}},{"type":"Feature","geometry":{"type":"LineString","coordinates":[[-60.73175574,-31.66112616],[-60.73123314,-31.66117879]]},"properties":{"layer":"Cuencas","entity_type":"LINE","handle":"1BCA72"}},{"type":"Feature","geometry":{"type":"LineString","coordinates":[[-60.73123314,-31.66117879],[-60.73104148,-31.66145426]]},"properties":{"layer":"Cuencas","entity_type":"LINE","handle":"1BCA73"}},{"type":"Feature","geometry":{"type":"LineString","coordinates":[[-60.73104148,-31.66145426],[-60.73088024,-31.66162293]]},"properties":{"layer":"Cuencas","entity_type":"LINE","handle":"1BCA74"}},{"type":"Feature","geometry":{"type":"LineString","coordinates":[[-60.73088024,-31.66162293],[-60.73073716,-31.66181765]]},"properties":{"layer":"Cuencas","entity_type":"LINE","handle":"1BCA75"}},{"type":"Feature","geometry":{"type":"LineString","coordinates":[[-60.73073716,-31.66181765],[-60.72998256,-31.66192834]]},"properties":{"layer":"Cuencas","entity_type":"LINE","handle":"1BCA76"}},{"type":"Feature","geometry":{"type":"LineString","coordinates":[[-60.72998256,-31.66192834],[-60.7294236,-31.66271161]]},"properties":{"layer":"Cuencas","entity_type":"LINE","handle":"1BCA77"}},{"type":"Feature","geometry":{"type":"LineString","coordinates":[[-60.73236906,-31.66010805],[-60.73213941,-31.66066278]]},"properties":{"layer":"Cuencas","entity_type":"LINE","handle":"1BCA78"}},{"type":"Feature","geometry":{"type":"LineString","coordinates":[[-60.73213941,-31.66066278],[-60.73195839,-31.66081849]]},"properties":{"layer":"Cuencas","entity_type":"LINE","handle":"1BCA79"}},{"type":"Feature","geometry":{"type":"LineString","coordinates":[[-60.73195839,-31.66081849],[-60.73172867,-31.66104087]]},"properties":{"layer":"Cuencas","entity_type":"LINE","handle":"1BCA7A"}},{"type":"Feature","geometry":{"type":"LineString","coordinates":[[-60.73033475,-31.65831751],[-60.73038552,-31.65857347]]},"properties":{"layer":"Cuencas","entity_type":"LINE","handle":"1BCA7B"}},{"type":"Feature","geometry":{"type":"LineString","coordinates":[[-60.73038552,-31.65857347],[-60.73203312,-31.65837215]]},"properties":{"layer":"Cuencas","entity_type":"LINE","handle":"1BCA7C"}},{"type":"Feature","geometry":{"type":"LineString","coordinates":[[-60.73203312,-31.65837215],[-60.73213226,-31.6584371]]},"properties":{"layer":"Cuencas","entity_type":"LINE","handle":"1BCA7D"}},{"type":"Feature","geometry":{"type":"LineString","coordinates":[[-60.73213226,-31.6584371],[-60.7322734,-31.65938585]]},"properties":{"layer":"Cuencas","entity_type":"LINE","handle":"1BCA7E"}},{"type":"Feature","geometry":{"type":"LineString","coordinates":[[-60.7322734,-31.65938585],[-60.73236906,-31.66010805]]},"properties":{"layer":"Cuencas","entity_type":"LINE","handle":"1BCA7F"}},{"type":"Feature","geometry":{"type":"LineString","coordinates":[[-60.72969415,-31.65840801],[-60.72947229,-31.65843035]]},"properties":{"layer":"Cuencas","entity_type":"LINE","handle":"1BCA80"}},{"type":"Feature","geometry":{"type":"LineString","coordinates":[[-60.72947229,-31.65843035],[-60.72929856,-31.65829788]]},"properties":{"layer":"Cuencas","entity_type":"LINE","handle":"1BCA81"}},{"type":"Feature","geometry":{"type":"LineString","coordinates":[[-60.72929856,-31.65829788],[-60.72917965,-31.65781387]]},"properties":{"layer":"Cuencas","entity_type":"LINE","handle":"1BCA82"}},{"type":"Feature","geometry":{"type":"LineString","coordinates":[[-60.72917965,-31.65781387],[-60.72862031,-31.65779599]]},"properties":{"layer":"Cuencas","entity_type":"LINE","handle":"1BCA83"}},{"type":"Feature","geometry":{"type":"LineString","coordinates":[[-60.72862031,-31.65779599],[-60.7283233,-31.65767124]]},"properties":{"layer":"Cuencas","entity_type":"LINE","handle":"1BCA84"}},{"type":"Feature","geometry":{"type":"LineString","coordinates":[[-60.7283233,-31.65767124],[-60.72791323,-31.65781407]]},"properties":{"layer":"Cuencas","entity_type":"LINE","handle":"1BCA85"}},{"type":"Feature","geometry":{"type":"LineString","coordinates":[[-60.72791323,-31.65781407],[-60.72706762,-31.6579945]]},"properties":{"layer":"Cuencas","entity_type":"LINE","handle":"1BCA86"}},{"type":"Feature","geometry":{"type":"LineString","coordinates":[[-60.72706762,-31.6579945],[-60.72682849,-31.65791157]]},"properties":{"layer":"Cuencas","entity_type":"LINE","handle":"1BCA87"}},{"type":"Feature","geometry":{"type":"LineString","coordinates":[[-60.72682849,-31.65791157],[-60.72656551,-31.65793414]]},"properties":{"layer":"Cuencas","entity_type":"LINE","handle":"1BCA88"}},{"type":"Feature","geometry":{"type":"LineString","coordinates":[[-60.72656551,-31.65793414],[-60.72622897,-31.65801333]]},"properties":{"layer":"Cuencas","entity_type":"LINE","handle":"1BCA89"}},{"type":"Feature","geometry":{"type":"LineString","coordinates":[[-60.72622897,-31.65801333],[-60.72587379,-31.65781164]]},"properties":{"layer":"Cuencas","entity_type":"LINE","handle":"1BCA8A"}},{"type":"Feature","geometry":{"type":"LineString","coordinates":[[-60.72587379,-31.65781164],[-60.72557803,-31.65784844]]},"properties":{"layer":"Cuencas","entity_type":"LINE","handle":"1BCA8B"}},{"type":"Feature","geometry":{"type":"LineString","coordinates":[[-60.72557803,-31.65784844],[-60.72517433,-31.65775239]]},"properties":{"layer":"Cuencas","entity_type":"LINE","handle":"1BCA8C"}},{"type":"Feature","geometry":{"type":"LineString","coordinates":[[-60.72517433,-31.65775239],[-60.72478822,-31.65780376]]},"properties":{"layer":"Cuencas","entity_type":"LINE","handle":"1BCA8D"}},{"type":"Feature","geometry":{"type":"LineString","coordinates":[[-60.72478822,-31.65780376],[-60.72445385,-31.65816391]]},"properties":{"layer":"Cuencas","entity_type":"LINE","handle":"1BCA8E"}},{"type":"Feature","geometry":{"type":"LineString","coordinates":[[-60.72445385,-31.65816391],[-60.72389255,-31.65789314]]},"properties":{"layer":"Cuencas","entity_type":"LINE","handle":"1BCA8F"}},{"type":"Feature","geometry":{"type":"LineString","coordinates":[[-60.72389255,-31.65789314],[-60.72368725,-31.65792942]]},"properties":{"layer":"Cuencas","entity_type":"LINE","handle":"1BCA90"}},{"type":"Feature","geometry":{"type":"LineString","coordinates":[[-60.72368725,-31.65792942],[-60.72362055,-31.65772721]]},"properties":{"layer":"Cuencas","entity_type":"LINE","handle":"1BCA91"}},{"type":"Feature","geometry":{"type":"LineString","coordinates":[[-60.72362055,-31.65772721],[-60.7227412,-31.65895683]]},"properties":{"layer":"Cuencas","entity_type":"LINE","handle":"1BCA92"}},{"type":"Feature","geometry":{"type":"LineString","coordinates":[[-60.7227412,-31.65895683],[-60.72280072,-31.65923816]]},"properties":{"layer":"Cuencas","entity_type":"LINE","handle":"1BCA93"}},{"type":"Feature","geometry":{"type":"LineString","coordinates":[[-60.72280072,-31.65923816],[-60.72344832,-31.65955289]]},"properties":{"layer":"Cuencas","entity_type":"LINE","handle":"1BCA94"}},{"type":"Feature","geometry":{"type":"LineString","coordinates":[[-60.72344832,-31.65955289],[-60.72289537,-31.66035204]]},"properties":{"layer":"Cuencas","entity_type":"LINE","handle":"1BCA95"}},{"type":"Feature","geometry":{"type":"LineString","coordinates":[[-60.72289537,-31.66035204],[-60.72248521,-31.66107689]]},"properties":{"layer":"Cuencas","entity_type":"LINE","handle":"1BCA96"}},{"type":"Feature","geometry":{"type":"LineString","coordinates":[[-60.72248521,-31.66107689],[-60.7219372,-31.66066362]]},"properties":{"layer":"Cuencas","entity_type":"LINE","handle":"1BCA97"}},{"type":"Feature","geometry":{"type":"LineString","coordinates":[[-60.7219372,-31.66066362],[-60.72162218,-31.66071439]]},"properties":{"layer":"Cuencas","entity_type":"LINE","handle":"1BCA98"}},{"type":"Feature","geometry":{"type":"LineString","coordinates":[[-60.72162218,-31.66071439],[-60.7212253,-31.66130446]]},"properties":{"layer":"Cuencas","entity_type":"LINE","handle":"1BCA99"}},{"type":"Feature","geometry":{"type":"LineString","coordinates":[[-60.7212253,-31.66130446],[-60.72066353,-31.66096473]]},"properties":{"layer":"Cuencas","entity_type":"LINE","handle":"1BCA9A"}},{"type":"Feature","geometry":{"type":"LineString","coordinates":[[-60.72066353,-31.66096473],[-60.7202341,-31.66105288]]},"properties":{"layer":"Cuencas","entity_type":"LINE","handle":"1BCA9B"}},{"type":"Feature","geometry":{"type":"LineString","coordinates":[[-60.7202341,-31.66105288],[-60.72005009,-31.66136008]]},"properties":{"layer":"Cuencas","entity_type":"LINE","handle":"1BCA9C"}},{"type":"Feature","geometry":{"type":"LineString","coordinates":[[-60.72005009,-31.66136008],[-60.71966159,-31.66117857]]},"properties":{"layer":"Cuencas","entity_type":"LINE","handle":"1BCA9D"}},{"type":"Feature","geometry":{"type":"LineString","coordinates":[[-60.71966159,-31.66117857],[-60.71949908,-31.66055493]]},"properties":{"layer":"Cuencas","entity_type":"LINE","handle":"1BCA9E"}},{"type":"Feature","geometry":{"type":"LineString","coordinates":[[-60.71949908,-31.66055493],[-60.71965545,-31.6603826]]},"properties":{"layer":"Cuencas","entity_type":"LINE","handle":"1BCA9F"}},{"type":"Feature","geometry":{"type":"LineString","coordinates":[[-60.71965545,-31.6603826],[-60.71962555,-31.66022356]]},"properties":{"layer":"Cuencas","entity_type":"LINE","handle":"1BCAA0"}},{"type":"Feature","geometry":{"type":"LineString","coordinates":[[-60.71962555,-31.66022356],[-60.71879131,-31.65987312]]},"properties":{"layer":"Cuencas","entity_type":"LINE","handle":"1BCAA1"}},{"type":"Feature","geometry":{"type":"LineString","coordinates":[[-60.71879131,-31.65987312],[-60.71887856,-31.66003183]]},"properties":{"layer":"Cuencas","entity_type":"LINE","handle":"1BCAA2"}},{"type":"Feature","geometry":{"type":"LineString","coordinates":[[-60.71887856,-31.66003183],[-60.71867794,-31.66004521]]},"properties":{"layer":"Cuencas","entity_type":"LINE","handle":"1BCAA3"}},{"type":"Feature","geometry":{"type":"LineString","coordinates":[[-60.71867794,-31.66004521],[-60.7183383,-31.6606227]]},"properties":{"layer":"Cuencas","entity_type":"LINE","handle":"1BCAA4"}},{"type":"Feature","geometry":{"type":"LineString","coordinates":[[-60.7183383,-31.6606227],[-60.71748197,-31.66011566]]},"properties":{"layer":"Cuencas","entity_type":"LINE","handle":"1BCAA5"}},{"type":"Feature","geometry":{"type":"LineString","coordinates":[[-60.73335568,-31.65762135],[-60.73062057,-31.65804446]]},"properties":{"layer":"Cuencas","entity_type":"LINE","handle":"1BCAA6"}},{"type":"Feature","geometry":{"type":"LineString","coordinates":[[-60.73062057,-31.65804446],[-60.7304736,-31.65817877]]},"properties":{"layer":"Cuencas","entity_type":"LINE","handle":"1BCAA7"}},{"type":"Feature","geometry":{"type":"LineString","coordinates":[[-60.7304736,-31.65817877],[-60.73033475,-31.65831751]]},"properties":{"layer":"Cuencas","entity_type":"LINE","handle":"1BCAA8"}},{"type":"Feature","geometry":{"type":"LineString","coordinates":[[-60.73033475,-31.65831751],[-60.72969415,-31.65840801]]},"properties":{"layer":"Cuencas","entity_type":"LINE","handle":"1BCAA9"}},{"type":"Feature","geometry":{"type":"LineString","coordinates":[[-60.71825084,-31.66250879],[-60.71787243,-31.66133805]]},"properties":{"layer":"Cuencas","entity_type":"LINE","handle":"1BCAAA"}},{"type":"Feature","geometry":{"type":"LineString","coordinates":[[-60.71787243,-31.66133805],[-60.71747997,-31.66010941]]},"properties":{"layer":"Cuencas","entity_type":"LINE","handle":"1BCAAB"}},{"type":"Feature","geometry":{"type":"LineString","coordinates":[[-60.71747997,-31.66010941],[-60.71630037,-31.66033696]]},"properties":{"layer":"Cuencas","entity_type":"LINE","handle":"1BCAAC"}},{"type":"Feature","geometry":{"type":"LineString","coordinates":[[-60.71630037,-31.66033696],[-60.71620714,-31.66034891]]},"properties":{"layer":"Cuencas","entity_type":"LINE","handle":"1BCAAD"}},{"type":"Feature","geometry":{"type":"LineString","coordinates":[[-60.71620714,-31.66034891],[-60.7160113,-31.65974858]]},"properties":{"layer":"Cuencas","entity_type":"LINE","handle":"1BCAAE"}},{"type":"Feature","geometry":{"type":"LineString","coordinates":[[-60.7160113,-31.65974858],[-60.71533453,-31.65990279]]},"properties":{"layer":"Cuencas","entity_type":"LINE","handle":"1BCAAF"}},{"type":"Feature","geometry":{"type":"LineString","coordinates":[[-60.71533453,-31.65990279],[-60.71484235,-31.66059243]]},"properties":{"layer":"Cuencas","entity_type":"LINE","handle":"1BCAB0"}},{"type":"Feature","geometry":{"type":"LineString","coordinates":[[-60.72383721,-31.65424325],[-60.72466863,-31.65410013]]},"properties":{"layer":"Cuencas","entity_type":"LINE","handle":"1BCAB1"}},{"type":"Feature","geometry":{"type":"LineString","coordinates":[[-60.72466863,-31.65410013],[-60.72499503,-31.6540768]]},"properties":{"layer":"Cuencas","entity_type":"LINE","handle":"1BCAB2"}},{"type":"Feature","geometry":{"type":"LineString","coordinates":[[-60.72499503,-31.6540768],[-60.7253968,-31.65405304]]},"properties":{"layer":"Cuencas","entity_type":"LINE","handle":"1BCAB3"}},{"type":"Feature","geometry":{"type":"LineString","coordinates":[[-60.7253968,-31.65405304],[-60.72592986,-31.65404702]]},"properties":{"layer":"Cuencas","entity_type":"LINE","handle":"1BCAB4"}},{"type":"Feature","geometry":{"type":"LineString","coordinates":[[-60.72592986,-31.65404702],[-60.72646577,-31.6540273]]},"properties":{"layer":"Cuencas","entity_type":"LINE","handle":"1BCAB5"}},{"type":"Feature","geometry":{"type":"LineString","coordinates":[[-60.72646577,-31.6540273],[-60.72690055,-31.65398214]]},"properties":{"layer":"Cuencas","entity_type":"LINE","handle":"1BCAB6"}},{"type":"Feature","geometry":{"type":"LineString","coordinates":[[-60.73485905,-31.65364224],[-60.73733152,-31.65390781]]},"properties":{"layer":"Cuencas","entity_type":"LINE","handle":"1BCAB7"}},{"type":"Feature","geometry":{"type":"LineString","coordinates":[[-60.73733152,-31.65390781],[-60.73802901,-31.65396165]]},"properties":{"layer":"Cuencas","entity_type":"LINE","handle":"1BCAB8"}},{"type":"Feature","geometry":{"type":"LineString","coordinates":[[-60.71469675,-31.66010261],[-60.71452545,-31.65957511]]},"properties":{"layer":"Cuencas","entity_type":"LINE","handle":"1BCAB9"}},{"type":"Feature","geometry":{"type":"LineString","coordinates":[[-60.71452545,-31.65957511],[-60.71371422,-31.65912475]]},"properties":{"layer":"Cuencas","entity_type":"LINE","handle":"1BCABA"}},{"type":"Feature","geometry":{"type":"LineString","coordinates":[[-60.71371422,-31.65912475],[-60.7134439,-31.65801402]]},"properties":{"layer":"Cuencas","entity_type":"LINE","handle":"1BCABB"}},{"type":"Feature","geometry":{"type":"LineString","coordinates":[[-60.7134439,-31.65801402],[-60.712874,-31.65775906]]},"properties":{"layer":"Cuencas","entity_type":"LINE","handle":"1BCABC"}},{"type":"Feature","geometry":{"type":"LineString","coordinates":[[-60.712874,-31.65775906],[-60.71279658,-31.65739166]]},"properties":{"layer":"Cuencas","entity_type":"LINE","handle":"1BCABD"}},{"type":"Feature","geometry":{"type":"LineString","coordinates":[[-60.71279658,-31.65739166],[-60.7124941,-31.65743449]]},"properties":{"layer":"Cuencas","entity_type":"LINE","handle":"1BCABE"}},{"type":"Feature","geometry":{"type":"LineString","coordinates":[[-60.71469675,-31.66010261],[-60.71484193,-31.66060317]]},"properties":{"layer":"Cuencas","entity_type":"LINE","handle":"1BCABF"}},{"type":"Feature","geometry":{"type":"LineString","coordinates":[[-60.71223728,-31.65657801],[-60.71313825,-31.6564339]]},"properties":{"layer":"Cuencas","entity_type":"LINE","handle":"1BCAC0"}},{"type":"Feature","geometry":{"type":"LineString","coordinates":[[-60.71313825,-31.6564339],[-60.71747652,-31.65571506]]},"properties":{"layer":"Cuencas","entity_type":"LINE","handle":"1BCAC1"}},{"type":"Feature","geometry":{"type":"LineString","coordinates":[[-60.71747652,-31.65571506],[-60.71839334,-31.65453497]]},"properties":{"layer":"Cuencas","entity_type":"LINE","handle":"1BCAC2"}},{"type":"Feature","geometry":{"type":"LineString","coordinates":[[-60.71839334,-31.65453497],[-60.71845623,-31.65440104]]},"properties":{"layer":"Cuencas","entity_type":"LINE","handle":"1BCAC3"}},{"type":"Feature","geometry":{"type":"LineString","coordinates":[[-60.72375769,-31.66190551],[-60.72434374,-31.6620035]]},"properties":{"layer":"Cuencas","entity_type":"LINE","handle":"1BCAC4"}},{"type":"Feature","geometry":{"type":"LineString","coordinates":[[-60.72434374,-31.6620035],[-60.72587223,-31.6633233]]},"properties":{"layer":"Cuencas","entity_type":"LINE","handle":"1BCAC5"}},{"type":"Feature","geometry":{"type":"LineString","coordinates":[[-60.72587223,-31.6633233],[-60.7266312,-31.66272344]]},"properties":{"layer":"Cuencas","entity_type":"LINE","handle":"1BCAC6"}},{"type":"Feature","geometry":{"type":"LineString","coordinates":[[-60.7266312,-31.66272344],[-60.72701809,-31.66266452]]},"properties":{"layer":"Cuencas","entity_type":"LINE","handle":"1BCAC7"}},{"type":"Feature","geometry":{"type":"LineString","coordinates":[[-60.72701809,-31.66266452],[-60.72846692,-31.66396077]]},"properties":{"layer":"Cuencas","entity_type":"LINE","handle":"1BCAC8"}},{"type":"Feature","geometry":{"type":"LineString","coordinates":[[-60.72846692,-31.66396077],[-60.72997086,-31.66531177]]},"properties":{"layer":"Cuencas","entity_type":"LINE","handle":"1BCAC9"}},{"type":"Feature","geometry":{"type":"LineString","coordinates":[[-60.72997086,-31.66531177],[-60.72986218,-31.66556762]]},"properties":{"layer":"Cuencas","entity_type":"LINE","handle":"1BCACA"}},{"type":"Feature","geometry":{"type":"LineString","coordinates":[[-60.72986218,-31.66556762],[-60.72904014,-31.66659325]]},"properties":{"layer":"Cuencas","entity_type":"LINE","handle":"1BCACB"}},{"type":"Feature","geometry":{"type":"LineString","coordinates":[[-60.72904014,-31.66659325],[-60.72891398,-31.66744474]]},"properties":{"layer":"Cuencas","entity_type":"LINE","handle":"1BCACC"}},{"type":"Feature","geometry":{"type":"LineString","coordinates":[[-60.72891398,-31.66744474],[-60.72877468,-31.66803162]]},"properties":{"layer":"Cuencas","entity_type":"LINE","handle":"1BCACD"}},{"type":"Feature","geometry":{"type":"LineString","coordinates":[[-60.72877468,-31.66803162],[-60.72863206,-31.66819314]]},"properties":{"layer":"Cuencas","entity_type":"LINE","handle":"1BCACE"}},{"type":"Feature","geometry":{"type":"LineString","coordinates":[[-60.72863206,-31.66819314],[-60.72825998,-31.66873409]]},"properties":{"layer":"Cuencas","entity_type":"LINE","handle":"1BCACF"}},{"type":"Feature","geometry":{"type":"LineString","coordinates":[[-60.72825998,-31.66873409],[-60.72552194,-31.67092076]]},"properties":{"layer":"Cuencas","entity_type":"LINE","handle":"1BCAD0"}},{"type":"Feature","geometry":{"type":"LineString","coordinates":[[-60.72552194,-31.67092076],[-60.72534369,-31.67077052]]},"properties":{"layer":"Cuencas","entity_type":"LINE","handle":"1BCAD1"}},{"type":"Feature","geometry":{"type":"LineString","coordinates":[[-60.72534369,-31.67077052],[-60.72480145,-31.67078306]]},"properties":{"layer":"Cuencas","entity_type":"LINE","handle":"1BCAD2"}},{"type":"Feature","geometry":{"type":"LineString","coordinates":[[-60.72480145,-31.67078306],[-60.72456712,-31.67053861]]},"properties":{"layer":"Cuencas","entity_type":"LINE","handle":"1BCAD3"}},{"type":"Feature","geometry":{"type":"LineString","coordinates":[[-60.72456712,-31.67053861],[-60.72493872,-31.6699315]]},"properties":{"layer":"Cuencas","entity_type":"LINE","handle":"1BCAD4"}},{"type":"Feature","geometry":{"type":"LineString","coordinates":[[-60.72493872,-31.6699315],[-60.72367916,-31.66878538]]},"properties":{"layer":"Cuencas","entity_type":"LINE","handle":"1BCAD5"}},{"type":"Feature","geometry":{"type":"LineString","coordinates":[[-60.72367916,-31.66878538],[-60.72309281,-31.66881707]]},"properties":{"layer":"Cuencas","entity_type":"LINE","handle":"1BCAD6"}},{"type":"Feature","geometry":{"type":"LineString","coordinates":[[-60.72309281,-31.66881707],[-60.71984991,-31.66594277]]},"properties":{"layer":"Cuencas","entity_type":"LINE","handle":"1BCAD7"}},{"type":"Feature","geometry":{"type":"LineString","coordinates":[[-60.71984991,-31.66594277],[-60.71967807,-31.6651875]]},"properties":{"layer":"Cuencas","entity_type":"LINE","handle":"1BCAD8"}},{"type":"Feature","geometry":{"type":"LineString","coordinates":[[-60.71967807,-31.6651875],[-60.71946445,-31.66475386]]},"properties":{"layer":"Cuencas","entity_type":"LINE","handle":"1BCAD9"}},{"type":"Feature","geometry":{"type":"LineString","coordinates":[[-60.71946445,-31.66475386],[-60.71939572,-31.66445175]]},"properties":{"layer":"Cuencas","entity_type":"LINE","handle":"1BCADA"}},{"type":"Feature","geometry":{"type":"LineString","coordinates":[[-60.71939572,-31.66445175],[-60.71948316,-31.66430946]]},"properties":{"layer":"Cuencas","entity_type":"LINE","handle":"1BCADB"}},{"type":"Feature","geometry":{"type":"LineString","coordinates":[[-60.71948316,-31.66430946],[-60.71938036,-31.66389411]]},"properties":{"layer":"Cuencas","entity_type":"LINE","handle":"1BCADC"}},{"type":"Feature","geometry":{"type":"LineString","coordinates":[[-60.71938036,-31.66389411],[-60.71969838,-31.66351419]]},"properties":{"layer":"Cuencas","entity_type":"LINE","handle":"1BCADD"}},{"type":"Feature","geometry":{"type":"LineString","coordinates":[[-60.71969838,-31.66351419],[-60.71960627,-31.66305151]]},"properties":{"layer":"Cuencas","entity_type":"LINE","handle":"1BCADE"}},{"type":"Feature","geometry":{"type":"LineString","coordinates":[[-60.71960627,-31.66305151],[-60.71923343,-31.66281948]]},"properties":{"layer":"Cuencas","entity_type":"LINE","handle":"1BCADF"}},{"type":"Feature","geometry":{"type":"LineString","coordinates":[[-60.73948135,-31.55405557],[-60.73825112,-31.55445448]]},"properties":{"layer":"Cuencas","entity_type":"LINE","handle":"2627AC"}},{"type":"Feature","geometry":{"type":"LineString","coordinates":[[-60.61214399,-31.63035627],[-60.61381492,-31.63007268]]},"properties":{"layer":"Cuencas","entity_type":"LINE","handle":"2781BD"}},{"type":"Feature","geometry":{"type":"LineString","coordinates":[[-60.61381492,-31.63007268],[-60.61491086,-31.62838986]]},"properties":{"layer":"Cuencas","entity_type":"LINE","handle":"2781BE"}},{"type":"Feature","geometry":{"type":"LineString","coordinates":[[-60.61491086,-31.62838986],[-60.6150679,-31.62734497]]},"properties":{"layer":"Cuencas","entity_type":"LINE","handle":"2781BF"}},{"type":"Feature","geometry":{"type":"LineString","coordinates":[[-60.61219635,-31.6303602],[-60.61169363,-31.63089171]]},"properties":{"layer":"Cuencas","entity_type":"LINE","handle":"2781C0"}},{"type":"Feature","geometry":{"type":"LineString","coordinates":[[-60.61169363,-31.63089171],[-60.61164179,-31.63156537]]},"properties":{"layer":"Cuencas","entity_type":"LINE","handle":"2781C1"}},{"type":"Feature","geometry":{"type":"LineString","coordinates":[[-60.61164179,-31.63156537],[-60.61097425,-31.63269892]]},"properties":{"layer":"Cuencas","entity_type":"LINE","handle":"2781C2"}},{"type":"Feature","geometry":{"type":"LineString","coordinates":[[-60.61097425,-31.63269892],[-60.60999484,-31.63344916]]},"properties":{"layer":"Cuencas","entity_type":"LINE","handle":"2781C3"}},{"type":"Feature","geometry":{"type":"LineString","coordinates":[[-60.60999484,-31.63344916],[-60.6098558,-31.63369032]]},"properties":{"layer":"Cuencas","entity_type":"LINE","handle":"2781C4"}},{"type":"Feature","geometry":{"type":"LineString","coordinates":[[-60.6098558,-31.63369032],[-60.60977378,-31.63405147]]},"properties":{"layer":"Cuencas","entity_type":"LINE","handle":"2781C5"}},{"type":"Feature","geometry":{"type":"LineString","coordinates":[[-60.60977378,-31.63405147],[-60.61023474,-31.63573278]]},"properties":{"layer":"Cuencas","entity_type":"LINE","handle":"2781C6"}},{"type":"Feature","geometry":{"type":"LineString","coordinates":[[-60.61023474,-31.63573278],[-60.60909486,-31.63775843]]},"properties":{"layer":"Cuencas","entity_type":"LINE","handle":"2781C7"}},{"type":"Feature","geometry":{"type":"LineString","coordinates":[[-60.60909486,-31.63775843],[-60.60918754,-31.63903265]]},"properties":{"layer":"Cuencas","entity_type":"LINE","handle":"2781C8"}},{"type":"Feature","geometry":{"type":"LineString","coordinates":[[-60.60918754,-31.63903265],[-60.60891131,-31.63980357]]},"properties":{"layer":"Cuencas","entity_type":"LINE","handle":"2781C9"}},{"type":"Feature","geometry":{"type":"LineString","coordinates":[[-60.60891131,-31.63980357],[-60.60903149,-31.64098146]]},"properties":{"layer":"Cuencas","entity_type":"LINE","handle":"2781CA"}},{"type":"Feature","geometry":{"type":"LineString","coordinates":[[-60.61373804,-31.62677837],[-60.61236867,-31.62700141]]},"properties":{"layer":"Cuencas","entity_type":"LINE","handle":"2781CB"}},{"type":"Feature","geometry":{"type":"LineString","coordinates":[[-60.61236867,-31.62700141],[-60.61107403,-31.62726228]]},"properties":{"layer":"Cuencas","entity_type":"LINE","handle":"2781CC"}},{"type":"Feature","geometry":{"type":"LineString","coordinates":[[-60.61107403,-31.62726228],[-60.61054321,-31.62811795]]},"properties":{"layer":"Cuencas","entity_type":"LINE","handle":"2781CD"}},{"type":"Feature","geometry":{"type":"LineString","coordinates":[[-60.61054321,-31.62811795],[-60.60985355,-31.62747185]]},"properties":{"layer":"Cuencas","entity_type":"LINE","handle":"2781CE"}},{"type":"Feature","geometry":{"type":"LineString","coordinates":[[-60.60985355,-31.62747185],[-60.60962038,-31.62827516]]},"properties":{"layer":"Cuencas","entity_type":"LINE","handle":"2781CF"}},{"type":"Feature","geometry":{"type":"LineString","coordinates":[[-60.60962038,-31.62827516],[-60.6087518,-31.62830175]]},"properties":{"layer":"Cuencas","entity_type":"LINE","handle":"2781D0"}},{"type":"Feature","geometry":{"type":"LineString","coordinates":[[-60.59348138,-31.62011284],[-60.59510628,-31.62162446]]},"properties":{"layer":"Cuencas","entity_type":"LINE","handle":"2781D1"}},{"type":"Feature","geometry":{"type":"LineString","coordinates":[[-60.59510628,-31.62162446],[-60.59507389,-31.62225763]]},"properties":{"layer":"Cuencas","entity_type":"LINE","handle":"2781D2"}},{"type":"Feature","geometry":{"type":"LineString","coordinates":[[-60.59507389,-31.62225763],[-60.59594071,-31.62319346]]},"properties":{"layer":"Cuencas","entity_type":"LINE","handle":"2781D3"}},{"type":"Feature","geometry":{"type":"LineString","coordinates":[[-60.59594071,-31.62319346],[-60.59723483,-31.6249183]]},"properties":{"layer":"Cuencas","entity_type":"LINE","handle":"2781D4"}},{"type":"Feature","geometry":{"type":"LineString","coordinates":[[-60.59723483,-31.6249183],[-60.5972636,-31.62519994]]},"properties":{"layer":"Cuencas","entity_type":"LINE","handle":"2781D5"}},{"type":"Feature","geometry":{"type":"LineString","coordinates":[[-60.5972636,-31.62519994],[-60.59714814,-31.62559949]]},"properties":{"layer":"Cuencas","entity_type":"LINE","handle":"2781D6"}},{"type":"Feature","geometry":{"type":"LineString","coordinates":[[-60.59714814,-31.62559949],[-60.59405668,-31.62756125]]},"properties":{"layer":"Cuencas","entity_type":"LINE","handle":"2781D7"}},{"type":"Feature","geometry":{"type":"LineString","coordinates":[[-60.59295077,-31.61784271],[-60.59204198,-31.61803265]]},"properties":{"layer":"Cuencas","entity_type":"LINE","handle":"2781D8"}},{"type":"Feature","geometry":{"type":"LineString","coordinates":[[-60.59314626,-31.61706277],[-60.59295077,-31.61784271]]},"properties":{"layer":"Cuencas","entity_type":"LINE","handle":"2781D9"}},{"type":"Feature","geometry":{"type":"LineString","coordinates":[[-60.59204198,-31.61803265],[-60.59226392,-31.61876292]]},"properties":{"layer":"Cuencas","entity_type":"LINE","handle":"2781DA"}},{"type":"Feature","geometry":{"type":"LineString","coordinates":[[-60.59226392,-31.61876292],[-60.5919248,-31.61916267]]},"properties":{"layer":"Cuencas","entity_type":"LINE","handle":"2781DB"}},{"type":"Feature","geometry":{"type":"LineString","coordinates":[[-60.58577146,-31.6181404],[-60.58669139,-31.61988366]]},"properties":{"layer":"Cuencas","entity_type":"LINE","handle":"2781DC"}},{"type":"Feature","geometry":{"type":"LineString","coordinates":[[-60.58669139,-31.61988366],[-60.58711517,-31.62110897]]},"properties":{"layer":"Cuencas","entity_type":"LINE","handle":"2781DD"}},{"type":"Feature","geometry":{"type":"LineString","coordinates":[[-60.58711517,-31.62110897],[-60.58736466,-31.62186137]]},"properties":{"layer":"Cuencas","entity_type":"LINE","handle":"2781DE"}},{"type":"Feature","geometry":{"type":"LineString","coordinates":[[-60.58736466,-31.62186137],[-60.5885249,-31.62342592]]},"properties":{"layer":"Cuencas","entity_type":"LINE","handle":"2781DF"}},{"type":"Feature","geometry":{"type":"LineString","coordinates":[[-60.5885249,-31.62342592],[-60.58896823,-31.62386344]]},"properties":{"layer":"Cuencas","entity_type":"LINE","handle":"2781E0"}},{"type":"Feature","geometry":{"type":"LineString","coordinates":[[-60.58896823,-31.62386344],[-60.58936157,-31.62413374]]},"properties":{"layer":"Cuencas","entity_type":"LINE","handle":"2781E1"}},{"type":"Feature","geometry":{"type":"LineString","coordinates":[[-60.58936157,-31.62413374],[-60.59026943,-31.62448539]]},"properties":{"layer":"Cuencas","entity_type":"LINE","handle":"2781E2"}},{"type":"Feature","geometry":{"type":"LineString","coordinates":[[-60.59026943,-31.62448539],[-60.5932911,-31.6262192]]},"properties":{"layer":"Cuencas","entity_type":"LINE","handle":"2781E3"}},{"type":"Feature","geometry":{"type":"LineString","coordinates":[[-60.5932911,-31.6262192],[-60.59368659,-31.62682438]]},"properties":{"layer":"Cuencas","entity_type":"LINE","handle":"2781E4"}},{"type":"Feature","geometry":{"type":"LineString","coordinates":[[-60.59368659,-31.62682438],[-60.5945047,-31.62845326]]},"properties":{"layer":"Cuencas","entity_type":"LINE","handle":"2781E5"}},{"type":"Feature","geometry":{"type":"LineString","coordinates":[[-60.5945047,-31.62845326],[-60.59566654,-31.63023751]]},"properties":{"layer":"Cuencas","entity_type":"LINE","handle":"2781E6"}},{"type":"Feature","geometry":{"type":"LineString","coordinates":[[-60.59566654,-31.63023751],[-60.59616144,-31.63107247]]},"properties":{"layer":"Cuencas","entity_type":"LINE","handle":"2781E7"}},{"type":"Feature","geometry":{"type":"LineString","coordinates":[[-60.59616144,-31.63107247],[-60.59645971,-31.63178276]]},"properties":{"layer":"Cuencas","entity_type":"LINE","handle":"2781E8"}},{"type":"Feature","geometry":{"type":"LineString","coordinates":[[-60.59661099,-31.6324728],[-60.59693884,-31.63397836]]},"properties":{"layer":"Cuencas","entity_type":"LINE","handle":"2781E9"}},{"type":"Feature","geometry":{"type":"LineString","coordinates":[[-60.59645971,-31.63178276],[-60.59661099,-31.6324728]]},"properties":{"layer":"Cuencas","entity_type":"LINE","handle":"2781EA"}},{"type":"Feature","geometry":{"type":"LineString","coordinates":[[-60.59693884,-31.63397836],[-60.5971156,-31.63482527]]},"properties":{"layer":"Cuencas","entity_type":"LINE","handle":"2781EB"}},{"type":"Feature","geometry":{"type":"LineString","coordinates":[[-60.5971156,-31.63482527],[-60.59817958,-31.63659949]]},"properties":{"layer":"Cuencas","entity_type":"LINE","handle":"2781EC"}},{"type":"Feature","geometry":{"type":"LineString","coordinates":[[-60.59817958,-31.63659949],[-60.59842733,-31.63705883]]},"properties":{"layer":"Cuencas","entity_type":"LINE","handle":"2781ED"}},{"type":"Feature","geometry":{"type":"LineString","coordinates":[[-60.59842733,-31.63705883],[-60.59896789,-31.63737027]]},"properties":{"layer":"Cuencas","entity_type":"LINE","handle":"2781EE"}},{"type":"Feature","geometry":{"type":"LineString","coordinates":[[-60.59896789,-31.63737027],[-60.60327832,-31.63980298]]},"properties":{"layer":"Cuencas","entity_type":"LINE","handle":"2781EF"}},{"type":"Feature","geometry":{"type":"LineString","coordinates":[[-60.60327832,-31.63980298],[-60.60566268,-31.64103117]]},"properties":{"layer":"Cuencas","entity_type":"LINE","handle":"2781F0"}},{"type":"Feature","geometry":{"type":"LineString","coordinates":[[-60.60566268,-31.64103117],[-60.60831967,-31.64087399]]},"properties":{"layer":"Cuencas","entity_type":"LINE","handle":"2781F1"}},{"type":"Feature","geometry":{"type":"LineString","coordinates":[[-60.60831967,-31.64087399],[-60.61322084,-31.64162501]]},"properties":{"layer":"Cuencas","entity_type":"LINE","handle":"2781F2"}},{"type":"Feature","geometry":{"type":"LineString","coordinates":[[-60.61322084,-31.64162501],[-60.61581897,-31.64209394]]},"properties":{"layer":"Cuencas","entity_type":"LINE","handle":"2781F3"}},{"type":"Feature","geometry":{"type":"LineString","coordinates":[[-60.61581897,-31.64209394],[-60.61832113,-31.64285632]]},"properties":{"layer":"Cuencas","entity_type":"LINE","handle":"2781F4"}},{"type":"Feature","geometry":{"type":"LineString","coordinates":[[-60.61832113,-31.64285632],[-60.61891186,-31.64333488]]},"properties":{"layer":"Cuencas","entity_type":"LINE","handle":"2781F5"}},{"type":"Feature","geometry":{"type":"LineString","coordinates":[[-60.61891186,-31.64333488],[-60.6211609,-31.64593548]]},"properties":{"layer":"Cuencas","entity_type":"LINE","handle":"2781F6"}},{"type":"Feature","geometry":{"type":"LineString","coordinates":[[-60.59671018,-31.61609727],[-60.61375214,-31.61313972]]},"properties":{"layer":"Cuencas","entity_type":"LINE","handle":"2781F7"}},{"type":"Feature","geometry":{"type":"LineString","coordinates":[[-60.62736852,-31.63844071],[-60.62736213,-31.63843729]]},"properties":{"layer":"Cuencas","entity_type":"LINE","handle":"278210"}},{"type":"Feature","geometry":{"type":"LineString","coordinates":[[-60.62736213,-31.63843729],[-60.62731747,-31.63841334]]},"properties":{"layer":"Cuencas","entity_type":"LINE","handle":"278211"}},{"type":"Feature","geometry":{"type":"LineString","coordinates":[[-60.62731747,-31.63841334],[-60.62719624,-31.63834833]]},"properties":{"layer":"Cuencas","entity_type":"LINE","handle":"278212"}},{"type":"Feature","geometry":{"type":"LineString","coordinates":[[-60.62719624,-31.63834833],[-60.62696016,-31.63822174]]},"properties":{"layer":"Cuencas","entity_type":"LINE","handle":"278213"}},{"type":"Feature","geometry":{"type":"LineString","coordinates":[[-60.62696016,-31.63822174],[-60.62657094,-31.63801303]]},"properties":{"layer":"Cuencas","entity_type":"LINE","handle":"278214"}},{"type":"Feature","geometry":{"type":"LineString","coordinates":[[-60.62657094,-31.63801303],[-60.62599031,-31.63770167]]},"properties":{"layer":"Cuencas","entity_type":"LINE","handle":"278215"}},{"type":"Feature","geometry":{"type":"LineString","coordinates":[[-60.62599031,-31.63770167],[-60.62517999,-31.63726714]]},"properties":{"layer":"Cuencas","entity_type":"LINE","handle":"278216"}},{"type":"Feature","geometry":{"type":"LineString","coordinates":[[-60.62517999,-31.63726714],[-60.6241017,-31.63668889]]},"properties":{"layer":"Cuencas","entity_type":"LINE","handle":"278217"}},{"type":"Feature","geometry":{"type":"LineString","coordinates":[[-60.6241017,-31.63668889],[-60.62273851,-31.63595795]]},"properties":{"layer":"Cuencas","entity_type":"LINE","handle":"278218"}},{"type":"Feature","geometry":{"type":"LineString","coordinates":[[-60.62273851,-31.63595795],[-60.62115878,-31.63511158]]},"properties":{"layer":"Cuencas","entity_type":"LINE","handle":"278219"}},{"type":"Feature","geometry":{"type":"LineString","coordinates":[[-60.62115878,-31.63511158],[-60.61945225,-31.6341986]]},"properties":{"layer":"Cuencas","entity_type":"LINE","handle":"27821A"}},{"type":"Feature","geometry":{"type":"LineString","coordinates":[[-60.61945225,-31.6341986],[-60.61770861,-31.63326784]]},"properties":{"layer":"Cuencas","entity_type":"LINE","handle":"27821B"}},{"type":"Feature","geometry":{"type":"LineString","coordinates":[[-60.61770861,-31.63326784],[-60.61601756,-31.63236812]]},"properties":{"layer":"Cuencas","entity_type":"LINE","handle":"27821C"}},{"type":"Feature","geometry":{"type":"LineString","coordinates":[[-60.61601756,-31.63236812],[-60.61446881,-31.63154829]]},"properties":{"layer":"Cuencas","entity_type":"LINE","handle":"27821D"}},{"type":"Feature","geometry":{"type":"LineString","coordinates":[[-60.61446881,-31.63154829],[-60.61315202,-31.63085719]]},"properties":{"layer":"Cuencas","entity_type":"LINE","handle":"27821E"}},{"type":"Feature","geometry":{"type":"LineString","coordinates":[[-60.61315202,-31.63085719],[-60.61215689,-31.63034365]]},"properties":{"layer":"Cuencas","entity_type":"LINE","handle":"27821F"}},{"type":"Feature","geometry":{"type":"LineString","coordinates":[[-60.62731747,-31.63841334],[-60.62756686,-31.6388705]]},"properties":{"layer":"Cuencas","entity_type":"LINE","handle":"278220"}},{"type":"Feature","geometry":{"type":"LineString","coordinates":[[-60.62593463,-31.64187179],[-60.6211609,-31.64593548]]},"properties":{"layer":"Cuencas","entity_type":"LINE","handle":"278221"}},{"type":"Feature","geometry":{"type":"LineString","coordinates":[[-60.60881086,-31.62829953],[-60.60810932,-31.62817232]]},"properties":{"layer":"Cuencas","entity_type":"LINE","handle":"278222"}},{"type":"Feature","geometry":{"type":"LineString","coordinates":[[-60.60810932,-31.62817232],[-60.60645335,-31.62861394]]},"properties":{"layer":"Cuencas","entity_type":"LINE","handle":"278223"}},{"type":"Feature","geometry":{"type":"LineString","coordinates":[[-60.60645335,-31.62861394],[-60.6046457,-31.62907077]]},"properties":{"layer":"Cuencas","entity_type":"LINE","handle":"278224"}},{"type":"Feature","geometry":{"type":"LineString","coordinates":[[-60.6046457,-31.62907077],[-60.60380513,-31.6292347]]},"properties":{"layer":"Cuencas","entity_type":"LINE","handle":"278225"}},{"type":"Feature","geometry":{"type":"LineString","coordinates":[[-60.60380513,-31.6292347],[-60.60234252,-31.62961482]]},"properties":{"layer":"Cuencas","entity_type":"LINE","handle":"278226"}},{"type":"Feature","geometry":{"type":"LineString","coordinates":[[-60.60234252,-31.62961482],[-60.60235111,-31.62991697]]},"properties":{"layer":"Cuencas","entity_type":"LINE","handle":"278227"}},{"type":"Feature","geometry":{"type":"LineString","coordinates":[[-60.60235111,-31.62991697],[-60.60253207,-31.63079625]]},"properties":{"layer":"Cuencas","entity_type":"LINE","handle":"278228"}},{"type":"Feature","geometry":{"type":"LineString","coordinates":[[-60.60253207,-31.63079625],[-60.60217144,-31.6309384]]},"properties":{"layer":"Cuencas","entity_type":"LINE","handle":"278229"}},{"type":"Feature","geometry":{"type":"LineString","coordinates":[[-60.60217144,-31.6309384],[-60.60116557,-31.63079333]]},"properties":{"layer":"Cuencas","entity_type":"LINE","handle":"27822A"}},{"type":"Feature","geometry":{"type":"LineString","coordinates":[[-60.60116557,-31.63079333],[-60.59911033,-31.63112289]]},"properties":{"layer":"Cuencas","entity_type":"LINE","handle":"27822B"}},{"type":"Feature","geometry":{"type":"LineString","coordinates":[[-60.59911033,-31.63112289],[-60.59836427,-31.63144628]]},"properties":{"layer":"Cuencas","entity_type":"LINE","handle":"27822C"}},{"type":"Feature","geometry":{"type":"LineString","coordinates":[[-60.59836427,-31.63144628],[-60.59777184,-31.6314224]]},"properties":{"layer":"Cuencas","entity_type":"LINE","handle":"27822D"}},{"type":"Feature","geometry":{"type":"LineString","coordinates":[[-60.59777184,-31.6314224],[-60.59647445,-31.63172699]]},"properties":{"layer":"Cuencas","entity_type":"LINE","handle":"27822E"}},{"type":"Feature","geometry":{"type":"LineString","coordinates":[[-60.61151951,-31.62374377],[-60.61255109,-31.62311928]]},"properties":{"layer":"Cuencas","entity_type":"LINE","handle":"27822F"}},{"type":"Feature","geometry":{"type":"LineString","coordinates":[[-60.61255109,-31.62311928],[-60.61362452,-31.62206084]]},"properties":{"layer":"Cuencas","entity_type":"LINE","handle":"278230"}},{"type":"Feature","geometry":{"type":"LineString","coordinates":[[-60.61362452,-31.62206084],[-60.61464019,-31.62138663]]},"properties":{"layer":"Cuencas","entity_type":"LINE","handle":"278231"}},{"type":"Feature","geometry":{"type":"LineString","coordinates":[[-60.61464019,-31.62138663],[-60.61549098,-31.62089575]]},"properties":{"layer":"Cuencas","entity_type":"LINE","handle":"278232"}},{"type":"Feature","geometry":{"type":"LineString","coordinates":[[-60.61549098,-31.62089575],[-60.61738929,-31.62096771]]},"properties":{"layer":"Cuencas","entity_type":"LINE","handle":"278234"}},{"type":"Feature","geometry":{"type":"LineString","coordinates":[[-60.61738929,-31.62096771],[-60.6186215,-31.62075892]]},"properties":{"layer":"Cuencas","entity_type":"LINE","handle":"278235"}},{"type":"Feature","geometry":{"type":"LineString","coordinates":[[-60.6186215,-31.62075892],[-60.61961568,-31.62042958]]},"properties":{"layer":"Cuencas","entity_type":"LINE","handle":"278236"}},{"type":"Feature","geometry":{"type":"LineString","coordinates":[[-60.61961568,-31.62042958],[-60.62027358,-31.62002544]]},"properties":{"layer":"Cuencas","entity_type":"LINE","handle":"278237"}},{"type":"Feature","geometry":{"type":"LineString","coordinates":[[-60.62027358,-31.62002544],[-60.62091109,-31.6195109]]},"properties":{"layer":"Cuencas","entity_type":"LINE","handle":"278238"}},{"type":"Feature","geometry":{"type":"LineString","coordinates":[[-60.62091109,-31.6195109],[-60.62121504,-31.61892189]]},"properties":{"layer":"Cuencas","entity_type":"LINE","handle":"278239"}},{"type":"Feature","geometry":{"type":"LineString","coordinates":[[-60.61375214,-31.61313972],[-60.61458455,-31.61376802]]},"properties":{"layer":"Cuencas","entity_type":"LINE","handle":"27823A"}},{"type":"Feature","geometry":{"type":"LineString","coordinates":[[-60.61458455,-31.61376802],[-60.61782781,-31.61659005]]},"properties":{"layer":"Cuencas","entity_type":"LINE","handle":"27823B"}},{"type":"Feature","geometry":{"type":"LineString","coordinates":[[-60.61782781,-31.61659005],[-60.61947125,-31.61771614]]},"properties":{"layer":"Cuencas","entity_type":"LINE","handle":"27823C"}},{"type":"Feature","geometry":{"type":"LineString","coordinates":[[-60.61947125,-31.61771614],[-60.6212921,-31.61891694]]},"properties":{"layer":"Cuencas","entity_type":"LINE","handle":"27823D"}},{"type":"Feature","geometry":{"type":"LineString","coordinates":[[-60.6212921,-31.61891694],[-60.62737729,-31.62301512]]},"properties":{"layer":"Cuencas","entity_type":"LINE","handle":"27823E"}},{"type":"Feature","geometry":{"type":"LineString","coordinates":[[-60.62737729,-31.62301512],[-60.62746864,-31.62344939]]},"properties":{"layer":"Cuencas","entity_type":"LINE","handle":"27823F"}},{"type":"Feature","geometry":{"type":"LineString","coordinates":[[-60.62746864,-31.62344939],[-60.62749513,-31.62410134]]},"properties":{"layer":"Cuencas","entity_type":"LINE","handle":"278240"}},{"type":"Feature","geometry":{"type":"LineString","coordinates":[[-60.62749513,-31.62410134],[-60.62760399,-31.62714383]]},"properties":{"layer":"Cuencas","entity_type":"LINE","handle":"278241"}},{"type":"Feature","geometry":{"type":"LineString","coordinates":[[-60.62760399,-31.62714383],[-60.62780352,-31.63051663]]},"properties":{"layer":"Cuencas","entity_type":"LINE","handle":"278242"}},{"type":"Feature","geometry":{"type":"LineString","coordinates":[[-60.62780352,-31.63051663],[-60.62792207,-31.6317068]]},"properties":{"layer":"Cuencas","entity_type":"LINE","handle":"278243"}},{"type":"Feature","geometry":{"type":"LineString","coordinates":[[-60.62792207,-31.6317068],[-60.62799475,-31.63265148]]},"properties":{"layer":"Cuencas","entity_type":"LINE","handle":"278244"}},{"type":"Feature","geometry":{"type":"LineString","coordinates":[[-60.62799475,-31.63265148],[-60.62857924,-31.63861232]]},"properties":{"layer":"Cuencas","entity_type":"LINE","handle":"278245"}},{"type":"Feature","geometry":{"type":"LineString","coordinates":[[-60.62736852,-31.63844071],[-60.63271484,-31.63919842]]},"properties":{"layer":"Cuencas","entity_type":"LINE","handle":"278246"}},{"type":"Feature","geometry":{"type":"LineString","coordinates":[[-60.63271484,-31.63919842],[-60.63859064,-31.63947972]]},"properties":{"layer":"Cuencas","entity_type":"LINE","handle":"278247"}},{"type":"Feature","geometry":{"type":"LineString","coordinates":[[-60.60870136,-31.62398023],[-60.60821355,-31.62321424]]},"properties":{"layer":"Cuencas","entity_type":"LINE","handle":"27824C"}},{"type":"Feature","geometry":{"type":"LineString","coordinates":[[-60.60821355,-31.62321424],[-60.60747742,-31.62256595]]},"properties":{"layer":"Cuencas","entity_type":"LINE","handle":"27824D"}},{"type":"Feature","geometry":{"type":"LineString","coordinates":[[-60.60747742,-31.62256595],[-60.60663552,-31.62192553]]},"properties":{"layer":"Cuencas","entity_type":"LINE","handle":"27824E"}},{"type":"Feature","geometry":{"type":"LineString","coordinates":[[-60.60663552,-31.62192553],[-60.60649342,-31.62154432]]},"properties":{"layer":"Cuencas","entity_type":"LINE","handle":"27824F"}},{"type":"Feature","geometry":{"type":"LineString","coordinates":[[-60.60649342,-31.62154432],[-60.60633729,-31.62115125]]},"properties":{"layer":"Cuencas","entity_type":"LINE","handle":"278250"}},{"type":"Feature","geometry":{"type":"LineString","coordinates":[[-60.60633729,-31.62115125],[-60.60619667,-31.62099678]]},"properties":{"layer":"Cuencas","entity_type":"LINE","handle":"278251"}},{"type":"Feature","geometry":{"type":"LineString","coordinates":[[-60.60619667,-31.62099678],[-60.6059587,-31.62090244]]},"properties":{"layer":"Cuencas","entity_type":"LINE","handle":"278252"}},{"type":"Feature","geometry":{"type":"LineString","coordinates":[[-60.6059587,-31.62090244],[-60.60566511,-31.62084417]]},"properties":{"layer":"Cuencas","entity_type":"LINE","handle":"278253"}},{"type":"Feature","geometry":{"type":"LineString","coordinates":[[-60.60566511,-31.62084417],[-60.60492376,-31.62074826]]},"properties":{"layer":"Cuencas","entity_type":"LINE","handle":"278254"}},{"type":"Feature","geometry":{"type":"LineString","coordinates":[[-60.60492376,-31.62074826],[-60.60475584,-31.62068939]]},"properties":{"layer":"Cuencas","entity_type":"LINE","handle":"278255"}},{"type":"Feature","geometry":{"type":"LineString","coordinates":[[-60.60475584,-31.62068939],[-60.60452643,-31.62056349]]},"properties":{"layer":"Cuencas","entity_type":"LINE","handle":"278256"}},{"type":"Feature","geometry":{"type":"LineString","coordinates":[[-60.60452643,-31.62056349],[-60.60438732,-31.62034059]]},"properties":{"layer":"Cuencas","entity_type":"LINE","handle":"278257"}},{"type":"Feature","geometry":{"type":"LineString","coordinates":[[-60.60438732,-31.62034059],[-60.60426731,-31.61987639]]},"properties":{"layer":"Cuencas","entity_type":"LINE","handle":"278258"}},{"type":"Feature","geometry":{"type":"LineString","coordinates":[[-60.60426731,-31.61987639],[-60.60418997,-31.61962379]]},"properties":{"layer":"Cuencas","entity_type":"LINE","handle":"278259"}},{"type":"Feature","geometry":{"type":"LineString","coordinates":[[-60.60418997,-31.61962379],[-60.60406385,-31.61947542]]},"properties":{"layer":"Cuencas","entity_type":"LINE","handle":"27825A"}},{"type":"Feature","geometry":{"type":"LineString","coordinates":[[-60.60406385,-31.61947542],[-60.60386403,-31.61928335]]},"properties":{"layer":"Cuencas","entity_type":"LINE","handle":"27825B"}},{"type":"Feature","geometry":{"type":"LineString","coordinates":[[-60.60386403,-31.61928335],[-60.60339069,-31.61901319]]},"properties":{"layer":"Cuencas","entity_type":"LINE","handle":"27825C"}},{"type":"Feature","geometry":{"type":"LineString","coordinates":[[-60.60339069,-31.61901319],[-60.60295627,-31.61876464]]},"properties":{"layer":"Cuencas","entity_type":"LINE","handle":"27825D"}},{"type":"Feature","geometry":{"type":"LineString","coordinates":[[-60.60295627,-31.61876464],[-60.60252231,-31.61858768]]},"properties":{"layer":"Cuencas","entity_type":"LINE","handle":"27825E"}},{"type":"Feature","geometry":{"type":"LineString","coordinates":[[-60.60252231,-31.61858768],[-60.60204647,-31.61841092]]},"properties":{"layer":"Cuencas","entity_type":"LINE","handle":"27825F"}},{"type":"Feature","geometry":{"type":"LineString","coordinates":[[-60.60204647,-31.61841092],[-60.6017809,-31.61836443]]},"properties":{"layer":"Cuencas","entity_type":"LINE","handle":"278260"}},{"type":"Feature","geometry":{"type":"LineString","coordinates":[[-60.6017809,-31.61836443],[-60.60161336,-31.61836522]]},"properties":{"layer":"Cuencas","entity_type":"LINE","handle":"278261"}},{"type":"Feature","geometry":{"type":"LineString","coordinates":[[-60.60161336,-31.61836522],[-60.60140432,-31.61842587]]},"properties":{"layer":"Cuencas","entity_type":"LINE","handle":"278262"}},{"type":"Feature","geometry":{"type":"LineString","coordinates":[[-60.60140432,-31.61842587],[-60.60133605,-31.61866487]]},"properties":{"layer":"Cuencas","entity_type":"LINE","handle":"278264"}},{"type":"Feature","geometry":{"type":"LineString","coordinates":[[-60.60133605,-31.61866487],[-60.60133835,-31.61902287]]},"properties":{"layer":"Cuencas","entity_type":"LINE","handle":"278265"}},{"type":"Feature","geometry":{"type":"LineString","coordinates":[[-60.60133835,-31.61902287],[-60.60131319,-31.6194526]]},"properties":{"layer":"Cuencas","entity_type":"LINE","handle":"278266"}},{"type":"Feature","geometry":{"type":"LineString","coordinates":[[-60.60131319,-31.6194526],[-60.60127461,-31.61996594]]},"properties":{"layer":"Cuencas","entity_type":"LINE","handle":"278267"}},{"type":"Feature","geometry":{"type":"LineString","coordinates":[[-60.60127461,-31.61996594],[-60.60119337,-31.62036013]]},"properties":{"layer":"Cuencas","entity_type":"LINE","handle":"278268"}},{"type":"Feature","geometry":{"type":"LineString","coordinates":[[-60.60119337,-31.62036013],[-60.60101478,-31.62081445]]},"properties":{"layer":"Cuencas","entity_type":"LINE","handle":"278269"}},{"type":"Feature","geometry":{"type":"LineString","coordinates":[[-60.60101478,-31.62081445],[-60.6006843,-31.62153203]]},"properties":{"layer":"Cuencas","entity_type":"LINE","handle":"27826A"}},{"type":"Feature","geometry":{"type":"LineString","coordinates":[[-60.6006843,-31.62153203],[-60.6005466,-31.62183102]]},"properties":{"layer":"Cuencas","entity_type":"LINE","handle":"27826B"}},{"type":"Feature","geometry":{"type":"LineString","coordinates":[[-60.6005466,-31.62183102],[-60.59982249,-31.62213277]]},"properties":{"layer":"Cuencas","entity_type":"LINE","handle":"27826C"}},{"type":"Feature","geometry":{"type":"LineString","coordinates":[[-60.59982249,-31.62213277],[-60.59983645,-31.6221327]]},"properties":{"layer":"Cuencas","entity_type":"LINE","handle":"27826D"}},{"type":"Feature","geometry":{"type":"LineString","coordinates":[[-60.59983645,-31.6221327],[-60.5990677,-31.62200504]]},"properties":{"layer":"Cuencas","entity_type":"LINE","handle":"27826E"}},{"type":"Feature","geometry":{"type":"LineString","coordinates":[[-60.5990677,-31.62200504],[-60.59847985,-31.62178106]]},"properties":{"layer":"Cuencas","entity_type":"LINE","handle":"27826F"}},{"type":"Feature","geometry":{"type":"LineString","coordinates":[[-60.59847985,-31.62178106],[-60.59790589,-31.62154507]]},"properties":{"layer":"Cuencas","entity_type":"LINE","handle":"278270"}},{"type":"Feature","geometry":{"type":"LineString","coordinates":[[-60.59790589,-31.62154507],[-60.59695351,-31.62108411]]},"properties":{"layer":"Cuencas","entity_type":"LINE","handle":"278271"}},{"type":"Feature","geometry":{"type":"LineString","coordinates":[[-60.59695351,-31.62108411],[-60.59626664,-31.62065771]]},"properties":{"layer":"Cuencas","entity_type":"LINE","handle":"278272"}},{"type":"Feature","geometry":{"type":"LineString","coordinates":[[-60.59626664,-31.62065771],[-60.59530562,-31.62006023]]},"properties":{"layer":"Cuencas","entity_type":"LINE","handle":"278273"}},{"type":"Feature","geometry":{"type":"LineString","coordinates":[[-60.59530562,-31.62006023],[-60.59346554,-31.62011291]]},"properties":{"layer":"Cuencas","entity_type":"LINE","handle":"278274"}},{"type":"Feature","geometry":{"type":"LineString","coordinates":[[-60.62756686,-31.6388705],[-60.62763245,-31.64046041]]},"properties":{"layer":"Cuencas","entity_type":"LINE","handle":"278276"}},{"type":"Feature","geometry":{"type":"LineString","coordinates":[[-60.62763245,-31.64046041],[-60.62770801,-31.64062098]]},"properties":{"layer":"Cuencas","entity_type":"LINE","handle":"278277"}},{"type":"Feature","geometry":{"type":"LineString","coordinates":[[-60.62770801,-31.64062098],[-60.62785099,-31.64075227]]},"properties":{"layer":"Cuencas","entity_type":"LINE","handle":"278278"}},{"type":"Feature","geometry":{"type":"LineString","coordinates":[[-60.62785099,-31.64075227],[-60.62788341,-31.64097913]]},"properties":{"layer":"Cuencas","entity_type":"LINE","handle":"278279"}},{"type":"Feature","geometry":{"type":"LineString","coordinates":[[-60.62788341,-31.64097913],[-60.62777916,-31.64109579]]},"properties":{"layer":"Cuencas","entity_type":"LINE","handle":"27827A"}},{"type":"Feature","geometry":{"type":"LineString","coordinates":[[-60.62777916,-31.64109579],[-60.6275391,-31.64122895]]},"properties":{"layer":"Cuencas","entity_type":"LINE","handle":"27827B"}},{"type":"Feature","geometry":{"type":"LineString","coordinates":[[-60.6275391,-31.64122895],[-60.62744079,-31.64130863]]},"properties":{"layer":"Cuencas","entity_type":"LINE","handle":"27827C"}},{"type":"Feature","geometry":{"type":"LineString","coordinates":[[-60.62744079,-31.64130863],[-60.62738558,-31.64136697]]},"properties":{"layer":"Cuencas","entity_type":"LINE","handle":"27827D"}},{"type":"Feature","geometry":{"type":"LineString","coordinates":[[-60.62738558,-31.64136697],[-60.62731218,-31.6414782]]},"properties":{"layer":"Cuencas","entity_type":"LINE","handle":"27827E"}},{"type":"Feature","geometry":{"type":"LineString","coordinates":[[-60.62731218,-31.6414782],[-60.62730675,-31.6415891]]},"properties":{"layer":"Cuencas","entity_type":"LINE","handle":"27827F"}},{"type":"Feature","geometry":{"type":"LineString","coordinates":[[-60.62730675,-31.6415891],[-60.62730139,-31.64171055]]},"properties":{"layer":"Cuencas","entity_type":"LINE","handle":"278280"}},{"type":"Feature","geometry":{"type":"LineString","coordinates":[[-60.62730139,-31.64171055],[-60.62738316,-31.64201473]]},"properties":{"layer":"Cuencas","entity_type":"LINE","handle":"278281"}},{"type":"Feature","geometry":{"type":"LineString","coordinates":[[-60.62738316,-31.64201473],[-60.62729827,-31.64225272]]},"properties":{"layer":"Cuencas","entity_type":"LINE","handle":"278282"}},{"type":"Feature","geometry":{"type":"LineString","coordinates":[[-60.62729827,-31.64225272],[-60.62707049,-31.64237527]]},"properties":{"layer":"Cuencas","entity_type":"LINE","handle":"278283"}},{"type":"Feature","geometry":{"type":"LineString","coordinates":[[-60.62707049,-31.64237527],[-60.62658139,-31.64222457]]},"properties":{"layer":"Cuencas","entity_type":"LINE","handle":"278284"}},{"type":"Feature","geometry":{"type":"LineString","coordinates":[[-60.62658139,-31.64222457],[-60.62593463,-31.64187179]]},"properties":{"layer":"Cuencas","entity_type":"LINE","handle":"278285"}},{"type":"Feature","geometry":{"type":"LineString","coordinates":[[-60.63180849,-31.63907487],[-60.6325602,-31.63933716]]},"properties":{"layer":"Cuencas","entity_type":"LINE","handle":"278286"}},{"type":"Feature","geometry":{"type":"LineString","coordinates":[[-60.6325602,-31.63933716],[-60.63294354,-31.63952873]]},"properties":{"layer":"Cuencas","entity_type":"LINE","handle":"278287"}},{"type":"Feature","geometry":{"type":"LineString","coordinates":[[-60.63328475,-31.63976887],[-60.63359899,-31.6402026]]},"properties":{"layer":"Cuencas","entity_type":"LINE","handle":"278288"}},{"type":"Feature","geometry":{"type":"LineString","coordinates":[[-60.63294354,-31.63952873],[-60.63328475,-31.63976887]]},"properties":{"layer":"Cuencas","entity_type":"LINE","handle":"278289"}},{"type":"Feature","geometry":{"type":"LineString","coordinates":[[-60.63359899,-31.6402026],[-60.633828,-31.64058839]]},"properties":{"layer":"Cuencas","entity_type":"LINE","handle":"27828A"}},{"type":"Feature","geometry":{"type":"LineString","coordinates":[[-60.633828,-31.64058839],[-60.63436162,-31.642073]]},"properties":{"layer":"Cuencas","entity_type":"LINE","handle":"27828B"}},{"type":"Feature","geometry":{"type":"LineString","coordinates":[[-60.63436162,-31.642073],[-60.63469355,-31.64302658]]},"properties":{"layer":"Cuencas","entity_type":"LINE","handle":"27828C"}},{"type":"Feature","geometry":{"type":"LineString","coordinates":[[-60.63469355,-31.64302658],[-60.63476594,-31.64326805]]},"properties":{"layer":"Cuencas","entity_type":"LINE","handle":"27828D"}},{"type":"Feature","geometry":{"type":"LineString","coordinates":[[-60.63476594,-31.64326805],[-60.63482386,-31.64346122]]},"properties":{"layer":"Cuencas","entity_type":"LINE","handle":"27828E"}},{"type":"Feature","geometry":{"type":"LineString","coordinates":[[-60.63482386,-31.64346122],[-60.6348111,-31.64366684]]},"properties":{"layer":"Cuencas","entity_type":"LINE","handle":"27828F"}},{"type":"Feature","geometry":{"type":"LineString","coordinates":[[-60.6348111,-31.64366684],[-60.63475656,-31.6439694]]},"properties":{"layer":"Cuencas","entity_type":"LINE","handle":"278290"}},{"type":"Feature","geometry":{"type":"LineString","coordinates":[[-60.63475656,-31.6439694],[-60.63455986,-31.64417593]]},"properties":{"layer":"Cuencas","entity_type":"LINE","handle":"278291"}},{"type":"Feature","geometry":{"type":"LineString","coordinates":[[-60.63455986,-31.64417593],[-60.63446245,-31.64441825]]},"properties":{"layer":"Cuencas","entity_type":"LINE","handle":"278292"}},{"type":"Feature","geometry":{"type":"LineString","coordinates":[[-60.63446245,-31.64441825],[-60.63446508,-31.64480516]]},"properties":{"layer":"Cuencas","entity_type":"LINE","handle":"278293"}},{"type":"Feature","geometry":{"type":"LineString","coordinates":[[-60.63446508,-31.64480516],[-60.63472142,-31.64504572]]},"properties":{"layer":"Cuencas","entity_type":"LINE","handle":"278294"}},{"type":"Feature","geometry":{"type":"LineString","coordinates":[[-60.63472142,-31.64504572],[-60.63503272,-31.64504417]]},"properties":{"layer":"Cuencas","entity_type":"LINE","handle":"278295"}},{"type":"Feature","geometry":{"type":"LineString","coordinates":[[-60.63503272,-31.64504417],[-60.63545698,-31.64500578]]},"properties":{"layer":"Cuencas","entity_type":"LINE","handle":"278296"}},{"type":"Feature","geometry":{"type":"LineString","coordinates":[[-60.63545698,-31.64500578],[-60.63597946,-31.64484599]]},"properties":{"layer":"Cuencas","entity_type":"LINE","handle":"278297"}},{"type":"Feature","geometry":{"type":"LineString","coordinates":[[-60.63597946,-31.64484599],[-60.6362896,-31.64467516]]},"properties":{"layer":"Cuencas","entity_type":"LINE","handle":"278298"}},{"type":"Feature","geometry":{"type":"LineString","coordinates":[[-60.6362896,-31.64467516],[-60.63645874,-31.64457759]]},"properties":{"layer":"Cuencas","entity_type":"LINE","handle":"278299"}},{"type":"Feature","geometry":{"type":"LineString","coordinates":[[-60.63645874,-31.64457759],[-60.63665618,-31.64447987]]},"properties":{"layer":"Cuencas","entity_type":"LINE","handle":"27829A"}},{"type":"Feature","geometry":{"type":"LineString","coordinates":[[-60.63665618,-31.64447987],[-60.63691146,-31.64456324]]},"properties":{"layer":"Cuencas","entity_type":"LINE","handle":"27829B"}},{"type":"Feature","geometry":{"type":"LineString","coordinates":[[-60.63691146,-31.64456324],[-60.63701067,-31.64458693]]},"properties":{"layer":"Cuencas","entity_type":"LINE","handle":"27829C"}},{"type":"Feature","geometry":{"type":"LineString","coordinates":[[-60.63540054,-31.63935761],[-60.63560666,-31.64017737]]},"properties":{"layer":"Cuencas","entity_type":"LINE","handle":"27829D"}},{"type":"Feature","geometry":{"type":"LineString","coordinates":[[-60.63560666,-31.64017737],[-60.63595627,-31.64074227]]},"properties":{"layer":"Cuencas","entity_type":"LINE","handle":"27829E"}},{"type":"Feature","geometry":{"type":"LineString","coordinates":[[-60.63595627,-31.64074227],[-60.63702968,-31.64392122]]},"properties":{"layer":"Cuencas","entity_type":"LINE","handle":"27829F"}},{"type":"Feature","geometry":{"type":"LineString","coordinates":[[-60.63702968,-31.64392122],[-60.63706231,-31.64448154]]},"properties":{"layer":"Cuencas","entity_type":"LINE","handle":"2782A0"}},{"type":"Feature","geometry":{"type":"LineString","coordinates":[[-60.63706231,-31.64448154],[-60.6368788,-31.64503678]]},"properties":{"layer":"Cuencas","entity_type":"LINE","handle":"2782A1"}},{"type":"Feature","geometry":{"type":"LineString","coordinates":[[-60.6368788,-31.64503678],[-60.6362922,-31.64564331]]},"properties":{"layer":"Cuencas","entity_type":"LINE","handle":"2782A2"}},{"type":"Feature","geometry":{"type":"LineString","coordinates":[[-60.6362922,-31.64564331],[-60.63599057,-31.64578031]]},"properties":{"layer":"Cuencas","entity_type":"LINE","handle":"2782A3"}},{"type":"Feature","geometry":{"type":"LineString","coordinates":[[-60.63599057,-31.64578031],[-60.63208679,-31.64589825]]},"properties":{"layer":"Cuencas","entity_type":"LINE","handle":"2782A4"}},{"type":"Feature","geometry":{"type":"LineString","coordinates":[[-60.63070134,-31.64556019],[-60.62941766,-31.64535711]]},"properties":{"layer":"Cuencas","entity_type":"LINE","handle":"2782A5"}},{"type":"Feature","geometry":{"type":"LineString","coordinates":[[-60.62941766,-31.64535711],[-60.62251237,-31.64477505]]},"properties":{"layer":"Cuencas","entity_type":"LINE","handle":"2782A6"}},{"type":"Feature","geometry":{"type":"LineString","coordinates":[[-60.6150679,-31.62734497],[-60.61474852,-31.62695748]]},"properties":{"layer":"Cuencas","entity_type":"LINE","handle":"2782A7"}},{"type":"Feature","geometry":{"type":"LineString","coordinates":[[-60.61474852,-31.62695748],[-60.61390056,-31.62680561]]},"properties":{"layer":"Cuencas","entity_type":"LINE","handle":"2782A8"}},{"type":"Feature","geometry":{"type":"LineString","coordinates":[[-60.61390056,-31.62680561],[-60.61372816,-31.62675742]]},"properties":{"layer":"Cuencas","entity_type":"LINE","handle":"2782A9"}},{"type":"Feature","geometry":{"type":"LineString","coordinates":[[-60.61372816,-31.62675742],[-60.61340518,-31.62651176]]},"properties":{"layer":"Cuencas","entity_type":"LINE","handle":"2782AA"}},{"type":"Feature","geometry":{"type":"LineString","coordinates":[[-60.61340518,-31.62651176],[-60.61330462,-31.62588048]]},"properties":{"layer":"Cuencas","entity_type":"LINE","handle":"2782AB"}},{"type":"Feature","geometry":{"type":"LineString","coordinates":[[-60.61330462,-31.62588048],[-60.61325631,-31.62512414]]},"properties":{"layer":"Cuencas","entity_type":"LINE","handle":"2782AC"}},{"type":"Feature","geometry":{"type":"LineString","coordinates":[[-60.61325631,-31.62512414],[-60.61320137,-31.62483719]]},"properties":{"layer":"Cuencas","entity_type":"LINE","handle":"2782AD"}},{"type":"Feature","geometry":{"type":"LineString","coordinates":[[-60.61320137,-31.62483719],[-60.61297354,-31.62439879]]},"properties":{"layer":"Cuencas","entity_type":"LINE","handle":"2782AE"}},{"type":"Feature","geometry":{"type":"LineString","coordinates":[[-60.61297354,-31.62439879],[-60.61271448,-31.62409789]]},"properties":{"layer":"Cuencas","entity_type":"LINE","handle":"2782AF"}},{"type":"Feature","geometry":{"type":"LineString","coordinates":[[-60.61271448,-31.62409789],[-60.61225123,-31.62389912]]},"properties":{"layer":"Cuencas","entity_type":"LINE","handle":"2782B0"}},{"type":"Feature","geometry":{"type":"LineString","coordinates":[[-60.61225123,-31.62389912],[-60.61187716,-31.62382723]]},"properties":{"layer":"Cuencas","entity_type":"LINE","handle":"2782B1"}},{"type":"Feature","geometry":{"type":"LineString","coordinates":[[-60.61187716,-31.62382723],[-60.6111715,-31.62378943]]},"properties":{"layer":"Cuencas","entity_type":"LINE","handle":"2782B2"}},{"type":"Feature","geometry":{"type":"LineString","coordinates":[[-60.6111715,-31.62378943],[-60.60962435,-31.62402274]]},"properties":{"layer":"Cuencas","entity_type":"LINE","handle":"2782B3"}},{"type":"Feature","geometry":{"type":"LineString","coordinates":[[-60.60962435,-31.62402274],[-60.60873631,-31.62400504]]},"properties":{"layer":"Cuencas","entity_type":"LINE","handle":"2782B5"}},{"type":"Feature","geometry":{"type":"LineString","coordinates":[[-60.59354737,-31.62016672],[-60.5919248,-31.61916267]]},"properties":{"layer":"Cuencas","entity_type":"LINE","handle":"2782B6"}},{"type":"Feature","geometry":{"type":"LineString","coordinates":[[-60.59673234,-31.61609585],[-60.5956206,-31.61700307]]},"properties":{"layer":"Cuencas","entity_type":"LINE","handle":"2782B7"}},{"type":"Feature","geometry":{"type":"LineString","coordinates":[[-60.5956206,-31.61700307],[-60.59524925,-31.61672705]]},"properties":{"layer":"Cuencas","entity_type":"LINE","handle":"2782B8"}},{"type":"Feature","geometry":{"type":"LineString","coordinates":[[-60.59524925,-31.61672705],[-60.5944568,-31.61684808]]},"properties":{"layer":"Cuencas","entity_type":"LINE","handle":"2782B9"}},{"type":"Feature","geometry":{"type":"LineString","coordinates":[[-60.5944568,-31.61684808],[-60.59399777,-31.61662858]]},"properties":{"layer":"Cuencas","entity_type":"LINE","handle":"2782BA"}},{"type":"Feature","geometry":{"type":"LineString","coordinates":[[-60.59399777,-31.61662858],[-60.59340353,-31.61673564]]},"properties":{"layer":"Cuencas","entity_type":"LINE","handle":"2782BB"}},{"type":"Feature","geometry":{"type":"LineString","coordinates":[[-60.59340353,-31.61673564],[-60.59314626,-31.61706277]]},"properties":{"layer":"Cuencas","entity_type":"LINE","handle":"2782BC"}},{"type":"Feature","geometry":{"type":"LineString","coordinates":[[-60.59314626,-31.61706277],[-60.59192739,-31.61729141]]},"properties":{"layer":"Cuencas","entity_type":"LINE","handle":"2782BD"}},{"type":"Feature","geometry":{"type":"LineString","coordinates":[[-60.59192739,-31.61729141],[-60.59171634,-31.61769521]]},"properties":{"layer":"Cuencas","entity_type":"LINE","handle":"2782BE"}},{"type":"Feature","geometry":{"type":"LineString","coordinates":[[-60.59171634,-31.61769521],[-60.59151829,-31.61773523]]},"properties":{"layer":"Cuencas","entity_type":"LINE","handle":"2782BF"}},{"type":"Feature","geometry":{"type":"LineString","coordinates":[[-60.59151829,-31.61773523],[-60.5912273,-31.61755406]]},"properties":{"layer":"Cuencas","entity_type":"LINE","handle":"2782C0"}},{"type":"Feature","geometry":{"type":"LineString","coordinates":[[-60.5912273,-31.61755406],[-60.59032804,-31.61767555]]},"properties":{"layer":"Cuencas","entity_type":"LINE","handle":"2782C1"}},{"type":"Feature","geometry":{"type":"LineString","coordinates":[[-60.59032804,-31.61767555],[-60.58947239,-31.61745787]]},"properties":{"layer":"Cuencas","entity_type":"LINE","handle":"2782C2"}},{"type":"Feature","geometry":{"type":"LineString","coordinates":[[-60.58947239,-31.61745787],[-60.58975067,-31.61804327]]},"properties":{"layer":"Cuencas","entity_type":"LINE","handle":"2782C3"}},{"type":"Feature","geometry":{"type":"LineString","coordinates":[[-60.58975067,-31.61804327],[-60.58861235,-31.61896114]]},"properties":{"layer":"Cuencas","entity_type":"LINE","handle":"2782C4"}},{"type":"Feature","geometry":{"type":"LineString","coordinates":[[-60.58861235,-31.61896114],[-60.58809172,-31.61865064]]},"properties":{"layer":"Cuencas","entity_type":"LINE","handle":"2782C5"}},{"type":"Feature","geometry":{"type":"LineString","coordinates":[[-60.58809172,-31.61865064],[-60.58785119,-31.61921236]]},"properties":{"layer":"Cuencas","entity_type":"LINE","handle":"2782C6"}},{"type":"Feature","geometry":{"type":"LineString","coordinates":[[-60.58785119,-31.61921236],[-60.58771422,-31.61926515]]},"properties":{"layer":"Cuencas","entity_type":"LINE","handle":"2782C7"}},{"type":"Feature","geometry":{"type":"LineString","coordinates":[[-60.58771422,-31.61926515],[-60.58730078,-31.61901933]]},"properties":{"layer":"Cuencas","entity_type":"LINE","handle":"2782C8"}},{"type":"Feature","geometry":{"type":"LineString","coordinates":[[-60.58730078,-31.61901933],[-60.5870289,-31.61945082]]},"properties":{"layer":"Cuencas","entity_type":"LINE","handle":"2782C9"}},{"type":"Feature","geometry":{"type":"LineString","coordinates":[[-60.5870289,-31.61945082],[-60.58687644,-31.61946456]]},"properties":{"layer":"Cuencas","entity_type":"LINE","handle":"2782CA"}},{"type":"Feature","geometry":{"type":"LineString","coordinates":[[-60.58687644,-31.61946456],[-60.58661426,-31.61900946]]},"properties":{"layer":"Cuencas","entity_type":"LINE","handle":"2782CB"}},{"type":"Feature","geometry":{"type":"LineString","coordinates":[[-60.58661426,-31.61900946],[-60.58664926,-31.61972635]]},"properties":{"layer":"Cuencas","entity_type":"LINE","handle":"2782CC"}},{"type":"Feature","geometry":{"type":"LineString","coordinates":[[-60.63208679,-31.64589825],[-60.63070134,-31.64556019]]},"properties":{"layer":"Cuencas","entity_type":"LINE","handle":"2782D1"}},{"type":"Feature","geometry":{"type":"LineString","coordinates":[[-60.63629876,-31.5941117],[-60.63420238,-31.59412213]]},"properties":{"layer":"Cuencas","entity_type":"LINE","handle":"2A3F44"}},{"type":"Feature","geometry":{"type":"LineString","coordinates":[[-60.71159854,-31.58446843],[-60.71157831,-31.58446667]]},"properties":{"layer":"Cuencas","entity_type":"LINE","handle":"2CF00E"}},{"type":"Feature","geometry":{"type":"LineString","coordinates":[[-60.73136932,-31.59801833],[-60.73173113,-31.59794398]]},"properties":{"layer":"Cuencas","entity_type":"LINE","handle":"2F5C16"}},{"type":"Feature","geometry":{"type":"LineString","coordinates":[[-60.73173113,-31.59794398],[-60.73225207,-31.59813718]]},"properties":{"layer":"Cuencas","entity_type":"LINE","handle":"2F5C17"}},{"type":"Feature","geometry":{"type":"LineString","coordinates":[[-60.70125236,-31.6597544],[-60.70024687,-31.65858326],[-60.70014647,-31.65856808],[-60.69928935,-31.65905641],[-60.69919828,-31.65908324],[-60.69910436,-31.65909375],[-60.69901767,-31.65908931],[-60.6986091,-31.65903615],[-60.69851982,-31.65896827],[-60.69842004,-31.65863666],[-60.69839857,-31.65841155]]},"properties":{"layer":"Cuencas","entity_type":"LWPOLYLINE","handle":"4D2769"}},{"type":"Feature","geometry":{"type":"LineString","coordinates":[[-60.69787657,-31.65727339],[-60.69804596,-31.65745723]]},"properties":{"layer":"Cuencas","entity_type":"LINE","handle":"4D276A"}},{"type":"Feature","geometry":{"type":"LineString","coordinates":[[-60.6957272,-31.65511844],[-60.69571911,-31.65512814]]},"properties":{"layer":"Cuencas","entity_type":"LINE","handle":"4D276B"}},{"type":"Feature","geometry":{"type":"LineString","coordinates":[[-60.69571911,-31.65512814],[-60.69571004,-31.65513721]]},"properties":{"layer":"Cuencas","entity_type":"LINE","handle":"4D276C"}},{"type":"Feature","geometry":{"type":"LineString","coordinates":[[-60.69571004,-31.65513721],[-60.69570008,-31.65514555]]},"properties":{"layer":"Cuencas","entity_type":"LINE","handle":"4D276D"}},{"type":"Feature","geometry":{"type":"LineString","coordinates":[[-60.69570008,-31.65514555],[-60.69570013,-31.65514553]]},"properties":{"layer":"Cuencas","entity_type":"LINE","handle":"4D276E"}},{"type":"Feature","geometry":{"type":"LineString","coordinates":[[-60.69570013,-31.65514553],[-60.69548971,-31.65533209]]},"properties":{"layer":"Cuencas","entity_type":"LINE","handle":"4D276F"}},{"type":"Feature","geometry":{"type":"LineString","coordinates":[[-60.69548971,-31.65533209],[-60.69529381,-31.65552859]]},"properties":{"layer":"Cuencas","entity_type":"LINE","handle":"4D2770"}},{"type":"Feature","geometry":{"type":"LineString","coordinates":[[-60.69529381,-31.65552859],[-60.69511242,-31.65573474]]},"properties":{"layer":"Cuencas","entity_type":"LINE","handle":"4D2771"}},{"type":"Feature","geometry":{"type":"LineString","coordinates":[[-60.69511242,-31.65573474],[-60.69494617,-31.65595029]]},"properties":{"layer":"Cuencas","entity_type":"LINE","handle":"4D2772"}},{"type":"Feature","geometry":{"type":"LineString","coordinates":[[-60.69494617,-31.65595029],[-60.69479549,-31.65617404]]},"properties":{"layer":"Cuencas","entity_type":"LINE","handle":"4D2773"}},{"type":"Feature","geometry":{"type":"LineString","coordinates":[[-60.69479549,-31.65617404],[-60.6946612,-31.65640528]]},"properties":{"layer":"Cuencas","entity_type":"LINE","handle":"4D2774"}},{"type":"Feature","geometry":{"type":"LineString","coordinates":[[-60.6946612,-31.65640528],[-60.69454383,-31.6566431]]},"properties":{"layer":"Cuencas","entity_type":"LINE","handle":"4D2775"}},{"type":"Feature","geometry":{"type":"LineString","coordinates":[[-60.69454383,-31.6566431],[-60.69444358,-31.6568867]]},"properties":{"layer":"Cuencas","entity_type":"LINE","handle":"4D2776"}},{"type":"Feature","geometry":{"type":"LineString","coordinates":[[-60.69444358,-31.6568867],[-60.69436087,-31.65713497]]},"properties":{"layer":"Cuencas","entity_type":"LINE","handle":"4D2777"}},{"type":"Feature","geometry":{"type":"LineString","coordinates":[[-60.69436087,-31.65713497],[-60.69429622,-31.65738721]]},"properties":{"layer":"Cuencas","entity_type":"LINE","handle":"4D2778"}},{"type":"Feature","geometry":{"type":"LineString","coordinates":[[-60.69429622,-31.65738721],[-60.69424983,-31.65764232]]},"properties":{"layer":"Cuencas","entity_type":"LINE","handle":"4D2779"}},{"type":"Feature","geometry":{"type":"LineString","coordinates":[[-60.69424983,-31.65764232],[-60.69422179,-31.65789932]]},"properties":{"layer":"Cuencas","entity_type":"LINE","handle":"4D277A"}},{"type":"Feature","geometry":{"type":"LineString","coordinates":[[-60.69422179,-31.65789932],[-60.69421222,-31.65815747]]},"properties":{"layer":"Cuencas","entity_type":"LINE","handle":"4D277B"}},{"type":"Feature","geometry":{"type":"LineString","coordinates":[[-60.69421222,-31.65815747],[-60.6942211,-31.65841544]]},"properties":{"layer":"Cuencas","entity_type":"LINE","handle":"4D277C"}},{"type":"Feature","geometry":{"type":"LineString","coordinates":[[-60.6942211,-31.65841544],[-60.69424842,-31.65867259]]},"properties":{"layer":"Cuencas","entity_type":"LINE","handle":"4D277D"}},{"type":"Feature","geometry":{"type":"LineString","coordinates":[[-60.69424842,-31.65867259],[-60.69429418,-31.65892792]]},"properties":{"layer":"Cuencas","entity_type":"LINE","handle":"4D277E"}},{"type":"Feature","geometry":{"type":"LineString","coordinates":[[-60.69429418,-31.65892792],[-60.69435805,-31.65918027]]},"properties":{"layer":"Cuencas","entity_type":"LINE","handle":"4D277F"}},{"type":"Feature","geometry":{"type":"LineString","coordinates":[[-60.69435805,-31.65918027],[-60.69443993,-31.65942873]]},"properties":{"layer":"Cuencas","entity_type":"LINE","handle":"4D2780"}},{"type":"Feature","geometry":{"type":"LineString","coordinates":[[-60.69443993,-31.65942873],[-60.69453937,-31.6596725]]},"properties":{"layer":"Cuencas","entity_type":"LINE","handle":"4D2781"}},{"type":"Feature","geometry":{"type":"LineString","coordinates":[[-60.69453937,-31.6596725],[-60.69465628,-31.65991058]]},"properties":{"layer":"Cuencas","entity_type":"LINE","handle":"4D2782"}},{"type":"Feature","geometry":{"type":"LineString","coordinates":[[-60.69465628,-31.65991058],[-60.69478905,-31.66014073]]},"properties":{"layer":"Cuencas","entity_type":"LINE","handle":"4D2783"}},{"type":"Feature","geometry":{"type":"LineString","coordinates":[[-60.69478905,-31.66014073],[-60.69485141,-31.66024626]]},"properties":{"layer":"Cuencas","entity_type":"LINE","handle":"4D2784"}},{"type":"Feature","geometry":{"type":"LineString","coordinates":[[-60.69485141,-31.66024626],[-60.69494516,-31.66043243]]},"properties":{"layer":"Cuencas","entity_type":"LINE","handle":"4D2785"}},{"type":"Feature","geometry":{"type":"LineString","coordinates":[[-60.69494516,-31.66043243],[-60.695021,-31.66062086]]},"properties":{"layer":"Cuencas","entity_type":"LINE","handle":"4D2786"}},{"type":"Feature","geometry":{"type":"LineString","coordinates":[[-60.69503447,-31.66065894],[-60.69515965,-31.66104578]]},"properties":{"layer":"Cuencas","entity_type":"LINE","handle":"4D2787"}},{"type":"Feature","geometry":{"type":"LineString","coordinates":[[-60.69515965,-31.66104578],[-60.69526705,-31.66143596]]},"properties":{"layer":"Cuencas","entity_type":"LINE","handle":"4D2788"}},{"type":"Feature","geometry":{"type":"LineString","coordinates":[[-60.69526705,-31.66143596],[-60.69535655,-31.66182948]]},"properties":{"layer":"Cuencas","entity_type":"LINE","handle":"4D2789"}},{"type":"Feature","geometry":{"type":"LineString","coordinates":[[-60.69535655,-31.66182948],[-60.69542814,-31.66222572]]},"properties":{"layer":"Cuencas","entity_type":"LINE","handle":"4D278A"}},{"type":"Feature","geometry":{"type":"LineString","coordinates":[[-60.69811745,-31.65756855],[-60.69804596,-31.65745723]]},"properties":{"layer":"Cuencas","entity_type":"LINE","handle":"4D278B"}},{"type":"Feature","geometry":{"type":"LineString","coordinates":[[-60.69548971,-31.65533209],[-60.69560861,-31.65522667]]},"properties":{"layer":"Cuencas","entity_type":"LINE","handle":"4D278C"}},{"type":"Feature","geometry":{"type":"LineString","coordinates":[[-60.69560861,-31.65522667],[-60.69570056,-31.65514515]]},"properties":{"layer":"Cuencas","entity_type":"LINE","handle":"4D278D"}},{"type":"Feature","geometry":{"type":"LineString","coordinates":[[-60.70125236,-31.6597544],[-60.70146008,-31.66065568]]},"properties":{"layer":"Cuencas","entity_type":"LINE","handle":"4D278E"}},{"type":"Feature","geometry":{"type":"LineString","coordinates":[[-60.69787684,-31.65727369],[-60.69571885,-31.65488988]]},"properties":{"layer":"Cuencas","entity_type":"LINE","handle":"4D278F"}},{"type":"Feature","geometry":{"type":"LineString","coordinates":[[-60.69571885,-31.65488988],[-60.69573504,-31.65490883],[-60.69574831,-31.65492937],[-60.69575847,-31.65495116],[-60.69576535,-31.65497388],[-60.69576884,-31.65499715],[-60.69576889,-31.65502062],[-60.69576549,-31.6550439],[-60.6957587,-31.65506664],[-60.69574863,-31.65508847],[-60.69573544,-31.65510904],[-60.69571933,-31.65512803],[-60.69570056,-31.65514515]]},"properties":{"layer":"Cuencas","entity_type":"ARC","handle":"4D2790","radius_m_drawing_units":20.68673383739294,"start_angle":140.6038425848486,"end_angle":227.1415938167032}},{"type":"Feature","geometry":{"type":"LineString","coordinates":[[-60.69811745,-31.65756855],[-60.69839857,-31.65841155]]},"properties":{"layer":"Cuencas","entity_type":"LINE","handle":"4D2791"}},{"type":"Feature","geometry":{"type":"LineString","coordinates":[[-60.70146008,-31.66065568],[-60.70147597,-31.66073209],[-60.70149126,-31.6608086],[-60.70150595,-31.66088519],[-60.70152004,-31.66096186],[-60.70153352,-31.66103861],[-60.7015464,-31.66111544],[-60.70155867,-31.66119234],[-60.70157034,-31.66126931]]},"properties":{"layer":"Cuencas","entity_type":"ARC","handle":"4D2792","radius_m_drawing_units":1278.164084569392,"start_angle":170.0877495392814,"end_angle":173.174090863429}},{"type":"Feature","geometry":{"type":"LineString","coordinates":[[-60.7016487,-31.66155853],[-60.70163833,-31.66152249],[-60.70162812,-31.66148642],[-60.70161807,-31.66145031],[-60.7016082,-31.66141418],[-60.70159848,-31.661378],[-60.70158893,-31.6613418],[-60.70157955,-31.66130557],[-60.70157034,-31.6612693]]},"properties":{"layer":"Cuencas","entity_type":"ARC","handle":"4D2793","radius_m_drawing_units":1052.22657942784,"start_angle":346.4245424938708,"end_angle":348.217267356739}},{"type":"Feature","geometry":{"type":"LineString","coordinates":[[-60.70184469,-31.6628305],[-60.70169363,-31.66285863]]},"properties":{"layer":"Cuencas","entity_type":"LINE","handle":"4D2794"}},{"type":"Feature","geometry":{"type":"LineString","coordinates":[[-60.70169363,-31.66285863],[-60.70157308,-31.66304666]]},"properties":{"layer":"Cuencas","entity_type":"LINE","handle":"4D2795"}},{"type":"Feature","geometry":{"type":"LineString","coordinates":[[-60.70157308,-31.66304666],[-60.70139533,-31.66295663]]},"properties":{"layer":"Cuencas","entity_type":"LINE","handle":"4D2796"}},{"type":"Feature","geometry":{"type":"LineString","coordinates":[[-60.70139533,-31.66295663],[-60.70105261,-31.66302509]]},"properties":{"layer":"Cuencas","entity_type":"LINE","handle":"4D2797"}},{"type":"Feature","geometry":{"type":"LineString","coordinates":[[-60.70105261,-31.66302509],[-60.70065234,-31.66332502]]},"properties":{"layer":"Cuencas","entity_type":"LINE","handle":"4D2798"}},{"type":"Feature","geometry":{"type":"LineString","coordinates":[[-60.70065234,-31.66332502],[-60.69995945,-31.66355848]]},"properties":{"layer":"Cuencas","entity_type":"LINE","handle":"4D279B"}},{"type":"Feature","geometry":{"type":"LineString","coordinates":[[-60.69995945,-31.66355848],[-60.69994979,-31.66389407]]},"properties":{"layer":"Cuencas","entity_type":"LINE","handle":"4D279C"}},{"type":"Feature","geometry":{"type":"LineString","coordinates":[[-60.69994979,-31.66389407],[-60.69949196,-31.66424679]]},"properties":{"layer":"Cuencas","entity_type":"LINE","handle":"4D279D"}},{"type":"Feature","geometry":{"type":"LineString","coordinates":[[-60.69949196,-31.66424679],[-60.69848914,-31.66425228]]},"properties":{"layer":"Cuencas","entity_type":"LINE","handle":"4D279E"}},{"type":"Feature","geometry":{"type":"LineString","coordinates":[[-60.69848914,-31.66425228],[-60.69821961,-31.66435966]]},"properties":{"layer":"Cuencas","entity_type":"LINE","handle":"4D279F"}},{"type":"Feature","geometry":{"type":"LineString","coordinates":[[-60.69821961,-31.66435966],[-60.69733014,-31.664449]]},"properties":{"layer":"Cuencas","entity_type":"LINE","handle":"4D27A0"}},{"type":"Feature","geometry":{"type":"LineString","coordinates":[[-60.69733014,-31.664449],[-60.69731134,-31.66431208]]},"properties":{"layer":"Cuencas","entity_type":"LINE","handle":"4D27A1"}},{"type":"Feature","geometry":{"type":"LineString","coordinates":[[-60.69731134,-31.66431208],[-60.69635708,-31.66369203]]},"properties":{"layer":"Cuencas","entity_type":"LINE","handle":"4D27A2"}},{"type":"Feature","geometry":{"type":"LineString","coordinates":[[-60.69635708,-31.66369203],[-60.69632908,-31.66294567]]},"properties":{"layer":"Cuencas","entity_type":"LINE","handle":"4D27A3"}},{"type":"Feature","geometry":{"type":"LineString","coordinates":[[-60.69632908,-31.66294567],[-60.69568752,-31.66253258]]},"properties":{"layer":"Cuencas","entity_type":"LINE","handle":"4D27A4"}},{"type":"Feature","geometry":{"type":"LineString","coordinates":[[-60.69568752,-31.66253258],[-60.69565373,-31.66228146]]},"properties":{"layer":"Cuencas","entity_type":"LINE","handle":"4D27A5"}},{"type":"Feature","geometry":{"type":"LineString","coordinates":[[-60.69565373,-31.66228146],[-60.69543849,-31.66230264]]},"properties":{"layer":"Cuencas","entity_type":"LINE","handle":"4D27A6"}},{"type":"Feature","geometry":{"type":"LineString","coordinates":[[-60.69543849,-31.66230264],[-60.69542814,-31.66222572]]},"properties":{"layer":"Cuencas","entity_type":"LINE","handle":"4D27AA"}},{"type":"Feature","geometry":{"type":"LineString","coordinates":[[-60.7016487,-31.66155853],[-60.7017205,-31.66188101]]},"properties":{"layer":"Cuencas","entity_type":"LINE","handle":"4D27AB"}},{"type":"Feature","geometry":{"type":"LineString","coordinates":[[-60.7017205,-31.66188101],[-60.70175849,-31.66207455]]},"properties":{"layer":"Cuencas","entity_type":"LINE","handle":"4D27AD"}},{"type":"Feature","geometry":{"type":"LineString","coordinates":[[-60.70175849,-31.66207455],[-60.70182501,-31.66258318]]},"properties":{"layer":"Cuencas","entity_type":"LINE","handle":"4D27AE"}},{"type":"Feature","geometry":{"type":"LineString","coordinates":[[-60.70182501,-31.66258318],[-60.70183814,-31.66262687]]},"properties":{"layer":"Cuencas","entity_type":"LINE","handle":"4D27AF"}},{"type":"Feature","geometry":{"type":"LineString","coordinates":[[-60.70183814,-31.66262687],[-60.70184469,-31.6628305]]},"properties":{"layer":"Cuencas","entity_type":"LINE","handle":"4D27B0"}},{"type":"Feature","geometry":{"type":"LineString","coordinates":[[-60.70142468,-31.6658933],[-60.70070249,-31.66578349]]},"properties":{"layer":"Cuencas","entity_type":"LINE","handle":"4D27B8"}},{"type":"Feature","geometry":{"type":"LineString","coordinates":[[-60.70070249,-31.66578349],[-60.70035933,-31.66596149]]},"properties":{"layer":"Cuencas","entity_type":"LINE","handle":"4D27B9"}},{"type":"Feature","geometry":{"type":"LineString","coordinates":[[-60.70035933,-31.66596149],[-60.70007716,-31.66570257]]},"properties":{"layer":"Cuencas","entity_type":"LINE","handle":"4D27BA"}},{"type":"Feature","geometry":{"type":"LineString","coordinates":[[-60.70007716,-31.66570257],[-60.69972659,-31.66566578]]},"properties":{"layer":"Cuencas","entity_type":"LINE","handle":"4D27BB"}},{"type":"Feature","geometry":{"type":"LineString","coordinates":[[-60.69972659,-31.66566578],[-60.69898756,-31.66604288]]},"properties":{"layer":"Cuencas","entity_type":"LINE","handle":"4D27BC"}},{"type":"Feature","geometry":{"type":"LineString","coordinates":[[-60.69898756,-31.66604288],[-60.69839161,-31.66619914]]},"properties":{"layer":"Cuencas","entity_type":"LINE","handle":"4D27BD"}},{"type":"Feature","geometry":{"type":"LineString","coordinates":[[-60.69839161,-31.66619914],[-60.698017,-31.66620265]]},"properties":{"layer":"Cuencas","entity_type":"LINE","handle":"4D27BE"}},{"type":"Feature","geometry":{"type":"LineString","coordinates":[[-60.698017,-31.66620265],[-60.69775688,-31.66659385]]},"properties":{"layer":"Cuencas","entity_type":"LINE","handle":"4D27BF"}},{"type":"Feature","geometry":{"type":"LineString","coordinates":[[-60.69775688,-31.66659385],[-60.69776337,-31.66690391]]},"properties":{"layer":"Cuencas","entity_type":"LINE","handle":"4D27C0"}},{"type":"Feature","geometry":{"type":"LineString","coordinates":[[-60.69776337,-31.66690391],[-60.69790503,-31.66701156]]},"properties":{"layer":"Cuencas","entity_type":"LINE","handle":"4D27C1"}},{"type":"Feature","geometry":{"type":"LineString","coordinates":[[-60.69790503,-31.66701156],[-60.69798013,-31.66722637]]},"properties":{"layer":"Cuencas","entity_type":"LINE","handle":"4D27C2"}},{"type":"Feature","geometry":{"type":"LineString","coordinates":[[-60.69798013,-31.66722637],[-60.69779515,-31.66778256]]},"properties":{"layer":"Cuencas","entity_type":"LINE","handle":"4D27C3"}},{"type":"Feature","geometry":{"type":"LineString","coordinates":[[-60.69779515,-31.66778256],[-60.69805089,-31.66824235]]},"properties":{"layer":"Cuencas","entity_type":"LINE","handle":"4D27C4"}},{"type":"Feature","geometry":{"type":"LineString","coordinates":[[-60.69805089,-31.66824235],[-60.69825651,-31.6688749]]},"properties":{"layer":"Cuencas","entity_type":"LINE","handle":"4D27C5"}},{"type":"Feature","geometry":{"type":"LineString","coordinates":[[-60.69825651,-31.6688749],[-60.69816002,-31.66905823]]},"properties":{"layer":"Cuencas","entity_type":"LINE","handle":"4D27C6"}},{"type":"Feature","geometry":{"type":"LineString","coordinates":[[-60.69816002,-31.66905823],[-60.69823216,-31.66929427]]},"properties":{"layer":"Cuencas","entity_type":"LINE","handle":"4D27C7"}},{"type":"Feature","geometry":{"type":"LineString","coordinates":[[-60.69823216,-31.66929427],[-60.69841255,-31.66949607]]},"properties":{"layer":"Cuencas","entity_type":"LINE","handle":"4D27C8"}},{"type":"Feature","geometry":{"type":"LineString","coordinates":[[-60.69841255,-31.66949607],[-60.69880249,-31.6694658]]},"properties":{"layer":"Cuencas","entity_type":"LINE","handle":"4D27C9"}},{"type":"Feature","geometry":{"type":"LineString","coordinates":[[-60.69880249,-31.6694658],[-60.69916742,-31.66963536]]},"properties":{"layer":"Cuencas","entity_type":"LINE","handle":"4D27CA"}},{"type":"Feature","geometry":{"type":"LineString","coordinates":[[-60.69916742,-31.66963536],[-60.69920757,-31.66973118]]},"properties":{"layer":"Cuencas","entity_type":"LINE","handle":"4D27CB"}},{"type":"Feature","geometry":{"type":"LineString","coordinates":[[-60.69920757,-31.66973118],[-60.69957819,-31.66964103]]},"properties":{"layer":"Cuencas","entity_type":"LINE","handle":"4D27CD"}},{"type":"Feature","geometry":{"type":"LineString","coordinates":[[-60.69957819,-31.66964103],[-60.69961076,-31.66966204]]},"properties":{"layer":"Cuencas","entity_type":"LINE","handle":"4D27CE"}},{"type":"Feature","geometry":{"type":"LineString","coordinates":[[-60.69961076,-31.66966204],[-60.69964533,-31.6696155]]},"properties":{"layer":"Cuencas","entity_type":"LINE","handle":"4D27CF"}},{"type":"Feature","geometry":{"type":"LineString","coordinates":[[-60.69964533,-31.6696155],[-60.69974812,-31.66943043]]},"properties":{"layer":"Cuencas","entity_type":"LINE","handle":"4D27D0"}},{"type":"Feature","geometry":{"type":"LineString","coordinates":[[-60.69974812,-31.66943043],[-60.70045863,-31.6681341]]},"properties":{"layer":"Cuencas","entity_type":"LINE","handle":"4D27D1"}},{"type":"Feature","geometry":{"type":"LineString","coordinates":[[-60.70045863,-31.6681341],[-60.70054681,-31.66797318]]},"properties":{"layer":"Cuencas","entity_type":"LINE","handle":"4D27D2"}},{"type":"Feature","geometry":{"type":"LineString","coordinates":[[-60.70054681,-31.66797318],[-60.70086102,-31.66739982]]},"properties":{"layer":"Cuencas","entity_type":"LINE","handle":"4D27D3"}},{"type":"Feature","geometry":{"type":"LineString","coordinates":[[-60.70086102,-31.66739982],[-60.70140953,-31.66594743]]},"properties":{"layer":"Cuencas","entity_type":"LINE","handle":"4D27D4"}},{"type":"Feature","geometry":{"type":"LineString","coordinates":[[-60.70140953,-31.66594743],[-60.70142468,-31.66589343]]},"properties":{"layer":"Cuencas","entity_type":"LINE","handle":"4D27D5"}},{"type":"Feature","geometry":{"type":"LineString","coordinates":[[-60.69841255,-31.66949607],[-60.69785003,-31.66978162]]},"properties":{"layer":"Cuencas","entity_type":"LINE","handle":"4D27D6"}},{"type":"Feature","geometry":{"type":"LineString","coordinates":[[-60.69785003,-31.66978162],[-60.69760678,-31.66964778]]},"properties":{"layer":"Cuencas","entity_type":"LINE","handle":"4D27D7"}},{"type":"Feature","geometry":{"type":"LineString","coordinates":[[-60.69760678,-31.66964778],[-60.69681548,-31.6696521]]},"properties":{"layer":"Cuencas","entity_type":"LINE","handle":"4D27D8"}},{"type":"Feature","geometry":{"type":"LineString","coordinates":[[-60.69681548,-31.6696521],[-60.69665664,-31.66957573]]},"properties":{"layer":"Cuencas","entity_type":"LINE","handle":"4D27D9"}},{"type":"Feature","geometry":{"type":"LineString","coordinates":[[-60.69665664,-31.66957573],[-60.69665555,-31.66942953]]},"properties":{"layer":"Cuencas","entity_type":"LINE","handle":"4D27DA"}},{"type":"Feature","geometry":{"type":"LineString","coordinates":[[-60.69665555,-31.66942953],[-60.69644798,-31.66931481]]},"properties":{"layer":"Cuencas","entity_type":"LINE","handle":"4D27DB"}},{"type":"Feature","geometry":{"type":"LineString","coordinates":[[-60.69644798,-31.66931481],[-60.69620601,-31.66935199]]},"properties":{"layer":"Cuencas","entity_type":"LINE","handle":"4D27DC"}},{"type":"Feature","geometry":{"type":"LineString","coordinates":[[-60.69620601,-31.66935199],[-60.69595964,-31.66923196]]},"properties":{"layer":"Cuencas","entity_type":"LINE","handle":"4D27DD"}},{"type":"Feature","geometry":{"type":"LineString","coordinates":[[-60.69595964,-31.66923196],[-60.69577868,-31.66950364]]},"properties":{"layer":"Cuencas","entity_type":"LINE","handle":"4D27DE"}},{"type":"Feature","geometry":{"type":"LineString","coordinates":[[-60.69577868,-31.66950364],[-60.69527861,-31.66927386]]},"properties":{"layer":"Cuencas","entity_type":"LINE","handle":"4D27DF"}},{"type":"Feature","geometry":{"type":"LineString","coordinates":[[-60.69527861,-31.66927386],[-60.69523221,-31.66915566]]},"properties":{"layer":"Cuencas","entity_type":"LINE","handle":"4D27E2"}},{"type":"Feature","geometry":{"type":"LineString","coordinates":[[-60.69523221,-31.66915566],[-60.6953121,-31.66902358]]},"properties":{"layer":"Cuencas","entity_type":"LINE","handle":"4D27E3"}},{"type":"Feature","geometry":{"type":"LineString","coordinates":[[-60.6953121,-31.66902358],[-60.69478235,-31.66880459]]},"properties":{"layer":"Cuencas","entity_type":"LINE","handle":"4D27E4"}},{"type":"Feature","geometry":{"type":"LineString","coordinates":[[-60.69479562,-31.66875802],[-60.69482282,-31.66853097]]},"properties":{"layer":"Cuencas","entity_type":"LINE","handle":"4D27E6"}},{"type":"Feature","geometry":{"type":"LineString","coordinates":[[-60.69482282,-31.66853097],[-60.69483909,-31.66830795]]},"properties":{"layer":"Cuencas","entity_type":"LINE","handle":"4D27E7"}},{"type":"Feature","geometry":{"type":"LineString","coordinates":[[-60.69483909,-31.66830795],[-60.6949328,-31.66760969]]},"properties":{"layer":"Cuencas","entity_type":"LINE","handle":"4D27E8"}},{"type":"Feature","geometry":{"type":"LineString","coordinates":[[-60.6949328,-31.66760969],[-60.69504465,-31.66691304]]},"properties":{"layer":"Cuencas","entity_type":"LINE","handle":"4D27E9"}},{"type":"Feature","geometry":{"type":"LineString","coordinates":[[-60.69504465,-31.66691304],[-60.69517466,-31.66621873]]},"properties":{"layer":"Cuencas","entity_type":"LINE","handle":"4D27EA"}},{"type":"Feature","geometry":{"type":"LineString","coordinates":[[-60.69517466,-31.66621873],[-60.69532272,-31.66552748]]},"properties":{"layer":"Cuencas","entity_type":"LINE","handle":"4D27EB"}},{"type":"Feature","geometry":{"type":"LineString","coordinates":[[-60.69532272,-31.66552748],[-60.69542104,-31.66502335]]},"properties":{"layer":"Cuencas","entity_type":"LINE","handle":"4D27EC"}},{"type":"Feature","geometry":{"type":"LineString","coordinates":[[-60.69542104,-31.66502335],[-60.6954767,-31.66462534]]},"properties":{"layer":"Cuencas","entity_type":"LINE","handle":"4D27ED"}},{"type":"Feature","geometry":{"type":"LineString","coordinates":[[-60.6954767,-31.66462534],[-60.695514,-31.66422571]]},"properties":{"layer":"Cuencas","entity_type":"LINE","handle":"4D27EE"}},{"type":"Feature","geometry":{"type":"LineString","coordinates":[[-60.695514,-31.66422571],[-60.69555139,-31.66382509]]},"properties":{"layer":"Cuencas","entity_type":"LINE","handle":"4D27EF"}},{"type":"Feature","geometry":{"type":"LineString","coordinates":[[-60.69555139,-31.66382509],[-60.69553428,-31.66342432]]},"properties":{"layer":"Cuencas","entity_type":"LINE","handle":"4D27F0"}},{"type":"Feature","geometry":{"type":"LineString","coordinates":[[-60.69553428,-31.66342432],[-60.69551706,-31.66302363]]},"properties":{"layer":"Cuencas","entity_type":"LINE","handle":"4D27F1"}},{"type":"Feature","geometry":{"type":"LineString","coordinates":[[-60.69551706,-31.66302363],[-60.69548172,-31.66262395]]},"properties":{"layer":"Cuencas","entity_type":"LINE","handle":"4D27F2"}},{"type":"Feature","geometry":{"type":"LineString","coordinates":[[-60.69548172,-31.66262395],[-60.69543849,-31.66230264]]},"properties":{"layer":"Cuencas","entity_type":"LINE","handle":"4D27F3"}},{"type":"Feature","geometry":{"type":"LineString","coordinates":[[-60.70184469,-31.6628305],[-60.70180279,-31.66333411]]},"properties":{"layer":"Cuencas","entity_type":"LINE","handle":"4D27F4"}},{"type":"Feature","geometry":{"type":"LineString","coordinates":[[-60.70180279,-31.66333411],[-60.7018141,-31.66379489]]},"properties":{"layer":"Cuencas","entity_type":"LINE","handle":"4D27F5"}},{"type":"Feature","geometry":{"type":"LineString","coordinates":[[-60.7018141,-31.66379489],[-60.70142471,-31.66589331]]},"properties":{"layer":"Cuencas","entity_type":"LINE","handle":"4D27F6"}},{"type":"Feature","geometry":{"type":"LineString","coordinates":[[-60.69245199,-31.67723186],[-60.69235323,-31.67718853]]},"properties":{"layer":"Cuencas","entity_type":"LINE","handle":"4D27F7"}},{"type":"Feature","geometry":{"type":"LineString","coordinates":[[-60.69235323,-31.67718853],[-60.69235255,-31.67709643]]},"properties":{"layer":"Cuencas","entity_type":"LINE","handle":"4D27F8"}},{"type":"Feature","geometry":{"type":"LineString","coordinates":[[-60.69235255,-31.67709643],[-60.69222161,-31.67711922]]},"properties":{"layer":"Cuencas","entity_type":"LINE","handle":"4D27F9"}},{"type":"Feature","geometry":{"type":"LineString","coordinates":[[-60.69222161,-31.67711922],[-60.69205939,-31.6770264]]},"properties":{"layer":"Cuencas","entity_type":"LINE","handle":"4D27FA"}},{"type":"Feature","geometry":{"type":"LineString","coordinates":[[-60.69205939,-31.6770264],[-60.69203461,-31.67687076]]},"properties":{"layer":"Cuencas","entity_type":"LINE","handle":"4D27FB"}},{"type":"Feature","geometry":{"type":"LineString","coordinates":[[-60.69203461,-31.67687076],[-60.69136124,-31.67705761]]},"properties":{"layer":"Cuencas","entity_type":"LINE","handle":"4D27FC"}},{"type":"Feature","geometry":{"type":"LineString","coordinates":[[-60.69136124,-31.67705761],[-60.6910788,-31.6768393]]},"properties":{"layer":"Cuencas","entity_type":"LINE","handle":"4D27FD"}},{"type":"Feature","geometry":{"type":"LineString","coordinates":[[-60.6910788,-31.6768393],[-60.69145625,-31.67640846]]},"properties":{"layer":"Cuencas","entity_type":"LINE","handle":"4D27FE"}},{"type":"Feature","geometry":{"type":"LineString","coordinates":[[-60.69145625,-31.67640846],[-60.69207299,-31.67627189]]},"properties":{"layer":"Cuencas","entity_type":"LINE","handle":"4D27FF"}},{"type":"Feature","geometry":{"type":"LineString","coordinates":[[-60.69207299,-31.67627189],[-60.69243489,-31.67626993]]},"properties":{"layer":"Cuencas","entity_type":"LINE","handle":"4D2800"}},{"type":"Feature","geometry":{"type":"LineString","coordinates":[[-60.69243489,-31.67626993],[-60.69265904,-31.67620477]]},"properties":{"layer":"Cuencas","entity_type":"LINE","handle":"4D2801"}},{"type":"Feature","geometry":{"type":"LineString","coordinates":[[-60.69265904,-31.67620477],[-60.69234711,-31.67542002]]},"properties":{"layer":"Cuencas","entity_type":"LINE","handle":"4D2802"}},{"type":"Feature","geometry":{"type":"LineString","coordinates":[[-60.69234711,-31.67542002],[-60.69203403,-31.67542924]]},"properties":{"layer":"Cuencas","entity_type":"LINE","handle":"4D2803"}},{"type":"Feature","geometry":{"type":"LineString","coordinates":[[-60.69203403,-31.67542924],[-60.69174873,-31.67513305]]},"properties":{"layer":"Cuencas","entity_type":"LINE","handle":"4D2804"}},{"type":"Feature","geometry":{"type":"LineString","coordinates":[[-60.69174873,-31.67513305],[-60.69146359,-31.67543159]]},"properties":{"layer":"Cuencas","entity_type":"LINE","handle":"4D2805"}},{"type":"Feature","geometry":{"type":"LineString","coordinates":[[-60.69145723,-31.67543872],[-60.69126309,-31.67568308],[-60.69106679,-31.67592595],[-60.69086618,-31.67616582],[-60.6906591,-31.67640121],[-60.6905534,-31.67651603],[-60.69044616,-31.67662993],[-60.69033796,-31.67674346],[-60.69022938,-31.67685717],[-60.6901245,-31.67696851],[-60.69002292,-31.67708186],[-60.68992777,-31.67719858],[-60.68984216,-31.67731999],[-60.68976518,-31.67745286],[-60.68969936,-31.67759069],[-60.68964201,-31.67773184],[-60.68959046,-31.6778747],[-60.68956935,-31.67793681],[-60.68954928,-31.67799906],[-60.68953074,-31.67806155],[-60.68951418,-31.67812439],[-60.68950007,-31.67818676],[-60.68948776,-31.67824947],[-60.68947663,-31.6783124],[-60.68946609,-31.67837546]]},"properties":{"layer":"Cuencas","entity_type":"SPLINE","handle":"4D2808"}},{"type":"Feature","geometry":{"type":"LineString","coordinates":[[-60.69245199,-31.67723186],[-60.69116093,-31.67858635]]},"properties":{"layer":"Cuencas","entity_type":"LINE","handle":"4D2809"}},{"type":"Feature","geometry":{"type":"LineString","coordinates":[[-60.69116093,-31.67858635],[-60.69068836,-31.67915687]]},"properties":{"layer":"Cuencas","entity_type":"LINE","handle":"4D280A"}},{"type":"Feature","geometry":{"type":"LineString","coordinates":[[-60.69068836,-31.67915687],[-60.69026308,-31.67962394]]},"properties":{"layer":"Cuencas","entity_type":"LINE","handle":"4D280B"}},{"type":"Feature","geometry":{"type":"LineString","coordinates":[[-60.6897806,-31.67999608],[-60.68946609,-31.67837546]]},"properties":{"layer":"Cuencas","entity_type":"LINE","handle":"4D280C"}},{"type":"Feature","geometry":{"type":"LineString","coordinates":[[-60.68989179,-31.67995927],[-60.69026308,-31.67962394]]},"properties":{"layer":"Cuencas","entity_type":"LINE","handle":"4D280D"}},{"type":"Feature","geometry":{"type":"LineString","coordinates":[[-60.68989179,-31.67995927],[-60.6897806,-31.67999608]]},"properties":{"layer":"Cuencas","entity_type":"LINE","handle":"4D280E"}},{"type":"Feature","geometry":{"type":"LineString","coordinates":[[-60.69955846,-31.66972135],[-60.69791197,-31.67158848]]},"properties":{"layer":"Cuencas","entity_type":"LINE","handle":"4D280F"}},{"type":"Feature","geometry":{"type":"LineString","coordinates":[[-60.69791197,-31.67158848],[-60.69709402,-31.6723973]]},"properties":{"layer":"Cuencas","entity_type":"LINE","handle":"4D2810"}},{"type":"Feature","geometry":{"type":"LineString","coordinates":[[-60.69421302,-31.67542375],[-60.69342855,-31.67621337]]},"properties":{"layer":"Cuencas","entity_type":"LINE","handle":"4D2811"}},{"type":"Feature","geometry":{"type":"LineString","coordinates":[[-60.69342855,-31.67621337],[-60.69245199,-31.67723186]]},"properties":{"layer":"Cuencas","entity_type":"LINE","handle":"4D2812"}},{"type":"Feature","geometry":{"type":"LineString","coordinates":[[-60.69421302,-31.67542375],[-60.69428178,-31.67534142]]},"properties":{"layer":"Cuencas","entity_type":"LINE","handle":"4D2813"}},{"type":"Feature","geometry":{"type":"LineString","coordinates":[[-60.69428178,-31.67534142],[-60.69481155,-31.67470709]]},"properties":{"layer":"Cuencas","entity_type":"LINE","handle":"4D2814"}},{"type":"Feature","geometry":{"type":"LineString","coordinates":[[-60.69481155,-31.67470709],[-60.69507305,-31.67443565]]},"properties":{"layer":"Cuencas","entity_type":"LINE","handle":"4D2815"}},{"type":"Feature","geometry":{"type":"LineString","coordinates":[[-60.69507305,-31.67443565],[-60.69533456,-31.67416422]]},"properties":{"layer":"Cuencas","entity_type":"LINE","handle":"4D2816"}},{"type":"Feature","geometry":{"type":"LineString","coordinates":[[-60.69709402,-31.6723973],[-60.69533456,-31.67416422]]},"properties":{"layer":"Cuencas","entity_type":"LINE","handle":"4D2817"}},{"type":"Feature","geometry":{"type":"LineString","coordinates":[[-60.69478235,-31.66880459],[-60.69475606,-31.66889685]]},"properties":{"layer":"Cuencas","entity_type":"LINE","handle":"4D2818"}},{"type":"Feature","geometry":{"type":"LineString","coordinates":[[-60.69475606,-31.66889685],[-60.69469959,-31.66903126]]},"properties":{"layer":"Cuencas","entity_type":"LINE","handle":"4D2819"}},{"type":"Feature","geometry":{"type":"LineString","coordinates":[[-60.69469959,-31.66903126],[-60.69462673,-31.66915981]]},"properties":{"layer":"Cuencas","entity_type":"LINE","handle":"4D281A"}},{"type":"Feature","geometry":{"type":"LineString","coordinates":[[-60.69462673,-31.66915981],[-60.69453843,-31.66928105]]},"properties":{"layer":"Cuencas","entity_type":"LINE","handle":"4D281B"}},{"type":"Feature","geometry":{"type":"LineString","coordinates":[[-60.69453843,-31.66928105],[-60.69443509,-31.66939443]]},"properties":{"layer":"Cuencas","entity_type":"LINE","handle":"4D281C"}},{"type":"Feature","geometry":{"type":"LineString","coordinates":[[-60.69443509,-31.66939443],[-60.69427379,-31.66954122]]},"properties":{"layer":"Cuencas","entity_type":"LINE","handle":"4D281D"}},{"type":"Feature","geometry":{"type":"LineString","coordinates":[[-60.69427379,-31.66954122],[-60.69411004,-31.66966991]]},"properties":{"layer":"Cuencas","entity_type":"LINE","handle":"4D281E"}},{"type":"Feature","geometry":{"type":"LineString","coordinates":[[-60.69411004,-31.66966991],[-60.69402419,-31.66973954]]},"properties":{"layer":"Cuencas","entity_type":"LINE","handle":"4D281F"}},{"type":"Feature","geometry":{"type":"LineString","coordinates":[[-60.69402419,-31.66973954],[-60.69392896,-31.66983701]]},"properties":{"layer":"Cuencas","entity_type":"LINE","handle":"4D2820"}},{"type":"Feature","geometry":{"type":"LineString","coordinates":[[-60.69392896,-31.66983701],[-60.69384898,-31.66994431]]},"properties":{"layer":"Cuencas","entity_type":"LINE","handle":"4D2821"}},{"type":"Feature","geometry":{"type":"LineString","coordinates":[[-60.69384898,-31.66994431],[-60.69378562,-31.67005964]]},"properties":{"layer":"Cuencas","entity_type":"LINE","handle":"4D2822"}},{"type":"Feature","geometry":{"type":"LineString","coordinates":[[-60.69378562,-31.67005964],[-60.69374034,-31.670181]]},"properties":{"layer":"Cuencas","entity_type":"LINE","handle":"4D2823"}},{"type":"Feature","geometry":{"type":"LineString","coordinates":[[-60.69374034,-31.670181],[-60.69371364,-31.67030632]]},"properties":{"layer":"Cuencas","entity_type":"LINE","handle":"4D2824"}},{"type":"Feature","geometry":{"type":"LineString","coordinates":[[-60.69371364,-31.67030632],[-60.69370604,-31.67043226]]},"properties":{"layer":"Cuencas","entity_type":"LINE","handle":"4D2825"}},{"type":"Feature","geometry":{"type":"LineString","coordinates":[[-60.69370604,-31.67043226],[-60.69370224,-31.67060273]]},"properties":{"layer":"Cuencas","entity_type":"LINE","handle":"4D2826"}},{"type":"Feature","geometry":{"type":"LineString","coordinates":[[-60.69370224,-31.67060273],[-60.69369246,-31.67074735]]},"properties":{"layer":"Cuencas","entity_type":"LINE","handle":"4D2827"}},{"type":"Feature","geometry":{"type":"LineString","coordinates":[[-60.69369246,-31.67074735],[-60.69365393,-31.67112507]]},"properties":{"layer":"Cuencas","entity_type":"LINE","handle":"4D2828"}},{"type":"Feature","geometry":{"type":"LineString","coordinates":[[-60.69365393,-31.67112507],[-60.69359735,-31.6715009]]},"properties":{"layer":"Cuencas","entity_type":"LINE","handle":"4D2829"}},{"type":"Feature","geometry":{"type":"LineString","coordinates":[[-60.69359735,-31.6715009],[-60.69352283,-31.6718743]]},"properties":{"layer":"Cuencas","entity_type":"LINE","handle":"4D282A"}},{"type":"Feature","geometry":{"type":"LineString","coordinates":[[-60.69352283,-31.6718743],[-60.69343037,-31.67224492]]},"properties":{"layer":"Cuencas","entity_type":"LINE","handle":"4D282B"}},{"type":"Feature","geometry":{"type":"LineString","coordinates":[[-60.69343037,-31.67224492],[-60.69332015,-31.67261185]]},"properties":{"layer":"Cuencas","entity_type":"LINE","handle":"4D282C"}},{"type":"Feature","geometry":{"type":"LineString","coordinates":[[-60.69332015,-31.67261185],[-60.69319241,-31.67297454]]},"properties":{"layer":"Cuencas","entity_type":"LINE","handle":"4D282D"}},{"type":"Feature","geometry":{"type":"LineString","coordinates":[[-60.69319241,-31.67297454],[-60.69304743,-31.67333245]]},"properties":{"layer":"Cuencas","entity_type":"LINE","handle":"4D282E"}},{"type":"Feature","geometry":{"type":"LineString","coordinates":[[-60.69304743,-31.67333245],[-60.69288533,-31.67368514]]},"properties":{"layer":"Cuencas","entity_type":"LINE","handle":"4D282F"}},{"type":"Feature","geometry":{"type":"LineString","coordinates":[[-60.69288533,-31.67368514],[-60.69270694,-31.67403061]]},"properties":{"layer":"Cuencas","entity_type":"LINE","handle":"4D2830"}},{"type":"Feature","geometry":{"type":"LineString","coordinates":[[-60.69270694,-31.67403061],[-60.69260799,-31.67419681]]},"properties":{"layer":"Cuencas","entity_type":"LINE","handle":"4D2831"}},{"type":"Feature","geometry":{"type":"LineString","coordinates":[[-60.69260799,-31.67419681],[-60.69248548,-31.67436982]]},"properties":{"layer":"Cuencas","entity_type":"LINE","handle":"4D2832"}},{"type":"Feature","geometry":{"type":"LineString","coordinates":[[-60.69248548,-31.67436982],[-60.69234803,-31.67453443]]},"properties":{"layer":"Cuencas","entity_type":"LINE","handle":"4D2833"}},{"type":"Feature","geometry":{"type":"LineString","coordinates":[[-60.69234803,-31.67453443],[-60.69219711,-31.67468883]]},"properties":{"layer":"Cuencas","entity_type":"LINE","handle":"4D2834"}},{"type":"Feature","geometry":{"type":"LineString","coordinates":[[-60.69219711,-31.67468883],[-60.6918198,-31.67505865]]},"properties":{"layer":"Cuencas","entity_type":"LINE","handle":"4D2835"}},{"type":"Feature","geometry":{"type":"LineString","coordinates":[[-60.6918198,-31.67505865],[-60.69146359,-31.67543159]]},"properties":{"layer":"Cuencas","entity_type":"LINE","handle":"4D2836"}},{"type":"Feature","geometry":{"type":"LineString","coordinates":[[-60.69479562,-31.66875802],[-60.69478235,-31.66880459]]},"properties":{"layer":"Cuencas","entity_type":"LINE","handle":"4D2837"}},{"type":"Feature","geometry":{"type":"LineString","coordinates":[[-60.67519139,-31.65608327],[-60.67462844,-31.65670842]]},"properties":{"layer":"Cuencas","entity_type":"LINE","handle":"514E9F"}},{"type":"Feature","geometry":{"type":"LineString","coordinates":[[-60.67462844,-31.65670842],[-60.67470616,-31.65675346]]},"properties":{"layer":"Cuencas","entity_type":"LINE","handle":"514EA0"}},{"type":"Feature","geometry":{"type":"LineString","coordinates":[[-60.67470616,-31.65675346],[-60.67464886,-31.65702477]]},"properties":{"layer":"Cuencas","entity_type":"LINE","handle":"514EA1"}},{"type":"Feature","geometry":{"type":"LineString","coordinates":[[-60.67464886,-31.65702477],[-60.67469398,-31.65705094]]},"properties":{"layer":"Cuencas","entity_type":"LINE","handle":"514EA2"}},{"type":"Feature","geometry":{"type":"LineString","coordinates":[[-60.67469398,-31.65705094],[-60.67443303,-31.65737184]]},"properties":{"layer":"Cuencas","entity_type":"LINE","handle":"514EA3"}},{"type":"Feature","geometry":{"type":"LineString","coordinates":[[-60.67443303,-31.65737184],[-60.6744674,-31.6573859]]},"properties":{"layer":"Cuencas","entity_type":"LINE","handle":"514EA4"}},{"type":"Feature","geometry":{"type":"LineString","coordinates":[[-60.6744674,-31.6573859],[-60.67433014,-31.65759216]]},"properties":{"layer":"Cuencas","entity_type":"LINE","handle":"514EA5"}},{"type":"Feature","geometry":{"type":"LineString","coordinates":[[-60.67433014,-31.65759216],[-60.6742911,-31.65766145]]},"properties":{"layer":"Cuencas","entity_type":"LINE","handle":"514EA6"}},{"type":"Feature","geometry":{"type":"LineString","coordinates":[[-60.6742911,-31.65766145],[-60.67417163,-31.65777643]]},"properties":{"layer":"Cuencas","entity_type":"LINE","handle":"514EA7"}},{"type":"Feature","geometry":{"type":"LineString","coordinates":[[-60.67417163,-31.65777643],[-60.6739758,-31.65791916]]},"properties":{"layer":"Cuencas","entity_type":"LINE","handle":"514EA8"}},{"type":"Feature","geometry":{"type":"LineString","coordinates":[[-60.6739758,-31.65791916],[-60.67393133,-31.65792909]]},"properties":{"layer":"Cuencas","entity_type":"LINE","handle":"514EA9"}},{"type":"Feature","geometry":{"type":"LineString","coordinates":[[-60.67393133,-31.65792909],[-60.67387935,-31.65794325]]},"properties":{"layer":"Cuencas","entity_type":"LINE","handle":"514EAA"}},{"type":"Feature","geometry":{"type":"LineString","coordinates":[[-60.67387935,-31.65794325],[-60.67376273,-31.65808104]]},"properties":{"layer":"Cuencas","entity_type":"LINE","handle":"514EAB"}},{"type":"Feature","geometry":{"type":"LineString","coordinates":[[-60.67376273,-31.65808104],[-60.67379816,-31.65810146]]},"properties":{"layer":"Cuencas","entity_type":"LINE","handle":"514EAC"}},{"type":"Feature","geometry":{"type":"LineString","coordinates":[[-60.67379816,-31.65810146],[-60.67357094,-31.65838874]]},"properties":{"layer":"Cuencas","entity_type":"LINE","handle":"514EAD"}},{"type":"Feature","geometry":{"type":"LineString","coordinates":[[-60.67357094,-31.65838874],[-60.67345323,-31.6585016]]},"properties":{"layer":"Cuencas","entity_type":"LINE","handle":"514EAE"}},{"type":"Feature","geometry":{"type":"LineString","coordinates":[[-60.67345323,-31.6585016],[-60.67285089,-31.65909903]]},"properties":{"layer":"Cuencas","entity_type":"LINE","handle":"514EAF"}},{"type":"Feature","geometry":{"type":"LineString","coordinates":[[-60.67285089,-31.65909903],[-60.67275213,-31.65925714]]},"properties":{"layer":"Cuencas","entity_type":"LINE","handle":"514EB0"}},{"type":"Feature","geometry":{"type":"LineString","coordinates":[[-60.67275213,-31.65925714],[-60.67267403,-31.65932067]]},"properties":{"layer":"Cuencas","entity_type":"LINE","handle":"514EB1"}},{"type":"Feature","geometry":{"type":"LineString","coordinates":[[-60.67267403,-31.65932067],[-60.67256805,-31.6594675]]},"properties":{"layer":"Cuencas","entity_type":"LINE","handle":"514EB2"}},{"type":"Feature","geometry":{"type":"LineString","coordinates":[[-60.67256805,-31.6594675],[-60.6725537,-31.65945626]]},"properties":{"layer":"Cuencas","entity_type":"LINE","handle":"514EB3"}},{"type":"Feature","geometry":{"type":"LineString","coordinates":[[-60.6725537,-31.65945626],[-60.67214588,-31.65983758]]},"properties":{"layer":"Cuencas","entity_type":"LINE","handle":"514EB4"}},{"type":"Feature","geometry":{"type":"LineString","coordinates":[[-60.67214588,-31.65983758],[-60.67204583,-31.6600029]]},"properties":{"layer":"Cuencas","entity_type":"LINE","handle":"514EB5"}},{"type":"Feature","geometry":{"type":"LineString","coordinates":[[-60.67204583,-31.6600029],[-60.67184843,-31.66022124]]},"properties":{"layer":"Cuencas","entity_type":"LINE","handle":"514EB6"}},{"type":"Feature","geometry":{"type":"LineString","coordinates":[[-60.67184843,-31.66022124],[-60.67187138,-31.66023784]]},"properties":{"layer":"Cuencas","entity_type":"LINE","handle":"514EB7"}},{"type":"Feature","geometry":{"type":"LineString","coordinates":[[-60.67187138,-31.66023784],[-60.67166873,-31.66043166]]},"properties":{"layer":"Cuencas","entity_type":"LINE","handle":"514EB8"}},{"type":"Feature","geometry":{"type":"LineString","coordinates":[[-60.67166873,-31.66043166],[-60.67168353,-31.66044829]]},"properties":{"layer":"Cuencas","entity_type":"LINE","handle":"514EB9"}},{"type":"Feature","geometry":{"type":"LineString","coordinates":[[-60.67168353,-31.66044829],[-60.67150736,-31.66068671]]},"properties":{"layer":"Cuencas","entity_type":"LINE","handle":"514EBA"}},{"type":"Feature","geometry":{"type":"LineString","coordinates":[[-60.67150736,-31.66068671],[-60.67145044,-31.66070929]]},"properties":{"layer":"Cuencas","entity_type":"LINE","handle":"514EBB"}},{"type":"Feature","geometry":{"type":"LineString","coordinates":[[-60.67145044,-31.66070929],[-60.6708202,-31.66140562]]},"properties":{"layer":"Cuencas","entity_type":"LINE","handle":"514EBC"}},{"type":"Feature","geometry":{"type":"LineString","coordinates":[[-60.6708202,-31.66140562],[-60.67071435,-31.66161354]]},"properties":{"layer":"Cuencas","entity_type":"LINE","handle":"514EBD"}},{"type":"Feature","geometry":{"type":"LineString","coordinates":[[-60.67071435,-31.66161354],[-60.6706073,-31.66165642]]},"properties":{"layer":"Cuencas","entity_type":"LINE","handle":"514EBE"}},{"type":"Feature","geometry":{"type":"LineString","coordinates":[[-60.6706073,-31.66165642],[-60.67036435,-31.6619039]]},"properties":{"layer":"Cuencas","entity_type":"LINE","handle":"514EBF"}},{"type":"Feature","geometry":{"type":"LineString","coordinates":[[-60.67036435,-31.6619039],[-60.6701279,-31.66209416]]},"properties":{"layer":"Cuencas","entity_type":"LINE","handle":"514EC0"}},{"type":"Feature","geometry":{"type":"LineString","coordinates":[[-60.6701279,-31.66209416],[-60.66997699,-31.66226506]]},"properties":{"layer":"Cuencas","entity_type":"LINE","handle":"514EC1"}},{"type":"Feature","geometry":{"type":"LineString","coordinates":[[-60.66997699,-31.66226506],[-60.66985127,-31.66246602]]},"properties":{"layer":"Cuencas","entity_type":"LINE","handle":"514EC2"}},{"type":"Feature","geometry":{"type":"LineString","coordinates":[[-60.66985127,-31.66246602],[-60.66956114,-31.6628182]]},"properties":{"layer":"Cuencas","entity_type":"LINE","handle":"514EC3"}},{"type":"Feature","geometry":{"type":"LineString","coordinates":[[-60.66956114,-31.6628182],[-60.6693675,-31.66302578]]},"properties":{"layer":"Cuencas","entity_type":"LINE","handle":"514EC4"}},{"type":"Feature","geometry":{"type":"LineString","coordinates":[[-60.6693675,-31.66302578],[-60.66928529,-31.66307699]]},"properties":{"layer":"Cuencas","entity_type":"LINE","handle":"514EC5"}},{"type":"Feature","geometry":{"type":"LineString","coordinates":[[-60.66928529,-31.66307699],[-60.66902179,-31.66343331]]},"properties":{"layer":"Cuencas","entity_type":"LINE","handle":"514EC6"}},{"type":"Feature","geometry":{"type":"LineString","coordinates":[[-60.66902179,-31.66343331],[-60.66879537,-31.6636738]]},"properties":{"layer":"Cuencas","entity_type":"LINE","handle":"514EC7"}},{"type":"Feature","geometry":{"type":"LineString","coordinates":[[-60.66879537,-31.6636738],[-60.66856542,-31.66386712]]},"properties":{"layer":"Cuencas","entity_type":"LINE","handle":"514EC8"}},{"type":"Feature","geometry":{"type":"LineString","coordinates":[[-60.66856542,-31.66386712],[-60.66820016,-31.66430836]]},"properties":{"layer":"Cuencas","entity_type":"LINE","handle":"514EC9"}},{"type":"Feature","geometry":{"type":"LineString","coordinates":[[-60.66820016,-31.66430836],[-60.66820241,-31.66439157]]},"properties":{"layer":"Cuencas","entity_type":"LINE","handle":"514ECA"}},{"type":"Feature","geometry":{"type":"LineString","coordinates":[[-60.66820241,-31.66439157],[-60.66805155,-31.66456801]]},"properties":{"layer":"Cuencas","entity_type":"LINE","handle":"514ECB"}},{"type":"Feature","geometry":{"type":"LineString","coordinates":[[-60.66805155,-31.66456801],[-60.66791338,-31.66464632]]},"properties":{"layer":"Cuencas","entity_type":"LINE","handle":"514ECC"}},{"type":"Feature","geometry":{"type":"LineString","coordinates":[[-60.66791338,-31.66464632],[-60.66786912,-31.6646931]]},"properties":{"layer":"Cuencas","entity_type":"LINE","handle":"514ECD"}},{"type":"Feature","geometry":{"type":"LineString","coordinates":[[-60.66786912,-31.6646931],[-60.6679155,-31.66471261]]},"properties":{"layer":"Cuencas","entity_type":"LINE","handle":"514ECE"}},{"type":"Feature","geometry":{"type":"LineString","coordinates":[[-60.6679155,-31.66471261],[-60.66772354,-31.66492312]]},"properties":{"layer":"Cuencas","entity_type":"LINE","handle":"514ECF"}},{"type":"Feature","geometry":{"type":"LineString","coordinates":[[-60.66772354,-31.66492312],[-60.66774649,-31.66493844]]},"properties":{"layer":"Cuencas","entity_type":"LINE","handle":"514ED0"}},{"type":"Feature","geometry":{"type":"LineString","coordinates":[[-60.66774649,-31.66493844],[-60.66760861,-31.66501965]]},"properties":{"layer":"Cuencas","entity_type":"LINE","handle":"514ED1"}},{"type":"Feature","geometry":{"type":"LineString","coordinates":[[-60.66760861,-31.66501965],[-60.66730204,-31.66538035]]},"properties":{"layer":"Cuencas","entity_type":"LINE","handle":"514ED2"}},{"type":"Feature","geometry":{"type":"LineString","coordinates":[[-60.66730204,-31.66538035],[-60.66709976,-31.66550131]]},"properties":{"layer":"Cuencas","entity_type":"LINE","handle":"514ED3"}},{"type":"Feature","geometry":{"type":"LineString","coordinates":[[-60.66709976,-31.66550131],[-60.6670384,-31.66546637]]},"properties":{"layer":"Cuencas","entity_type":"LINE","handle":"514ED4"}},{"type":"Feature","geometry":{"type":"LineString","coordinates":[[-60.6670384,-31.66546637],[-60.66687074,-31.66563312]]},"properties":{"layer":"Cuencas","entity_type":"LINE","handle":"514ED5"}},{"type":"Feature","geometry":{"type":"LineString","coordinates":[[-60.66687074,-31.66563312],[-60.66690064,-31.66565694]]},"properties":{"layer":"Cuencas","entity_type":"LINE","handle":"514ED6"}},{"type":"Feature","geometry":{"type":"LineString","coordinates":[[-60.66690064,-31.66565694],[-60.6665924,-31.66597312]]},"properties":{"layer":"Cuencas","entity_type":"LINE","handle":"514ED7"}},{"type":"Feature","geometry":{"type":"LineString","coordinates":[[-60.6665924,-31.66597312],[-60.66667692,-31.6660144]]},"properties":{"layer":"Cuencas","entity_type":"LINE","handle":"514ED8"}},{"type":"Feature","geometry":{"type":"LineString","coordinates":[[-60.66667692,-31.6660144],[-60.66663821,-31.66614438]]},"properties":{"layer":"Cuencas","entity_type":"LINE","handle":"514ED9"}},{"type":"Feature","geometry":{"type":"LineString","coordinates":[[-60.66663821,-31.66614438],[-60.66651393,-31.66631854]]},"properties":{"layer":"Cuencas","entity_type":"LINE","handle":"514EDA"}},{"type":"Feature","geometry":{"type":"LineString","coordinates":[[-60.66651393,-31.66631854],[-60.6662232,-31.66657173]]},"properties":{"layer":"Cuencas","entity_type":"LINE","handle":"514EDB"}},{"type":"Feature","geometry":{"type":"LineString","coordinates":[[-60.6662232,-31.66657173],[-60.66615559,-31.6665876]]},"properties":{"layer":"Cuencas","entity_type":"LINE","handle":"514EDC"}},{"type":"Feature","geometry":{"type":"LineString","coordinates":[[-60.66615559,-31.6665876],[-60.66578006,-31.66699948]]},"properties":{"layer":"Cuencas","entity_type":"LINE","handle":"514EDD"}},{"type":"Feature","geometry":{"type":"LineString","coordinates":[[-60.66578006,-31.66699948],[-60.66551332,-31.66738841]]},"properties":{"layer":"Cuencas","entity_type":"LINE","handle":"514EDE"}},{"type":"Feature","geometry":{"type":"LineString","coordinates":[[-60.66551332,-31.66738841],[-60.66498342,-31.66792626]]},"properties":{"layer":"Cuencas","entity_type":"LINE","handle":"514EDF"}},{"type":"Feature","geometry":{"type":"LineString","coordinates":[[-60.66498342,-31.66792626],[-60.66499522,-31.66796335]]},"properties":{"layer":"Cuencas","entity_type":"LINE","handle":"514EE0"}},{"type":"Feature","geometry":{"type":"LineString","coordinates":[[-60.66499522,-31.66796335],[-60.66477908,-31.66820334]]},"properties":{"layer":"Cuencas","entity_type":"LINE","handle":"514EE1"}},{"type":"Feature","geometry":{"type":"LineString","coordinates":[[-60.66477908,-31.66820334],[-60.66459068,-31.66836801]]},"properties":{"layer":"Cuencas","entity_type":"LINE","handle":"514EE2"}},{"type":"Feature","geometry":{"type":"LineString","coordinates":[[-60.66459068,-31.66836801],[-60.66456074,-31.66836533]]},"properties":{"layer":"Cuencas","entity_type":"LINE","handle":"514EE3"}},{"type":"Feature","geometry":{"type":"LineString","coordinates":[[-60.66456074,-31.66836533],[-60.66432778,-31.66860996]]},"properties":{"layer":"Cuencas","entity_type":"LINE","handle":"514EE4"}},{"type":"Feature","geometry":{"type":"LineString","coordinates":[[-60.66432778,-31.66860996],[-60.66420433,-31.66879708]]},"properties":{"layer":"Cuencas","entity_type":"LINE","handle":"514EE5"}},{"type":"Feature","geometry":{"type":"LineString","coordinates":[[-60.66420433,-31.66879708],[-60.66416012,-31.66890415]]},"properties":{"layer":"Cuencas","entity_type":"LINE","handle":"514EE6"}},{"type":"Feature","geometry":{"type":"LineString","coordinates":[[-60.66416012,-31.66890415],[-60.66401315,-31.66903834]]},"properties":{"layer":"Cuencas","entity_type":"LINE","handle":"514EE7"}},{"type":"Feature","geometry":{"type":"LineString","coordinates":[[-60.66401315,-31.66903834],[-60.66383275,-31.66914574]]},"properties":{"layer":"Cuencas","entity_type":"LINE","handle":"514EE8"}},{"type":"Feature","geometry":{"type":"LineString","coordinates":[[-60.66383275,-31.66914574],[-60.6635972,-31.66947572]]},"properties":{"layer":"Cuencas","entity_type":"LINE","handle":"514EE9"}},{"type":"Feature","geometry":{"type":"LineString","coordinates":[[-60.6635972,-31.66947572],[-60.66305204,-31.66999601]]},"properties":{"layer":"Cuencas","entity_type":"LINE","handle":"514EEA"}},{"type":"Feature","geometry":{"type":"LineString","coordinates":[[-60.66305204,-31.66999601],[-60.66296957,-31.67011652]]},"properties":{"layer":"Cuencas","entity_type":"LINE","handle":"514EEB"}},{"type":"Feature","geometry":{"type":"LineString","coordinates":[[-60.66296957,-31.67011652],[-60.66284056,-31.6702052]]},"properties":{"layer":"Cuencas","entity_type":"LINE","handle":"514EEC"}},{"type":"Feature","geometry":{"type":"LineString","coordinates":[[-60.66284056,-31.6702052],[-60.66226499,-31.67090704]]},"properties":{"layer":"Cuencas","entity_type":"LINE","handle":"514EED"}},{"type":"Feature","geometry":{"type":"LineString","coordinates":[[-60.66226499,-31.67090704],[-60.66234037,-31.67094314]]},"properties":{"layer":"Cuencas","entity_type":"LINE","handle":"514EEE"}},{"type":"Feature","geometry":{"type":"LineString","coordinates":[[-60.66234037,-31.67094314],[-60.66220792,-31.67110354]]},"properties":{"layer":"Cuencas","entity_type":"LINE","handle":"514EEF"}},{"type":"Feature","geometry":{"type":"LineString","coordinates":[[-60.66220792,-31.67110354],[-60.66200219,-31.67122477]]},"properties":{"layer":"Cuencas","entity_type":"LINE","handle":"514EF0"}},{"type":"Feature","geometry":{"type":"LineString","coordinates":[[-60.66200219,-31.67122477],[-60.66157305,-31.67166217]]},"properties":{"layer":"Cuencas","entity_type":"LINE","handle":"514EF1"}},{"type":"Feature","geometry":{"type":"LineString","coordinates":[[-60.66157305,-31.67166217],[-60.66102097,-31.67228067]]},"properties":{"layer":"Cuencas","entity_type":"LINE","handle":"514EF2"}},{"type":"Feature","geometry":{"type":"LineString","coordinates":[[-60.66102097,-31.67228067],[-60.66083949,-31.67256812]]},"properties":{"layer":"Cuencas","entity_type":"LINE","handle":"514EF3"}},{"type":"Feature","geometry":{"type":"LineString","coordinates":[[-60.66083949,-31.67256812],[-60.65989285,-31.67339718]]},"properties":{"layer":"Cuencas","entity_type":"LINE","handle":"514EF4"}},{"type":"Feature","geometry":{"type":"LineString","coordinates":[[-60.65989285,-31.67339718],[-60.65978785,-31.67360975]]},"properties":{"layer":"Cuencas","entity_type":"LINE","handle":"514EF5"}},{"type":"Feature","geometry":{"type":"LineString","coordinates":[[-60.65978785,-31.67360975],[-60.65926165,-31.67426991]]},"properties":{"layer":"Cuencas","entity_type":"LINE","handle":"514EF6"}},{"type":"Feature","geometry":{"type":"LineString","coordinates":[[-60.65926165,-31.67426991],[-60.65906144,-31.67446635]]},"properties":{"layer":"Cuencas","entity_type":"LINE","handle":"514EF7"}},{"type":"Feature","geometry":{"type":"LineString","coordinates":[[-60.65906144,-31.67446635],[-60.65899531,-31.67457075]]},"properties":{"layer":"Cuencas","entity_type":"LINE","handle":"514EF8"}},{"type":"Feature","geometry":{"type":"LineString","coordinates":[[-60.65899531,-31.67457075],[-60.6588824,-31.67467299]]},"properties":{"layer":"Cuencas","entity_type":"LINE","handle":"514EF9"}},{"type":"Feature","geometry":{"type":"LineString","coordinates":[[-60.6588824,-31.67467299],[-60.65873134,-31.67473538]]},"properties":{"layer":"Cuencas","entity_type":"LINE","handle":"514EFA"}},{"type":"Feature","geometry":{"type":"LineString","coordinates":[[-60.65873134,-31.67473538],[-60.65867232,-31.67483332]]},"properties":{"layer":"Cuencas","entity_type":"LINE","handle":"514EFB"}},{"type":"Feature","geometry":{"type":"LineString","coordinates":[[-60.65867232,-31.67483332],[-60.65833127,-31.67506613]]},"properties":{"layer":"Cuencas","entity_type":"LINE","handle":"514EFC"}},{"type":"Feature","geometry":{"type":"LineString","coordinates":[[-60.65833127,-31.67506613],[-60.65828404,-31.67515065]]},"properties":{"layer":"Cuencas","entity_type":"LINE","handle":"514EFD"}},{"type":"Feature","geometry":{"type":"LineString","coordinates":[[-60.65828404,-31.67515065],[-60.65776013,-31.67578947]]},"properties":{"layer":"Cuencas","entity_type":"LINE","handle":"514EFE"}},{"type":"Feature","geometry":{"type":"LineString","coordinates":[[-60.65776013,-31.67578947],[-60.65774623,-31.67587789]]},"properties":{"layer":"Cuencas","entity_type":"LINE","handle":"514EFF"}},{"type":"Feature","geometry":{"type":"LineString","coordinates":[[-60.65774623,-31.67587789],[-60.65765018,-31.6759365]]},"properties":{"layer":"Cuencas","entity_type":"LINE","handle":"514F00"}},{"type":"Feature","geometry":{"type":"LineString","coordinates":[[-60.65765018,-31.6759365],[-60.65748285,-31.67614507]]},"properties":{"layer":"Cuencas","entity_type":"LINE","handle":"514F01"}},{"type":"Feature","geometry":{"type":"LineString","coordinates":[[-60.65748285,-31.67614507],[-60.65744526,-31.67624688]]},"properties":{"layer":"Cuencas","entity_type":"LINE","handle":"514F02"}},{"type":"Feature","geometry":{"type":"LineString","coordinates":[[-60.65744526,-31.67624688],[-60.65735725,-31.67637908]]},"properties":{"layer":"Cuencas","entity_type":"LINE","handle":"514F03"}},{"type":"Feature","geometry":{"type":"LineString","coordinates":[[-60.65735725,-31.67637908],[-60.6572648,-31.67639506]]},"properties":{"layer":"Cuencas","entity_type":"LINE","handle":"514F04"}},{"type":"Feature","geometry":{"type":"LineString","coordinates":[[-60.6572648,-31.67639506],[-60.65677225,-31.67698281]]},"properties":{"layer":"Cuencas","entity_type":"LINE","handle":"514F05"}},{"type":"Feature","geometry":{"type":"LineString","coordinates":[[-60.65677225,-31.67698281],[-60.65671233,-31.67709074]]},"properties":{"layer":"Cuencas","entity_type":"LINE","handle":"514F06"}},{"type":"Feature","geometry":{"type":"LineString","coordinates":[[-60.65671233,-31.67709074],[-60.65662256,-31.67715165]]},"properties":{"layer":"Cuencas","entity_type":"LINE","handle":"514F07"}},{"type":"Feature","geometry":{"type":"LineString","coordinates":[[-60.65662256,-31.67715165],[-60.6565751,-31.67722014]]},"properties":{"layer":"Cuencas","entity_type":"LINE","handle":"514F08"}},{"type":"Feature","geometry":{"type":"LineString","coordinates":[[-60.6565751,-31.67722014],[-60.65619319,-31.67748757]]},"properties":{"layer":"Cuencas","entity_type":"LINE","handle":"514F09"}},{"type":"Feature","geometry":{"type":"LineString","coordinates":[[-60.65619319,-31.67748757],[-60.65614994,-31.67757046]]},"properties":{"layer":"Cuencas","entity_type":"LINE","handle":"514F0A"}},{"type":"Feature","geometry":{"type":"LineString","coordinates":[[-60.65614994,-31.67757046],[-60.65580247,-31.67805507]]},"properties":{"layer":"Cuencas","entity_type":"LINE","handle":"514F0B"}},{"type":"Feature","geometry":{"type":"LineString","coordinates":[[-60.65580247,-31.67805507],[-60.65557914,-31.67830617]]},"properties":{"layer":"Cuencas","entity_type":"LINE","handle":"514F0C"}},{"type":"Feature","geometry":{"type":"LineString","coordinates":[[-60.65557914,-31.67830617],[-60.6555448,-31.67838796]]},"properties":{"layer":"Cuencas","entity_type":"LINE","handle":"514F0D"}},{"type":"Feature","geometry":{"type":"LineString","coordinates":[[-60.6555448,-31.67838796],[-60.65491506,-31.67912138]]},"properties":{"layer":"Cuencas","entity_type":"LINE","handle":"514F0E"}},{"type":"Feature","geometry":{"type":"LineString","coordinates":[[-60.65491506,-31.67912138],[-60.6545228,-31.67937451]]},"properties":{"layer":"Cuencas","entity_type":"LINE","handle":"514F0F"}},{"type":"Feature","geometry":{"type":"LineString","coordinates":[[-60.6545228,-31.67937451],[-60.65457043,-31.67945713]]},"properties":{"layer":"Cuencas","entity_type":"LINE","handle":"514F10"}},{"type":"Feature","geometry":{"type":"LineString","coordinates":[[-60.65457043,-31.67945713],[-60.65396578,-31.67968733]]},"properties":{"layer":"Cuencas","entity_type":"LINE","handle":"514F11"}},{"type":"Feature","geometry":{"type":"LineString","coordinates":[[-60.65396578,-31.67968733],[-60.65373637,-31.67968097]]},"properties":{"layer":"Cuencas","entity_type":"LINE","handle":"514F12"}},{"type":"Feature","geometry":{"type":"LineString","coordinates":[[-60.65373637,-31.67968097],[-60.65353865,-31.67958154]]},"properties":{"layer":"Cuencas","entity_type":"LINE","handle":"514F13"}},{"type":"Feature","geometry":{"type":"LineString","coordinates":[[-60.65353865,-31.67958154],[-60.65359026,-31.67939294]]},"properties":{"layer":"Cuencas","entity_type":"LINE","handle":"514F14"}},{"type":"Feature","geometry":{"type":"LineString","coordinates":[[-60.65359026,-31.67939294],[-60.653692,-31.67922417]]},"properties":{"layer":"Cuencas","entity_type":"LINE","handle":"514F15"}},{"type":"Feature","geometry":{"type":"LineString","coordinates":[[-60.653692,-31.67922417],[-60.65397992,-31.67918754]]},"properties":{"layer":"Cuencas","entity_type":"LINE","handle":"514F16"}},{"type":"Feature","geometry":{"type":"LineString","coordinates":[[-60.65397992,-31.67918754],[-60.65387271,-31.67900572]]},"properties":{"layer":"Cuencas","entity_type":"LINE","handle":"514F17"}},{"type":"Feature","geometry":{"type":"LineString","coordinates":[[-60.65387271,-31.67900572],[-60.65384782,-31.67880998]]},"properties":{"layer":"Cuencas","entity_type":"LINE","handle":"514F18"}},{"type":"Feature","geometry":{"type":"LineString","coordinates":[[-60.65384782,-31.67880998],[-60.65448472,-31.67863846]]},"properties":{"layer":"Cuencas","entity_type":"LINE","handle":"514F19"}},{"type":"Feature","geometry":{"type":"LineString","coordinates":[[-60.65448472,-31.67863846],[-60.66141044,-31.67073811]]},"properties":{"layer":"Cuencas","entity_type":"LINE","handle":"514F1A"}},{"type":"Feature","geometry":{"type":"LineString","coordinates":[[-60.66141044,-31.67073811],[-60.65801526,-31.66837185]]},"properties":{"layer":"Cuencas","entity_type":"LINE","handle":"514F1B"}},{"type":"Feature","geometry":{"type":"LineString","coordinates":[[-60.65801526,-31.66837185],[-60.66041311,-31.66587251]]},"properties":{"layer":"Cuencas","entity_type":"LINE","handle":"514F1C"}},{"type":"Feature","geometry":{"type":"LineString","coordinates":[[-60.66041311,-31.66587251],[-60.66364211,-31.66835669]]},"properties":{"layer":"Cuencas","entity_type":"LINE","handle":"514F1D"}},{"type":"Feature","geometry":{"type":"LineString","coordinates":[[-60.66364211,-31.66835669],[-60.66609666,-31.66572849]]},"properties":{"layer":"Cuencas","entity_type":"LINE","handle":"514F1E"}},{"type":"Feature","geometry":{"type":"LineString","coordinates":[[-60.66609666,-31.66572849],[-60.66711391,-31.66457699]]},"properties":{"layer":"Cuencas","entity_type":"LINE","handle":"514F1F"}},{"type":"Feature","geometry":{"type":"LineString","coordinates":[[-60.66711391,-31.66457699],[-60.66817071,-31.66324767]]},"properties":{"layer":"Cuencas","entity_type":"LINE","handle":"514F20"}},{"type":"Feature","geometry":{"type":"LineString","coordinates":[[-60.66817071,-31.66324767],[-60.66972946,-31.66152818]]},"properties":{"layer":"Cuencas","entity_type":"LINE","handle":"514F21"}},{"type":"Feature","geometry":{"type":"LineString","coordinates":[[-60.66972946,-31.66152818],[-60.67009264,-31.66137269]]},"properties":{"layer":"Cuencas","entity_type":"LINE","handle":"514F22"}},{"type":"Feature","geometry":{"type":"LineString","coordinates":[[-60.67009264,-31.66137269],[-60.674922,-31.6560847]]},"properties":{"layer":"Cuencas","entity_type":"LINE","handle":"514F23"}}]}