{"type":"FeatureCollection","name":"defensas","features":[{"type":"Feature","geometry":{"type":"LineString","coordinates":[[-60.68904737,-31.64572347],[-60.69223162,-31.64746041]]},"properties":{"layer":"Terraplenes y Defensas","entity_type":"LINE","handle":"1535B7"}},{"type":"Feature","geometry":{"type":"LineString","coordinates":[[-60.69223162,-31.64746041],[-60.69372266,-31.64838915]]},"properties":{"layer":"Terraplenes y Defensas","entity_type":"LINE","handle":"1535B9"}},{"type":"Feature","geometry":{"type":"LineString","coordinates":[[-60.69372266,-31.64838915],[-60.6943889,-31.64902277]]},"properties":{"layer":"Terraplenes y Defensas","entity_type":"LINE","handle":"1535BB"}},{"type":"Feature","geometry":{"type":"LineString","coordinates":[[-60.6943889,-31.64902277],[-60.69530661,-31.6499978]]},"properties":{"layer":"Terraplenes y Defensas","entity_type":"LINE","handle":"1535BD"}},{"type":"Feature","geometry":{"type":"LineString","coordinates":[[-60.69530661,-31.6499978],[-60.6956463,-31.65036688]]},"properties":{"layer":"Terraplenes y Defensas","entity_type":"LINE","handle":"1535BF"}},{"type":"Feature","geometry":{"type":"LineString","coordinates":[[-60.6956463,-31.65036688],[-60.6958394,-31.65057397]]},"properties":{"layer":"Terraplenes y Defensas","entity_type":"LINE","handle":"1535C1"}},{"type":"Feature","geometry":{"type":"LineString","coordinates":[[-60.6958394,-31.65057397],[-60.69592484,-31.65066423]]},"properties":{"layer":"Terraplenes y Defensas","entity_type":"LINE","handle":"1535C3"}},{"type":"Feature","geometry":{"type":"LineString","coordinates":[[-60.69592484,-31.65066423],[-60.69593448,-31.65067094]]},"properties":{"layer":"Terraplenes y Defensas","entity_type":"LINE","handle":"1535C5"}},{"type":"Feature","geometry":{"type":"LineString","coordinates":[[-60.69593448,-31.65067094],[-60.69601307,-31.65076214]]},"properties":{"layer":"Terraplenes y Defensas","entity_type":"LINE","handle":"1535C7"}},{"type":"Feature","geometry":{"type":"LineString","coordinates":[[-60.69601307,-31.65076214],[-60.69608836,-31.65084939]]},"properties":{"layer":"Terraplenes y Defensas","entity_type":"LINE","handle":"1535C9"}},{"type":"Feature","geometry":{"type":"LineString","coordinates":[[-60.73932338,-31.66525035],[-60.73944227,-31.66472274],[-60.740113,-31.66128087],[-60.74017901,-31.66097644],[-60.74023937,-31.66063244],[-60.7402846,-31.66040033],[-60.74032938,-31.66017055],[-60.74035354,-31.6600466],[-60.74036654,-31.65997984],[-60.74042027,-31.65970416],[-60.74067505,-31.6583912],[-60.7412067,-31.6555421],[-60.74140847,-31.65458174],[-60.74142155,-31.65445]]},"properties":{"layer":"Terraplenes y Defensas","entity_type":"LWPOLYLINE","handle":"153D25"}},{"type":"Feature","geometry":{"type":"LineString","coordinates":[[-60.69548971,-31.65533209],[-60.69529381,-31.65552859]]},"properties":{"layer":"Terraplenes y Defensas","entity_type":"LINE","handle":"159FB6"}},{"type":"Feature","geometry":{"type":"LineString","coordinates":[[-60.69529381,-31.65552859],[-60.69511242,-31.65573474]]},"properties":{"layer":"Terraplenes y Defensas","entity_type":"LINE","handle":"159FB7"}},{"type":"Feature","geometry":{"type":"LineString","coordinates":[[-60.69511242,-31.65573474],[-60.69494617,-31.65595029]]},"properties":{"layer":"Terraplenes y Defensas","entity_type":"LINE","handle":"159FB8"}},{"type":"Feature","geometry":{"type":"LineString","coordinates":[[-60.69494617,-31.65595029],[-60.69479549,-31.65617404]]},"properties":{"layer":"Terraplenes y Defensas","entity_type":"LINE","handle":"159FB9"}},{"type":"Feature","geometry":{"type":"LineString","coordinates":[[-60.69479549,-31.65617404],[-60.6946612,-31.65640528]]},"properties":{"layer":"Terraplenes y Defensas","entity_type":"LINE","handle":"159FBA"}},{"type":"Feature","geometry":{"type":"LineString","coordinates":[[-60.6946612,-31.65640528],[-60.69454383,-31.6566431]]},"properties":{"layer":"Terraplenes y Defensas","entity_type":"LINE","handle":"159FBB"}},{"type":"Feature","geometry":{"type":"LineString","coordinates":[[-60.69454383,-31.6566431],[-60.69444358,-31.6568867]]},"properties":{"layer":"Terraplenes y Defensas","entity_type":"LINE","handle":"159FBC"}},{"type":"Feature","geometry":{"type":"LineString","coordinates":[[-60.69444358,-31.6568867],[-60.69436087,-31.65713497]]},"properties":{"layer":"Terraplenes y Defensas","entity_type":"LINE","handle":"159FBD"}},{"type":"Feature","geometry":{"type":"LineString","coordinates":[[-60.69436087,-31.65713497],[-60.69429622,-31.65738721]]},"properties":{"layer":"Terraplenes y Defensas","entity_type":"LINE","handle":"159FBE"}},{"type":"Feature","geometry":{"type":"LineString","coordinates":[[-60.69429622,-31.65738721],[-60.69424983,-31.65764232]]},"properties":{"layer":"Terraplenes y Defensas","entity_type":"LINE","handle":"159FBF"}},{"type":"Feature","geometry":{"type":"LineString","coordinates":[[-60.69424983,-31.65764232],[-60.69422179,-31.65789932]]},"properties":{"layer":"Terraplenes y Defensas","entity_type":"LINE","handle":"159FC0"}},{"type":"Feature","geometry":{"type":"LineString","coordinates":[[-60.69422179,-31.65789932],[-60.69421222,-31.65815747]]},"properties":{"layer":"Terraplenes y Defensas","entity_type":"LINE","handle":"159FC1"}},{"type":"Feature","geometry":{"type":"LineString","coordinates":[[-60.69421222,-31.65815747],[-60.6942211,-31.65841544]]},"properties":{"layer":"Terraplenes y Defensas","entity_type":"LINE","handle":"159FC2"}},{"type":"Feature","geometry":{"type":"LineString","coordinates":[[-60.6942211,-31.65841544],[-60.69424842,-31.65867259]]},"properties":{"layer":"Terraplenes y Defensas","entity_type":"LINE","handle":"159FC3"}},{"type":"Feature","geometry":{"type":"LineString","coordinates":[[-60.69424842,-31.65867259],[-60.69429418,-31.65892792]]},"properties":{"layer":"Terraplenes y Defensas","entity_type":"LINE","handle":"159FC4"}},{"type":"Feature","geometry":{"type":"LineString","coordinates":[[-60.69429418,-31.65892792],[-60.69435805,-31.65918027]]},"properties":{"layer":"Terraplenes y Defensas","entity_type":"LINE","handle":"159FC5"}},{"type":"Feature","geometry":{"type":"LineString","coordinates":[[-60.69435805,-31.65918027],[-60.69443993,-31.65942873]]},"properties":{"layer":"Terraplenes y Defensas","entity_type":"LINE","handle":"159FC6"}},{"type":"Feature","geometry":{"type":"LineString","coordinates":[[-60.69443993,-31.65942873],[-60.69453937,-31.6596725]]},"properties":{"layer":"Terraplenes y Defensas","entity_type":"LINE","handle":"159FC7"}},{"type":"Feature","geometry":{"type":"LineString","coordinates":[[-60.69453937,-31.6596725],[-60.69465628,-31.65991058]]},"properties":{"layer":"Terraplenes y Defensas","entity_type":"LINE","handle":"159FC8"}},{"type":"Feature","geometry":{"type":"LineString","coordinates":[[-60.69465628,-31.65991058],[-60.69478905,-31.66014073]]},"properties":{"layer":"Terraplenes y Defensas","entity_type":"LINE","handle":"159FC9"}},{"type":"Feature","geometry":{"type":"LineString","coordinates":[[-60.69478905,-31.66014073],[-60.69485141,-31.66024626]]},"properties":{"layer":"Terraplenes y Defensas","entity_type":"LINE","handle":"159FCA"}},{"type":"Feature","geometry":{"type":"LineString","coordinates":[[-60.69485141,-31.66024626],[-60.69494516,-31.66043243]]},"properties":{"layer":"Terraplenes y Defensas","entity_type":"LINE","handle":"159FCB"}},{"type":"Feature","geometry":{"type":"LineString","coordinates":[[-60.69494516,-31.66043243],[-60.695021,-31.66062086]]},"properties":{"layer":"Terraplenes y Defensas","entity_type":"LINE","handle":"159FCC"}},{"type":"Feature","geometry":{"type":"LineString","coordinates":[[-60.695021,-31.66062086],[-60.69503447,-31.66065894]]},"properties":{"layer":"Terraplenes y Defensas","entity_type":"LINE","handle":"159FCD"}},{"type":"Feature","geometry":{"type":"LineString","coordinates":[[-60.69503447,-31.66065894],[-60.69515965,-31.66104578]]},"properties":{"layer":"Terraplenes y Defensas","entity_type":"LINE","handle":"159FCE"}},{"type":"Feature","geometry":{"type":"LineString","coordinates":[[-60.69515965,-31.66104578],[-60.69526705,-31.66143596]]},"properties":{"layer":"Terraplenes y Defensas","entity_type":"LINE","handle":"159FCF"}},{"type":"Feature","geometry":{"type":"LineString","coordinates":[[-60.69526705,-31.66143596],[-60.69535655,-31.66182948]]},"properties":{"layer":"Terraplenes y Defensas","entity_type":"LINE","handle":"159FD0"}},{"type":"Feature","geometry":{"type":"LineString","coordinates":[[-60.69535655,-31.66182948],[-60.69542814,-31.66222572]]},"properties":{"layer":"Terraplenes y Defensas","entity_type":"LINE","handle":"159FD1"}},{"type":"Feature","geometry":{"type":"LineString","coordinates":[[-60.69542814,-31.66222572],[-60.69548172,-31.66262395]]},"properties":{"layer":"Terraplenes y Defensas","entity_type":"LINE","handle":"159FD2"}},{"type":"Feature","geometry":{"type":"LineString","coordinates":[[-60.69548172,-31.66262395],[-60.69551706,-31.66302363]]},"properties":{"layer":"Terraplenes y Defensas","entity_type":"LINE","handle":"159FD3"}},{"type":"Feature","geometry":{"type":"LineString","coordinates":[[-60.69551706,-31.66302363],[-60.69553428,-31.66342432]]},"properties":{"layer":"Terraplenes y Defensas","entity_type":"LINE","handle":"159FD4"}},{"type":"Feature","geometry":{"type":"LineString","coordinates":[[-60.69553428,-31.66342432],[-60.69553326,-31.66382519]]},"properties":{"layer":"Terraplenes y Defensas","entity_type":"LINE","handle":"159FD5"}},{"type":"Feature","geometry":{"type":"LineString","coordinates":[[-60.69553326,-31.66382519],[-60.695514,-31.66422571]]},"properties":{"layer":"Terraplenes y Defensas","entity_type":"LINE","handle":"159FD6"}},{"type":"Feature","geometry":{"type":"LineString","coordinates":[[-60.695514,-31.66422571],[-60.6954767,-31.66462534]]},"properties":{"layer":"Terraplenes y Defensas","entity_type":"LINE","handle":"159FD7"}},{"type":"Feature","geometry":{"type":"LineString","coordinates":[[-60.6954767,-31.66462534],[-60.69542104,-31.66502335]]},"properties":{"layer":"Terraplenes y Defensas","entity_type":"LINE","handle":"159FD8"}},{"type":"Feature","geometry":{"type":"LineString","coordinates":[[-60.69542104,-31.66502335],[-60.69534764,-31.66541867]]},"properties":{"layer":"Terraplenes y Defensas","entity_type":"LINE","handle":"159FD9"}},{"type":"Feature","geometry":{"type":"LineString","coordinates":[[-60.69534764,-31.66541867],[-60.69532272,-31.66552748]]},"properties":{"layer":"Terraplenes y Defensas","entity_type":"LINE","handle":"159FDA"}},{"type":"Feature","geometry":{"type":"LineString","coordinates":[[-60.69532272,-31.66552748],[-60.69517466,-31.66621873]]},"properties":{"layer":"Terraplenes y Defensas","entity_type":"LINE","handle":"159FDB"}},{"type":"Feature","geometry":{"type":"LineString","coordinates":[[-60.69517466,-31.66621873],[-60.69504465,-31.66691304]]},"properties":{"layer":"Terraplenes y Defensas","entity_type":"LINE","handle":"159FDC"}},{"type":"Feature","geometry":{"type":"LineString","coordinates":[[-60.69504465,-31.66691304],[-60.6949328,-31.66760969]]},"properties":{"layer":"Terraplenes y Defensas","entity_type":"LINE","handle":"159FDD"}},{"type":"Feature","geometry":{"type":"LineString","coordinates":[[-60.6949328,-31.66760969],[-60.69483909,-31.66830795]]},"properties":{"layer":"Terraplenes y Defensas","entity_type":"LINE","handle":"159FDE"}},{"type":"Feature","geometry":{"type":"LineString","coordinates":[[-60.69483909,-31.66830795],[-60.69483681,-31.66832753]]},"properties":{"layer":"Terraplenes y Defensas","entity_type":"LINE","handle":"159FDF"}},{"type":"Feature","geometry":{"type":"LineString","coordinates":[[-60.69483681,-31.66832753],[-60.69482282,-31.66853097]]},"properties":{"layer":"Terraplenes y Defensas","entity_type":"LINE","handle":"159FE0"}},{"type":"Feature","geometry":{"type":"LineString","coordinates":[[-60.69482282,-31.66853097],[-60.69481787,-31.66861604]]},"properties":{"layer":"Terraplenes y Defensas","entity_type":"LINE","handle":"159FE1"}},{"type":"Feature","geometry":{"type":"LineString","coordinates":[[-60.69481787,-31.66861604],[-60.69479562,-31.66875802]]},"properties":{"layer":"Terraplenes y Defensas","entity_type":"LINE","handle":"159FE2"}},{"type":"Feature","geometry":{"type":"LineString","coordinates":[[-60.69479562,-31.66875802],[-60.69475606,-31.66889685]]},"properties":{"layer":"Terraplenes y Defensas","entity_type":"LINE","handle":"159FE3"}},{"type":"Feature","geometry":{"type":"LineString","coordinates":[[-60.69475606,-31.66889685],[-60.69469959,-31.66903126]]},"properties":{"layer":"Terraplenes y Defensas","entity_type":"LINE","handle":"159FE4"}},{"type":"Feature","geometry":{"type":"LineString","coordinates":[[-60.69469959,-31.66903126],[-60.69462673,-31.66915981]]},"properties":{"layer":"Terraplenes y Defensas","entity_type":"LINE","handle":"159FE5"}},{"type":"Feature","geometry":{"type":"LineString","coordinates":[[-60.69462673,-31.66915981],[-60.69453843,-31.66928105]]},"properties":{"layer":"Terraplenes y Defensas","entity_type":"LINE","handle":"159FE6"}},{"type":"Feature","geometry":{"type":"LineString","coordinates":[[-60.69453843,-31.66928105],[-60.69443509,-31.66939443]]},"properties":{"layer":"Terraplenes y Defensas","entity_type":"LINE","handle":"159FE7"}},{"type":"Feature","geometry":{"type":"LineString","coordinates":[[-60.69443509,-31.66939443],[-60.69427379,-31.66954122]]},"properties":{"layer":"Terraplenes y Defensas","entity_type":"LINE","handle":"159FE8"}},{"type":"Feature","geometry":{"type":"LineString","coordinates":[[-60.69427379,-31.66954122],[-60.69411004,-31.66966991]]},"properties":{"layer":"Terraplenes y Defensas","entity_type":"LINE","handle":"159FE9"}},{"type":"Feature","geometry":{"type":"LineString","coordinates":[[-60.69411004,-31.66966991],[-60.69402419,-31.66973954]]},"properties":{"layer":"Terraplenes y Defensas","entity_type":"LINE","handle":"159FEA"}},{"type":"Feature","geometry":{"type":"LineString","coordinates":[[-60.69402419,-31.66973954],[-60.69392896,-31.66983701]]},"properties":{"layer":"Terraplenes y Defensas","entity_type":"LINE","handle":"159FEB"}},{"type":"Feature","geometry":{"type":"LineString","coordinates":[[-60.69392896,-31.66983701],[-60.69384898,-31.66994431]]},"properties":{"layer":"Terraplenes y Defensas","entity_type":"LINE","handle":"159FEC"}},{"type":"Feature","geometry":{"type":"LineString","coordinates":[[-60.69384898,-31.66994431],[-60.69378562,-31.67005964]]},"properties":{"layer":"Terraplenes y Defensas","entity_type":"LINE","handle":"159FED"}},{"type":"Feature","geometry":{"type":"LineString","coordinates":[[-60.69378562,-31.67005964],[-60.69374034,-31.670181]]},"properties":{"layer":"Terraplenes y Defensas","entity_type":"LINE","handle":"159FEE"}},{"type":"Feature","geometry":{"type":"LineString","coordinates":[[-60.69374034,-31.670181],[-60.69371364,-31.67030632]]},"properties":{"layer":"Terraplenes y Defensas","entity_type":"LINE","handle":"159FEF"}},{"type":"Feature","geometry":{"type":"LineString","coordinates":[[-60.69371364,-31.67030632],[-60.69370604,-31.67043226]]},"properties":{"layer":"Terraplenes y Defensas","entity_type":"LINE","handle":"159FF0"}},{"type":"Feature","geometry":{"type":"LineString","coordinates":[[-60.69370604,-31.67043226],[-60.69370224,-31.67060273]]},"properties":{"layer":"Terraplenes y Defensas","entity_type":"LINE","handle":"159FF1"}},{"type":"Feature","geometry":{"type":"LineString","coordinates":[[-60.69370224,-31.67060273],[-60.69369246,-31.67074735]]},"properties":{"layer":"Terraplenes y Defensas","entity_type":"LINE","handle":"159FF2"}},{"type":"Feature","geometry":{"type":"LineString","coordinates":[[-60.69369246,-31.67074735],[-60.69365393,-31.67112507]]},"properties":{"layer":"Terraplenes y Defensas","entity_type":"LINE","handle":"159FF3"}},{"type":"Feature","geometry":{"type":"LineString","coordinates":[[-60.69365393,-31.67112507],[-60.69359735,-31.6715009]]},"properties":{"layer":"Terraplenes y Defensas","entity_type":"LINE","handle":"159FF4"}},{"type":"Feature","geometry":{"type":"LineString","coordinates":[[-60.69359735,-31.6715009],[-60.69352283,-31.6718743]]},"properties":{"layer":"Terraplenes y Defensas","entity_type":"LINE","handle":"159FF5"}},{"type":"Feature","geometry":{"type":"LineString","coordinates":[[-60.69352283,-31.6718743],[-60.69343037,-31.67224492]]},"properties":{"layer":"Terraplenes y Defensas","entity_type":"LINE","handle":"159FF6"}},{"type":"Feature","geometry":{"type":"LineString","coordinates":[[-60.69343037,-31.67224492],[-60.69332015,-31.67261185]]},"properties":{"layer":"Terraplenes y Defensas","entity_type":"LINE","handle":"159FF7"}},{"type":"Feature","geometry":{"type":"LineString","coordinates":[[-60.69332015,-31.67261185],[-60.69319241,-31.67297454]]},"properties":{"layer":"Terraplenes y Defensas","entity_type":"LINE","handle":"159FF8"}},{"type":"Feature","geometry":{"type":"LineString","coordinates":[[-60.69319241,-31.67297454],[-60.69304743,-31.67333245]]},"properties":{"layer":"Terraplenes y Defensas","entity_type":"LINE","handle":"159FF9"}},{"type":"Feature","geometry":{"type":"LineString","coordinates":[[-60.69304743,-31.67333245],[-60.69288533,-31.67368514]]},"properties":{"layer":"Terraplenes y Defensas","entity_type":"LINE","handle":"159FFA"}},{"type":"Feature","geometry":{"type":"LineString","coordinates":[[-60.69288533,-31.67368514],[-60.69270694,-31.67403061]]},"properties":{"layer":"Terraplenes y Defensas","entity_type":"LINE","handle":"159FFB"}},{"type":"Feature","geometry":{"type":"LineString","coordinates":[[-60.69270694,-31.67403061],[-60.69260799,-31.67419681]]},"properties":{"layer":"Terraplenes y Defensas","entity_type":"LINE","handle":"159FFC"}},{"type":"Feature","geometry":{"type":"LineString","coordinates":[[-60.69260799,-31.67419681],[-60.69248548,-31.67436982]]},"properties":{"layer":"Terraplenes y Defensas","entity_type":"LINE","handle":"159FFD"}},{"type":"Feature","geometry":{"type":"LineString","coordinates":[[-60.69248548,-31.67436982],[-60.69234803,-31.67453443]]},"properties":{"layer":"Terraplenes y Defensas","entity_type":"LINE","handle":"159FFE"}},{"type":"Feature","geometry":{"type":"LineString","coordinates":[[-60.69234803,-31.67453443],[-60.69219711,-31.67468883]]},"properties":{"layer":"Terraplenes y Defensas","entity_type":"LINE","handle":"159FFF"}},{"type":"Feature","geometry":{"type":"LineString","coordinates":[[-60.69219711,-31.67468883],[-60.6918198,-31.67505865]]},"properties":{"layer":"Terraplenes y Defensas","entity_type":"LINE","handle":"15A000"}},{"type":"Feature","geometry":{"type":"LineString","coordinates":[[-60.6918198,-31.67505865],[-60.69146359,-31.67543159]]},"properties":{"layer":"Terraplenes y Defensas","entity_type":"LINE","handle":"15A001"}},{"type":"Feature","geometry":{"type":"LineString","coordinates":[[-60.69145723,-31.67543872],[-60.69126309,-31.67568308],[-60.69106679,-31.67592595],[-60.69086618,-31.67616582],[-60.6906591,-31.67640121],[-60.6905534,-31.67651603],[-60.69044616,-31.67662993],[-60.69033796,-31.67674346],[-60.69022938,-31.67685717],[-60.6901245,-31.67696851],[-60.69002292,-31.67708186],[-60.68992777,-31.67719858],[-60.68984216,-31.67731999],[-60.68976518,-31.67745286],[-60.68969936,-31.67759069],[-60.68964201,-31.67773184],[-60.68959046,-31.6778747],[-60.68956935,-31.67793681],[-60.68954928,-31.67799906],[-60.68953074,-31.67806155],[-60.68951418,-31.67812439],[-60.68950007,-31.67818676],[-60.68948776,-31.67824947],[-60.68947663,-31.6783124],[-60.68946609,-31.67837546]]},"properties":{"layer":"Terraplenes y Defensas","entity_type":"SPLINE","handle":"15A008"}},{"type":"Feature","geometry":{"type":"LineString","coordinates":[[-60.66591916,-31.63398697],[-60.66556213,-31.64015358]]},"properties":{"layer":"Terraplenes y Defensas","entity_type":"LINE","handle":"2203BE"}},{"type":"Feature","geometry":{"type":"LineString","coordinates":[[-60.75729744,-31.56789891],[-60.75722619,-31.56819266],[-60.75714434,-31.56848439],[-60.75705197,-31.5687738],[-60.75694916,-31.56906062],[-60.75683603,-31.56934458],[-60.75671266,-31.56962539],[-60.7565792,-31.5699028],[-60.75643575,-31.57017654]]},"properties":{"layer":"Terraplenes y Defensas","entity_type":"ARC","handle":"2203D7","radius_m_drawing_units":1073.372452965324,"start_angle":191.2405607982218,"end_angle":205.447866839072}},{"type":"Feature","geometry":{"type":"LineString","coordinates":[[-60.75621779,-31.57053933],[-60.75466062,-31.57305016]]},"properties":{"layer":"Terraplenes y Defensas","entity_type":"LINE","handle":"2203E4"}},{"type":"Feature","geometry":{"type":"LineString","coordinates":[[-60.75328501,-31.57774048],[-60.75327639,-31.57752944],[-60.7532752,-31.57731827],[-60.75328144,-31.57710716],[-60.7532951,-31.57689632],[-60.75331618,-31.57668592],[-60.75334465,-31.57647616],[-60.75338048,-31.57626722],[-60.75342365,-31.57605931]]},"properties":{"layer":"Terraplenes y Defensas","entity_type":"ARC","handle":"2203F0","radius_m_drawing_units":777.3249411315102,"start_angle":357.5287145685369,"end_angle":11.33701580494619}},{"type":"Feature","geometry":{"type":"LineString","coordinates":[[-60.75341282,-31.57931025],[-60.75372911,-31.58286791]]},"properties":{"layer":"Terraplenes y Defensas","entity_type":"LINE","handle":"2203FB"}},{"type":"Feature","geometry":{"type":"LineString","coordinates":[[-60.75366322,-31.58443987],[-60.75363968,-31.58460848],[-60.75361245,-31.58477669],[-60.75358155,-31.58494443],[-60.75354698,-31.58511164],[-60.75350877,-31.58527827],[-60.75346692,-31.58544426],[-60.75342144,-31.58560955],[-60.75337236,-31.58577409]]},"properties":{"layer":"Terraplenes y Defensas","entity_type":"ARC","handle":"220404","radius_m_drawing_units":1005.801739092406,"start_angle":186.6746923608969,"end_angle":195.2560082196224}},{"type":"Feature","geometry":{"type":"LineString","coordinates":[[-60.75317397,-31.58632615],[-60.75216818,-31.588984]]},"properties":{"layer":"Terraplenes y Defensas","entity_type":"LINE","handle":"220410"}},{"type":"Feature","geometry":{"type":"LineString","coordinates":[[-60.75189542,-31.58969291],[-60.75160184,-31.59042184]]},"properties":{"layer":"Terraplenes y Defensas","entity_type":"LINE","handle":"220418"}},{"type":"Feature","geometry":{"type":"LineString","coordinates":[[-60.74840852,-31.59424059],[-60.74383795,-31.59779945]]},"properties":{"layer":"Terraplenes y Defensas","entity_type":"LINE","handle":"220427"}},{"type":"Feature","geometry":{"type":"LineString","coordinates":[[-60.74322779,-31.59852292],[-60.73607812,-31.60394591]]},"properties":{"layer":"Terraplenes y Defensas","entity_type":"LINE","handle":"220428"}},{"type":"Feature","geometry":{"type":"LineString","coordinates":[[-60.73013187,-31.60808451],[-60.72820963,-31.60928816]]},"properties":{"layer":"Terraplenes y Defensas","entity_type":"LINE","handle":"220429"}},{"type":"Feature","geometry":{"type":"LineString","coordinates":[[-60.72619237,-31.61748918],[-60.7283997,-31.62170571]]},"properties":{"layer":"Terraplenes y Defensas","entity_type":"LINE","handle":"220440"}},{"type":"Feature","geometry":{"type":"LineString","coordinates":[[-60.7283997,-31.62170571],[-60.72893969,-31.62229496]]},"properties":{"layer":"Terraplenes y Defensas","entity_type":"LINE","handle":"220441"}},{"type":"Feature","geometry":{"type":"LineString","coordinates":[[-60.7289377,-31.62229098],[-60.73011112,-31.62500799]]},"properties":{"layer":"Terraplenes y Defensas","entity_type":"LINE","handle":"220442"}},{"type":"Feature","geometry":{"type":"LineString","coordinates":[[-60.73094334,-31.6258134],[-60.73272613,-31.62656496]]},"properties":{"layer":"Terraplenes y Defensas","entity_type":"LINE","handle":"220449"}},{"type":"Feature","geometry":{"type":"LineString","coordinates":[[-60.66472623,-31.57447171],[-60.6657322,-31.57600434]]},"properties":{"layer":"Terraplenes y Defensas","entity_type":"LINE","handle":"22044D"}},{"type":"Feature","geometry":{"type":"LineString","coordinates":[[-60.6657322,-31.57600434],[-60.66799883,-31.57945759]]},"properties":{"layer":"Terraplenes y Defensas","entity_type":"LINE","handle":"22044E"}},{"type":"Feature","geometry":{"type":"LineString","coordinates":[[-60.66859448,-31.58047019],[-60.67168262,-31.58569602]]},"properties":{"layer":"Terraplenes y Defensas","entity_type":"LINE","handle":"22044F"}},{"type":"Feature","geometry":{"type":"LineString","coordinates":[[-60.67168262,-31.58569602],[-60.67200443,-31.5868207]]},"properties":{"layer":"Terraplenes y Defensas","entity_type":"LINE","handle":"220451"}},{"type":"Feature","geometry":{"type":"LineString","coordinates":[[-60.67200443,-31.5868207],[-60.67235294,-31.5901065]]},"properties":{"layer":"Terraplenes y Defensas","entity_type":"LINE","handle":"220452"}},{"type":"Feature","geometry":{"type":"LineString","coordinates":[[-60.67235294,-31.5901065],[-60.67176198,-31.59137179]]},"properties":{"layer":"Terraplenes y Defensas","entity_type":"LINE","handle":"220453"}},{"type":"Feature","geometry":{"type":"LineString","coordinates":[[-60.67176198,-31.59137179],[-60.67090904,-31.59329663]]},"properties":{"layer":"Terraplenes y Defensas","entity_type":"LINE","handle":"220454"}},{"type":"Feature","geometry":{"type":"LineString","coordinates":[[-60.67090904,-31.59329663],[-60.6708198,-31.59336558]]},"properties":{"layer":"Terraplenes y Defensas","entity_type":"LINE","handle":"220455"}},{"type":"Feature","geometry":{"type":"LineString","coordinates":[[-60.6708198,-31.59336558],[-60.67048016,-31.59344286]]},"properties":{"layer":"Terraplenes y Defensas","entity_type":"LINE","handle":"220456"}},{"type":"Feature","geometry":{"type":"LineString","coordinates":[[-60.67048016,-31.59344286],[-60.66395721,-31.59476785]]},"properties":{"layer":"Terraplenes y Defensas","entity_type":"LINE","handle":"220457"}},{"type":"Feature","geometry":{"type":"LineString","coordinates":[[-60.66395721,-31.59476785],[-60.66391839,-31.59477731]]},"properties":{"layer":"Terraplenes y Defensas","entity_type":"LINE","handle":"22045B"}},{"type":"Feature","geometry":{"type":"LineString","coordinates":[[-60.66391839,-31.59477731],[-60.6643695,-31.59547696]]},"properties":{"layer":"Terraplenes y Defensas","entity_type":"LINE","handle":"22045C"}},{"type":"Feature","geometry":{"type":"LineString","coordinates":[[-60.6643695,-31.59547696],[-60.66462994,-31.59648134]]},"properties":{"layer":"Terraplenes y Defensas","entity_type":"LINE","handle":"22045D"}},{"type":"Feature","geometry":{"type":"LineString","coordinates":[[-60.66462994,-31.59648134],[-60.66510324,-31.59819436]]},"properties":{"layer":"Terraplenes y Defensas","entity_type":"LINE","handle":"22045E"}},{"type":"Feature","geometry":{"type":"LineString","coordinates":[[-60.66510324,-31.59819436],[-60.66419707,-31.59838635]]},"properties":{"layer":"Terraplenes y Defensas","entity_type":"LINE","handle":"22045F"}},{"type":"Feature","geometry":{"type":"LineString","coordinates":[[-60.66419707,-31.59838635],[-60.66415664,-31.59940652]]},"properties":{"layer":"Terraplenes y Defensas","entity_type":"LINE","handle":"220460"}},{"type":"Feature","geometry":{"type":"LineString","coordinates":[[-60.66415664,-31.59940652],[-60.66414958,-31.59964888]]},"properties":{"layer":"Terraplenes y Defensas","entity_type":"LINE","handle":"220461"}},{"type":"Feature","geometry":{"type":"LineString","coordinates":[[-60.66414958,-31.59964888],[-60.6639602,-31.6007143]]},"properties":{"layer":"Terraplenes y Defensas","entity_type":"LINE","handle":"220462"}},{"type":"Feature","geometry":{"type":"LineString","coordinates":[[-60.6639602,-31.6007143],[-60.66397581,-31.60157208]]},"properties":{"layer":"Terraplenes y Defensas","entity_type":"LINE","handle":"220463"}},{"type":"Feature","geometry":{"type":"LineString","coordinates":[[-60.66397581,-31.60157208],[-60.66399041,-31.60236698]]},"properties":{"layer":"Terraplenes y Defensas","entity_type":"LINE","handle":"220464"}},{"type":"Feature","geometry":{"type":"LineString","coordinates":[[-60.66399041,-31.60236698],[-60.66400708,-31.60327614]]},"properties":{"layer":"Terraplenes y Defensas","entity_type":"LINE","handle":"220465"}},{"type":"Feature","geometry":{"type":"LineString","coordinates":[[-60.66400708,-31.60327614],[-60.66399761,-31.60347144]]},"properties":{"layer":"Terraplenes y Defensas","entity_type":"LINE","handle":"220466"}},{"type":"Feature","geometry":{"type":"LineString","coordinates":[[-60.66399761,-31.60347144],[-60.66415619,-31.60520749]]},"properties":{"layer":"Terraplenes y Defensas","entity_type":"LINE","handle":"220467"}},{"type":"Feature","geometry":{"type":"LineString","coordinates":[[-60.66415619,-31.60520749],[-60.66423108,-31.60616775]]},"properties":{"layer":"Terraplenes y Defensas","entity_type":"LINE","handle":"220468"}},{"type":"Feature","geometry":{"type":"LineString","coordinates":[[-60.66462118,-31.6074123],[-60.66480309,-31.60795275]]},"properties":{"layer":"Terraplenes y Defensas","entity_type":"LINE","handle":"22046B"}},{"type":"Feature","geometry":{"type":"LineString","coordinates":[[-60.66480309,-31.60795275],[-60.66512026,-31.60889503]]},"properties":{"layer":"Terraplenes y Defensas","entity_type":"LINE","handle":"22046C"}},{"type":"Feature","geometry":{"type":"LineString","coordinates":[[-60.66512026,-31.60889503],[-60.66501355,-31.60916208]]},"properties":{"layer":"Terraplenes y Defensas","entity_type":"LINE","handle":"22046D"}},{"type":"Feature","geometry":{"type":"LineString","coordinates":[[-60.66501355,-31.60916208],[-60.66519232,-31.60944263]]},"properties":{"layer":"Terraplenes y Defensas","entity_type":"LINE","handle":"22046E"}},{"type":"Feature","geometry":{"type":"LineString","coordinates":[[-60.66519232,-31.60944263],[-60.66604251,-31.61043661]]},"properties":{"layer":"Terraplenes y Defensas","entity_type":"LINE","handle":"22046F"}},{"type":"Feature","geometry":{"type":"LineString","coordinates":[[-60.66604251,-31.61043661],[-60.66709566,-31.61165713]]},"properties":{"layer":"Terraplenes y Defensas","entity_type":"LINE","handle":"220470"}},{"type":"Feature","geometry":{"type":"LineString","coordinates":[[-60.66709566,-31.61165713],[-60.66755953,-31.61209375]]},"properties":{"layer":"Terraplenes y Defensas","entity_type":"LINE","handle":"220471"}},{"type":"Feature","geometry":{"type":"LineString","coordinates":[[-60.66755953,-31.61209375],[-60.66833047,-31.61274252]]},"properties":{"layer":"Terraplenes y Defensas","entity_type":"LINE","handle":"220472"}},{"type":"Feature","geometry":{"type":"LineString","coordinates":[[-60.66833047,-31.61274252],[-60.66918634,-31.61346275]]},"properties":{"layer":"Terraplenes y Defensas","entity_type":"LINE","handle":"220473"}},{"type":"Feature","geometry":{"type":"LineString","coordinates":[[-60.66918634,-31.61346275],[-60.67069474,-31.61472337]]},"properties":{"layer":"Terraplenes y Defensas","entity_type":"LINE","handle":"220474"}},{"type":"Feature","geometry":{"type":"LineString","coordinates":[[-60.67071129,-31.61473197],[-60.67331651,-31.61687104]]},"properties":{"layer":"Terraplenes y Defensas","entity_type":"LINE","handle":"220475"}},{"type":"Feature","geometry":{"type":"LineString","coordinates":[[-60.6733048,-31.61685809],[-60.67523165,-31.61843124]]},"properties":{"layer":"Terraplenes y Defensas","entity_type":"LINE","handle":"220476"}},{"type":"Feature","geometry":{"type":"LineString","coordinates":[[-60.67660128,-31.62011722],[-60.67668563,-31.62052464]]},"properties":{"layer":"Terraplenes y Defensas","entity_type":"LINE","handle":"220477"}},{"type":"Feature","geometry":{"type":"LineString","coordinates":[[-60.67668563,-31.62052464],[-60.67684873,-31.62114686]]},"properties":{"layer":"Terraplenes y Defensas","entity_type":"LINE","handle":"220478"}},{"type":"Feature","geometry":{"type":"LineString","coordinates":[[-60.67706829,-31.62175623],[-60.67734061,-31.62234394]]},"properties":{"layer":"Terraplenes y Defensas","entity_type":"LINE","handle":"220479"}},{"type":"Feature","geometry":{"type":"LineString","coordinates":[[-60.67734296,-31.62234901],[-60.67785376,-31.62324055]]},"properties":{"layer":"Terraplenes y Defensas","entity_type":"LINE","handle":"22047A"}},{"type":"Feature","geometry":{"type":"LineString","coordinates":[[-60.67835182,-31.62478573],[-60.67848494,-31.62567438]]},"properties":{"layer":"Terraplenes y Defensas","entity_type":"LINE","handle":"22047B"}},{"type":"Feature","geometry":{"type":"LineString","coordinates":[[-60.67848494,-31.62567438],[-60.67852683,-31.62656959]]},"properties":{"layer":"Terraplenes y Defensas","entity_type":"LINE","handle":"22047C"}},{"type":"Feature","geometry":{"type":"LineString","coordinates":[[-60.67852683,-31.62656959],[-60.6784771,-31.62746494]]},"properties":{"layer":"Terraplenes y Defensas","entity_type":"LINE","handle":"22047D"}},{"type":"Feature","geometry":{"type":"LineString","coordinates":[[-60.6784766,-31.62747168],[-60.67845921,-31.6277087]]},"properties":{"layer":"Terraplenes y Defensas","entity_type":"LINE","handle":"22047E"}},{"type":"Feature","geometry":{"type":"LineString","coordinates":[[-60.67845921,-31.6277087],[-60.6784418,-31.627872]]},"properties":{"layer":"Terraplenes y Defensas","entity_type":"LINE","handle":"22047F"}},{"type":"Feature","geometry":{"type":"LineString","coordinates":[[-60.67777544,-31.62979594],[-60.67845383,-31.63115264]]},"properties":{"layer":"Terraplenes y Defensas","entity_type":"LINE","handle":"220487"}},{"type":"Feature","geometry":{"type":"LineString","coordinates":[[-60.67845383,-31.63115264],[-60.67886723,-31.63197939]]},"properties":{"layer":"Terraplenes y Defensas","entity_type":"LINE","handle":"220488"}},{"type":"Feature","geometry":{"type":"LineString","coordinates":[[-60.67886723,-31.63197939],[-60.67946992,-31.63318463]]},"properties":{"layer":"Terraplenes y Defensas","entity_type":"LINE","handle":"220489"}},{"type":"Feature","geometry":{"type":"LineString","coordinates":[[-60.67946992,-31.63318463],[-60.67962351,-31.63349177]]},"properties":{"layer":"Terraplenes y Defensas","entity_type":"LINE","handle":"22048A"}},{"type":"Feature","geometry":{"type":"LineString","coordinates":[[-60.67962351,-31.63349177],[-60.68116065,-31.63656554]]},"properties":{"layer":"Terraplenes y Defensas","entity_type":"LINE","handle":"22048B"}},{"type":"Feature","geometry":{"type":"LineString","coordinates":[[-60.68116065,-31.63656554],[-60.68146889,-31.63718191]]},"properties":{"layer":"Terraplenes y Defensas","entity_type":"LINE","handle":"22048C"}},{"type":"Feature","geometry":{"type":"LineString","coordinates":[[-60.68146889,-31.63718191],[-60.68219057,-31.63862492]]},"properties":{"layer":"Terraplenes y Defensas","entity_type":"LINE","handle":"22048D"}},{"type":"Feature","geometry":{"type":"LineString","coordinates":[[-60.68238081,-31.6390053],[-60.68276754,-31.63967907]]},"properties":{"layer":"Terraplenes y Defensas","entity_type":"LINE","handle":"22048F"}},{"type":"Feature","geometry":{"type":"LineString","coordinates":[[-60.68280938,-31.63978162],[-60.6829288,-31.63999295]]},"properties":{"layer":"Terraplenes y Defensas","entity_type":"LINE","handle":"220490"}},{"type":"Feature","geometry":{"type":"LineString","coordinates":[[-60.74143952,-31.65427025],[-60.7418893,-31.6500254]]},"properties":{"layer":"Terraplenes y Defensas","entity_type":"LINE","handle":"2204B6"}},{"type":"Feature","geometry":{"type":"LineString","coordinates":[[-60.7344763,-31.62723823],[-60.73576036,-31.62677992]]},"properties":{"layer":"Terraplenes y Defensas","entity_type":"LINE","handle":"2204E1"}},{"type":"Feature","geometry":{"type":"LineString","coordinates":[[-60.76260838,-31.65619383],[-60.76118676,-31.65618966]]},"properties":{"layer":"Terraplenes y Defensas","entity_type":"LINE","handle":"2204E2"}},{"type":"Feature","geometry":{"type":"LineString","coordinates":[[-60.76118676,-31.65618966],[-60.75919638,-31.65610598]]},"properties":{"layer":"Terraplenes y Defensas","entity_type":"LINE","handle":"2204E3"}},{"type":"Feature","geometry":{"type":"LineString","coordinates":[[-60.75919638,-31.65610598],[-60.75713816,-31.65588309]]},"properties":{"layer":"Terraplenes y Defensas","entity_type":"LINE","handle":"2204E4"}},{"type":"Feature","geometry":{"type":"LineString","coordinates":[[-60.75713816,-31.65588309],[-60.75689593,-31.65716082]]},"properties":{"layer":"Terraplenes y Defensas","entity_type":"LINE","handle":"2204E5"}},{"type":"Feature","geometry":{"type":"LineString","coordinates":[[-60.75689593,-31.65716082],[-60.75662718,-31.65737043]]},"properties":{"layer":"Terraplenes y Defensas","entity_type":"LINE","handle":"2204E6"}},{"type":"Feature","geometry":{"type":"LineString","coordinates":[[-60.75662718,-31.65737043],[-60.75742067,-31.66142951]]},"properties":{"layer":"Terraplenes y Defensas","entity_type":"LINE","handle":"2204E7"}},{"type":"Feature","geometry":{"type":"LineString","coordinates":[[-60.75742067,-31.66142951],[-60.75753822,-31.66196565]]},"properties":{"layer":"Terraplenes y Defensas","entity_type":"LINE","handle":"2204E8"}},{"type":"Feature","geometry":{"type":"LineString","coordinates":[[-60.75753822,-31.66196565],[-60.75719601,-31.66236389]]},"properties":{"layer":"Terraplenes y Defensas","entity_type":"LINE","handle":"2204E9"}},{"type":"Feature","geometry":{"type":"LineString","coordinates":[[-60.75719601,-31.66236389],[-60.75665677,-31.66411537]]},"properties":{"layer":"Terraplenes y Defensas","entity_type":"LINE","handle":"2204EA"}},{"type":"Feature","geometry":{"type":"LineString","coordinates":[[-60.76168215,-31.65007908],[-60.76259006,-31.6539507]]},"properties":{"layer":"Terraplenes y Defensas","entity_type":"LINE","handle":"2204EB"}},{"type":"Feature","geometry":{"type":"LineString","coordinates":[[-60.75337943,-31.67980212],[-60.75334784,-31.67909505]]},"properties":{"layer":"Terraplenes y Defensas","entity_type":"LINE","handle":"2204EC"}},{"type":"Feature","geometry":{"type":"LineString","coordinates":[[-60.75334784,-31.67909505],[-60.75289525,-31.67796152]]},"properties":{"layer":"Terraplenes y Defensas","entity_type":"LINE","handle":"2204ED"}},{"type":"Feature","geometry":{"type":"LineString","coordinates":[[-60.75289525,-31.67796152],[-60.7528965,-31.67692068]]},"properties":{"layer":"Terraplenes y Defensas","entity_type":"LINE","handle":"2204EE"}},{"type":"Feature","geometry":{"type":"LineString","coordinates":[[-60.7528965,-31.67692068],[-60.75295617,-31.67635153]]},"properties":{"layer":"Terraplenes y Defensas","entity_type":"LINE","handle":"2204EF"}},{"type":"Feature","geometry":{"type":"LineString","coordinates":[[-60.75295617,-31.67635153],[-60.75420129,-31.67536057]]},"properties":{"layer":"Terraplenes y Defensas","entity_type":"LINE","handle":"2204F0"}},{"type":"Feature","geometry":{"type":"LineString","coordinates":[[-60.75300277,-31.66880012],[-60.75227584,-31.66989079]]},"properties":{"layer":"Terraplenes y Defensas","entity_type":"LINE","handle":"2204F1"}},{"type":"Feature","geometry":{"type":"LineString","coordinates":[[-60.75227584,-31.66989079],[-60.75241801,-31.67090459]]},"properties":{"layer":"Terraplenes y Defensas","entity_type":"LINE","handle":"2204F2"}},{"type":"Feature","geometry":{"type":"LineString","coordinates":[[-60.75241801,-31.67090459],[-60.75214174,-31.67098934]]},"properties":{"layer":"Terraplenes y Defensas","entity_type":"LINE","handle":"2204F3"}},{"type":"Feature","geometry":{"type":"LineString","coordinates":[[-60.75214174,-31.67098934],[-60.752286,-31.67160117]]},"properties":{"layer":"Terraplenes y Defensas","entity_type":"LINE","handle":"2204F4"}},{"type":"Feature","geometry":{"type":"LineString","coordinates":[[-60.752286,-31.67160117],[-60.7525606,-31.67290774]]},"properties":{"layer":"Terraplenes y Defensas","entity_type":"LINE","handle":"2204F5"}},{"type":"Feature","geometry":{"type":"LineString","coordinates":[[-60.65636889,-31.63388355],[-60.6560929,-31.63991122]]},"properties":{"layer":"Terraplenes y Defensas","entity_type":"LINE","handle":"220580"}},{"type":"Feature","geometry":{"type":"LineString","coordinates":[[-60.70087154,-31.66737727],[-60.70086102,-31.66739982]]},"properties":{"layer":"Terraplenes y Defensas","entity_type":"LINE","handle":"22059A"}},{"type":"Feature","geometry":{"type":"LineString","coordinates":[[-60.7004586,-31.66813401],[-60.69974812,-31.66943043]]},"properties":{"layer":"Terraplenes y Defensas","entity_type":"LINE","handle":"22059B"}},{"type":"Feature","geometry":{"type":"LineString","coordinates":[[-60.69974812,-31.66943043],[-60.69964533,-31.6696155]]},"properties":{"layer":"Terraplenes y Defensas","entity_type":"LINE","handle":"22059C"}},{"type":"Feature","geometry":{"type":"LineString","coordinates":[[-60.69955846,-31.66972135],[-60.69791197,-31.67158848]]},"properties":{"layer":"Terraplenes y Defensas","entity_type":"LINE","handle":"22059D"}},{"type":"Feature","geometry":{"type":"LineString","coordinates":[[-60.69791197,-31.67158848],[-60.69709402,-31.6723973]]},"properties":{"layer":"Terraplenes y Defensas","entity_type":"LINE","handle":"22059E"}},{"type":"Feature","geometry":{"type":"LineString","coordinates":[[-60.69709402,-31.6723973],[-60.69533456,-31.67416422]]},"properties":{"layer":"Terraplenes y Defensas","entity_type":"LINE","handle":"22059F"}},{"type":"Feature","geometry":{"type":"LineString","coordinates":[[-60.69421302,-31.67542375],[-60.69342855,-31.67621337]]},"properties":{"layer":"Terraplenes y Defensas","entity_type":"LINE","handle":"2205A1"}},{"type":"Feature","geometry":{"type":"LineString","coordinates":[[-60.69342855,-31.67621337],[-60.69245199,-31.67723186]]},"properties":{"layer":"Terraplenes y Defensas","entity_type":"LINE","handle":"2205A2"}},{"type":"Feature","geometry":{"type":"LineString","coordinates":[[-60.69245199,-31.67723186],[-60.69116093,-31.67858635]]},"properties":{"layer":"Terraplenes y Defensas","entity_type":"LINE","handle":"2205A3"}},{"type":"Feature","geometry":{"type":"LineString","coordinates":[[-60.69116093,-31.67858635],[-60.69068836,-31.67915687]]},"properties":{"layer":"Terraplenes y Defensas","entity_type":"LINE","handle":"2205A4"}},{"type":"Feature","geometry":{"type":"LineString","coordinates":[[-60.69068836,-31.67915687],[-60.69026308,-31.67962394]]},"properties":{"layer":"Terraplenes y Defensas","entity_type":"LINE","handle":"2205A5"}},{"type":"Feature","geometry":{"type":"LineString","coordinates":[[-60.68989179,-31.67995927],[-60.6897806,-31.67999608]]},"properties":{"layer":"Terraplenes y Defensas","entity_type":"LINE","handle":"2205A7"}},{"type":"Feature","geometry":{"type":"LineString","coordinates":[[-60.6897806,-31.67999608],[-60.68946609,-31.67837546]]},"properties":{"layer":"Terraplenes y Defensas","entity_type":"LINE","handle":"2205A8"}},{"type":"Feature","geometry":{"type":"LineString","coordinates":[[-60.69548971,-31.65533209],[-60.69560861,-31.65522667]]},"properties":{"layer":"Terraplenes y Defensas","entity_type":"LINE","handle":"2205BA"}},{"type":"Feature","geometry":{"type":"LineString","coordinates":[[-60.69560861,-31.65522667],[-60.69570056,-31.65514515]]},"properties":{"layer":"Terraplenes y Defensas","entity_type":"LINE","handle":"2205BB"}},{"type":"Feature","geometry":{"type":"LineString","coordinates":[[-60.70125236,-31.6597544],[-60.70146008,-31.66065568]]},"properties":{"layer":"Terraplenes y Defensas","entity_type":"LINE","handle":"2205C2"}},{"type":"Feature","geometry":{"type":"LineString","coordinates":[[-60.70181425,-31.66380129],[-60.70170246,-31.66440279]]},"properties":{"layer":"Terraplenes y Defensas","entity_type":"LINE","handle":"2205C5"}},{"type":"Feature","geometry":{"type":"LineString","coordinates":[[-60.70140953,-31.66594743],[-60.70087154,-31.66737727]]},"properties":{"layer":"Terraplenes y Defensas","entity_type":"LINE","handle":"2205C6"}},{"type":"Feature","geometry":{"type":"LineString","coordinates":[[-60.60565821,-31.66459145],[-60.60569692,-31.664623],[-60.60575191,-31.66466303],[-60.60589599,-31.66471456]]},"properties":{"layer":"Terraplenes y Defensas","entity_type":"LWPOLYLINE","handle":"277E8C"}},{"type":"Feature","geometry":{"type":"LineString","coordinates":[[-60.62873511,-31.63894671],[-60.62861184,-31.63734431]]},"properties":{"layer":"Terraplenes y Defensas","entity_type":"LINE","handle":"278041"}},{"type":"Feature","geometry":{"type":"LineString","coordinates":[[-60.62861184,-31.63734431],[-60.6277203,-31.62299272]]},"properties":{"layer":"Terraplenes y Defensas","entity_type":"LINE","handle":"278042"}},{"type":"Feature","geometry":{"type":"LineString","coordinates":[[-60.6277203,-31.62299272],[-60.62391472,-31.62059981]]},"properties":{"layer":"Terraplenes y Defensas","entity_type":"LINE","handle":"278043"}},{"type":"Feature","geometry":{"type":"LineString","coordinates":[[-60.62391472,-31.62059981],[-60.61606544,-31.61525472]]},"properties":{"layer":"Terraplenes y Defensas","entity_type":"LINE","handle":"278044"}},{"type":"Feature","geometry":{"type":"LineString","coordinates":[[-60.61606544,-31.61525472],[-60.61483338,-31.61418401]]},"properties":{"layer":"Terraplenes y Defensas","entity_type":"LINE","handle":"278045"}},{"type":"Feature","geometry":{"type":"LineString","coordinates":[[-60.61483338,-31.61418401],[-60.61401203,-31.61320344]]},"properties":{"layer":"Terraplenes y Defensas","entity_type":"LINE","handle":"278046"}},{"type":"Feature","geometry":{"type":"LineString","coordinates":[[-60.62099496,-31.646216],[-60.6195706,-31.64462133]]},"properties":{"layer":"Terraplenes y Defensas","entity_type":"LINE","handle":"278049"}},{"type":"Feature","geometry":{"type":"LineString","coordinates":[[-60.6195706,-31.64462133],[-60.61842173,-31.64336836]]},"properties":{"layer":"Terraplenes y Defensas","entity_type":"LINE","handle":"27804A"}},{"type":"Feature","geometry":{"type":"LineString","coordinates":[[-60.61842173,-31.64336836],[-60.6168625,-31.64277322]]},"properties":{"layer":"Terraplenes y Defensas","entity_type":"LINE","handle":"27804B"}},{"type":"Feature","geometry":{"type":"LineString","coordinates":[[-60.6168625,-31.64277322],[-60.61551594,-31.64228402]]},"properties":{"layer":"Terraplenes y Defensas","entity_type":"LINE","handle":"27804C"}},{"type":"Feature","geometry":{"type":"LineString","coordinates":[[-60.61551594,-31.64228402],[-60.61398629,-31.64185446]]},"properties":{"layer":"Terraplenes y Defensas","entity_type":"LINE","handle":"27804D"}},{"type":"Feature","geometry":{"type":"LineString","coordinates":[[-60.61398629,-31.64185446],[-60.61094456,-31.64157858]]},"properties":{"layer":"Terraplenes y Defensas","entity_type":"LINE","handle":"27804E"}},{"type":"Feature","geometry":{"type":"LineString","coordinates":[[-60.61094456,-31.64157858],[-60.60958306,-31.64136564]]},"properties":{"layer":"Terraplenes y Defensas","entity_type":"LINE","handle":"27804F"}},{"type":"Feature","geometry":{"type":"LineString","coordinates":[[-60.60958306,-31.64136564],[-60.60838024,-31.64135365]]},"properties":{"layer":"Terraplenes y Defensas","entity_type":"LINE","handle":"278050"}},{"type":"Feature","geometry":{"type":"LineString","coordinates":[[-60.60838024,-31.64135365],[-60.60707339,-31.64128896]]},"properties":{"layer":"Terraplenes y Defensas","entity_type":"LINE","handle":"278051"}},{"type":"Feature","geometry":{"type":"LineString","coordinates":[[-60.60707339,-31.64128896],[-60.60551748,-31.64119]]},"properties":{"layer":"Terraplenes y Defensas","entity_type":"LINE","handle":"278052"}},{"type":"Feature","geometry":{"type":"LineString","coordinates":[[-60.60551748,-31.64119],[-60.60439382,-31.64059264]]},"properties":{"layer":"Terraplenes y Defensas","entity_type":"LINE","handle":"278053"}},{"type":"Feature","geometry":{"type":"LineString","coordinates":[[-60.60439382,-31.64059264],[-60.60052253,-31.63837743]]},"properties":{"layer":"Terraplenes y Defensas","entity_type":"LINE","handle":"278054"}},{"type":"Feature","geometry":{"type":"LineString","coordinates":[[-60.60052253,-31.63837743],[-60.59832923,-31.63714277]]},"properties":{"layer":"Terraplenes y Defensas","entity_type":"LINE","handle":"278055"}},{"type":"Feature","geometry":{"type":"LineString","coordinates":[[-60.59832923,-31.63714277],[-60.59784914,-31.63664869]]},"properties":{"layer":"Terraplenes y Defensas","entity_type":"LINE","handle":"278056"}},{"type":"Feature","geometry":{"type":"LineString","coordinates":[[-60.59784914,-31.63664869],[-60.59705191,-31.63519889]]},"properties":{"layer":"Terraplenes y Defensas","entity_type":"LINE","handle":"278057"}},{"type":"Feature","geometry":{"type":"LineString","coordinates":[[-60.59705191,-31.63519889],[-60.5966449,-31.63418343]]},"properties":{"layer":"Terraplenes y Defensas","entity_type":"LINE","handle":"278058"}},{"type":"Feature","geometry":{"type":"LineString","coordinates":[[-60.5966449,-31.63418343],[-60.5964736,-31.63333338]]},"properties":{"layer":"Terraplenes y Defensas","entity_type":"LINE","handle":"278059"}},{"type":"Feature","geometry":{"type":"LineString","coordinates":[[-60.5964736,-31.63333338],[-60.59619489,-31.63189887]]},"properties":{"layer":"Terraplenes y Defensas","entity_type":"LINE","handle":"27805A"}},{"type":"Feature","geometry":{"type":"LineString","coordinates":[[-60.59619489,-31.63189887],[-60.59592116,-31.63124429]]},"properties":{"layer":"Terraplenes y Defensas","entity_type":"LINE","handle":"27805B"}},{"type":"Feature","geometry":{"type":"LineString","coordinates":[[-60.59592116,-31.63124429],[-60.59560869,-31.63071034]]},"properties":{"layer":"Terraplenes y Defensas","entity_type":"LINE","handle":"27805C"}},{"type":"Feature","geometry":{"type":"LineString","coordinates":[[-60.59560869,-31.63071034],[-60.594903,-31.62987538]]},"properties":{"layer":"Terraplenes y Defensas","entity_type":"LINE","handle":"27805D"}},{"type":"Feature","geometry":{"type":"LineString","coordinates":[[-60.594903,-31.62987538],[-60.59406868,-31.62838904]]},"properties":{"layer":"Terraplenes y Defensas","entity_type":"LINE","handle":"27805E"}},{"type":"Feature","geometry":{"type":"LineString","coordinates":[[-60.59406868,-31.62838904],[-60.59362624,-31.62733996]]},"properties":{"layer":"Terraplenes y Defensas","entity_type":"LINE","handle":"27805F"}},{"type":"Feature","geometry":{"type":"LineString","coordinates":[[-60.59362624,-31.62733996],[-60.5931707,-31.6266768]]},"properties":{"layer":"Terraplenes y Defensas","entity_type":"LINE","handle":"278060"}},{"type":"Feature","geometry":{"type":"LineString","coordinates":[[-60.5931707,-31.6266768],[-60.59206895,-31.62603933]]},"properties":{"layer":"Terraplenes y Defensas","entity_type":"LINE","handle":"278061"}},{"type":"Feature","geometry":{"type":"LineString","coordinates":[[-60.59206895,-31.62603933],[-60.59052285,-31.62505726]]},"properties":{"layer":"Terraplenes y Defensas","entity_type":"LINE","handle":"278062"}},{"type":"Feature","geometry":{"type":"LineString","coordinates":[[-60.59052285,-31.62505726],[-60.58961729,-31.62459575]]},"properties":{"layer":"Terraplenes y Defensas","entity_type":"LINE","handle":"278063"}},{"type":"Feature","geometry":{"type":"LineString","coordinates":[[-60.58961729,-31.62459575],[-60.58878862,-31.62398752]]},"properties":{"layer":"Terraplenes y Defensas","entity_type":"LINE","handle":"278064"}},{"type":"Feature","geometry":{"type":"LineString","coordinates":[[-60.58878862,-31.62398752],[-60.58835393,-31.62359821]]},"properties":{"layer":"Terraplenes y Defensas","entity_type":"LINE","handle":"278065"}},{"type":"Feature","geometry":{"type":"LineString","coordinates":[[-60.58835393,-31.62359821],[-60.5877549,-31.62294114]]},"properties":{"layer":"Terraplenes y Defensas","entity_type":"LINE","handle":"278066"}},{"type":"Feature","geometry":{"type":"LineString","coordinates":[[-60.5877549,-31.62294114],[-60.58724736,-31.62231005]]},"properties":{"layer":"Terraplenes y Defensas","entity_type":"LINE","handle":"278067"}},{"type":"Feature","geometry":{"type":"LineString","coordinates":[[-60.58724736,-31.62231005],[-60.58707493,-31.62211126]]},"properties":{"layer":"Terraplenes y Defensas","entity_type":"LINE","handle":"278068"}},{"type":"Feature","geometry":{"type":"LineString","coordinates":[[-60.58707493,-31.62211126],[-60.58707367,-31.62191168]]},"properties":{"layer":"Terraplenes y Defensas","entity_type":"LINE","handle":"278069"}},{"type":"Feature","geometry":{"type":"LineString","coordinates":[[-60.58707367,-31.62191168],[-60.58678796,-31.62102152]]},"properties":{"layer":"Terraplenes y Defensas","entity_type":"LINE","handle":"27806A"}},{"type":"Feature","geometry":{"type":"LineString","coordinates":[[-60.58678796,-31.62102152],[-60.58644252,-31.6205308]]},"properties":{"layer":"Terraplenes y Defensas","entity_type":"LINE","handle":"27806B"}},{"type":"Feature","geometry":{"type":"LineString","coordinates":[[-60.58644252,-31.6205308],[-60.58610863,-31.61940136]]},"properties":{"layer":"Terraplenes y Defensas","entity_type":"LINE","handle":"27806C"}},{"type":"Feature","geometry":{"type":"LineString","coordinates":[[-60.58610863,-31.61940136],[-60.58572782,-31.61823221]]},"properties":{"layer":"Terraplenes y Defensas","entity_type":"LINE","handle":"27806D"}},{"type":"Feature","geometry":{"type":"LineString","coordinates":[[-60.58572782,-31.61823221],[-60.584146,-31.6161373]]},"properties":{"layer":"Terraplenes y Defensas","entity_type":"LINE","handle":"27806E"}},{"type":"Feature","geometry":{"type":"LineString","coordinates":[[-60.6407922,-31.63996576],[-60.64131024,-31.64212775]]},"properties":{"layer":"Terraplenes y Defensas","entity_type":"LINE","handle":"27807F"}},{"type":"Feature","geometry":{"type":"LineString","coordinates":[[-60.64131024,-31.64212775],[-60.64174131,-31.64351525]]},"properties":{"layer":"Terraplenes y Defensas","entity_type":"LINE","handle":"278080"}},{"type":"Feature","geometry":{"type":"LineString","coordinates":[[-60.64161386,-31.64361579],[-60.64129457,-31.64350454]]},"properties":{"layer":"Terraplenes y Defensas","entity_type":"LINE","handle":"278081"}},{"type":"Feature","geometry":{"type":"LineString","coordinates":[[-60.64129457,-31.64350454],[-60.64107139,-31.64341577]]},"properties":{"layer":"Terraplenes y Defensas","entity_type":"LINE","handle":"278082"}},{"type":"Feature","geometry":{"type":"LineString","coordinates":[[-60.64107139,-31.64341577],[-60.64084048,-31.64344986]]},"properties":{"layer":"Terraplenes y Defensas","entity_type":"LINE","handle":"278083"}},{"type":"Feature","geometry":{"type":"LineString","coordinates":[[-60.64084048,-31.64344986],[-60.64083586,-31.64377106]]},"properties":{"layer":"Terraplenes y Defensas","entity_type":"LINE","handle":"278084"}},{"type":"Feature","geometry":{"type":"LineString","coordinates":[[-60.64083586,-31.64377106],[-60.64083124,-31.64392661]]},"properties":{"layer":"Terraplenes y Defensas","entity_type":"LINE","handle":"278085"}},{"type":"Feature","geometry":{"type":"LineString","coordinates":[[-60.63984958,-31.64550169],[-60.63934729,-31.64521763]]},"properties":{"layer":"Terraplenes y Defensas","entity_type":"LINE","handle":"278089"}},{"type":"Feature","geometry":{"type":"LineString","coordinates":[[-60.63819792,-31.64162945],[-60.63844379,-31.64034792]]},"properties":{"layer":"Terraplenes y Defensas","entity_type":"LINE","handle":"27808D"}},{"type":"Feature","geometry":{"type":"LineString","coordinates":[[-60.63844379,-31.64034792],[-60.63849673,-31.63994057]]},"properties":{"layer":"Terraplenes y Defensas","entity_type":"LINE","handle":"27808E"}},{"type":"Feature","geometry":{"type":"LineString","coordinates":[[-60.63642583,-31.64020241],[-60.63657879,-31.64058042]]},"properties":{"layer":"Terraplenes y Defensas","entity_type":"LINE","handle":"278091"}},{"type":"Feature","geometry":{"type":"LineString","coordinates":[[-60.63657879,-31.64058042],[-60.63706229,-31.6417955]]},"properties":{"layer":"Terraplenes y Defensas","entity_type":"LINE","handle":"278092"}},{"type":"Feature","geometry":{"type":"LineString","coordinates":[[-60.63706229,-31.6417955],[-60.63756656,-31.64310968]]},"properties":{"layer":"Terraplenes y Defensas","entity_type":"LINE","handle":"278093"}},{"type":"Feature","geometry":{"type":"LineString","coordinates":[[-60.63756656,-31.64310968],[-60.63775396,-31.64356868]]},"properties":{"layer":"Terraplenes y Defensas","entity_type":"LINE","handle":"278094"}},{"type":"Feature","geometry":{"type":"LineString","coordinates":[[-60.63775396,-31.64356868],[-60.63782648,-31.64405532]]},"properties":{"layer":"Terraplenes y Defensas","entity_type":"LINE","handle":"278095"}},{"type":"Feature","geometry":{"type":"LineString","coordinates":[[-60.63782648,-31.64405532],[-60.63782901,-31.64406693]]},"properties":{"layer":"Terraplenes y Defensas","entity_type":"LINE","handle":"278096"}},{"type":"Feature","geometry":{"type":"LineString","coordinates":[[-60.63782901,-31.64406693],[-60.63783492,-31.64409612]]},"properties":{"layer":"Terraplenes y Defensas","entity_type":"LINE","handle":"278097"}},{"type":"Feature","geometry":{"type":"LineString","coordinates":[[-60.63783492,-31.64409612],[-60.63784024,-31.64412539]]},"properties":{"layer":"Terraplenes y Defensas","entity_type":"LINE","handle":"278098"}},{"type":"Feature","geometry":{"type":"LineString","coordinates":[[-60.63784024,-31.64412539],[-60.63784496,-31.64415474]]},"properties":{"layer":"Terraplenes y Defensas","entity_type":"LINE","handle":"278099"}},{"type":"Feature","geometry":{"type":"LineString","coordinates":[[-60.63784496,-31.64415474],[-60.63784908,-31.64418415]]},"properties":{"layer":"Terraplenes y Defensas","entity_type":"LINE","handle":"27809A"}},{"type":"Feature","geometry":{"type":"LineString","coordinates":[[-60.63784908,-31.64418415],[-60.6378526,-31.64421362]]},"properties":{"layer":"Terraplenes y Defensas","entity_type":"LINE","handle":"27809B"}},{"type":"Feature","geometry":{"type":"LineString","coordinates":[[-60.6378526,-31.64421362],[-60.63785552,-31.64424314]]},"properties":{"layer":"Terraplenes y Defensas","entity_type":"LINE","handle":"27809C"}},{"type":"Feature","geometry":{"type":"LineString","coordinates":[[-60.63785552,-31.64424314],[-60.63785783,-31.64427269]]},"properties":{"layer":"Terraplenes y Defensas","entity_type":"LINE","handle":"27809D"}},{"type":"Feature","geometry":{"type":"LineString","coordinates":[[-60.63785783,-31.64427269],[-60.63785955,-31.64430228]]},"properties":{"layer":"Terraplenes y Defensas","entity_type":"LINE","handle":"27809E"}},{"type":"Feature","geometry":{"type":"LineString","coordinates":[[-60.63785955,-31.64430228],[-60.63786065,-31.64433189]]},"properties":{"layer":"Terraplenes y Defensas","entity_type":"LINE","handle":"27809F"}},{"type":"Feature","geometry":{"type":"LineString","coordinates":[[-60.63786065,-31.64433189],[-60.63786116,-31.64436151]]},"properties":{"layer":"Terraplenes y Defensas","entity_type":"LINE","handle":"2780A0"}},{"type":"Feature","geometry":{"type":"LineString","coordinates":[[-60.63786116,-31.64436151],[-60.63786106,-31.64439113]]},"properties":{"layer":"Terraplenes y Defensas","entity_type":"LINE","handle":"2780A1"}},{"type":"Feature","geometry":{"type":"LineString","coordinates":[[-60.63786106,-31.64439113],[-60.63786036,-31.64442075]]},"properties":{"layer":"Terraplenes y Defensas","entity_type":"LINE","handle":"2780A2"}},{"type":"Feature","geometry":{"type":"LineString","coordinates":[[-60.63786036,-31.64442075],[-60.63785905,-31.64445035]]},"properties":{"layer":"Terraplenes y Defensas","entity_type":"LINE","handle":"2780A3"}},{"type":"Feature","geometry":{"type":"LineString","coordinates":[[-60.63785905,-31.64445035],[-60.63785713,-31.64447993]]},"properties":{"layer":"Terraplenes y Defensas","entity_type":"LINE","handle":"2780A4"}},{"type":"Feature","geometry":{"type":"LineString","coordinates":[[-60.63785713,-31.64447993],[-60.63785462,-31.64450948]]},"properties":{"layer":"Terraplenes y Defensas","entity_type":"LINE","handle":"2780A5"}},{"type":"Feature","geometry":{"type":"LineString","coordinates":[[-60.63785462,-31.64450948],[-60.6378515,-31.64453898]]},"properties":{"layer":"Terraplenes y Defensas","entity_type":"LINE","handle":"2780A6"}},{"type":"Feature","geometry":{"type":"LineString","coordinates":[[-60.6378515,-31.64453898],[-60.63784778,-31.64456843]]},"properties":{"layer":"Terraplenes y Defensas","entity_type":"LINE","handle":"2780A7"}},{"type":"Feature","geometry":{"type":"LineString","coordinates":[[-60.63784778,-31.64456843],[-60.63784346,-31.64459782]]},"properties":{"layer":"Terraplenes y Defensas","entity_type":"LINE","handle":"2780A8"}},{"type":"Feature","geometry":{"type":"LineString","coordinates":[[-60.63784346,-31.64459782],[-60.63783855,-31.64462715]]},"properties":{"layer":"Terraplenes y Defensas","entity_type":"LINE","handle":"2780A9"}},{"type":"Feature","geometry":{"type":"LineString","coordinates":[[-60.63783855,-31.64462715],[-60.63783303,-31.64465639]]},"properties":{"layer":"Terraplenes y Defensas","entity_type":"LINE","handle":"2780AA"}},{"type":"Feature","geometry":{"type":"LineString","coordinates":[[-60.63783303,-31.64465639],[-60.63782692,-31.64468555]]},"properties":{"layer":"Terraplenes y Defensas","entity_type":"LINE","handle":"2780AB"}},{"type":"Feature","geometry":{"type":"LineString","coordinates":[[-60.63782692,-31.64468555],[-60.63782021,-31.64471461]]},"properties":{"layer":"Terraplenes y Defensas","entity_type":"LINE","handle":"2780AC"}},{"type":"Feature","geometry":{"type":"LineString","coordinates":[[-60.63782021,-31.64471461],[-60.63781292,-31.64474357]]},"properties":{"layer":"Terraplenes y Defensas","entity_type":"LINE","handle":"2780AD"}},{"type":"Feature","geometry":{"type":"LineString","coordinates":[[-60.63781292,-31.64474357],[-60.63780503,-31.64477242]]},"properties":{"layer":"Terraplenes y Defensas","entity_type":"LINE","handle":"2780AE"}},{"type":"Feature","geometry":{"type":"LineString","coordinates":[[-60.63780503,-31.64477242],[-60.63779655,-31.64480114]]},"properties":{"layer":"Terraplenes y Defensas","entity_type":"LINE","handle":"2780AF"}},{"type":"Feature","geometry":{"type":"LineString","coordinates":[[-60.63779655,-31.64480114],[-60.6377875,-31.64482973]]},"properties":{"layer":"Terraplenes y Defensas","entity_type":"LINE","handle":"2780B0"}},{"type":"Feature","geometry":{"type":"LineString","coordinates":[[-60.6377875,-31.64482973],[-60.63777785,-31.64485818]]},"properties":{"layer":"Terraplenes y Defensas","entity_type":"LINE","handle":"2780B1"}},{"type":"Feature","geometry":{"type":"LineString","coordinates":[[-60.63777785,-31.64485818],[-60.63776763,-31.64488649]]},"properties":{"layer":"Terraplenes y Defensas","entity_type":"LINE","handle":"2780B2"}},{"type":"Feature","geometry":{"type":"LineString","coordinates":[[-60.63776763,-31.64488649],[-60.63775684,-31.64491463]]},"properties":{"layer":"Terraplenes y Defensas","entity_type":"LINE","handle":"2780B3"}},{"type":"Feature","geometry":{"type":"LineString","coordinates":[[-60.63775684,-31.64491463],[-60.63774547,-31.64494261]]},"properties":{"layer":"Terraplenes y Defensas","entity_type":"LINE","handle":"2780B4"}},{"type":"Feature","geometry":{"type":"LineString","coordinates":[[-60.63774547,-31.64494261],[-60.63773353,-31.64497042]]},"properties":{"layer":"Terraplenes y Defensas","entity_type":"LINE","handle":"2780B5"}},{"type":"Feature","geometry":{"type":"LineString","coordinates":[[-60.63773353,-31.64497042],[-60.63772103,-31.64499805]]},"properties":{"layer":"Terraplenes y Defensas","entity_type":"LINE","handle":"2780B6"}},{"type":"Feature","geometry":{"type":"LineString","coordinates":[[-60.63772103,-31.64499805],[-60.63770797,-31.64502548]]},"properties":{"layer":"Terraplenes y Defensas","entity_type":"LINE","handle":"2780B7"}},{"type":"Feature","geometry":{"type":"LineString","coordinates":[[-60.63770797,-31.64502548],[-60.63769434,-31.64505272]]},"properties":{"layer":"Terraplenes y Defensas","entity_type":"LINE","handle":"2780B8"}},{"type":"Feature","geometry":{"type":"LineString","coordinates":[[-60.63769434,-31.64505272],[-60.63768017,-31.64507974]]},"properties":{"layer":"Terraplenes y Defensas","entity_type":"LINE","handle":"2780B9"}},{"type":"Feature","geometry":{"type":"LineString","coordinates":[[-60.63768017,-31.64507974],[-60.63766544,-31.64510655]]},"properties":{"layer":"Terraplenes y Defensas","entity_type":"LINE","handle":"2780BA"}},{"type":"Feature","geometry":{"type":"LineString","coordinates":[[-60.63766544,-31.64510655],[-60.63765017,-31.64513314]]},"properties":{"layer":"Terraplenes y Defensas","entity_type":"LINE","handle":"2780BB"}},{"type":"Feature","geometry":{"type":"LineString","coordinates":[[-60.63765017,-31.64513314],[-60.63763436,-31.6451595]]},"properties":{"layer":"Terraplenes y Defensas","entity_type":"LINE","handle":"2780BC"}},{"type":"Feature","geometry":{"type":"LineString","coordinates":[[-60.63763436,-31.6451595],[-60.63761802,-31.64518561]]},"properties":{"layer":"Terraplenes y Defensas","entity_type":"LINE","handle":"2780BD"}},{"type":"Feature","geometry":{"type":"LineString","coordinates":[[-60.63761802,-31.64518561],[-60.63760114,-31.64521148]]},"properties":{"layer":"Terraplenes y Defensas","entity_type":"LINE","handle":"2780BE"}},{"type":"Feature","geometry":{"type":"LineString","coordinates":[[-60.63760114,-31.64521148],[-60.63758374,-31.64523709]]},"properties":{"layer":"Terraplenes y Defensas","entity_type":"LINE","handle":"2780BF"}},{"type":"Feature","geometry":{"type":"LineString","coordinates":[[-60.63758374,-31.64523709],[-60.63756582,-31.64526244]]},"properties":{"layer":"Terraplenes y Defensas","entity_type":"LINE","handle":"2780C0"}},{"type":"Feature","geometry":{"type":"LineString","coordinates":[[-60.63756582,-31.64526244],[-60.63754739,-31.64528752]]},"properties":{"layer":"Terraplenes y Defensas","entity_type":"LINE","handle":"2780C1"}},{"type":"Feature","geometry":{"type":"LineString","coordinates":[[-60.63754739,-31.64528752],[-60.63752844,-31.64531232]]},"properties":{"layer":"Terraplenes y Defensas","entity_type":"LINE","handle":"2780C2"}},{"type":"Feature","geometry":{"type":"LineString","coordinates":[[-60.63752844,-31.64531232],[-60.637509,-31.64533683]]},"properties":{"layer":"Terraplenes y Defensas","entity_type":"LINE","handle":"2780C3"}},{"type":"Feature","geometry":{"type":"LineString","coordinates":[[-60.637509,-31.64533683],[-60.63750843,-31.64533753]]},"properties":{"layer":"Terraplenes y Defensas","entity_type":"LINE","handle":"2780C4"}},{"type":"Feature","geometry":{"type":"LineString","coordinates":[[-60.63750843,-31.64533753],[-60.63748885,-31.64537397]]},"properties":{"layer":"Terraplenes y Defensas","entity_type":"LINE","handle":"2780C5"}},{"type":"Feature","geometry":{"type":"LineString","coordinates":[[-60.63748885,-31.64537397],[-60.63747836,-31.64539224]]},"properties":{"layer":"Terraplenes y Defensas","entity_type":"LINE","handle":"2780C6"}},{"type":"Feature","geometry":{"type":"LineString","coordinates":[[-60.63747836,-31.64539224],[-60.6374675,-31.64541034]]},"properties":{"layer":"Terraplenes y Defensas","entity_type":"LINE","handle":"2780C7"}},{"type":"Feature","geometry":{"type":"LineString","coordinates":[[-60.6374675,-31.64541034],[-60.63745627,-31.64542829]]},"properties":{"layer":"Terraplenes y Defensas","entity_type":"LINE","handle":"2780C8"}},{"type":"Feature","geometry":{"type":"LineString","coordinates":[[-60.63745627,-31.64542829],[-60.63744468,-31.64544606]]},"properties":{"layer":"Terraplenes y Defensas","entity_type":"LINE","handle":"2780C9"}},{"type":"Feature","geometry":{"type":"LineString","coordinates":[[-60.63744468,-31.64544606],[-60.63743273,-31.64546365]]},"properties":{"layer":"Terraplenes y Defensas","entity_type":"LINE","handle":"2780CA"}},{"type":"Feature","geometry":{"type":"LineString","coordinates":[[-60.63743273,-31.64546365],[-60.63742041,-31.64548106]]},"properties":{"layer":"Terraplenes y Defensas","entity_type":"LINE","handle":"2780CB"}},{"type":"Feature","geometry":{"type":"LineString","coordinates":[[-60.63742041,-31.64548106],[-60.63740775,-31.64549829]]},"properties":{"layer":"Terraplenes y Defensas","entity_type":"LINE","handle":"2780CC"}},{"type":"Feature","geometry":{"type":"LineString","coordinates":[[-60.63740775,-31.64549829],[-60.63739474,-31.64551533]]},"properties":{"layer":"Terraplenes y Defensas","entity_type":"LINE","handle":"2780CD"}},{"type":"Feature","geometry":{"type":"LineString","coordinates":[[-60.63739474,-31.64551533],[-60.63738138,-31.64553216]]},"properties":{"layer":"Terraplenes y Defensas","entity_type":"LINE","handle":"2780CE"}},{"type":"Feature","geometry":{"type":"LineString","coordinates":[[-60.63738138,-31.64553216],[-60.63736768,-31.6455488]]},"properties":{"layer":"Terraplenes y Defensas","entity_type":"LINE","handle":"2780CF"}},{"type":"Feature","geometry":{"type":"LineString","coordinates":[[-60.63736768,-31.6455488],[-60.63735364,-31.64556523]]},"properties":{"layer":"Terraplenes y Defensas","entity_type":"LINE","handle":"2780D0"}},{"type":"Feature","geometry":{"type":"LineString","coordinates":[[-60.63735364,-31.64556523],[-60.63733927,-31.64558145]]},"properties":{"layer":"Terraplenes y Defensas","entity_type":"LINE","handle":"2780D1"}},{"type":"Feature","geometry":{"type":"LineString","coordinates":[[-60.63733927,-31.64558145],[-60.63732457,-31.64559745]]},"properties":{"layer":"Terraplenes y Defensas","entity_type":"LINE","handle":"2780D2"}},{"type":"Feature","geometry":{"type":"LineString","coordinates":[[-60.63732457,-31.64559745],[-60.63730954,-31.64561323]]},"properties":{"layer":"Terraplenes y Defensas","entity_type":"LINE","handle":"2780D3"}},{"type":"Feature","geometry":{"type":"LineString","coordinates":[[-60.63730954,-31.64561323],[-60.6372942,-31.64562878]]},"properties":{"layer":"Terraplenes y Defensas","entity_type":"LINE","handle":"2780D4"}},{"type":"Feature","geometry":{"type":"LineString","coordinates":[[-60.6372942,-31.64562878],[-60.63727854,-31.6456441]]},"properties":{"layer":"Terraplenes y Defensas","entity_type":"LINE","handle":"2780D5"}},{"type":"Feature","geometry":{"type":"LineString","coordinates":[[-60.63727854,-31.6456441],[-60.63726257,-31.64565918]]},"properties":{"layer":"Terraplenes y Defensas","entity_type":"LINE","handle":"2780D6"}},{"type":"Feature","geometry":{"type":"LineString","coordinates":[[-60.63726257,-31.64565918],[-60.6372463,-31.64567403]]},"properties":{"layer":"Terraplenes y Defensas","entity_type":"LINE","handle":"2780D7"}},{"type":"Feature","geometry":{"type":"LineString","coordinates":[[-60.6372463,-31.64567403],[-60.63722972,-31.64568862]]},"properties":{"layer":"Terraplenes y Defensas","entity_type":"LINE","handle":"2780D8"}},{"type":"Feature","geometry":{"type":"LineString","coordinates":[[-60.63722972,-31.64568862],[-60.63721285,-31.64570297]]},"properties":{"layer":"Terraplenes y Defensas","entity_type":"LINE","handle":"2780D9"}},{"type":"Feature","geometry":{"type":"LineString","coordinates":[[-60.63721285,-31.64570297],[-60.63719569,-31.64571707]]},"properties":{"layer":"Terraplenes y Defensas","entity_type":"LINE","handle":"2780DA"}},{"type":"Feature","geometry":{"type":"LineString","coordinates":[[-60.63719569,-31.64571707],[-60.63717825,-31.6457309]]},"properties":{"layer":"Terraplenes y Defensas","entity_type":"LINE","handle":"2780DB"}},{"type":"Feature","geometry":{"type":"LineString","coordinates":[[-60.63717825,-31.6457309],[-60.63716052,-31.64574448]]},"properties":{"layer":"Terraplenes y Defensas","entity_type":"LINE","handle":"2780DC"}},{"type":"Feature","geometry":{"type":"LineString","coordinates":[[-60.63716052,-31.64574448],[-60.63714252,-31.64575778]]},"properties":{"layer":"Terraplenes y Defensas","entity_type":"LINE","handle":"2780DD"}},{"type":"Feature","geometry":{"type":"LineString","coordinates":[[-60.63714252,-31.64575778],[-60.63712426,-31.64577082]]},"properties":{"layer":"Terraplenes y Defensas","entity_type":"LINE","handle":"2780DE"}},{"type":"Feature","geometry":{"type":"LineString","coordinates":[[-60.63712426,-31.64577082],[-60.63710573,-31.64578358]]},"properties":{"layer":"Terraplenes y Defensas","entity_type":"LINE","handle":"2780DF"}},{"type":"Feature","geometry":{"type":"LineString","coordinates":[[-60.63710573,-31.64578358],[-60.63708694,-31.64579606]]},"properties":{"layer":"Terraplenes y Defensas","entity_type":"LINE","handle":"2780E0"}},{"type":"Feature","geometry":{"type":"LineString","coordinates":[[-60.63708694,-31.64579606],[-60.6370679,-31.64580826]]},"properties":{"layer":"Terraplenes y Defensas","entity_type":"LINE","handle":"2780E1"}},{"type":"Feature","geometry":{"type":"LineString","coordinates":[[-60.6370679,-31.64580826],[-60.63704861,-31.64582018]]},"properties":{"layer":"Terraplenes y Defensas","entity_type":"LINE","handle":"2780E2"}},{"type":"Feature","geometry":{"type":"LineString","coordinates":[[-60.63704861,-31.64582018],[-60.63702908,-31.6458318]]},"properties":{"layer":"Terraplenes y Defensas","entity_type":"LINE","handle":"2780E3"}},{"type":"Feature","geometry":{"type":"LineString","coordinates":[[-60.63702908,-31.6458318],[-60.63700932,-31.64584313]]},"properties":{"layer":"Terraplenes y Defensas","entity_type":"LINE","handle":"2780E4"}},{"type":"Feature","geometry":{"type":"LineString","coordinates":[[-60.63700932,-31.64584313],[-60.63698934,-31.64585417]]},"properties":{"layer":"Terraplenes y Defensas","entity_type":"LINE","handle":"2780E5"}},{"type":"Feature","geometry":{"type":"LineString","coordinates":[[-60.63698934,-31.64585417],[-60.63696913,-31.6458649]]},"properties":{"layer":"Terraplenes y Defensas","entity_type":"LINE","handle":"2780E6"}},{"type":"Feature","geometry":{"type":"LineString","coordinates":[[-60.63696913,-31.6458649],[-60.6369487,-31.64587533]]},"properties":{"layer":"Terraplenes y Defensas","entity_type":"LINE","handle":"2780E7"}},{"type":"Feature","geometry":{"type":"LineString","coordinates":[[-60.6369487,-31.64587533],[-60.63692806,-31.64588546]]},"properties":{"layer":"Terraplenes y Defensas","entity_type":"LINE","handle":"2780E8"}},{"type":"Feature","geometry":{"type":"LineString","coordinates":[[-60.63692806,-31.64588546],[-60.63690722,-31.64589527]]},"properties":{"layer":"Terraplenes y Defensas","entity_type":"LINE","handle":"2780E9"}},{"type":"Feature","geometry":{"type":"LineString","coordinates":[[-60.63690722,-31.64589527],[-60.63688619,-31.64590477]]},"properties":{"layer":"Terraplenes y Defensas","entity_type":"LINE","handle":"2780EA"}},{"type":"Feature","geometry":{"type":"LineString","coordinates":[[-60.63688619,-31.64590477],[-60.63686496,-31.64591396]]},"properties":{"layer":"Terraplenes y Defensas","entity_type":"LINE","handle":"2780EB"}},{"type":"Feature","geometry":{"type":"LineString","coordinates":[[-60.63686496,-31.64591396],[-60.63684355,-31.64592283]]},"properties":{"layer":"Terraplenes y Defensas","entity_type":"LINE","handle":"2780EC"}},{"type":"Feature","geometry":{"type":"LineString","coordinates":[[-60.63684355,-31.64592283],[-60.63682196,-31.64593137]]},"properties":{"layer":"Terraplenes y Defensas","entity_type":"LINE","handle":"2780ED"}},{"type":"Feature","geometry":{"type":"LineString","coordinates":[[-60.63682196,-31.64593137],[-60.6368002,-31.6459396]]},"properties":{"layer":"Terraplenes y Defensas","entity_type":"LINE","handle":"2780EE"}},{"type":"Feature","geometry":{"type":"LineString","coordinates":[[-60.6368002,-31.6459396],[-60.63677827,-31.64594749]]},"properties":{"layer":"Terraplenes y Defensas","entity_type":"LINE","handle":"2780EF"}},{"type":"Feature","geometry":{"type":"LineString","coordinates":[[-60.63677827,-31.64594749],[-60.63675619,-31.64595506]]},"properties":{"layer":"Terraplenes y Defensas","entity_type":"LINE","handle":"2780F0"}},{"type":"Feature","geometry":{"type":"LineString","coordinates":[[-60.63675619,-31.64595506],[-60.63673396,-31.6459623]]},"properties":{"layer":"Terraplenes y Defensas","entity_type":"LINE","handle":"2780F1"}},{"type":"Feature","geometry":{"type":"LineString","coordinates":[[-60.63673396,-31.6459623],[-60.63671158,-31.64596921]]},"properties":{"layer":"Terraplenes y Defensas","entity_type":"LINE","handle":"2780F2"}},{"type":"Feature","geometry":{"type":"LineString","coordinates":[[-60.63671158,-31.64596921],[-60.63668906,-31.64597578]]},"properties":{"layer":"Terraplenes y Defensas","entity_type":"LINE","handle":"2780F3"}},{"type":"Feature","geometry":{"type":"LineString","coordinates":[[-60.63668906,-31.64597578],[-60.63666642,-31.64598201]]},"properties":{"layer":"Terraplenes y Defensas","entity_type":"LINE","handle":"2780F4"}},{"type":"Feature","geometry":{"type":"LineString","coordinates":[[-60.63666642,-31.64598201],[-60.63664365,-31.6459879]]},"properties":{"layer":"Terraplenes y Defensas","entity_type":"LINE","handle":"2780F5"}},{"type":"Feature","geometry":{"type":"LineString","coordinates":[[-60.63664365,-31.6459879],[-60.63662076,-31.64599346]]},"properties":{"layer":"Terraplenes y Defensas","entity_type":"LINE","handle":"2780F6"}},{"type":"Feature","geometry":{"type":"LineString","coordinates":[[-60.63662076,-31.64599346],[-60.63659777,-31.64599867]]},"properties":{"layer":"Terraplenes y Defensas","entity_type":"LINE","handle":"2780F7"}},{"type":"Feature","geometry":{"type":"LineString","coordinates":[[-60.63659777,-31.64599867],[-60.63657467,-31.64600353]]},"properties":{"layer":"Terraplenes y Defensas","entity_type":"LINE","handle":"2780F8"}},{"type":"Feature","geometry":{"type":"LineString","coordinates":[[-60.63657467,-31.64600353],[-60.63655147,-31.64600805]]},"properties":{"layer":"Terraplenes y Defensas","entity_type":"LINE","handle":"2780F9"}},{"type":"Feature","geometry":{"type":"LineString","coordinates":[[-60.63655147,-31.64600805],[-60.63652819,-31.64601223]]},"properties":{"layer":"Terraplenes y Defensas","entity_type":"LINE","handle":"2780FA"}},{"type":"Feature","geometry":{"type":"LineString","coordinates":[[-60.63652819,-31.64601223],[-60.63650482,-31.64601605]]},"properties":{"layer":"Terraplenes y Defensas","entity_type":"LINE","handle":"2780FB"}},{"type":"Feature","geometry":{"type":"LineString","coordinates":[[-60.63650482,-31.64601605],[-60.63648139,-31.64601953]]},"properties":{"layer":"Terraplenes y Defensas","entity_type":"LINE","handle":"2780FC"}},{"type":"Feature","geometry":{"type":"LineString","coordinates":[[-60.63648139,-31.64601953],[-60.63645788,-31.64602265]]},"properties":{"layer":"Terraplenes y Defensas","entity_type":"LINE","handle":"2780FD"}},{"type":"Feature","geometry":{"type":"LineString","coordinates":[[-60.63645788,-31.64602265],[-60.63643431,-31.64602543]]},"properties":{"layer":"Terraplenes y Defensas","entity_type":"LINE","handle":"2780FE"}},{"type":"Feature","geometry":{"type":"LineString","coordinates":[[-60.63643431,-31.64602543],[-60.63641069,-31.64602785]]},"properties":{"layer":"Terraplenes y Defensas","entity_type":"LINE","handle":"2780FF"}},{"type":"Feature","geometry":{"type":"LineString","coordinates":[[-60.63641069,-31.64602785],[-60.63638703,-31.64602992]]},"properties":{"layer":"Terraplenes y Defensas","entity_type":"LINE","handle":"278100"}},{"type":"Feature","geometry":{"type":"LineString","coordinates":[[-60.63638703,-31.64602992],[-60.63636332,-31.64603163]]},"properties":{"layer":"Terraplenes y Defensas","entity_type":"LINE","handle":"278101"}},{"type":"Feature","geometry":{"type":"LineString","coordinates":[[-60.63636332,-31.64603163],[-60.63633959,-31.64603299]]},"properties":{"layer":"Terraplenes y Defensas","entity_type":"LINE","handle":"278102"}},{"type":"Feature","geometry":{"type":"LineString","coordinates":[[-60.63633959,-31.64603299],[-60.63631583,-31.646034]]},"properties":{"layer":"Terraplenes y Defensas","entity_type":"LINE","handle":"278103"}},{"type":"Feature","geometry":{"type":"LineString","coordinates":[[-60.63631583,-31.646034],[-60.63629205,-31.64603465]]},"properties":{"layer":"Terraplenes y Defensas","entity_type":"LINE","handle":"278104"}},{"type":"Feature","geometry":{"type":"LineString","coordinates":[[-60.63629205,-31.64603465],[-60.63626826,-31.64603494]]},"properties":{"layer":"Terraplenes y Defensas","entity_type":"LINE","handle":"278105"}},{"type":"Feature","geometry":{"type":"LineString","coordinates":[[-60.63626826,-31.64603494],[-60.63624447,-31.64603489]]},"properties":{"layer":"Terraplenes y Defensas","entity_type":"LINE","handle":"278106"}},{"type":"Feature","geometry":{"type":"LineString","coordinates":[[-60.63624447,-31.64603489],[-60.63622069,-31.64603447]]},"properties":{"layer":"Terraplenes y Defensas","entity_type":"LINE","handle":"278107"}},{"type":"Feature","geometry":{"type":"LineString","coordinates":[[-60.63622069,-31.64603447],[-60.63619692,-31.6460337]]},"properties":{"layer":"Terraplenes y Defensas","entity_type":"LINE","handle":"278108"}},{"type":"Feature","geometry":{"type":"LineString","coordinates":[[-60.63619692,-31.6460337],[-60.63617317,-31.64603258]]},"properties":{"layer":"Terraplenes y Defensas","entity_type":"LINE","handle":"278109"}},{"type":"Feature","geometry":{"type":"LineString","coordinates":[[-60.63617317,-31.64603258],[-60.63614944,-31.6460311]]},"properties":{"layer":"Terraplenes y Defensas","entity_type":"LINE","handle":"27810A"}},{"type":"Feature","geometry":{"type":"LineString","coordinates":[[-60.63614944,-31.6460311],[-60.63612575,-31.64602927]]},"properties":{"layer":"Terraplenes y Defensas","entity_type":"LINE","handle":"27810B"}},{"type":"Feature","geometry":{"type":"LineString","coordinates":[[-60.63612575,-31.64602927],[-60.63613213,-31.6460298]]},"properties":{"layer":"Terraplenes y Defensas","entity_type":"LINE","handle":"27810C"}},{"type":"Feature","geometry":{"type":"LineString","coordinates":[[-60.63613213,-31.6460298],[-60.63477117,-31.64600952]]},"properties":{"layer":"Terraplenes y Defensas","entity_type":"LINE","handle":"27810D"}},{"type":"Feature","geometry":{"type":"LineString","coordinates":[[-60.63477117,-31.64600952],[-60.63315827,-31.64601753]]},"properties":{"layer":"Terraplenes y Defensas","entity_type":"LINE","handle":"27810E"}},{"type":"Feature","geometry":{"type":"LineString","coordinates":[[-60.63315827,-31.64601753],[-60.63192458,-31.64597855]]},"properties":{"layer":"Terraplenes y Defensas","entity_type":"LINE","handle":"27810F"}},{"type":"Feature","geometry":{"type":"LineString","coordinates":[[-60.63192458,-31.64597855],[-60.6299613,-31.64561849]]},"properties":{"layer":"Terraplenes y Defensas","entity_type":"LINE","handle":"278110"}},{"type":"Feature","geometry":{"type":"LineString","coordinates":[[-60.6299613,-31.64561849],[-60.62901175,-31.64550594]]},"properties":{"layer":"Terraplenes y Defensas","entity_type":"LINE","handle":"278111"}},{"type":"Feature","geometry":{"type":"LineString","coordinates":[[-60.62901175,-31.64550594],[-60.62890621,-31.64548842]]},"properties":{"layer":"Terraplenes y Defensas","entity_type":"LINE","handle":"278112"}},{"type":"Feature","geometry":{"type":"LineString","coordinates":[[-60.62890621,-31.64548842],[-60.62710223,-31.64529889]]},"properties":{"layer":"Terraplenes y Defensas","entity_type":"LINE","handle":"278113"}},{"type":"Feature","geometry":{"type":"LineString","coordinates":[[-60.6248978,-31.64512933],[-60.62300689,-31.6449051]]},"properties":{"layer":"Terraplenes y Defensas","entity_type":"LINE","handle":"278114"}},{"type":"Feature","geometry":{"type":"LineString","coordinates":[[-60.62710223,-31.64529889],[-60.6248978,-31.64512933]]},"properties":{"layer":"Terraplenes y Defensas","entity_type":"LINE","handle":"2782D0"}},{"type":"Feature","geometry":{"type":"LineString","coordinates":[[-60.636293,-31.59261629],[-60.63419665,-31.59262672]]},"properties":{"layer":"Terraplenes y Defensas","entity_type":"LINE","handle":"2A3F43"}},{"type":"Feature","geometry":{"type":"LineString","coordinates":[[-60.7016487,-31.66155853],[-60.7017205,-31.66188101]]},"properties":{"layer":"Terraplenes y Defensas","entity_type":"LINE","handle":"34DBAE"}},{"type":"Feature","geometry":{"type":"LineString","coordinates":[[-60.67590083,-31.61898486],[-60.67607139,-31.61915785]]},"properties":{"layer":"Terraplenes y Defensas","entity_type":"LINE","handle":"39E53B"}},{"type":"Feature","geometry":{"type":"LineString","coordinates":[[-60.67607139,-31.61915785],[-60.67621476,-31.61933291]]},"properties":{"layer":"Terraplenes y Defensas","entity_type":"LINE","handle":"39E53C"}},{"type":"Feature","geometry":{"type":"LineString","coordinates":[[-60.67621476,-31.61933291],[-60.67634026,-31.61951773]]},"properties":{"layer":"Terraplenes y Defensas","entity_type":"LINE","handle":"39E53D"}},{"type":"Feature","geometry":{"type":"LineString","coordinates":[[-60.67634026,-31.61951773],[-60.67644701,-31.619711]]},"properties":{"layer":"Terraplenes y Defensas","entity_type":"LINE","handle":"39E53E"}},{"type":"Feature","geometry":{"type":"LineString","coordinates":[[-60.67644701,-31.619711],[-60.67660128,-31.62011722]]},"properties":{"layer":"Terraplenes y Defensas","entity_type":"LINE","handle":"39E53F"}},{"type":"Feature","geometry":{"type":"LineString","coordinates":[[-60.67684873,-31.62114686],[-60.67706829,-31.62175623]]},"properties":{"layer":"Terraplenes y Defensas","entity_type":"LINE","handle":"39EB88"}},{"type":"Feature","geometry":{"type":"LineString","coordinates":[[-60.67785376,-31.62324055],[-60.6778948,-31.62332214],[-60.67793395,-31.62340441],[-60.67797121,-31.62348732],[-60.67800655,-31.62357085],[-60.67803995,-31.62365495],[-60.67807142,-31.62373961],[-60.67810093,-31.62382477],[-60.67812848,-31.62391042]]},"properties":{"layer":"Terraplenes y Defensas","entity_type":"ARC","handle":"39F1CE","radius_m_drawing_units":499.9999999322346,"start_angle":156.5036388885937,"end_angle":165.5336166676834}},{"type":"Feature","geometry":{"type":"LineString","coordinates":[[-60.67812848,-31.62391042],[-60.67835096,-31.62478238]]},"properties":{"layer":"Terraplenes y Defensas","entity_type":"LINE","handle":"39F1CF"}},{"type":"Feature","geometry":{"type":"LineString","coordinates":[[-60.67812585,-31.62853019],[-60.67815449,-31.62844444],[-60.67818631,-31.62835952],[-60.67822126,-31.6282755],[-60.67825932,-31.62819248],[-60.67830045,-31.62811054],[-60.6783446,-31.62802976],[-60.67839173,-31.62795022],[-60.6784418,-31.627872]]},"properties":{"layer":"Terraplenes y Defensas","entity_type":"ARC","handle":"39F623","radius_m_drawing_units":310.8245201440773,"start_angle":15.39337913199019,"end_angle":29.97671013936945}},{"type":"Feature","geometry":{"type":"LineString","coordinates":[[-60.67806798,-31.62894689],[-60.67806844,-31.6288943],[-60.67807084,-31.62884175],[-60.67807519,-31.62878929],[-60.67808148,-31.62873697],[-60.6780897,-31.62868485],[-60.67809984,-31.62863298],[-60.6781119,-31.62858141],[-60.67812585,-31.62853019]]},"properties":{"layer":"Terraplenes y Defensas","entity_type":"ARC","handle":"39F624","radius_m_drawing_units":184.2473052299852,"start_angle":359.8784113887834,"end_angle":14.38710805705857}},{"type":"Feature","geometry":{"type":"LineString","coordinates":[[-60.67777544,-31.62979594],[-60.67806777,-31.62950778]]},"properties":{"layer":"Terraplenes y Defensas","entity_type":"LINE","handle":"39FC6F"}},{"type":"Feature","geometry":{"type":"LineString","coordinates":[[-60.67806055,-31.62937953],[-60.67806098,-31.62932501],[-60.67806154,-31.62927048],[-60.67806225,-31.62921596],[-60.67806311,-31.62916143],[-60.6780641,-31.62910691],[-60.67806524,-31.62905239],[-60.67806652,-31.62899788],[-60.67806795,-31.62894336]]},"properties":{"layer":"Terraplenes y Defensas","entity_type":"ARC","handle":"39FC70","radius_m_drawing_units":2699.8455639862,"start_angle":0.6736172544056634,"end_angle":1.700133695257901}},{"type":"Feature","geometry":{"type":"LineString","coordinates":[[-60.67806777,-31.62950778],[-60.67806556,-31.62949182],[-60.67806372,-31.62947583],[-60.67806226,-31.62945982],[-60.67806117,-31.62944378],[-60.67806045,-31.62942772],[-60.67806011,-31.62941166],[-60.67806014,-31.62939559],[-60.67806055,-31.62937953]]},"properties":{"layer":"Terraplenes y Defensas","entity_type":"ARC","handle":"39FC71","radius_m_drawing_units":89.26680223669666,"start_angle":353.0236322051124,"end_angle":2.171498188933813}},{"type":"Feature","geometry":{"type":"LineString","coordinates":[[-60.68219277,-31.63862994],[-60.68238081,-31.6390053]]},"properties":{"layer":"Terraplenes y Defensas","entity_type":"LINE","handle":"39FC75"}},{"type":"Feature","geometry":{"type":"LineString","coordinates":[[-60.6829288,-31.63999295],[-60.68299919,-31.64026111]]},"properties":{"layer":"Terraplenes y Defensas","entity_type":"LINE","handle":"39FE88"}},{"type":"Feature","geometry":{"type":"LineString","coordinates":[[-60.68315854,-31.6405149],[-60.68328833,-31.64075461]]},"properties":{"layer":"Terraplenes y Defensas","entity_type":"LINE","handle":"39FE8C"}},{"type":"Feature","geometry":{"type":"LineString","coordinates":[[-60.67974836,-31.64083106],[-60.67972532,-31.64080225],[-60.6797064,-31.64077132],[-60.67969186,-31.64073871],[-60.6796819,-31.64070486],[-60.67967667,-31.64067024],[-60.67967623,-31.64063534],[-60.67968059,-31.64060063],[-60.67968969,-31.64056661],[-60.67970341,-31.64053373]]},"properties":{"layer":"Terraplenes y Defensas","entity_type":"ARC","handle":"3A00BD","radius_m_drawing_units":32.85647976348591,"start_angle":322.5962007263115,"end_angle":23.37718755661083}},{"type":"Feature","geometry":{"type":"LineString","coordinates":[[-60.68328833,-31.64075461],[-60.6837995,-31.64169816]]},"properties":{"layer":"Terraplenes y Defensas","entity_type":"LINE","handle":"3A02D1"}},{"type":"Feature","geometry":{"type":"LineString","coordinates":[[-60.68390101,-31.64173075],[-60.68389072,-31.64173322],[-60.68388014,-31.64173456],[-60.68386945,-31.64173475],[-60.68385882,-31.64173378],[-60.68384842,-31.64173167],[-60.68383841,-31.64172846],[-60.68382895,-31.64172419],[-60.6838202,-31.64171893],[-60.68381229,-31.64171277],[-60.68380536,-31.64170581],[-60.6837995,-31.64169816]]},"properties":{"layer":"Terraplenes y Defensas","entity_type":"ARC","handle":"3A04EA","radius_m_drawing_units":8.025627659823222,"start_angle":251.080277660078,"end_angle":330.7828574673342}},{"type":"Feature","geometry":{"type":"LineString","coordinates":[[-60.68390101,-31.64173075],[-60.68396449,-31.64182094]]},"properties":{"layer":"Terraplenes y Defensas","entity_type":"LINE","handle":"3A04ED"}},{"type":"Feature","geometry":{"type":"LineString","coordinates":[[-60.68396449,-31.64182094],[-60.68429598,-31.64210203]]},"properties":{"layer":"Terraplenes y Defensas","entity_type":"LINE","handle":"3A04EE"}},{"type":"Feature","geometry":{"type":"LineString","coordinates":[[-60.68429598,-31.64210203],[-60.68459313,-31.64234389]]},"properties":{"layer":"Terraplenes y Defensas","entity_type":"LINE","handle":"3A04EF"}},{"type":"Feature","geometry":{"type":"LineString","coordinates":[[-60.68450668,-31.64248675],[-60.68450413,-31.64247111],[-60.68450385,-31.64245531],[-60.68450585,-31.64243961],[-60.68451008,-31.64242423],[-60.68451649,-31.64240942],[-60.68452498,-31.64239539],[-60.68453542,-31.64238236],[-60.68454765,-31.64237052],[-60.68456149,-31.64236007],[-60.68457672,-31.64235114],[-60.68459313,-31.64234389]]},"properties":{"layer":"Terraplenes y Defensas","entity_type":"ARC","handle":"3A04F4","radius_m_drawing_units":14.22822735745407,"start_angle":348.9088975068649,"end_angle":66.54834632569742}},{"type":"Feature","geometry":{"type":"LineString","coordinates":[[-60.68450668,-31.64248675],[-60.68456414,-31.64265788]]},"properties":{"layer":"Terraplenes y Defensas","entity_type":"LINE","handle":"3A04F5"}},{"type":"Feature","geometry":{"type":"LineString","coordinates":[[-60.68456414,-31.64265788],[-60.68473066,-31.64261683]]},"properties":{"layer":"Terraplenes y Defensas","entity_type":"LINE","handle":"3A04F6"}},{"type":"Feature","geometry":{"type":"LineString","coordinates":[[-60.68473066,-31.64261683],[-60.68478932,-31.64267634]]},"properties":{"layer":"Terraplenes y Defensas","entity_type":"LINE","handle":"3A04F7"}},{"type":"Feature","geometry":{"type":"LineString","coordinates":[[-60.68478932,-31.64267634],[-60.68485764,-31.64290801]]},"properties":{"layer":"Terraplenes y Defensas","entity_type":"LINE","handle":"3A04F8"}},{"type":"Feature","geometry":{"type":"LineString","coordinates":[[-60.68485764,-31.64290801],[-60.68503438,-31.64287262]]},"properties":{"layer":"Terraplenes y Defensas","entity_type":"LINE","handle":"3A04F9"}},{"type":"Feature","geometry":{"type":"LineString","coordinates":[[-60.68503438,-31.64287262],[-60.68529583,-31.64300333]]},"properties":{"layer":"Terraplenes y Defensas","entity_type":"LINE","handle":"3A04FA"}},{"type":"Feature","geometry":{"type":"LineString","coordinates":[[-60.68529583,-31.64300333],[-60.68904737,-31.64572347]]},"properties":{"layer":"Terraplenes y Defensas","entity_type":"LINE","handle":"3A04FB"}},{"type":"Feature","geometry":{"type":"LineString","coordinates":[[-60.69608836,-31.65084939],[-60.70014209,-31.65541505]]},"properties":{"layer":"Terraplenes y Defensas","entity_type":"LINE","handle":"3A0508"}},{"type":"Feature","geometry":{"type":"LineString","coordinates":[[-60.70006057,-31.6543571],[-60.70023613,-31.65538122]]},"properties":{"layer":"Terraplenes y Defensas","entity_type":"LINE","handle":"3A0509"}},{"type":"Feature","geometry":{"type":"LineString","coordinates":[[-60.70006057,-31.6543571],[-60.69813147,-31.6479775]]},"properties":{"layer":"Terraplenes y Defensas","entity_type":"LINE","handle":"3A050A"}},{"type":"Feature","geometry":{"type":"LineString","coordinates":[[-60.69813147,-31.6479775],[-60.69995107,-31.64757614]]},"properties":{"layer":"Terraplenes y Defensas","entity_type":"LINE","handle":"3A050B"}},{"type":"Feature","geometry":{"type":"LineString","coordinates":[[-60.69995107,-31.64757614],[-60.70169244,-31.6533527]]},"properties":{"layer":"Terraplenes y Defensas","entity_type":"LINE","handle":"3A050C"}},{"type":"Feature","geometry":{"type":"LineString","coordinates":[[-60.70023616,-31.65538169],[-60.70023664,-31.6553873],[-60.70023629,-31.65539292],[-60.70023512,-31.65539846],[-60.70023316,-31.65540384],[-60.70023043,-31.65540896],[-60.70022697,-31.65541375],[-60.70022285,-31.65541813],[-60.70021811,-31.65542205],[-60.70021285,-31.65542542],[-60.70020713,-31.65542821],[-60.70020105,-31.65543037],[-60.7001947,-31.65543186],[-60.70018819,-31.65543266],[-60.70018161,-31.65543277],[-60.70017507,-31.65543217],[-60.70016866,-31.65543088],[-60.70016249,-31.65542891],[-60.70015666,-31.6554263],[-60.70015125,-31.6554231],[-60.70014635,-31.65541934],[-60.70014204,-31.65541508]]},"properties":{"layer":"Terraplenes y Defensas","entity_type":"ARC","handle":"3A0936","radius_m_drawing_units":4.999107319408546,"start_angle":172.6660142926669,"end_angle":323.0097990450664}},{"type":"Feature","geometry":{"type":"LineString","coordinates":[[-60.70169244,-31.6533527],[-60.70170002,-31.65338695],[-60.70170238,-31.65342176],[-60.70169949,-31.65345654],[-60.7016914,-31.65349071],[-60.70167823,-31.6535237],[-60.70166021,-31.65355498],[-60.70163763,-31.65358401],[-60.70161088,-31.65361031]]},"properties":{"layer":"Terraplenes y Defensas","entity_type":"ARC","handle":"3A0D67","radius_m_drawing_units":29.99043291704661,"start_angle":165.9570985646716,"end_angle":225.0866215003938}},{"type":"Feature","geometry":{"type":"LineString","coordinates":[[-60.7015968,-31.65365129],[-60.70159577,-31.65364602],[-60.70159551,-31.65364067],[-60.70159602,-31.65363534],[-60.70159729,-31.65363011],[-60.7015993,-31.65362504],[-60.70160202,-31.65362023],[-60.70160541,-31.65361573],[-60.70160942,-31.65361163]]},"properties":{"layer":"Terraplenes y Defensas","entity_type":"ARC","handle":"3A0D68","radius_m_drawing_units":4.828046777280116,"start_angle":347.4196756584063,"end_angle":43.75789766033866}},{"type":"Feature","geometry":{"type":"LineString","coordinates":[[-60.7015968,-31.65365129],[-60.70164192,-31.65380247]]},"properties":{"layer":"Terraplenes y Defensas","entity_type":"LINE","handle":"3A0D69"}},{"type":"Feature","geometry":{"type":"LineString","coordinates":[[-60.70172675,-31.65382352],[-60.70172154,-31.65382691],[-60.70171588,-31.65382971],[-60.70170986,-31.6538319],[-60.70170356,-31.65383343],[-60.7016971,-31.65383428],[-60.70169056,-31.65383443],[-60.70168405,-31.6538339],[-60.70167766,-31.65383268],[-60.70167151,-31.65383079],[-60.70166567,-31.65382826],[-60.70166024,-31.65382513],[-60.70165531,-31.65382145],[-60.70165095,-31.65381728],[-60.70164723,-31.65381268],[-60.70164421,-31.65380772],[-60.70164192,-31.65380247]]},"properties":{"layer":"Terraplenes y Defensas","entity_type":"ARC","handle":"3A0D6A","radius_m_drawing_units":4.997978845255595,"start_angle":229.6013387718747,"end_angle":343.4921262010254}},{"type":"Feature","geometry":{"type":"LineString","coordinates":[[-60.70172675,-31.65382352],[-60.70269448,-31.65309563]]},"properties":{"layer":"Terraplenes y Defensas","entity_type":"LINE","handle":"3A0D6B"}},{"type":"Feature","geometry":{"type":"LineString","coordinates":[[-60.70271139,-31.65305008],[-60.70271258,-31.65305557],[-60.70271298,-31.65306115],[-60.70271258,-31.65306673],[-60.70271138,-31.65307222],[-60.70270941,-31.65307754],[-60.70270668,-31.65308262],[-60.70270325,-31.65308737],[-60.70269916,-31.65309173],[-60.70269448,-31.65309563]]},"properties":{"layer":"Terraplenes y Defensas","entity_type":"ARC","handle":"3A0D6C","radius_m_drawing_units":5.042056376567716,"start_angle":166.2828420942038,"end_angle":229.6893401015913}},{"type":"Feature","geometry":{"type":"LineString","coordinates":[[-60.70271139,-31.65305008],[-60.70127268,-31.64823183]]},"properties":{"layer":"Terraplenes y Defensas","entity_type":"LINE","handle":"3A0D6D"}},{"type":"Feature","geometry":{"type":"LineString","coordinates":[[-60.70127268,-31.64823183],[-60.7025253,-31.64795812]]},"properties":{"layer":"Terraplenes y Defensas","entity_type":"LINE","handle":"3A0D6E"}},{"type":"Feature","geometry":{"type":"LineString","coordinates":[[-60.7025253,-31.64795812],[-60.70398863,-31.6528582]]},"properties":{"layer":"Terraplenes y Defensas","entity_type":"LINE","handle":"3A0D6F"}},{"type":"Feature","geometry":{"type":"LineString","coordinates":[[-60.70398863,-31.6528582],[-60.70403248,-31.65303058],[-60.70406707,-31.65320449],[-60.70409235,-31.65337957],[-60.70410825,-31.65355546],[-60.70411474,-31.65373178],[-60.7041118,-31.65390818],[-60.70409946,-31.65408427],[-60.70407772,-31.6542597]]},"properties":{"layer":"Terraplenes y Defensas","entity_type":"ARC","handle":"3A0D72","radius_m_drawing_units":428.1386975117662,"start_angle":166.7847993703422,"end_angle":187.7294453640184}},{"type":"Feature","geometry":{"type":"LineString","coordinates":[[-60.70505846,-31.65926559],[-60.70474052,-31.65868132],[-60.70447609,-31.65807787],[-60.70426673,-31.65745879],[-60.70411369,-31.65682778],[-60.70401787,-31.65618856],[-60.70397985,-31.65554493],[-60.70399983,-31.6549007],[-60.70407772,-31.6542597]]},"properties":{"layer":"Terraplenes y Defensas","entity_type":"ARC","handle":"3A0F84","radius_m_drawing_units":927.9911273871629,"start_angle":333.2035818243778,"end_angle":8.50948026033695}},{"type":"Feature","geometry":{"type":"LineString","coordinates":[[-60.70641234,-31.66154403],[-60.70631023,-31.66137861],[-60.70621005,-31.66121233],[-60.7061118,-31.66104522],[-60.70601549,-31.66087727],[-60.70592113,-31.66070853],[-60.70582874,-31.66053898],[-60.70573831,-31.66036867],[-60.70564986,-31.66019759]]},"properties":{"layer":"Terraplenes y Defensas","entity_type":"ARC","handle":"3A0F85","radius_m_drawing_units":2092.565590614043,"start_angle":332.2547535756246,"end_angle":336.7982273754657}},{"type":"Feature","geometry":{"type":"LineString","coordinates":[[-60.70539386,-31.6597918],[-60.70542751,-31.65984175],[-60.70546069,-31.65989193],[-60.7054934,-31.65994233],[-60.70552564,-31.65999295],[-60.70555741,-31.66004379],[-60.7055887,-31.66009485],[-60.70561952,-31.66014612],[-60.70564986,-31.66019759]]},"properties":{"layer":"Terraplenes y Defensas","entity_type":"ARC","handle":"3A0F86","radius_m_drawing_units":801.8669465702317,"start_angle":150.192172494186,"end_angle":153.8461466765963}},{"type":"Feature","geometry":{"type":"LineString","coordinates":[[-60.70539386,-31.6597918],[-60.70534928,-31.65972729],[-60.70530545,-31.65966241],[-60.70526237,-31.65959716],[-60.70522005,-31.65953154],[-60.7051785,-31.65946557],[-60.70513771,-31.65939925],[-60.7050977,-31.65933259],[-60.70505846,-31.65926559]]},"properties":{"layer":"Terraplenes y Defensas","entity_type":"ARC","handle":"3A0F87","radius_m_drawing_units":837.6761390999544,"start_angle":329.4980747325882,"end_angle":334.0449552898961}},{"type":"Feature","geometry":{"type":"LineString","coordinates":[[-60.70712821,-31.66260554],[-60.70703387,-31.6624753],[-60.7069409,-31.66234434],[-60.70684931,-31.66221266],[-60.70675911,-31.66208029],[-60.7066703,-31.66194723],[-60.7065829,-31.66181349],[-60.70649691,-31.66167909],[-60.70641234,-31.66154403]]},"properties":{"layer":"Terraplenes y Defensas","entity_type":"ARC","handle":"3A0F88","radius_m_drawing_units":1888.553114221138,"start_angle":328.3323414270329,"end_angle":332.455804435327}},{"type":"Feature","geometry":{"type":"LineString","coordinates":[[-60.70712821,-31.66260554],[-60.70718593,-31.66261834]]},"properties":{"layer":"Terraplenes y Defensas","entity_type":"LINE","handle":"3A0F89"}},{"type":"Feature","geometry":{"type":"LineString","coordinates":[[-60.70718593,-31.66261834],[-60.70733185,-31.66261753]]},"properties":{"layer":"Terraplenes y Defensas","entity_type":"LINE","handle":"3A0F8A"}},{"type":"Feature","geometry":{"type":"LineString","coordinates":[[-60.70733185,-31.66261753],[-60.70753037,-31.66267]]},"properties":{"layer":"Terraplenes y Defensas","entity_type":"LINE","handle":"3A0F8B"}},{"type":"Feature","geometry":{"type":"LineString","coordinates":[[-60.70753037,-31.66267],[-60.70771505,-31.66270208]]},"properties":{"layer":"Terraplenes y Defensas","entity_type":"LINE","handle":"3A0F8C"}},{"type":"Feature","geometry":{"type":"LineString","coordinates":[[-60.70857197,-31.66449385],[-60.70850927,-31.66440696],[-60.70844811,-31.66431926],[-60.70838852,-31.66423078],[-60.70833051,-31.66414154],[-60.70827409,-31.66405155],[-60.70821928,-31.66396084],[-60.70816608,-31.66386943],[-60.70811451,-31.66377734]]},"properties":{"layer":"Terraplenes y Defensas","entity_type":"ARC","handle":"3A0F90","radius_m_drawing_units":745.4865674786519,"start_angle":328.2533256504497,"end_angle":335.2151217611755}},{"type":"Feature","geometry":{"type":"LineString","coordinates":[[-60.70771505,-31.66270208],[-60.70774864,-31.66281776],[-60.70778097,-31.66292669],[-60.70781299,-31.66303101],[-60.70784565,-31.66313286],[-60.70786057,-31.66317772],[-60.70787584,-31.66322251],[-60.7078915,-31.66326721],[-60.70790757,-31.66331182],[-60.7079411,-31.66340068],[-60.70797671,-31.66348901],[-60.70801468,-31.66357672],[-60.70805529,-31.66366372],[-60.70806841,-31.66369043],[-60.7080818,-31.66371704],[-60.70809543,-31.66374355],[-60.70810929,-31.66376996],[-60.70812337,-31.66379626],[-60.70813765,-31.66382247],[-60.70815212,-31.66384859],[-60.70816676,-31.66387462],[-60.70818653,-31.6639092],[-60.70820654,-31.66394364],[-60.70822677,-31.66397795],[-60.70824719,-31.66401214],[-60.70826428,-31.66404049],[-60.70828146,-31.66406877],[-60.70829873,-31.664097],[-60.7083161,-31.66412519],[-60.70833357,-31.66415334],[-60.70835114,-31.66418144],[-60.70836882,-31.6642095],[-60.70838661,-31.66423751],[-60.70842251,-31.66429338],[-60.70845888,-31.66434903],[-60.70849574,-31.66440446],[-60.70853309,-31.66445965],[-60.70858569,-31.66453564],[-60.70863934,-31.66461113],[-60.70869411,-31.66468607],[-60.70875005,-31.66476043],[-60.70879639,-31.6648204],[-60.70884359,-31.66487994],[-60.70889169,-31.66493902],[-60.70894073,-31.66499759],[-60.70899077,-31.6650556],[-60.70904184,-31.66511301],[-60.70909399,-31.66516976],[-60.70914727,-31.6652258],[-60.7091936,-31.66527297],[-60.70924081,-31.66531956],[-60.70928892,-31.66536554],[-60.70933798,-31.66541087],[-60.70937528,-31.66544433],[-60.70941313,-31.6654774],[-60.70945154,-31.66551007],[-60.70949052,-31.66554231],[-60.70953007,-31.66557413],[-60.70957017,-31.66560549],[-60.70961083,-31.66563639],[-60.70965202,-31.66566681],[-60.70973598,-31.66572615],[-60.70982199,-31.66578342],[-60.70990998,-31.66583849],[-60.70999988,-31.66589125],[-60.71005385,-31.66592128],[-60.71010845,-31.66595045],[-60.71016366,-31.66597873],[-60.71021947,-31.6660061],[-60.71029685,-31.66604205],[-60.71037528,-31.66607618],[-60.71045474,-31.66610843],[-60.71053517,-31.66613874],[-60.71057616,-31.66615329],[-60.71061739,-31.66616732],[-60.71065885,-31.66618083],[-60.71070051,-31.6661938],[-60.71074236,-31.66620623],[-60.71078438,-31.66621815],[-60.71082655,-31.66622956],[-60.71086887,-31.6662405],[-60.71095392,-31.66626097],[-60.71103942,-31.66627971],[-60.7111253,-31.66629685],[-60.71121147,-31.66631251],[-60.71126276,-31.66632117],[-60.71131411,-31.66632939],[-60.7113655,-31.66633719],[-60.71141691,-31.6663446],[-60.71151979,-31.66635836],[-60.71162276,-31.66637078],[-60.71172582,-31.66638197],[-60.71182896,-31.66639201],[-60.71193215,-31.66640101],[-60.7120354,-31.66640905],[-60.71213868,-31.66641623],[-60.71224199,-31.66642265],[-60.71242938,-31.66643262],[-60.71261676,-31.66644094],[-60.71280405,-31.66644814],[-60.7129912,-31.66645479]]},"properties":{"layer":"Terraplenes y Defensas","entity_type":"SPLINE","handle":"3A0F92"}},{"type":"Feature","geometry":{"type":"LineString","coordinates":[[-60.7129912,-31.66645479],[-60.71361002,-31.66643294]]},"properties":{"layer":"Terraplenes y Defensas","entity_type":"LINE","handle":"3A11A6"}},{"type":"Feature","geometry":{"type":"LineString","coordinates":[[-60.72432615,-31.67296194],[-60.72419006,-31.67290867],[-60.72405401,-31.67285516],[-60.72391815,-31.67280122],[-60.72378262,-31.67274664],[-60.72372418,-31.67272281],[-60.72366585,-31.6726988],[-60.72360762,-31.67267461],[-60.72354952,-31.67265021],[-60.72343373,-31.67260075],[-60.72331858,-31.67255027],[-60.72320416,-31.67249866],[-60.72309056,-31.67244578],[-60.72303439,-31.67241897],[-60.72297847,-31.67239188],[-60.72292276,-31.67236457],[-60.72286722,-31.67233709],[-60.72281178,-31.6723095],[-60.72275639,-31.67228184],[-60.72270099,-31.67225416],[-60.72264553,-31.67222652],[-60.72260251,-31.67220516],[-60.72255939,-31.67218389],[-60.72251615,-31.6721627],[-60.72247275,-31.67214163],[-60.72242915,-31.67212067],[-60.72238536,-31.67209982],[-60.72234137,-31.67207906],[-60.72229718,-31.67205841],[-60.72220827,-31.67201738],[-60.72211868,-31.67197668],[-60.72202845,-31.67193629],[-60.72193763,-31.67189618],[-60.72175445,-31.67181666],[-60.72156953,-31.67173786],[-60.72138326,-31.67165952],[-60.72119606,-31.67158138],[-60.72089654,-31.67145652],[-60.72059726,-31.67133045],[-60.72029984,-31.6712021],[-60.72000588,-31.67107038],[-60.71971701,-31.67093423],[-60.71943483,-31.67079256],[-60.71916096,-31.67064426],[-60.71889703,-31.67048823],[-60.71871377,-31.67037028],[-60.71853715,-31.67024732],[-60.71836779,-31.67011893],[-60.71820633,-31.6699847],[-60.7180534,-31.66984421],[-60.71790964,-31.66969706],[-60.71777572,-31.66954286],[-60.71765228,-31.6693812],[-60.71763547,-31.66935737],[-60.71761888,-31.66933337],[-60.71760253,-31.66930921],[-60.71758642,-31.66928489],[-60.71757055,-31.66926043],[-60.71755491,-31.66923583],[-60.7175395,-31.6692111],[-60.7175243,-31.66918625],[-60.7174945,-31.66913622],[-60.71746541,-31.66908579],[-60.71743695,-31.66903502],[-60.71740902,-31.66898395],[-60.71735414,-31.66888055],[-60.71730038,-31.66877662],[-60.71724703,-31.66867256],[-60.7171934,-31.6685688],[-60.7171388,-31.66846579],[-60.71708256,-31.66836393],[-60.71702401,-31.66826366],[-60.71696248,-31.6681654],[-60.71692535,-31.6681097],[-60.71688696,-31.66805464],[-60.71684741,-31.66800015],[-60.71680674,-31.6679462],[-60.71676504,-31.66789273],[-60.71672239,-31.66783972],[-60.71667887,-31.6677871],[-60.71663455,-31.66773486],[-60.71655225,-31.66764074],[-60.71645858,-31.66753666],[-60.71634443,-31.66741164],[-60.71627684,-31.66733784],[-60.71620072,-31.66725468]]},"properties":{"layer":"Terraplenes y Defensas","entity_type":"SPLINE","handle":"3A11A7"}},{"type":"Feature","geometry":{"type":"LineString","coordinates":[[-60.72886765,-31.67158318],[-60.72859967,-31.67191798],[-60.7282847,-31.67222139],[-60.72792773,-31.67248862],[-60.72753439,-31.67271546],[-60.72711088,-31.67289831],[-60.72666391,-31.6730343],[-60.72620052,-31.67312127],[-60.72572803,-31.67315785],[-60.72525391,-31.67314347],[-60.72478564,-31.67307835],[-60.72433062,-31.67296351]]},"properties":{"layer":"Terraplenes y Defensas","entity_type":"ARC","handle":"3A15D8","radius_m_drawing_units":358.0304522396267,"start_angle":211.173841011507,"end_angle":290.4239439814156}},{"type":"Feature","geometry":{"type":"LineString","coordinates":[[-60.72983165,-31.66939632],[-60.72978367,-31.66968919],[-60.72971412,-31.66997888],[-60.72962326,-31.67026422],[-60.72951147,-31.67054408],[-60.72937918,-31.67081732],[-60.72922694,-31.67108285],[-60.72905535,-31.6713396],[-60.72886509,-31.67158655]]},"properties":{"layer":"Terraplenes y Defensas","entity_type":"ARC","handle":"3A15DD","radius_m_drawing_units":517.7938100417588,"start_angle":186.5431522207358,"end_angle":215.5775980053928}},{"type":"Feature","geometry":{"type":"LineString","coordinates":[[-60.73200797,-31.66932652],[-60.73207779,-31.66932309],[-60.73214363,-31.66931984],[-60.73220826,-31.66931666],[-60.73227519,-31.66931337],[-60.73235834,-31.66930927],[-60.73246125,-31.66930421],[-60.73253385,-31.66930064],[-60.73265323,-31.66929476],[-60.73279071,-31.66928799],[-60.73289572,-31.66928282],[-60.73308938,-31.66927329],[-60.73318333,-31.66926866],[-60.73341239,-31.66925091],[-60.7335745,-31.66923267],[-60.73373638,-31.66921754],[-60.73384184,-31.66921409],[-60.73394747,-31.66921923],[-60.73405346,-31.66923079],[-60.73415971,-31.66924657],[-60.73426609,-31.66926438],[-60.73443133,-31.66929331],[-60.73459463,-31.66932434],[-60.73475623,-31.66935858],[-60.73491634,-31.66939711],[-60.7350752,-31.66944102],[-60.73519623,-31.66947929],[-60.73531575,-31.66952051],[-60.73543477,-31.66956297],[-60.73555426,-31.66960494],[-60.735675,-31.66964461],[-60.73571146,-31.6696566],[-60.73574811,-31.66966893],[-60.73578545,-31.66968035],[-60.73582377,-31.66968946],[-60.73586295,-31.66969476],[-60.73608377,-31.66969871],[-60.73627111,-31.66970331],[-60.73650233,-31.66970895],[-60.73674434,-31.66971483],[-60.73724133,-31.66971591]]},"properties":{"layer":"Terraplenes y Defensas","entity_type":"LWPOLYLINE","handle":"3A15DE"}},{"type":"Feature","geometry":{"type":"LineString","coordinates":[[-60.73898576,-31.66743026],[-60.73913008,-31.66705582],[-60.73919641,-31.66610783],[-60.73924504,-31.66559192]]},"properties":{"layer":"Terraplenes y Defensas","entity_type":"LWPOLYLINE","handle":"3A15E0"}},{"type":"Feature","geometry":{"type":"LineString","coordinates":[[-60.73842465,-31.66910765],[-60.73898564,-31.6674306]]},"properties":{"layer":"Terraplenes y Defensas","entity_type":"LINE","handle":"3A15E1"}},{"type":"Feature","geometry":{"type":"LineString","coordinates":[[-60.73744772,-31.66969787],[-60.73761212,-31.66965466],[-60.73808763,-31.66934805],[-60.73835867,-31.66919505],[-60.73842591,-31.66910527]]},"properties":{"layer":"Terraplenes y Defensas","entity_type":"LWPOLYLINE","handle":"3A15E3"}},{"type":"Feature","geometry":{"type":"LineString","coordinates":[[-60.73744772,-31.66969787],[-60.73742247,-31.66970336],[-60.73739697,-31.66970794],[-60.73737127,-31.6697116],[-60.73734541,-31.66971433],[-60.73731944,-31.66971613],[-60.73729341,-31.66971699],[-60.73726736,-31.66971692],[-60.73724133,-31.66971591]]},"properties":{"layer":"Terraplenes y Defensas","entity_type":"ARC","handle":"3A15FD","radius_m_drawing_units":58.76696676115446,"start_angle":254.9170784868807,"end_angle":274.1906164737865}},{"type":"Feature","geometry":{"type":"LineString","coordinates":[[-60.73200797,-31.66932652],[-60.73091076,-31.66938027]]},"properties":{"layer":"Terraplenes y Defensas","entity_type":"LINE","handle":"3A182B"}},{"type":"Feature","geometry":{"type":"LineString","coordinates":[[-60.73063151,-31.66921468],[-60.73006537,-31.66887185]]},"properties":{"layer":"Terraplenes y Defensas","entity_type":"LINE","handle":"3A182D"}},{"type":"Feature","geometry":{"type":"LineString","coordinates":[[-60.72999976,-31.66888955],[-60.72982866,-31.66940475]]},"properties":{"layer":"Terraplenes y Defensas","entity_type":"LINE","handle":"3A182F"}},{"type":"Feature","geometry":{"type":"LineString","coordinates":[[-60.72999963,-31.66888975],[-60.73000303,-31.66888517],[-60.73000708,-31.668881],[-60.73001171,-31.6688773],[-60.73001685,-31.66887413],[-60.73002242,-31.66887154],[-60.73002832,-31.66886957],[-60.73003447,-31.66886826],[-60.73004077,-31.66886762],[-60.7300471,-31.66886767],[-60.73005338,-31.6688684],[-60.73005951,-31.6688698],[-60.73006537,-31.66887185]]},"properties":{"layer":"Terraplenes y Defensas","entity_type":"ARC","handle":"3A1830","radius_m_drawing_units":4.749484264255705,"start_angle":29.19175243112912,"end_angle":116.2683857497332}},{"type":"Feature","geometry":{"type":"LineString","coordinates":[[-60.73091076,-31.66938027],[-60.73063151,-31.66921468]]},"properties":{"layer":"Terraplenes y Defensas","entity_type":"LINE","handle":"3A292C"}},{"type":"Feature","geometry":{"type":"LineString","coordinates":[[-60.7418893,-31.6500254],[-60.74191043,-31.64982713],[-60.74193379,-31.64962904],[-60.74195937,-31.64943116],[-60.74198718,-31.6492335],[-60.74201721,-31.64903607],[-60.74204946,-31.6488389],[-60.74208393,-31.64864201],[-60.74212062,-31.64844541]]},"properties":{"layer":"Terraplenes y Defensas","entity_type":"ARC","handle":"3A31D1","radius_m_drawing_units":2293.776783158797,"start_angle":5.321975992097173,"end_angle":9.733564614802887}},{"type":"Feature","geometry":{"type":"LineString","coordinates":[[-60.74212062,-31.64844541],[-60.74215892,-31.64821471],[-60.74219752,-31.64798406],[-60.74223641,-31.64775344],[-60.7422756,-31.64752285],[-60.74231509,-31.64729231],[-60.74235488,-31.6470618],[-60.74239496,-31.64683133],[-60.74243533,-31.64660089]]},"properties":{"layer":"Terraplenes y Defensas","entity_type":"ARC","handle":"3A31D2","radius_m_drawing_units":23497.29015970032,"start_angle":8.441678450968423,"end_angle":8.945698522194808}},{"type":"Feature","geometry":{"type":"LineString","coordinates":[[-60.73310361,-31.6305466],[-60.73305939,-31.63045727],[-60.73302149,-31.63036583],[-60.73299003,-31.63027262],[-60.73296514,-31.63017797],[-60.7329469,-31.63008222],[-60.73293538,-31.62998571],[-60.73293061,-31.62988878],[-60.73293262,-31.62979178]]},"properties":{"layer":"Terraplenes y Defensas","entity_type":"ARC","handle":"3A33EE","radius_m_drawing_units":180.0445092770449,"start_angle":335.7192712531782,"end_angle":3.110927157990059}},{"type":"Feature","geometry":{"type":"LineString","coordinates":[[-60.73293216,-31.62979782],[-60.73295164,-31.62963843],[-60.73297929,-31.62947993],[-60.73301505,-31.62932263],[-60.73305886,-31.62916682],[-60.73311063,-31.62901281],[-60.73317027,-31.62886089],[-60.73323764,-31.62871137],[-60.73331264,-31.62856452]]},"properties":{"layer":"Terraplenes y Defensas","entity_type":"ARC","handle":"3A33EF","radius_m_drawing_units":404.2126500120804,"start_angle":5.09499195355779,"end_angle":25.24755308755092}},{"type":"Feature","geometry":{"type":"LineString","coordinates":[[-60.73331519,-31.62855961],[-60.73336263,-31.62846647],[-60.73341219,-31.62837416],[-60.73346385,-31.62828269],[-60.7335176,-31.6281921],[-60.73357341,-31.62810243],[-60.73363126,-31.62801372],[-60.73369114,-31.62792599],[-60.73375301,-31.62783928]]},"properties":{"layer":"Terraplenes y Defensas","entity_type":"ARC","handle":"3A33F0","radius_m_drawing_units":574.8120949244415,"start_angle":23.37023321678517,"end_angle":32.3534078344378}},{"type":"Feature","geometry":{"type":"LineString","coordinates":[[-60.73310361,-31.6305466],[-60.73495434,-31.6340979]]},"properties":{"layer":"Terraplenes y Defensas","entity_type":"LINE","handle":"3A33F1"}},{"type":"Feature","geometry":{"type":"LineString","coordinates":[[-60.74243533,-31.64660089],[-60.7424255,-31.64541368]]},"properties":{"layer":"Terraplenes y Defensas","entity_type":"LINE","handle":"3A3605"}},{"type":"Feature","geometry":{"type":"LineString","coordinates":[[-60.7424255,-31.64541368],[-60.74238415,-31.64499897]]},"properties":{"layer":"Terraplenes y Defensas","entity_type":"LINE","handle":"3A3606"}},{"type":"Feature","geometry":{"type":"LineString","coordinates":[[-60.74238415,-31.64499897],[-60.74202432,-31.64343655]]},"properties":{"layer":"Terraplenes y Defensas","entity_type":"LINE","handle":"3A3607"}},{"type":"Feature","geometry":{"type":"LineString","coordinates":[[-60.74202432,-31.64343655],[-60.74140153,-31.64193405]]},"properties":{"layer":"Terraplenes y Defensas","entity_type":"LINE","handle":"3A3608"}},{"type":"Feature","geometry":{"type":"LineString","coordinates":[[-60.74140153,-31.64193405],[-60.7408607,-31.64101763]]},"properties":{"layer":"Terraplenes y Defensas","entity_type":"LINE","handle":"3A3609"}},{"type":"Feature","geometry":{"type":"LineString","coordinates":[[-60.7408607,-31.64101763],[-60.73935946,-31.63931342]]},"properties":{"layer":"Terraplenes y Defensas","entity_type":"LINE","handle":"3A360A"}},{"type":"Feature","geometry":{"type":"LineString","coordinates":[[-60.73844503,-31.63855186],[-60.73749028,-31.6378404]]},"properties":{"layer":"Terraplenes y Defensas","entity_type":"LINE","handle":"3A360B"}},{"type":"Feature","geometry":{"type":"LineString","coordinates":[[-60.73749028,-31.6378404],[-60.73696821,-31.63739993]]},"properties":{"layer":"Terraplenes y Defensas","entity_type":"LINE","handle":"3A360C"}},{"type":"Feature","geometry":{"type":"LineString","coordinates":[[-60.73696821,-31.63739993],[-60.73650568,-31.63689319]]},"properties":{"layer":"Terraplenes y Defensas","entity_type":"LINE","handle":"3A360D"}},{"type":"Feature","geometry":{"type":"LineString","coordinates":[[-60.73650568,-31.63689319],[-60.7364582,-31.63681517]]},"properties":{"layer":"Terraplenes y Defensas","entity_type":"LINE","handle":"3A360E"}},{"type":"Feature","geometry":{"type":"LineString","coordinates":[[-60.7364582,-31.63681517],[-60.73610843,-31.63620936]]},"properties":{"layer":"Terraplenes y Defensas","entity_type":"LINE","handle":"3A360F"}},{"type":"Feature","geometry":{"type":"LineString","coordinates":[[-60.73610843,-31.63620936],[-60.7353977,-31.6348778]]},"properties":{"layer":"Terraplenes y Defensas","entity_type":"LINE","handle":"3A3610"}},{"type":"Feature","geometry":{"type":"LineString","coordinates":[[-60.7353977,-31.6348778],[-60.73495434,-31.6340979]]},"properties":{"layer":"Terraplenes y Defensas","entity_type":"LINE","handle":"3A3611"}},{"type":"Feature","geometry":{"type":"LineString","coordinates":[[-60.73935946,-31.63931342],[-60.73844503,-31.63855186]]},"properties":{"layer":"Terraplenes y Defensas","entity_type":"LINE","handle":"3A3612"}},{"type":"Feature","geometry":{"type":"LineString","coordinates":[[-60.73375301,-31.62783928],[-60.73381891,-31.62774553],[-60.73389271,-31.6276562],[-60.73397402,-31.62757177],[-60.73406239,-31.62749271],[-60.73415733,-31.62741944],[-60.73425834,-31.62735237],[-60.73436486,-31.62729185],[-60.7344763,-31.62723823]]},"properties":{"layer":"Terraplenes y Defensas","entity_type":"ARC","handle":"3A3615","radius_m_drawing_units":164.2534534232743,"start_angle":29.29181694309673,"end_angle":63.1520409803131}},{"type":"Feature","geometry":{"type":"LineString","coordinates":[[-60.73582383,-31.62660766],[-60.73583064,-31.62662306],[-60.73583523,-31.62663904],[-60.73583752,-31.62665538],[-60.73583748,-31.62667184],[-60.73583512,-31.62668817],[-60.73583046,-31.62670414],[-60.73582357,-31.62671951],[-60.73581456,-31.62673405],[-60.73580356,-31.62674755],[-60.73579073,-31.62675981],[-60.73577626,-31.62677066],[-60.73576036,-31.62677992]]},"properties":{"layer":"Terraplenes y Defensas","entity_type":"ARC","handle":"3A384A","radius_m_drawing_units":15.04569231231326,"start_angle":156.1577573702935,"end_angle":239.6084186721789}},{"type":"Feature","geometry":{"type":"LineString","coordinates":[[-60.73508548,-31.62608164],[-60.735154,-31.62607491],[-60.73522296,-31.62607557],[-60.73529128,-31.62608359],[-60.73535789,-31.62609887],[-60.73542175,-31.62612114],[-60.73548186,-31.62615007],[-60.73553727,-31.62618521],[-60.73558711,-31.62622599],[-60.7356306,-31.62627179],[-60.73566706,-31.62632187]]},"properties":{"layer":"Terraplenes y Defensas","entity_type":"ARC","handle":"3A3852","radius_m_drawing_units":52.24459819499836,"start_angle":80.25203597264868,"end_angle":152.0584341442249}},{"type":"Feature","geometry":{"type":"LineString","coordinates":[[-60.73508548,-31.62608164],[-60.73360818,-31.62657406]]},"properties":{"layer":"Terraplenes y Defensas","entity_type":"LINE","handle":"3A3A6A"}},{"type":"Feature","geometry":{"type":"LineString","coordinates":[[-60.73360818,-31.62657406],[-60.73354364,-31.62659666],[-60.73347746,-31.62661548],[-60.73340996,-31.62663046],[-60.73334142,-31.6266415],[-60.73327218,-31.62664858],[-60.73320253,-31.62665165],[-60.7331328,-31.6266507],[-60.7330633,-31.62664573]]},"properties":{"layer":"Terraplenes y Defensas","entity_type":"ARC","handle":"3A3C7C","radius_m_drawing_units":98.20259862370781,"start_angle":246.2003345993174,"end_angle":277.0902058325423}},{"type":"Feature","geometry":{"type":"LineString","coordinates":[[-60.7330633,-31.62664573],[-60.73302101,-31.62663609],[-60.73297876,-31.62662632],[-60.73293655,-31.62661642],[-60.73289438,-31.62660639],[-60.73285225,-31.62659623],[-60.73281017,-31.62658593],[-60.73276813,-31.62657551],[-60.73272613,-31.62656496]]},"properties":{"layer":"Terraplenes y Defensas","entity_type":"ARC","handle":"3A3C7D","radius_m_drawing_units":1152.599449053851,"start_angle":285.1978453746244,"end_angle":286.8493044642304}},{"type":"Feature","geometry":{"type":"LineString","coordinates":[[-60.73094334,-31.6258134],[-60.7308595,-31.62577036],[-60.73077835,-31.62572373],[-60.73070007,-31.62567362],[-60.73062488,-31.62562016],[-60.73055297,-31.62556349],[-60.73048453,-31.62550376],[-60.73041973,-31.62544112],[-60.73035875,-31.62537574]]},"properties":{"layer":"Terraplenes y Defensas","entity_type":"ARC","handle":"3A3C7E","radius_m_drawing_units":181.977729620933,"start_angle":299.8847196594821,"end_angle":323.2506535384219}},{"type":"Feature","geometry":{"type":"LineString","coordinates":[[-60.73035875,-31.62537574],[-60.73032273,-31.62533224],[-60.7302881,-31.62528792],[-60.73025487,-31.62524282],[-60.73022307,-31.62519698],[-60.73019272,-31.62515042],[-60.73016385,-31.62510317],[-60.73013647,-31.62505528],[-60.73011061,-31.62500678]]},"properties":{"layer":"Terraplenes y Defensas","entity_type":"ARC","handle":"3A3C7F","radius_m_drawing_units":219.7149837905429,"start_angle":324.2976898726637,"end_angle":336.6310817288379}},{"type":"Feature","geometry":{"type":"LineString","coordinates":[[-60.72619237,-31.61748918],[-60.72613056,-31.61735656],[-60.72607151,-31.61722302],[-60.72601523,-31.61708861],[-60.72596174,-31.61695337],[-60.72591107,-31.61681733],[-60.72586322,-31.61668055],[-60.7258182,-31.61654307],[-60.72577604,-31.61640492]]},"properties":{"layer":"Terraplenes y Defensas","entity_type":"ARC","handle":"3A3E98","radius_m_drawing_units":893.5056411999597,"start_angle":338.13040658245,"end_angle":346.2524429402905}},{"type":"Feature","geometry":{"type":"LineString","coordinates":[[-60.72577604,-31.61640492],[-60.72571864,-31.61618608],[-60.7256682,-31.61596599],[-60.72562477,-31.6157448],[-60.72558837,-31.61552269],[-60.72555904,-31.61529982],[-60.72553679,-31.61507634],[-60.72552164,-31.61485243],[-60.7255136,-31.61462825]]},"properties":{"layer":"Terraplenes y Defensas","entity_type":"ARC","handle":"3A3E99","radius_m_drawing_units":915.6614950798073,"start_angle":346.9509403800065,"end_angle":359.4009839710103}},{"type":"Feature","geometry":{"type":"LineString","coordinates":[[-60.7255136,-31.61462825],[-60.72551719,-31.614381],[-60.72552975,-31.61413396],[-60.72555128,-31.61388738],[-60.72558176,-31.61364148],[-60.72562116,-31.61339652],[-60.72566943,-31.61315273],[-60.72572654,-31.61291033],[-60.72579243,-31.61266958]]},"properties":{"layer":"Terraplenes y Defensas","entity_type":"ARC","handle":"3A3E9A","radius_m_drawing_units":881.9380531357735,"start_angle":0.2005904276887716,"end_angle":14.45155501426463}},{"type":"Feature","geometry":{"type":"LineString","coordinates":[[-60.72579243,-31.61266958],[-60.72586555,-31.61245209],[-60.72594533,-31.61223633],[-60.72603171,-31.61202243],[-60.72612463,-31.61181056],[-60.72622402,-31.61160084],[-60.72632982,-31.61139344],[-60.72644196,-31.61118848],[-60.72656035,-31.61098612]]},"properties":{"layer":"Terraplenes y Defensas","entity_type":"ARC","handle":"3A3E9B","radius_m_drawing_units":954.5316041437319,"start_angle":15.67965359215835,"end_angle":27.73036930121171}},{"type":"Feature","geometry":{"type":"LineString","coordinates":[[-60.72734309,-31.60997895],[-60.72744184,-31.60988426],[-60.72754348,-31.60979184],[-60.72764792,-31.60970174],[-60.72775509,-31.60961401],[-60.72786493,-31.60952874],[-60.72797735,-31.60944597],[-60.72809227,-31.60936575],[-60.72820963,-31.60928816]]},"properties":{"layer":"Terraplenes y Defensas","entity_type":"ARC","handle":"3A3E9C","radius_m_drawing_units":534.6976372404434,"start_angle":41.3802457782826,"end_angle":53.44477105171413}},{"type":"Feature","geometry":{"type":"LineString","coordinates":[[-60.72656035,-31.61098612],[-60.72664235,-31.61085179],[-60.72672904,-31.61071963],[-60.72682035,-31.61058976],[-60.72691619,-31.61046231],[-60.72701648,-31.61033739],[-60.72712112,-31.61021512],[-60.72723002,-31.6100956],[-60.72734309,-31.60997895]]},"properties":{"layer":"Terraplenes y Defensas","entity_type":"ARC","handle":"3A3E9D","radius_m_drawing_units":557.3745395175591,"start_angle":27.09773084076425,"end_angle":40.91899421627616}},{"type":"Feature","geometry":{"type":"LineString","coordinates":[[-60.73109298,-31.60748268],[-60.73013187,-31.60808451]]},"properties":{"layer":"Terraplenes y Defensas","entity_type":"LINE","handle":"3A3E9E"}},{"type":"Feature","geometry":{"type":"LineString","coordinates":[[-60.73314188,-31.60609082],[-60.73219676,-31.60674412]]},"properties":{"layer":"Terraplenes y Defensas","entity_type":"LINE","handle":"3A3E9F"}},{"type":"Feature","geometry":{"type":"LineString","coordinates":[[-60.73219676,-31.60674412],[-60.73109298,-31.60748268]]},"properties":{"layer":"Terraplenes y Defensas","entity_type":"LINE","handle":"3A3EA0"}},{"type":"Feature","geometry":{"type":"LineString","coordinates":[[-60.73526162,-31.6045616],[-60.73314188,-31.60609082]]},"properties":{"layer":"Terraplenes y Defensas","entity_type":"LINE","handle":"3A3EA1"}},{"type":"Feature","geometry":{"type":"LineString","coordinates":[[-60.73607812,-31.60394591],[-60.73526162,-31.6045616]]},"properties":{"layer":"Terraplenes y Defensas","entity_type":"LINE","handle":"3A3EA2"}},{"type":"Feature","geometry":{"type":"LineString","coordinates":[[-60.74322779,-31.59852292],[-60.74383785,-31.59779943]]},"properties":{"layer":"Terraplenes y Defensas","entity_type":"LINE","handle":"3A42D3"}},{"type":"Feature","geometry":{"type":"LineString","coordinates":[[-60.74840854,-31.59424058],[-60.748476,-31.59418641],[-60.74854346,-31.59413225],[-60.74861092,-31.59407809],[-60.74867839,-31.59402393],[-60.74874586,-31.59396978],[-60.74881334,-31.59391563],[-60.74888082,-31.59386148],[-60.7489483,-31.59380734]]},"properties":{"layer":"Terraplenes y Defensas","entity_type":"ARC","handle":"3A42D4","radius_m_drawing_units":139337.4159920981,"start_angle":47.21850417634879,"end_angle":47.24738346893459}},{"type":"Feature","geometry":{"type":"LineString","coordinates":[[-60.74918258,-31.59361915],[-60.7491533,-31.59364268],[-60.74912402,-31.59366621],[-60.74909474,-31.59368973],[-60.74906545,-31.59371326],[-60.74903617,-31.59373678],[-60.74900688,-31.5937603],[-60.74897759,-31.59378382],[-60.7489483,-31.59380734]]},"properties":{"layer":"Terraplenes y Defensas","entity_type":"ARC","handle":"3A42D6","radius_m_drawing_units":63496.28900321484,"start_angle":227.1964459299932,"end_angle":227.2239623079385}},{"type":"Feature","geometry":{"type":"LineString","coordinates":[[-60.74945424,-31.59336573],[-60.74942072,-31.59339775],[-60.74938707,-31.59342967],[-60.7493533,-31.59346149],[-60.7493194,-31.59349322],[-60.74928538,-31.59352485],[-60.74925124,-31.59355638],[-60.74921697,-31.59358782],[-60.74918258,-31.59361915]]},"properties":{"layer":"Terraplenes y Defensas","entity_type":"ARC","handle":"3A42D7","radius_m_drawing_units":1418.634727183279,"start_angle":222.1602217219159,"end_angle":223.7005793899798}},{"type":"Feature","geometry":{"type":"LineString","coordinates":[[-60.74979943,-31.59304183],[-60.74975661,-31.59308257],[-60.7497137,-31.59312324],[-60.74967069,-31.59316384],[-60.74962759,-31.59320437],[-60.74958439,-31.59324482],[-60.7495411,-31.59328519],[-60.74949772,-31.5933255],[-60.74945424,-31.59336573]]},"properties":{"layer":"Terraplenes y Defensas","entity_type":"ARC","handle":"3A42D8","radius_m_drawing_units":3059.620073156518,"start_angle":222.3093027447179,"end_angle":223.2197019497173}},{"type":"Feature","geometry":{"type":"LineString","coordinates":[[-60.75160184,-31.59042184],[-60.75143398,-31.59077558],[-60.75124898,-31.59112301],[-60.75104718,-31.59146351],[-60.75082893,-31.5917965],[-60.7505946,-31.59212138],[-60.75034462,-31.5924376],[-60.7500794,-31.59274459],[-60.74979943,-31.59304183]]},"properties":{"layer":"Terraplenes y Defensas","entity_type":"ARC","handle":"3A472C","radius_m_drawing_units":1012.666772771205,"start_angle":201.303014733031,"end_angle":220.4678549411663}},{"type":"Feature","geometry":{"type":"LineString","coordinates":[[-60.75216818,-31.588984],[-60.75213257,-31.58907812],[-60.75209679,-31.58917219],[-60.75206082,-31.58926621],[-60.75202467,-31.58936018],[-60.75198834,-31.5894541],[-60.75195183,-31.58954796],[-60.75191514,-31.58964177],[-60.75187827,-31.58973554]]},"properties":{"layer":"Terraplenes y Defensas","entity_type":"ARC","handle":"3A472D","radius_m_drawing_units":6656.834175256715,"start_angle":198.2895900027415,"end_angle":199.0449561542493}},{"type":"Feature","geometry":{"type":"LineString","coordinates":[[-60.75317397,-31.58632615],[-60.75319852,-31.58625708],[-60.75322314,-31.58618802],[-60.75324783,-31.58611898],[-60.75327259,-31.58604997],[-60.75329743,-31.58598097],[-60.75332233,-31.58591199],[-60.75334731,-31.58584303],[-60.75337236,-31.58577409]]},"properties":{"layer":"Terraplenes y Defensas","entity_type":"ARC","handle":"3A4941","radius_m_drawing_units":8991.391537961195,"start_angle":17.28934831410983,"end_angle":17.69748001630779}},{"type":"Feature","geometry":{"type":"LineString","coordinates":[[-60.75373537,-31.58354593],[-60.75373547,-31.58365806],[-60.75373296,-31.58377016],[-60.75372784,-31.5838822],[-60.75372011,-31.58399413],[-60.75370978,-31.58410591],[-60.75369685,-31.58421749],[-60.75368133,-31.58432882],[-60.75366322,-31.58443987]]},"properties":{"layer":"Terraplenes y Defensas","entity_type":"ARC","handle":"3A4942","radius_m_drawing_units":624.1255717302677,"start_angle":179.7815525730045,"end_angle":188.9128418718598}},{"type":"Feature","geometry":{"type":"LineString","coordinates":[[-60.75372911,-31.58286791],[-60.75373406,-31.58295259],[-60.75373783,-31.58303732],[-60.7537404,-31.58312208],[-60.75374178,-31.58320686],[-60.75374197,-31.58329164],[-60.75374096,-31.58337643],[-60.75373876,-31.58346119],[-60.75373537,-31.58354593]]},"properties":{"layer":"Terraplenes y Defensas","entity_type":"ARC","handle":"3A4943","radius_m_drawing_units":780.4005095779563,"start_angle":177.1805181549807,"end_angle":182.702645183233}},{"type":"Feature","geometry":{"type":"LineString","coordinates":[[-60.75341282,-31.57931025],[-60.75339428,-31.57911478],[-60.75337648,-31.57891926],[-60.75335943,-31.57872368],[-60.75334312,-31.57852807],[-60.75332756,-31.5783324],[-60.75331275,-31.5781367],[-60.75329868,-31.57794095],[-60.75328536,-31.57774517]]},"properties":{"layer":"Terraplenes y Defensas","entity_type":"ARC","handle":"3A4944","radius_m_drawing_units":6664.080082676945,"start_angle":355.6585371792991,"end_angle":357.1543040319444}},{"type":"Feature","geometry":{"type":"LineString","coordinates":[[-60.75342365,-31.57605931],[-60.75346112,-31.5758612],[-60.75350434,-31.57566394],[-60.75355328,-31.57546767],[-60.75360792,-31.5752725],[-60.75366822,-31.57507856],[-60.75373415,-31.57488596],[-60.75380565,-31.57469483],[-60.7538827,-31.57450528]]},"properties":{"layer":"Terraplenes y Defensas","entity_type":"ARC","handle":"3A4945","radius_m_drawing_units":893.416493651492,"start_angle":8.877671745480834,"end_angle":20.29557174369518}},{"type":"Feature","geometry":{"type":"LineString","coordinates":[[-60.7538827,-31.57450529],[-60.75393411,-31.57439803],[-60.75398575,-31.57429086],[-60.75403763,-31.57418377],[-60.75408974,-31.57407677],[-60.75414208,-31.57396985],[-60.75419465,-31.57386301],[-60.75424746,-31.57375625],[-60.7543005,-31.57364958]]},"properties":{"layer":"Terraplenes y Defensas","entity_type":"ARC","handle":"3A4946","radius_m_drawing_units":6903.573412107532,"start_angle":22.65358132167309,"end_angle":23.50712197468262}},{"type":"Feature","geometry":{"type":"LineString","coordinates":[[-60.75466062,-31.57305016],[-60.75461561,-31.57312509],[-60.7545706,-31.57320002],[-60.75452559,-31.57327495],[-60.75448057,-31.57334988],[-60.75443556,-31.57342481],[-60.75439054,-31.57349973],[-60.75434552,-31.57357466],[-60.7543005,-31.57364958]]},"properties":{"layer":"Terraplenes y Defensas","entity_type":"ARC","handle":"3A4947","radius_m_drawing_units":414197.7993394532,"start_angle":207.6089554052318,"end_angle":207.6192947279462}},{"type":"Feature","geometry":{"type":"LineString","coordinates":[[-60.75621779,-31.57053933],[-60.75643575,-31.57017654]]},"properties":{"layer":"Terraplenes y Defensas","entity_type":"LINE","handle":"3A4949"}},{"type":"Feature","geometry":{"type":"LineString","coordinates":[[-60.75747352,-31.56641227],[-60.75746872,-31.56659926],[-60.75745898,-31.56678611],[-60.75744432,-31.56697272],[-60.75742473,-31.567159],[-60.75740024,-31.56734485],[-60.75737085,-31.56753019],[-60.75733658,-31.5677149],[-60.75729744,-31.56789891]]},"properties":{"layer":"Terraplenes y Defensas","entity_type":"ARC","handle":"3A494B","radius_m_drawing_units":918.0668890744971,"start_angle":181.0095642672518,"end_angle":191.3644345802906}},{"type":"Feature","geometry":{"type":"LineString","coordinates":[[-60.75742409,-31.56523176],[-60.75741198,-31.56507425],[-60.75741362,-31.56491642],[-60.757429,-31.56475912],[-60.75745804,-31.56460325],[-60.75750058,-31.56444966],[-60.75755638,-31.56429922],[-60.75762512,-31.56415276],[-60.75770643,-31.5640111]]},"properties":{"layer":"Terraplenes y Defensas","entity_type":"ARC","handle":"3A494C","radius_m_drawing_units":234.5239218917149,"start_angle":354.4906717705123,"end_angle":28.70724047820334}},{"type":"Feature","geometry":{"type":"LineString","coordinates":[[-60.6791883,-31.6426284],[-60.67921582,-31.64439052]]},"properties":{"layer":"Terraplenes y Defensas","entity_type":"LINE","handle":"3A4F99"}},{"type":"Feature","geometry":{"type":"LineString","coordinates":[[-60.67954185,-31.64509022],[-60.67947116,-31.6450154],[-60.67940823,-31.64493567],[-60.67935352,-31.64485162],[-60.67930744,-31.64476386],[-60.67927033,-31.64467305],[-60.67924245,-31.64457985],[-60.67922401,-31.64448495],[-60.67921516,-31.64438905]]},"properties":{"layer":"Terraplenes y Defensas","entity_type":"ARC","handle":"3A4F9A","radius_m_drawing_units":124.3048553891992,"start_angle":318.9510831694422,"end_angle":358.2992476560271}},{"type":"Feature","geometry":{"type":"LineString","coordinates":[[-60.67985011,-31.64527953],[-60.67980772,-31.64526011],[-60.67976623,-31.64523933],[-60.67972569,-31.64521722],[-60.67968616,-31.64519381],[-60.67964769,-31.64516913],[-60.67961035,-31.64514323],[-60.67957418,-31.64511612],[-60.67953924,-31.64508787]]},"properties":{"layer":"Terraplenes y Defensas","entity_type":"ARC","handle":"3A4F9B","radius_m_drawing_units":120.2339641159014,"start_angle":297.4429408991776,"end_angle":314.8314053023444}},{"type":"Feature","geometry":{"type":"LineString","coordinates":[[-60.67984929,-31.64527918],[-60.68043249,-31.64552346]]},"properties":{"layer":"Terraplenes y Defensas","entity_type":"LINE","handle":"3A4F9C"}},{"type":"Feature","geometry":{"type":"LineString","coordinates":[[-60.68043164,-31.64552311],[-60.68693469,-31.64812354]]},"properties":{"layer":"Terraplenes y Defensas","entity_type":"LINE","handle":"3A4F9D"}},{"type":"Feature","geometry":{"type":"LineString","coordinates":[[-60.69787684,-31.65727369],[-60.69246874,-31.65129937]]},"properties":{"layer":"Terraplenes y Defensas","entity_type":"LINE","handle":"3A4FA5"}},{"type":"Feature","geometry":{"type":"LineString","coordinates":[[-60.69571885,-31.65488988],[-60.69573504,-31.65490883],[-60.69574831,-31.65492937],[-60.69575847,-31.65495116],[-60.69576535,-31.65497388],[-60.69576884,-31.65499715],[-60.69576889,-31.65502062],[-60.69576549,-31.6550439],[-60.6957587,-31.65506664],[-60.69574863,-31.65508847],[-60.69573544,-31.65510904],[-60.69571933,-31.65512803],[-60.69570056,-31.65514515]]},"properties":{"layer":"Terraplenes y Defensas","entity_type":"ARC","handle":"3A4FAC","radius_m_drawing_units":20.68673383739294,"start_angle":140.6038425848492,"end_angle":227.1415938167031}},{"type":"Feature","geometry":{"type":"LineString","coordinates":[[-60.68693469,-31.64812354],[-60.68711772,-31.64822226],[-60.6872924,-31.64833147],[-60.68745793,-31.64845068],[-60.68761351,-31.6485793],[-60.68775842,-31.64871675],[-60.68789197,-31.64886238],[-60.68801354,-31.64901549],[-60.68812256,-31.64917537]]},"properties":{"layer":"Terraplenes y Defensas","entity_type":"ARC","handle":"3A5630","radius_m_drawing_units":299.2164617279475,"start_angle":120.6257843852247,"end_angle":152.0726023943868}},{"type":"Feature","geometry":{"type":"LineString","coordinates":[[-60.68919108,-31.65005478],[-60.68902638,-31.64997695],[-60.68886892,-31.64988881],[-60.6887196,-31.64979087],[-60.68857924,-31.64968366],[-60.68844863,-31.64956779],[-60.68832849,-31.64944391],[-60.6882195,-31.6493127],[-60.68812226,-31.6491749]]},"properties":{"layer":"Terraplenes y Defensas","entity_type":"ARC","handle":"3A5631","radius_m_drawing_units":238.9682418240187,"start_angle":297.1407089648375,"end_angle":331.3842110382931}},{"type":"Feature","geometry":{"type":"LineString","coordinates":[[-60.69012782,-31.65028669],[-60.6900061,-31.65027421],[-60.68988519,-31.65025691],[-60.68976535,-31.65023484],[-60.68964683,-31.65020803],[-60.6895299,-31.65017655],[-60.68941479,-31.65014046],[-60.68930177,-31.65009984],[-60.68919108,-31.65005478]]},"properties":{"layer":"Terraplenes y Defensas","entity_type":"ARC","handle":"3A5632","radius_m_drawing_units":250.6113883096873,"start_angle":275.8677065238536,"end_angle":297.1375657507446}},{"type":"Feature","geometry":{"type":"LineString","coordinates":[[-60.69012746,-31.65028666],[-60.69034942,-31.65030833],[-60.69056989,-31.65033918],[-60.69078836,-31.65037912],[-60.6910043,-31.65042807],[-60.69121723,-31.65048591],[-60.69142662,-31.6505525],[-60.691632,-31.65062769],[-60.69183289,-31.6507113]]},"properties":{"layer":"Terraplenes y Defensas","entity_type":"ARC","handle":"3A5633","radius_m_drawing_units":437.3388306261236,"start_angle":95.48598362385877,"end_angle":117.6975925255624}},{"type":"Feature","geometry":{"type":"LineString","coordinates":[[-60.69183472,-31.65071215],[-60.69187965,-31.65073527],[-60.69192319,-31.65076025],[-60.69196523,-31.65078706],[-60.69200566,-31.65081561],[-60.6920444,-31.65084584],[-60.69208133,-31.65087767],[-60.69211638,-31.65091103],[-60.69214945,-31.65094583]]},"properties":{"layer":"Terraplenes y Defensas","entity_type":"ARC","handle":"3A5634","radius_m_drawing_units":100.3794864221076,"start_angle":119.9634063656386,"end_angle":142.6753492920518}},{"type":"Feature","geometry":{"type":"LineString","coordinates":[[-60.69214945,-31.65094583],[-60.69246874,-31.65129937]]},"properties":{"layer":"Terraplenes y Defensas","entity_type":"LINE","handle":"3A5635"}},{"type":"Feature","geometry":{"type":"LineString","coordinates":[[-60.69787657,-31.65727339],[-60.69804596,-31.65745723]]},"properties":{"layer":"Terraplenes y Defensas","entity_type":"LINE","handle":"3A5875"}},{"type":"Feature","geometry":{"type":"LineString","coordinates":[[-60.69811745,-31.65756855],[-60.69804596,-31.65745723]]},"properties":{"layer":"Terraplenes y Defensas","entity_type":"LINE","handle":"3A5876"}},{"type":"Feature","geometry":{"type":"LineString","coordinates":[[-60.69811745,-31.65756855],[-60.69839857,-31.65841155]]},"properties":{"layer":"Terraplenes y Defensas","entity_type":"LINE","handle":"3A5877"}},{"type":"Feature","geometry":{"type":"LineString","coordinates":[[-60.6985309,-31.6589779],[-60.69859696,-31.65902813]]},"properties":{"layer":"Terraplenes y Defensas","entity_type":"LINE","handle":"3A587A"}},{"type":"Feature","geometry":{"type":"LineString","coordinates":[[-60.70125236,-31.6597544],[-60.70024687,-31.65858326],[-60.70014647,-31.65856808],[-60.69928935,-31.65905641],[-60.69919828,-31.65908324],[-60.69910436,-31.65909375],[-60.69901767,-31.65908931],[-60.6986091,-31.65903615],[-60.69851982,-31.65896827],[-60.69842004,-31.65863666],[-60.69839857,-31.65841155]]},"properties":{"layer":"Terraplenes y Defensas","entity_type":"LWPOLYLINE","handle":"3A5CE0"}},{"type":"Feature","geometry":{"type":"LineString","coordinates":[[-60.70146008,-31.66065568],[-60.70147597,-31.66073209],[-60.70149126,-31.6608086],[-60.70150595,-31.66088519],[-60.70152004,-31.66096186],[-60.70153352,-31.66103861],[-60.7015464,-31.66111544],[-60.70155867,-31.66119234],[-60.70157034,-31.66126931]]},"properties":{"layer":"Terraplenes y Defensas","entity_type":"ARC","handle":"3A5CE9","radius_m_drawing_units":1278.164084569392,"start_angle":170.0877495392777,"end_angle":173.1740908634268}},{"type":"Feature","geometry":{"type":"LineString","coordinates":[[-60.7016487,-31.66155853],[-60.70163833,-31.66152249],[-60.70162812,-31.66148642],[-60.70161807,-31.66145031],[-60.7016082,-31.66141418],[-60.70159848,-31.661378],[-60.70158893,-31.6613418],[-60.70157955,-31.66130557],[-60.70157034,-31.6612693]]},"properties":{"layer":"Terraplenes y Defensas","entity_type":"ARC","handle":"3A5CEA","radius_m_drawing_units":1052.22657942784,"start_angle":346.424542493873,"end_angle":348.2172673567367}},{"type":"Feature","geometry":{"type":"LineString","coordinates":[[-60.70172145,-31.66190987],[-60.70173859,-31.66199352],[-60.70175454,-31.66207734],[-60.70176929,-31.66216132],[-60.70178284,-31.66224544],[-60.70179519,-31.66232971],[-60.70180633,-31.66241409],[-60.70181628,-31.66249859],[-60.70182501,-31.66258318]]},"properties":{"layer":"Terraplenes y Defensas","entity_type":"ARC","handle":"3A5CEB","radius_m_drawing_units":771.564072233288,"start_angle":170.0764240039182,"end_angle":175.6707078566178}},{"type":"Feature","geometry":{"type":"LineString","coordinates":[[-60.7017205,-31.66188101],[-60.70172145,-31.66190987]]},"properties":{"layer":"Terraplenes y Defensas","entity_type":"LINE","handle":"3A5CEC"}},{"type":"Feature","geometry":{"type":"LineString","coordinates":[[-60.70182501,-31.66258318],[-60.70183814,-31.66262687]]},"properties":{"layer":"Terraplenes y Defensas","entity_type":"LINE","handle":"3A5CEE"}},{"type":"Feature","geometry":{"type":"LineString","coordinates":[[-60.70183814,-31.66262687],[-60.70184364,-31.66279779]]},"properties":{"layer":"Terraplenes y Defensas","entity_type":"LINE","handle":"3A5CEF"}},{"type":"Feature","geometry":{"type":"LineString","coordinates":[[-60.70184364,-31.66279779],[-60.70184469,-31.6628305]]},"properties":{"layer":"Terraplenes y Defensas","entity_type":"LINE","handle":"3A5CF0"}},{"type":"Feature","geometry":{"type":"LineString","coordinates":[[-60.70184469,-31.6628305],[-60.70180279,-31.66333411]]},"properties":{"layer":"Terraplenes y Defensas","entity_type":"LINE","handle":"3A5CF1"}},{"type":"Feature","geometry":{"type":"LineString","coordinates":[[-60.70180279,-31.66333411],[-60.70180421,-31.66338224]]},"properties":{"layer":"Terraplenes y Defensas","entity_type":"LINE","handle":"3A5CF2"}},{"type":"Feature","geometry":{"type":"LineString","coordinates":[[-60.70180421,-31.66338224],[-60.70181425,-31.66380129]]},"properties":{"layer":"Terraplenes y Defensas","entity_type":"LINE","handle":"3A5CF3"}},{"type":"Feature","geometry":{"type":"LineString","coordinates":[[-60.70140958,-31.66594744],[-60.7014246,-31.66589371]]},"properties":{"layer":"Terraplenes y Defensas","entity_type":"LINE","handle":"3A5F08"}},{"type":"Feature","geometry":{"type":"LineString","coordinates":[[-60.7014246,-31.66589371],[-60.70170246,-31.66440279]]},"properties":{"layer":"Terraplenes y Defensas","entity_type":"LINE","handle":"3A5F09"}},{"type":"Feature","geometry":{"type":"LineString","coordinates":[[-60.70086353,-31.6673951],[-60.70076761,-31.66757027]]},"properties":{"layer":"Terraplenes y Defensas","entity_type":"LINE","handle":"3A5F0A"}},{"type":"Feature","geometry":{"type":"LineString","coordinates":[[-60.70076761,-31.66757027],[-60.70045863,-31.6681341]]},"properties":{"layer":"Terraplenes y Defensas","entity_type":"LINE","handle":"3A5F0B"}},{"type":"Feature","geometry":{"type":"LineString","coordinates":[[-60.69964542,-31.66961533],[-60.69963561,-31.66962919],[-60.69962549,-31.66964289],[-60.69961506,-31.66965642],[-60.69960432,-31.66966977],[-60.69959329,-31.66968295],[-60.69958197,-31.66969594],[-60.69957036,-31.66970874],[-60.69955846,-31.66972135]]},"properties":{"layer":"Terraplenes y Defensas","entity_type":"ARC","handle":"3A5F0C","radius_m_drawing_units":93.54922598186512,"start_angle":211.0167590369318,"end_angle":219.8209285576283}},{"type":"Feature","geometry":{"type":"LineString","coordinates":[[-60.69421302,-31.67542375],[-60.69428178,-31.67534142]]},"properties":{"layer":"Terraplenes y Defensas","entity_type":"LINE","handle":"3A5F0E"}},{"type":"Feature","geometry":{"type":"LineString","coordinates":[[-60.69428178,-31.67534142],[-60.69481155,-31.67470709]]},"properties":{"layer":"Terraplenes y Defensas","entity_type":"LINE","handle":"3A5F0F"}},{"type":"Feature","geometry":{"type":"LineString","coordinates":[[-60.69481155,-31.67470709],[-60.69507305,-31.67443565]]},"properties":{"layer":"Terraplenes y Defensas","entity_type":"LINE","handle":"3A5F11"}},{"type":"Feature","geometry":{"type":"LineString","coordinates":[[-60.69507305,-31.67443565],[-60.69533456,-31.67416422]]},"properties":{"layer":"Terraplenes y Defensas","entity_type":"LINE","handle":"3A5F12"}},{"type":"Feature","geometry":{"type":"LineString","coordinates":[[-60.68989179,-31.67995927],[-60.69026308,-31.67962394]]},"properties":{"layer":"Terraplenes y Defensas","entity_type":"LINE","handle":"3A5F13"}},{"type":"Feature","geometry":{"type":"LineString","coordinates":[[-60.67756397,-31.6388343],[-60.67807972,-31.63926785],[-60.67808067,-31.63926897],[-60.67817902,-31.63937339],[-60.67824603,-31.63946383],[-60.67830404,-31.63955871],[-60.67835267,-31.63965737],[-60.67839159,-31.63975914],[-60.67842051,-31.63986332],[-60.67843925,-31.63996919],[-60.67844767,-31.64007603],[-60.67844573,-31.64018309],[-60.67843379,-31.64028644],[-60.67842974,-31.64032972],[-60.67843968,-31.64037502],[-60.67846393,-31.6404158],[-60.67850071,-31.64044892],[-60.67854603,-31.64047134],[-60.67866019,-31.64048978],[-60.67878032,-31.6404936],[-60.6788999,-31.64048215],[-60.67900569,-31.64045871],[-60.67966556,-31.64030879]]},"properties":{"layer":"Terraplenes y Defensas","entity_type":"LWPOLYLINE","handle":"3A5F17"}},{"type":"Feature","geometry":{"type":"LineString","coordinates":[[-60.67756395,-31.63883429],[-60.67736279,-31.6386651],[-60.67735204,-31.63865594],[-60.67720241,-31.63851746],[-60.67706775,-31.63836919],[-60.67694766,-31.63821113],[-60.67660867,-31.6377207],[-60.67659149,-31.63763759],[-60.67593167,-31.63655983],[-60.67591378,-31.63652908],[-60.67507561,-31.63502026],[-60.67499143,-31.63488778],[-60.6748901,-31.63476321],[-60.6747738,-31.63464905],[-60.67468213,-31.63457448],[-60.67459574,-31.63449919],[-60.67457229,-31.63447426],[-60.6744248,-31.63430955],[-60.67437566,-31.63424844],[-60.6743252,-31.63419509],[-60.6742574,-31.63415252],[-60.67417909,-31.6341262],[-60.67409797,-31.63411097]]},"properties":{"layer":"Terraplenes y Defensas","entity_type":"LWPOLYLINE","handle":"3A5F19"}},{"type":"Feature","geometry":{"type":"LineString","coordinates":[[-60.67370029,-31.63395486],[-60.6733431,-31.63384677]]},"properties":{"layer":"Terraplenes y Defensas","entity_type":"LINE","handle":"3A612C"}},{"type":"Feature","geometry":{"type":"LineString","coordinates":[[-60.67222316,-31.6336926],[-60.66670511,-31.63383217]]},"properties":{"layer":"Terraplenes y Defensas","entity_type":"LINE","handle":"3A612D"}},{"type":"Feature","geometry":{"type":"LineString","coordinates":[[-60.67297598,-31.63376664],[-60.67260192,-31.63371513]]},"properties":{"layer":"Terraplenes y Defensas","entity_type":"LINE","handle":"3A612E"}},{"type":"Feature","geometry":{"type":"LineString","coordinates":[[-60.67260192,-31.63371513],[-60.67222316,-31.6336926]]},"properties":{"layer":"Terraplenes y Defensas","entity_type":"LINE","handle":"3A6130"}},{"type":"Feature","geometry":{"type":"LineString","coordinates":[[-60.6733431,-31.63384677],[-60.67297598,-31.63376664]]},"properties":{"layer":"Terraplenes y Defensas","entity_type":"LINE","handle":"3A6131"}},{"type":"Feature","geometry":{"type":"LineString","coordinates":[[-60.67409797,-31.63411097],[-60.67370029,-31.63395486]]},"properties":{"layer":"Terraplenes y Defensas","entity_type":"LINE","handle":"3A6132"}},{"type":"Feature","geometry":{"type":"LineString","coordinates":[[-60.66660383,-31.63381472],[-60.66654942,-31.63378544]]},"properties":{"layer":"Terraplenes y Defensas","entity_type":"LINE","handle":"3A6135"}},{"type":"Feature","geometry":{"type":"LineString","coordinates":[[-60.66647458,-31.63374567],[-60.66637816,-31.63372008]]},"properties":{"layer":"Terraplenes y Defensas","entity_type":"LINE","handle":"3A6136"}},{"type":"Feature","geometry":{"type":"LineString","coordinates":[[-60.66627718,-31.63371605],[-60.66617842,-31.63373393]]},"properties":{"layer":"Terraplenes y Defensas","entity_type":"LINE","handle":"3A6137"}},{"type":"Feature","geometry":{"type":"LineString","coordinates":[[-60.66617842,-31.63373393],[-60.66608807,-31.63377256]]},"properties":{"layer":"Terraplenes y Defensas","entity_type":"LINE","handle":"3A6138"}},{"type":"Feature","geometry":{"type":"LineString","coordinates":[[-60.66608807,-31.63377256],[-60.66601196,-31.63382943]]},"properties":{"layer":"Terraplenes y Defensas","entity_type":"LINE","handle":"3A6139"}},{"type":"Feature","geometry":{"type":"LineString","coordinates":[[-60.66626396,-31.63371845],[-60.66619164,-31.63373154]]},"properties":{"layer":"Terraplenes y Defensas","entity_type":"LINE","handle":"3A613A"}},{"type":"Feature","geometry":{"type":"LineString","coordinates":[[-60.66637816,-31.63372008],[-60.66627718,-31.63371605]]},"properties":{"layer":"Terraplenes y Defensas","entity_type":"LINE","handle":"3A613B"}},{"type":"Feature","geometry":{"type":"LineString","coordinates":[[-60.66654891,-31.63378517],[-60.66647458,-31.63374567]]},"properties":{"layer":"Terraplenes y Defensas","entity_type":"LINE","handle":"3A613C"}},{"type":"Feature","geometry":{"type":"LineString","coordinates":[[-60.66665301,-31.6338285],[-60.66660383,-31.63381472]]},"properties":{"layer":"Terraplenes y Defensas","entity_type":"LINE","handle":"3A613D"}},{"type":"Feature","geometry":{"type":"LineString","coordinates":[[-60.66670511,-31.63383217],[-60.66665301,-31.6338285]]},"properties":{"layer":"Terraplenes y Defensas","entity_type":"LINE","handle":"3A613E"}},{"type":"Feature","geometry":{"type":"LineString","coordinates":[[-60.66601196,-31.63382943],[-60.66595506,-31.63390089]]},"properties":{"layer":"Terraplenes y Defensas","entity_type":"LINE","handle":"3A613F"}},{"type":"Feature","geometry":{"type":"LineString","coordinates":[[-60.66595506,-31.63390089],[-60.66591916,-31.63398697]]},"properties":{"layer":"Terraplenes y Defensas","entity_type":"LINE","handle":"3A6140"}},{"type":"Feature","geometry":{"type":"LineString","coordinates":[[-60.6791883,-31.6426284],[-60.67918783,-31.64255228],[-60.679188,-31.64247616],[-60.67918882,-31.64240005],[-60.6791903,-31.64232394],[-60.67919241,-31.64224784],[-60.67919518,-31.64217176],[-60.6791986,-31.6420957],[-60.67920266,-31.64201966]]},"properties":{"layer":"Terraplenes y Defensas","entity_type":"ARC","handle":"3A6144","radius_m_drawing_units":1157.757816081219,"start_angle":359.841492553078,"end_angle":3.183148930775807}},{"type":"Feature","geometry":{"type":"LineString","coordinates":[[-60.67920266,-31.64201966],[-60.67920386,-31.64196205],[-60.67920689,-31.64190449],[-60.67921175,-31.64184703],[-60.67921844,-31.6417897],[-60.67922695,-31.64173254],[-60.67923727,-31.64167561],[-60.6792494,-31.64161893],[-60.67926333,-31.64156256]]},"properties":{"layer":"Terraplenes y Defensas","entity_type":"ARC","handle":"3A6356","radius_m_drawing_units":234.7053088681189,"start_angle":0.5956239587263423,"end_angle":13.07317940932459}},{"type":"Feature","geometry":{"type":"LineString","coordinates":[[-60.67926333,-31.64156256],[-60.67939665,-31.64122088]]},"properties":{"layer":"Terraplenes y Defensas","entity_type":"LINE","handle":"3A6357"}},{"type":"Feature","geometry":{"type":"LineString","coordinates":[[-60.66799877,-31.57945749],[-60.66859448,-31.58047019]]},"properties":{"layer":"Terraplenes y Defensas","entity_type":"LINE","handle":"3A877C"}},{"type":"Feature","geometry":{"type":"LineString","coordinates":[[-60.67523165,-31.61843124],[-60.67535472,-31.61853182]]},"properties":{"layer":"Terraplenes y Defensas","entity_type":"LINE","handle":"3AAA2E"}},{"type":"Feature","geometry":{"type":"LineString","coordinates":[[-60.67535472,-31.61853182],[-60.67591431,-31.6189925]]},"properties":{"layer":"Terraplenes y Defensas","entity_type":"LINE","handle":"3AAA30"}},{"type":"Feature","geometry":{"type":"LineString","coordinates":[[-60.65636889,-31.63388355],[-60.65637246,-31.63385522],[-60.65638013,-31.6338275],[-60.65639176,-31.6338008],[-60.65640718,-31.63377555],[-60.65642614,-31.63375213],[-60.65644837,-31.63373092],[-60.6564735,-31.63371223],[-60.65650115,-31.63369636],[-60.65653089,-31.63368355],[-60.65656227,-31.633674],[-60.65659479,-31.63366787],[-60.65662794,-31.63366524]]},"properties":{"layer":"Terraplenes y Defensas","entity_type":"ARC","handle":"3AD259","radius_m_drawing_units":25.36644098113454,"start_angle":2.937542392989786,"end_angle":88.61913639563599}},{"type":"Feature","geometry":{"type":"LineString","coordinates":[[-60.66341708,-31.63969048],[-60.66356022,-31.63655492]]},"properties":{"layer":"Terraplenes y Defensas","entity_type":"LINE","handle":"3AD6D6"}},{"type":"Feature","geometry":{"type":"LineString","coordinates":[[-60.66269519,-31.63387726],[-60.66272262,-31.63388109],[-60.66274928,-31.63388778],[-60.66277478,-31.63389722],[-60.66279873,-31.63390928],[-60.66282076,-31.63392376],[-60.66284055,-31.63394045],[-60.66285778,-31.6339591],[-60.66287221,-31.63397942],[-60.6628836,-31.6340011],[-60.66289178,-31.63402382]]},"properties":{"layer":"Terraplenes y Defensas","entity_type":"ARC","handle":"3AD6D7","radius_m_drawing_units":21.39130720650999,"start_angle":96.08991943025033,"end_angle":166.7422989514182}},{"type":"Feature","geometry":{"type":"LineString","coordinates":[[-60.64174131,-31.64351525],[-60.64161386,-31.64361579]]},"properties":{"layer":"Terraplenes y Defensas","entity_type":"LINE","handle":"3AD6DB"}},{"type":"Feature","geometry":{"type":"LineString","coordinates":[[-60.64083124,-31.64392661],[-60.6408512,-31.64403157],[-60.64086846,-31.64413687],[-60.640883,-31.64424247],[-60.64089483,-31.64434833],[-60.64090393,-31.64445438],[-60.6409103,-31.64456057],[-60.64091395,-31.64466686],[-60.64091486,-31.64477319]]},"properties":{"layer":"Terraplenes y Defensas","entity_type":"ARC","handle":"3AD8ED","radius_m_drawing_units":536.1886916715839,"start_angle":170.4664519988224,"end_angle":180.5462992199195}},{"type":"Feature","geometry":{"type":"LineString","coordinates":[[-60.64091486,-31.64477319],[-60.64091446,-31.64488867],[-60.64089962,-31.64500345],[-60.64087053,-31.64511621],[-60.64082752,-31.64522567],[-60.64077107,-31.64533057],[-60.64070183,-31.6454297],[-60.64062061,-31.64552193],[-60.64052832,-31.64560621]]},"properties":{"layer":"Terraplenes y Defensas","entity_type":"ARC","handle":"3AD8EE","radius_m_drawing_units":119.6056463483316,"start_angle":177.4393096120432,"end_angle":226.5350846279028}},{"type":"Feature","geometry":{"type":"LineString","coordinates":[[-60.64052741,-31.6456073],[-60.64050686,-31.64561737],[-60.64048535,-31.64562583],[-60.64046305,-31.64563264],[-60.64044013,-31.64563773],[-60.64041678,-31.64564107],[-60.64039317,-31.64564262],[-60.64036949,-31.64564238],[-60.64034593,-31.64564035]]},"properties":{"layer":"Terraplenes y Defensas","entity_type":"ARC","handle":"3AD8EF","radius_m_drawing_units":25.35642840186784,"start_angle":238.0107732710465,"end_angle":278.6280039553478}},{"type":"Feature","geometry":{"type":"LineString","coordinates":[[-60.64034593,-31.64564035],[-60.64028002,-31.64563617],[-60.6402146,-31.64562811],[-60.64014999,-31.6456162],[-60.64008649,-31.64560052],[-60.64002441,-31.64558112],[-60.63996404,-31.64555811],[-60.63990567,-31.64553159],[-60.63984958,-31.64550169]]},"properties":{"layer":"Terraplenes y Defensas","entity_type":"ARC","handle":"3AD8F1","radius_m_drawing_units":90.8509064300052,"start_angle":272.6018367824969,"end_angle":304.2388554510775}},{"type":"Feature","geometry":{"type":"LineString","coordinates":[[-60.63953107,-31.64449911],[-60.63951499,-31.6445901],[-60.63949692,-31.64468081],[-60.63947687,-31.64477122],[-60.63945486,-31.6448613],[-60.63943088,-31.64495101],[-60.63940496,-31.64504032],[-60.63937709,-31.6451292],[-60.63934729,-31.64521763]]},"properties":{"layer":"Terraplenes y Defensas","entity_type":"ARC","handle":"3AD8F2","radius_m_drawing_units":546.9831508240301,"start_angle":188.4026133142434,"end_angle":196.953698720781}},{"type":"Feature","geometry":{"type":"LineString","coordinates":[[-60.63944093,-31.64408899],[-60.63946533,-31.6441374],[-60.63948611,-31.64418702],[-60.63950318,-31.64423767],[-60.63951648,-31.64428915],[-60.63952594,-31.64434124],[-60.63953154,-31.64439373],[-60.63953326,-31.64444643],[-60.63953107,-31.64449911]]},"properties":{"layer":"Terraplenes y Defensas","entity_type":"ARC","handle":"3AD8F3","radius_m_drawing_units":92.45705889189699,"start_angle":155.1940779201122,"end_angle":184.1774017014853}},{"type":"Feature","geometry":{"type":"LineString","coordinates":[[-60.63944093,-31.64408899],[-60.63942266,-31.6440436],[-60.63940722,-31.64399745],[-60.63939467,-31.64395066],[-60.63938502,-31.64390338],[-60.63937832,-31.64385571],[-60.63937457,-31.64380782],[-60.6393738,-31.64375982],[-60.63937599,-31.64371185]]},"properties":{"layer":"Terraplenes y Defensas","entity_type":"ARC","handle":"3AD8F4","radius_m_drawing_units":100.5220671944427,"start_angle":339.8187572127112,"end_angle":4.093557857683162}},{"type":"Feature","geometry":{"type":"LineString","coordinates":[[-60.63916901,-31.64238402],[-60.63919645,-31.64254982],[-60.63922344,-31.64271567],[-60.63924998,-31.64288157],[-60.63927608,-31.64304753],[-60.63930173,-31.64321353],[-60.63932693,-31.64337959],[-60.63935168,-31.6435457],[-60.63937599,-31.64371185]]},"properties":{"layer":"Terraplenes y Defensas","entity_type":"ARC","handle":"3AD8F5","radius_m_drawing_units":8043.396080869381,"start_angle":172.2105469965457,"end_angle":173.2686645718231}},{"type":"Feature","geometry":{"type":"LineString","coordinates":[[-60.63819792,-31.64162945],[-60.63832266,-31.64172055],[-60.63844646,-31.6418126],[-60.63856931,-31.64190556],[-60.6386912,-31.64199945],[-60.63881213,-31.64209424],[-60.63893207,-31.64218994],[-60.63905104,-31.64228654],[-60.63916901,-31.64238402]]},"properties":{"layer":"Terraplenes y Defensas","entity_type":"ARC","handle":"3AD8F6","radius_m_drawing_units":1773.777242709319,"start_angle":130.5733035382547,"end_angle":134.5939650396151}},{"type":"Feature","geometry":{"type":"LineString","coordinates":[[-60.71527671,-31.66713736],[-60.71515034,-31.66714327],[-60.71502401,-31.66713668],[-60.7148994,-31.6671177],[-60.71477819,-31.66708658],[-60.71466196,-31.66704372],[-60.71455228,-31.66698971],[-60.7144506,-31.66692525],[-60.71435828,-31.66685121]]},"properties":{"layer":"Terraplenes y Defensas","entity_type":"ARC","handle":"3B00E7","radius_m_drawing_units":104.0736704088846,"start_angle":263.9446817204847,"end_angle":316.8388832151192}},{"type":"Feature","geometry":{"type":"LineString","coordinates":[[-60.71527689,-31.66713739],[-60.7162007,-31.66725467]]},"properties":{"layer":"Terraplenes y Defensas","entity_type":"LINE","handle":"3B00E8"}},{"type":"Feature","geometry":{"type":"LineString","coordinates":[[-60.71435828,-31.66685121],[-60.7141311,-31.66668774]]},"properties":{"layer":"Terraplenes y Defensas","entity_type":"LINE","handle":"3B00E9"}},{"type":"Feature","geometry":{"type":"LineString","coordinates":[[-60.71361002,-31.66643294],[-60.71367636,-31.66646295],[-60.71374237,-31.66649349],[-60.71380804,-31.66652456],[-60.71387336,-31.66655615],[-60.71393834,-31.66658827],[-60.71400296,-31.66662091],[-60.71406721,-31.66665407],[-60.7141311,-31.66668774]]},"properties":{"layer":"Terraplenes y Defensas","entity_type":"ARC","handle":"3B00EB","radius_m_drawing_units":757.3411283322654,"start_angle":117.9787455329579,"end_angle":122.2864239041541}},{"type":"Feature","geometry":{"type":"LineString","coordinates":[[-60.60565821,-31.66459145],[-60.60561602,-31.66456264],[-60.60555896,-31.66452613],[-60.60549466,-31.66448916],[-60.60542833,-31.66445355],[-60.60536109,-31.66441807],[-60.60529431,-31.66438106],[-60.60524092,-31.66434913],[-60.60518848,-31.66431655],[-60.60513644,-31.66428456],[-60.60508392,-31.66425423],[-60.60500988,-31.66421636],[-60.6049333,-31.66418071],[-60.60485575,-31.66414494],[-60.6047791,-31.66410675],[-60.60471308,-31.66407092],[-60.60464793,-31.66403412],[-60.6045835,-31.66399641],[-60.60451989,-31.66395759],[-60.60447229,-31.66392736],[-60.60442534,-31.66389648],[-60.60437882,-31.66386538],[-60.60433241,-31.66383469],[-60.60426704,-31.6637935],[-60.60423409,-31.66377281],[-60.60420119,-31.66375199],[-60.60416403,-31.6637283],[-60.60412696,-31.66370438],[-60.60409005,-31.66368075],[-60.60405323,-31.66365771],[-60.60401979,-31.66363893],[-60.60398408,-31.66362044],[-60.6039481,-31.6635996],[-60.60391511,-31.66357444],[-60.60388983,-31.66354775],[-60.60386826,-31.66351921],[-60.60384934,-31.66348989],[-60.60383192,-31.66346012],[-60.60381757,-31.66343007],[-60.60380625,-31.66339982],[-60.60379529,-31.66337151],[-60.60378214,-31.66334545],[-60.60376434,-31.663319],[-60.60374357,-31.66329293],[-60.60372097,-31.66326728],[-60.60369727,-31.66324234],[-60.60367115,-31.66321684],[-60.60364346,-31.66319219],[-60.60361453,-31.66316815],[-60.60358512,-31.66314478],[-60.60354487,-31.66311521],[-60.60350264,-31.66308699],[-60.60345926,-31.66305899],[-60.60341592,-31.6630302],[-60.6033673,-31.66299664],[-60.60327052,-31.66292947],[-60.603222,-31.66289613],[-60.60316923,-31.66286017],[-60.60311629,-31.66282434],[-60.6030631,-31.66278898],[-60.60300926,-31.66275458],[-60.60297812,-31.66273534],[-60.60294657,-31.66271631],[-60.60291474,-31.66269743],[-60.60288255,-31.66267854],[-60.60284591,-31.66265672],[-60.60280956,-31.66263488],[-60.60277343,-31.66261453],[-60.60273663,-31.66259651],[-60.60269708,-31.66258082],[-60.60265543,-31.66256697],[-60.60261243,-31.66255392],[-60.6025692,-31.66254063],[-60.60250567,-31.66252174],[-60.60244127,-31.66250387],[-60.60237648,-31.66248531],[-60.60231207,-31.6624641],[-60.6022522,-31.66244105],[-60.6021937,-31.66241633],[-60.602136,-31.66239069],[-60.60207857,-31.66236493],[-60.60201912,-31.66233787],[-60.60196004,-31.66231011],[-60.60190131,-31.66228238],[-60.6018426,-31.66225525],[-60.6017849,-31.6622302],[-60.60172633,-31.66220558],[-60.6016675,-31.66218009],[-60.60160965,-31.66215268],[-60.60157356,-31.6621345],[-60.60153753,-31.66211584],[-60.60150176,-31.66209599],[-60.60146714,-31.66207434],[-60.60143224,-31.66204947],[-60.60139907,-31.66202298],[-60.60136742,-31.66199547],[-60.60133683,-31.66196711],[-60.60130751,-31.66193743],[-60.60127989,-31.66190665],[-60.60125342,-31.66187589],[-60.60122703,-31.66184554],[-60.60116715,-31.66177893],[-60.60113733,-31.66174479],[-60.60110878,-31.66170946],[-60.60108721,-31.66168019],[-60.60106681,-31.66165057],[-60.6010471,-31.66162114],[-60.60094981,-31.66147867]]},"properties":{"layer":"Terraplenes y Defensas","entity_type":"POLYLINE","handle":"3B0B45"}},{"type":"Feature","geometry":{"type":"LineString","coordinates":[[-60.60870202,-31.66580774],[-60.60874207,-31.6657777],[-60.60877525,-31.66574416],[-60.60880216,-31.66571321],[-60.60882667,-31.66568531],[-60.60885044,-31.66566014],[-60.60887529,-31.66563299],[-60.60890002,-31.66560471],[-60.60892279,-31.66557633],[-60.60894284,-31.66555152],[-60.60947479,-31.66490961]]},"properties":{"layer":"Terraplenes y Defensas","entity_type":"LWPOLYLINE","handle":"3B1107"}},{"type":"Feature","geometry":{"type":"LineString","coordinates":[[-60.60094981,-31.66147867],[-60.60093747,-31.66146151],[-60.60092535,-31.66144425],[-60.60091345,-31.66142687],[-60.60090178,-31.66140937],[-60.60089034,-31.66139177],[-60.60087913,-31.66137406],[-60.60086814,-31.66135625],[-60.60085739,-31.66133833]]},"properties":{"layer":"Terraplenes y Defensas","entity_type":"ARC","handle":"3B1BC1","radius_m_drawing_units":201.9257091615623,"start_angle":328.3877148003052,"end_angle":333.4570103551434}},{"type":"Feature","geometry":{"type":"LineString","coordinates":[[-60.60870202,-31.66580774],[-60.60866809,-31.66582811],[-60.6086513,-31.66584081],[-60.60861493,-31.66585704],[-60.60858036,-31.66586063],[-60.6085472,-31.66586827],[-60.60849721,-31.66586644],[-60.60840026,-31.66584399],[-60.60835302,-31.66582762],[-60.60828342,-31.6657945],[-60.60822329,-31.66577323],[-60.60814683,-31.66573914],[-60.60809282,-31.66571992],[-60.60799127,-31.66568641],[-60.60791165,-31.66566821],[-60.60782936,-31.66564632],[-60.60772798,-31.66562255],[-60.60764537,-31.66559913],[-60.60758957,-31.66558028],[-60.60751302,-31.66554809],[-60.60741591,-31.66549931],[-60.60730784,-31.66543597],[-60.60716992,-31.6653716],[-60.60687939,-31.66523717],[-60.60651455,-31.66505808],[-60.60589599,-31.66471456]]},"properties":{"layer":"Terraplenes y Defensas","entity_type":"LWPOLYLINE","handle":"3B61B9"}},{"type":"Feature","geometry":{"type":"LineString","coordinates":[[-60.6091349,-31.66531976],[-60.60940848,-31.66498963]]},"properties":{"layer":"Terraplenes y Defensas","entity_type":"LINE","handle":"3B6230"}},{"type":"Feature","geometry":{"type":"LineString","coordinates":[[-60.60945704,-31.66484397],[-60.60946282,-31.6648471],[-60.60946807,-31.66485084],[-60.60947271,-31.66485513],[-60.60947667,-31.66485991],[-60.60947987,-31.66486508],[-60.60948226,-31.66487056],[-60.6094838,-31.66487625],[-60.60948446,-31.66488208],[-60.60948424,-31.66488792],[-60.60948314,-31.66489369],[-60.60948117,-31.6648993],[-60.60947837,-31.66490463],[-60.60947478,-31.66490961]]},"properties":{"layer":"Terraplenes y Defensas","entity_type":"ARC","handle":"3B6231","radius_m_drawing_units":5.0,"start_angle":118.9591803294282,"end_angle":215.6474734389847}},{"type":"Feature","geometry":{"type":"LineString","coordinates":[[-60.60945704,-31.66484397],[-60.60802936,-31.66415184]]},"properties":{"layer":"Terraplenes y Defensas","entity_type":"LINE","handle":"3B6235"}},{"type":"Feature","geometry":{"type":"LineString","coordinates":[[-60.60382852,-31.66080621],[-60.60384758,-31.66081352],[-60.60387779,-31.66082882]]},"properties":{"layer":"Terraplenes y Defensas","entity_type":"LWPOLYLINE","handle":"3B6524"}},{"type":"Feature","geometry":{"type":"LineString","coordinates":[[-60.60625158,-31.66208248],[-60.60644783,-31.66231437],[-60.60664332,-31.66254673],[-60.60683803,-31.66277957],[-60.60703197,-31.66301288],[-60.60722514,-31.66324665],[-60.60741753,-31.6634809],[-60.60760914,-31.66371561],[-60.60779997,-31.66395079]]},"properties":{"layer":"Terraplenes y Defensas","entity_type":"ARC","handle":"3B6525","radius_m_drawing_units":11178.73576281451,"start_angle":144.3369523038246,"end_angle":145.6385150473038}},{"type":"Feature","geometry":{"type":"LineString","coordinates":[[-60.60804188,-31.66415947],[-60.60804021,-31.66415864],[-60.60803858,-31.66415778],[-60.60803697,-31.66415688],[-60.60803538,-31.66415594],[-60.60803383,-31.66415496],[-60.60803231,-31.66415396],[-60.60803082,-31.66415292],[-60.60802936,-31.66415184]]},"properties":{"layer":"Terraplenes y Defensas","entity_type":"ARC","handle":"3B6D96","radius_m_drawing_units":7.0,"start_angle":299.8086365437321,"end_angle":311.7628803191021}},{"type":"Feature","geometry":{"type":"LineString","coordinates":[[-60.60804188,-31.66415947],[-60.60800478,-31.66414006],[-60.60796934,-31.66411852],[-60.6079357,-31.66409494],[-60.60790404,-31.66406945],[-60.60787451,-31.66404215],[-60.60784723,-31.66401318],[-60.60782235,-31.66398268],[-60.60779997,-31.66395079]]},"properties":{"layer":"Terraplenes y Defensas","entity_type":"ARC","handle":"3B7066","radius_m_drawing_units":60.0,"start_angle":299.8086365444424,"end_angle":331.3210902692373}},{"type":"Feature","geometry":{"type":"LineString","coordinates":[[-60.6038838,-31.66083187],[-60.6039049,-31.66084123],[-60.60392872,-31.66085362],[-60.603951,-31.66086546],[-60.60399567,-31.66089166],[-60.60403788,-31.66092069],[-60.60407614,-31.66094958],[-60.60411266,-31.66097812],[-60.60416374,-31.66101992],[-60.60421283,-31.66106362],[-60.60425946,-31.66110732],[-60.60430585,-31.66115189],[-60.60434973,-31.66119729],[-60.60438982,-31.66124192],[-60.60442691,-31.66128141],[-60.60446445,-31.66131562],[-60.60450048,-31.66134296],[-60.60454076,-31.66137015],[-60.60458374,-31.66139685],[-60.60462797,-31.66142288],[-60.60468167,-31.66145268],[-60.6047364,-31.66148064],[-60.60479251,-31.66150724],[-60.6048504,-31.66153283],[-60.6049057,-31.66155655],[-60.60496023,-31.66157869],[-60.60501313,-31.66159792],[-60.60506569,-31.66161352],[-60.60511347,-31.66162463],[-60.60516305,-31.66163377],[-60.60521346,-31.66164076],[-60.6052624,-31.6616455],[-60.60531019,-31.66164697],[-60.60536207,-31.66164539],[-60.60542088,-31.66164314],[-60.60548198,-31.66164354],[-60.6055181,-31.66164479],[-60.60555543,-31.66164608],[-60.60559808,-31.66164949],[-60.60564372,-31.66165715],[-60.60568982,-31.66167037],[-60.60573165,-31.66168637],[-60.60576961,-31.66170386],[-60.60580598,-31.66172242],[-60.60584467,-31.66174533],[-60.60587972,-31.66176952],[-60.60591074,-31.66179232],[-60.6059398,-31.66181349],[-60.60598202,-31.66184334],[-60.60602521,-31.66187428],[-60.60606857,-31.6619063],[-60.60611166,-31.66193962],[-60.60615256,-31.66197336],[-60.60619147,-31.66200711],[-60.60622891,-31.66204023],[-60.60625158,-31.66208248]]},"properties":{"layer":"Terraplenes y Defensas","entity_type":"LWPOLYLINE","handle":"3B70E1"}},{"type":"Feature","geometry":{"type":"LineString","coordinates":[[-60.66344769,-31.6355973],[-60.66347588,-31.63571543],[-60.66350007,-31.63583421],[-60.66352024,-31.63595354],[-60.66353636,-31.63607332],[-60.66354843,-31.63619345],[-60.66355643,-31.63631383],[-60.66356037,-31.63643435],[-60.66356022,-31.63655492]]},"properties":{"layer":"Terraplenes y Defensas","entity_type":"ARC","handle":"3BC436","radius_m_drawing_units":462.3526788809164,"start_angle":167.9794282340557,"end_angle":181.2342270507581}},{"type":"Feature","geometry":{"type":"LineString","coordinates":[[-60.66344769,-31.6355973],[-60.66288447,-31.63400312]]},"properties":{"layer":"Terraplenes y Defensas","entity_type":"LINE","handle":"3BC437"}},{"type":"Feature","geometry":{"type":"LineString","coordinates":[[-60.66269519,-31.63387726],[-60.65662794,-31.63366524]]},"properties":{"layer":"Terraplenes y Defensas","entity_type":"LINE","handle":"3BC439"}},{"type":"Feature","geometry":{"type":"LineString","coordinates":[[-60.63633599,-31.63994492],[-60.63642583,-31.64020241]]},"properties":{"layer":"Terraplenes y Defensas","entity_type":"LINE","handle":"3C4275"}},{"type":"Feature","geometry":{"type":"LineString","coordinates":[[-60.66423108,-31.60616775],[-60.66425276,-31.60631157]]},"properties":{"layer":"Terraplenes y Defensas","entity_type":"LINE","handle":"3D5A12"}},{"type":"Feature","geometry":{"type":"LineString","coordinates":[[-60.66429055,-31.60712177],[-60.66428297,-31.60702061],[-60.66427621,-31.60691941],[-60.66427027,-31.60681817],[-60.66426514,-31.60671689],[-60.66426082,-31.60661559],[-60.66425732,-31.60651427],[-60.66425463,-31.60641292],[-60.66425276,-31.60631157]]},"properties":{"layer":"Terraplenes y Defensas","entity_type":"ARC","handle":"3D5A14","radius_m_drawing_units":1632.68642301219,"start_angle":356.4845720776652,"end_angle":359.6402272504409}},{"type":"Feature","geometry":{"type":"LineString","coordinates":[[-60.66429055,-31.60712177],[-60.66430465,-31.60724709]]},"properties":{"layer":"Terraplenes y Defensas","entity_type":"LINE","handle":"3D5A15"}},{"type":"Feature","geometry":{"type":"LineString","coordinates":[[-60.66454791,-31.60733263],[-60.66440595,-31.6072638]]},"properties":{"layer":"Terraplenes y Defensas","entity_type":"LINE","handle":"3D5A16"}},{"type":"Feature","geometry":{"type":"LineString","coordinates":[[-60.66430462,-31.60724684],[-60.66431747,-31.60724671],[-60.66433032,-31.60724721],[-60.6643431,-31.60724835],[-60.66435579,-31.60725012],[-60.66436834,-31.60725251],[-60.66438071,-31.60725551],[-60.66439286,-31.60725912],[-60.66440474,-31.60726332]]},"properties":{"layer":"Terraplenes y Defensas","entity_type":"ARC","handle":"3D5C2F","radius_m_drawing_units":21.15734888672846,"start_angle":88.01854206695106,"end_angle":114.4549442699113}},{"type":"Feature","geometry":{"type":"LineString","coordinates":[[-60.66454829,-31.60733283],[-60.66456102,-31.60733981],[-60.66457291,-31.6073478],[-60.66458385,-31.60735673],[-60.66459374,-31.60736651],[-60.6646025,-31.60737706],[-60.66461003,-31.60738828],[-60.66461628,-31.60740006],[-60.66462118,-31.6074123]]},"properties":{"layer":"Terraplenes y Defensas","entity_type":"ARC","handle":"3D5C30","radius_m_drawing_units":14.97811737597286,"start_angle":120.2560885544583,"end_angle":164.1777557784862}},{"type":"Feature","geometry":{"type":"LineString","coordinates":[[-60.75770643,-31.5640111],[-60.75775159,-31.56394433],[-60.75779844,-31.56387843],[-60.75784698,-31.56381343],[-60.75789717,-31.56374935],[-60.75794899,-31.56368623],[-60.75800241,-31.56362411],[-60.75805742,-31.563563],[-60.75811398,-31.56350294]]},"properties":{"layer":"Terraplenes y Defensas","entity_type":"ARC","handle":"3D6B0A","radius_m_drawing_units":389.6068712076639,"start_angle":29.84157769028957,"end_angle":39.90665351826284}},{"type":"Feature","geometry":{"type":"LineString","coordinates":[[-60.75857945,-31.56291821],[-60.75856432,-31.56295292],[-60.75854729,-31.56298698],[-60.7585284,-31.56302031],[-60.75850769,-31.56305284],[-60.7584852,-31.5630845],[-60.75846099,-31.56311521],[-60.75843511,-31.5631449],[-60.75840762,-31.56317352]]},"properties":{"layer":"Terraplenes y Defensas","entity_type":"ARC","handle":"3D6B0C","radius_m_drawing_units":86.83417051733672,"start_angle":199.5071642667311,"end_angle":221.1963714924942}},{"type":"Feature","geometry":{"type":"LineString","coordinates":[[-60.75840762,-31.56317352],[-60.75811398,-31.56350294]]},"properties":{"layer":"Terraplenes y Defensas","entity_type":"LINE","handle":"3D6B0D"}},{"type":"Feature","geometry":{"type":"LineString","coordinates":[[-60.75858374,-31.56266861],[-60.75859086,-31.56269951],[-60.7585958,-31.56273072],[-60.75859854,-31.56276213],[-60.75859909,-31.56279362],[-60.75859743,-31.56282508],[-60.75859357,-31.5628564],[-60.75858753,-31.56288747],[-60.75857933,-31.56291817]]},"properties":{"layer":"Terraplenes y Defensas","entity_type":"ARC","handle":"3D6B0F","radius_m_drawing_units":58.28490384644859,"start_angle":167.5298782285482,"end_angle":194.9990192159252}},{"type":"Feature","geometry":{"type":"LineString","coordinates":[[-60.75806826,-31.56191177],[-60.75761897,-31.56175771]]},"properties":{"layer":"Terraplenes y Defensas","entity_type":"LINE","handle":"3D6B11"}},{"type":"Feature","geometry":{"type":"LineString","coordinates":[[-60.75842565,-31.56219414],[-60.75843563,-31.56221552],[-60.75844521,-31.56223704],[-60.75845438,-31.56225868],[-60.75846315,-31.56228045],[-60.75847151,-31.56230234],[-60.75847945,-31.56232434],[-60.75848699,-31.56234644],[-60.75849411,-31.56236865]]},"properties":{"layer":"Terraplenes y Defensas","entity_type":"ARC","handle":"3D6B12","radius_m_drawing_units":159.2315054079471,"start_angle":158.1562920016422,"end_angle":165.5063776673826}},{"type":"Feature","geometry":{"type":"LineString","coordinates":[[-60.75858345,-31.56266734],[-60.75854913,-31.56254283]]},"properties":{"layer":"Terraplenes y Defensas","entity_type":"LINE","handle":"3D6B13"}},{"type":"Feature","geometry":{"type":"LineString","coordinates":[[-60.75806826,-31.56191177],[-60.75809688,-31.5619218],[-60.75812499,-31.56193283],[-60.75815254,-31.56194484],[-60.75817949,-31.56195782],[-60.75820579,-31.56197174],[-60.7582314,-31.56198658],[-60.75825627,-31.56200232],[-60.75828036,-31.56201891]]},"properties":{"layer":"Terraplenes y Defensas","entity_type":"ARC","handle":"3D6D2C","radius_m_drawing_units":71.07411225448269,"start_angle":111.469116676877,"end_angle":130.4037629150326}},{"type":"Feature","geometry":{"type":"LineString","coordinates":[[-60.75828036,-31.56201891],[-60.75830345,-31.56203744],[-60.75832526,-31.56205707],[-60.75834572,-31.56207774],[-60.75836477,-31.56209937],[-60.75838235,-31.5621219],[-60.75839839,-31.56214526],[-60.75841284,-31.56216937],[-60.75842565,-31.56219414]]},"properties":{"layer":"Terraplenes y Defensas","entity_type":"ARC","handle":"3D6D2D","radius_m_drawing_units":52.47887078744868,"start_angle":131.9002259290932,"end_angle":158.145279990343}},{"type":"Feature","geometry":{"type":"LineString","coordinates":[[-60.75761897,-31.56175771],[-60.75714527,-31.56159441]]},"properties":{"layer":"Terraplenes y Defensas","entity_type":"LINE","handle":"3D6D2E"}},{"type":"Feature","geometry":{"type":"LineString","coordinates":[[-60.7571446,-31.56159114],[-60.75709166,-31.56157205],[-60.75703919,-31.56155206],[-60.75698719,-31.56153118],[-60.7569357,-31.5615094],[-60.75688472,-31.56148675],[-60.75683428,-31.56146323],[-60.75678441,-31.56143884],[-60.75673512,-31.5614136]]},"properties":{"layer":"Terraplenes y Defensas","entity_type":"ARC","handle":"3D6D2F","radius_m_drawing_units":271.9041152854204,"start_angle":292.6554056744512,"end_angle":301.8481332863714}},{"type":"Feature","geometry":{"type":"LineString","coordinates":[[-60.75673512,-31.5614136],[-60.75667994,-31.56138295],[-60.75662541,-31.56135144],[-60.75657157,-31.56131908],[-60.75651842,-31.5612859],[-60.75646599,-31.56125189],[-60.75641428,-31.56121707],[-60.75636333,-31.56118145],[-60.75631314,-31.56114505]]},"properties":{"layer":"Terraplenes y Defensas","entity_type":"ARC","handle":"3D6D30","radius_m_drawing_units":343.3765366130431,"start_angle":302.8495639947995,"end_angle":311.1866148562327}},{"type":"Feature","geometry":{"type":"LineString","coordinates":[[-60.75631314,-31.56114505],[-60.75476251,-31.56004542]]},"properties":{"layer":"Terraplenes y Defensas","entity_type":"LINE","handle":"3D6D31"}},{"type":"Feature","geometry":{"type":"LineString","coordinates":[[-60.75476251,-31.56004542],[-60.75224897,-31.55775589]]},"properties":{"layer":"Terraplenes y Defensas","entity_type":"LINE","handle":"3D853B"}},{"type":"Feature","geometry":{"type":"LineString","coordinates":[[-60.7522496,-31.55775652],[-60.75222685,-31.55772946],[-60.75220679,-31.55770089],[-60.75218956,-31.55767099],[-60.75217527,-31.55763997],[-60.75216402,-31.55760805],[-60.75215589,-31.55757544],[-60.75215093,-31.55754237],[-60.75214919,-31.55750906]]},"properties":{"layer":"Terraplenes y Defensas","entity_type":"ARC","handle":"3D853C","radius_m_drawing_units":44.7039826481975,"start_angle":322.2724993396974,"end_angle":0.1924721808173777}},{"type":"Feature","geometry":{"type":"LineString","coordinates":[[-60.75214919,-31.55750906],[-60.75222954,-31.5568929]]},"properties":{"layer":"Terraplenes y Defensas","entity_type":"LINE","handle":"3D853D"}},{"type":"Feature","geometry":{"type":"LineString","coordinates":[[-60.75213573,-31.55648077],[-60.75216209,-31.55652868],[-60.75218445,-31.55657807],[-60.75220269,-31.55662868],[-60.75221671,-31.55668026],[-60.75222646,-31.55673256],[-60.75223188,-31.55678532],[-60.75223294,-31.55683828],[-60.75222964,-31.55689116]]},"properties":{"layer":"Terraplenes y Defensas","entity_type":"ARC","handle":"3D877D","radius_m_drawing_units":83.2921284816154,"start_angle":153.1438798508735,"end_angle":185.4696428546509}},{"type":"Feature","geometry":{"type":"LineString","coordinates":[[-60.75158169,-31.55577701],[-60.75158782,-31.55577896],[-60.75160171,-31.55578381],[-60.75161491,-31.55578886],[-60.75161488,-31.55578885],[-60.75163831,-31.55579869],[-60.75166111,-31.55580955],[-60.75168322,-31.5558214],[-60.75168319,-31.55582145],[-60.75169515,-31.5558284],[-60.75170731,-31.55583586],[-60.75171908,-31.55584372],[-60.75173065,-31.55585164],[-60.7517418,-31.55585988],[-60.75175274,-31.55586817],[-60.75176332,-31.55587667],[-60.7517736,-31.55588527],[-60.75178362,-31.55589403],[-60.75179334,-31.55590288],[-60.75180286,-31.55591179],[-60.75181212,-31.55592088],[-60.75182114,-31.55592994],[-60.75182993,-31.55593897],[-60.75183846,-31.55594818],[-60.75184695,-31.5559573],[-60.75185511,-31.55596643],[-60.75186317,-31.55597558],[-60.75187113,-31.55598477],[-60.75187885,-31.55599393],[-60.75191826,-31.55604147],[-60.75192898,-31.55605448],[-60.75194232,-31.55607493],[-60.75195312,-31.5560951]]},"properties":{"layer":"Terraplenes y Defensas","entity_type":"LWPOLYLINE","handle":"3D8780"}},{"type":"Feature","geometry":{"type":"LineString","coordinates":[[-60.75158169,-31.55577701],[-60.74840062,-31.55493033]]},"properties":{"layer":"Terraplenes y Defensas","entity_type":"LINE","handle":"3D8781"}},{"type":"Feature","geometry":{"type":"LineString","coordinates":[[-60.7471347,-31.55441827],[-60.74840062,-31.55493033]]},"properties":{"layer":"Terraplenes y Defensas","entity_type":"LINE","handle":"3D8783"}},{"type":"Feature","geometry":{"type":"LineString","coordinates":[[-60.75742409,-31.56523176],[-60.757443,-31.5653787],[-60.75745828,-31.56552595],[-60.75746993,-31.56567345],[-60.75747794,-31.56582112],[-60.7574823,-31.56596891],[-60.75748302,-31.56611674],[-60.75748009,-31.56626455],[-60.75747352,-31.56641227]]},"properties":{"layer":"Terraplenes y Defensas","entity_type":"ARC","handle":"3D98F7","radius_m_drawing_units":776.2861328457222,"start_angle":173.5035615598695,"end_angle":183.1828730779359}},{"type":"Feature","geometry":{"type":"LineString","coordinates":[[-60.60009526,-31.66008968],[-60.60012356,-31.66010159],[-60.6001515,-31.66011409],[-60.60017907,-31.66012718],[-60.60020625,-31.66014086],[-60.60023303,-31.66015511],[-60.60025938,-31.66016993],[-60.6002853,-31.6601853],[-60.60031076,-31.66020122]]},"properties":{"layer":"Terraplenes y Defensas","entity_type":"ARC","handle":"4290AA","radius_m_drawing_units":120.2670893280123,"start_angle":115.7945473326241,"end_angle":127.1941968347025}},{"type":"Feature","geometry":{"type":"LineString","coordinates":[[-60.60009526,-31.66008968],[-60.60006102,-31.66008054],[-60.60002755,-31.6600695],[-60.599995,-31.66005661],[-60.5999635,-31.66004194],[-60.59993319,-31.66002553],[-60.5999042,-31.66000746],[-60.59987665,-31.65998781],[-60.59985066,-31.65996666]]},"properties":{"layer":"Terraplenes y Defensas","entity_type":"ARC","handle":"4290B1","radius_m_drawing_units":52.01907904897155,"start_angle":285.7788675341274,"end_angle":315.7616489702143}},{"type":"Feature","geometry":{"type":"LineString","coordinates":[[-60.60050546,-31.66032566],[-60.60047977,-31.66031172],[-60.60045444,-31.66029731],[-60.60042949,-31.66028243],[-60.60040492,-31.66026708],[-60.60038075,-31.66025128],[-60.600357,-31.66023503],[-60.60033366,-31.66021834],[-60.60031076,-31.66020122]]},"properties":{"layer":"Terraplenes y Defensas","entity_type":"ARC","handle":"4290B2","radius_m_drawing_units":131.8429716977706,"start_angle":302.0682905859937,"end_angle":312.0990090086983}}]}