{"type":"FeatureCollection","name":"subcuencas","features":[{"type":"Feature","geometry":{"type":"LineString","coordinates":[[-60.73730216,-31.65503852],[-60.7350674,-31.65483545],[-60.73413792,-31.65451686],[-60.73327914,-31.65425785],[-60.73236626,-31.65426309],[-60.72985335,-31.65440946]]},"properties":{"layer":"Subcuencas","entity_type":"LWPOLYLINE","handle":"129529"}},{"type":"Feature","geometry":{"type":"LineString","coordinates":[[-60.72182528,-31.65438763],[-60.72141647,-31.65492602],[-60.72145387,-31.65510279],[-60.72226794,-31.65553679]]},"properties":{"layer":"Subcuencas","entity_type":"LWPOLYLINE","handle":"12952A"}},{"type":"Feature","geometry":{"type":"LineString","coordinates":[[-60.72321917,-31.65584326],[-60.72309127,-31.65600152],[-60.72301092,-31.65609431],[-60.72284162,-31.65633381],[-60.72257032,-31.65619684],[-60.72237244,-31.65623643],[-60.72223882,-31.65642956],[-60.72192247,-31.65629284],[-60.72166155,-31.65633279],[-60.72150996,-31.65653372],[-60.72124773,-31.65640439],[-60.72095083,-31.65645223],[-60.72088938,-31.65666034],[-60.72064486,-31.65649244],[-60.72040989,-31.65639373],[-60.72086418,-31.65572941]]},"properties":{"layer":"Subcuencas","entity_type":"LWPOLYLINE","handle":"12952B"}},{"type":"Feature","geometry":{"type":"LineString","coordinates":[[-60.72040989,-31.65639373],[-60.71949063,-31.65750698],[-60.71941039,-31.65761516],[-60.71804298,-31.65785371],[-60.71564089,-31.65825964],[-60.71559478,-31.65812139],[-60.71598753,-31.6576498],[-60.71399874,-31.65791487],[-60.71344102,-31.65801803]]},"properties":{"layer":"Subcuencas","entity_type":"LWPOLYLINE","handle":"12952C"}},{"type":"Feature","geometry":{"type":"LineString","coordinates":[[-60.72105829,-31.65753661],[-60.72187705,-31.65740886],[-60.72199332,-31.65730047],[-60.72223623,-31.65726063],[-60.72261605,-31.65745085],[-60.72302099,-31.65739469],[-60.72362707,-31.65772213]]},"properties":{"layer":"Subcuencas","entity_type":"LWPOLYLINE","handle":"12952D"}},{"type":"Feature","geometry":{"type":"LineString","coordinates":[[-60.72261605,-31.65745085],[-60.72232278,-31.65796807],[-60.72235959,-31.65806789],[-60.72311323,-31.65842414]]},"properties":{"layer":"Subcuencas","entity_type":"LWPOLYLINE","handle":"12952E"}},{"type":"Feature","geometry":{"type":"LineString","coordinates":[[-60.72518423,-31.66103748],[-60.72535317,-31.66075181],[-60.7251183,-31.66066851],[-60.72494679,-31.66062331],[-60.72465775,-31.66052492],[-60.72458509,-31.66044838],[-60.72454804,-31.66031778],[-60.72474467,-31.6601166],[-60.72425698,-31.65995777],[-60.72362667,-31.65772192]]},"properties":{"layer":"Subcuencas","entity_type":"LWPOLYLINE","handle":"12952F"}},{"type":"Feature","geometry":{"type":"LineString","coordinates":[[-60.72620251,-31.65644555],[-60.72623968,-31.65659154],[-60.72658365,-31.65680504],[-60.7264965,-31.65718258],[-60.7265709,-31.65748226],[-60.72664392,-31.65760496],[-60.72673557,-31.65792]]},"properties":{"layer":"Subcuencas","entity_type":"LWPOLYLINE","handle":"129530"}},{"type":"Feature","geometry":{"type":"LineString","coordinates":[[-60.72658365,-31.65680504],[-60.72623288,-31.65687629],[-60.72572941,-31.65700227],[-60.7254507,-31.65707311],[-60.72408331,-31.65731172]]},"properties":{"layer":"Subcuencas","entity_type":"LWPOLYLINE","handle":"129531"}},{"type":"Feature","geometry":{"type":"LineString","coordinates":[[-60.71834547,-31.65618991],[-60.71747652,-31.65571506]]},"properties":{"layer":"Subcuencas","entity_type":"LWPOLYLINE","handle":"129532"}},{"type":"Feature","geometry":{"type":"LineString","coordinates":[[-60.72156452,-31.66009614],[-60.72205775,-31.66001748],[-60.72213596,-31.65982645]]},"properties":{"layer":"Subcuencas","entity_type":"LWPOLYLINE","handle":"129533"}},{"type":"Feature","geometry":{"type":"LineString","coordinates":[[-60.72213596,-31.65982645],[-60.72293592,-31.6602981]]},"properties":{"layer":"Subcuencas","entity_type":"LWPOLYLINE","handle":"129534"}},{"type":"Feature","geometry":{"type":"LineString","coordinates":[[-60.72214965,-31.65887704],[-60.72204393,-31.65842806],[-60.72223388,-31.65809916],[-60.72232278,-31.65796807]]},"properties":{"layer":"Subcuencas","entity_type":"LWPOLYLINE","handle":"129535"}},{"type":"Feature","geometry":{"type":"LineString","coordinates":[[-60.72157433,-31.65903419],[-60.72180907,-31.65910212],[-60.72206082,-31.65903914],[-60.72214965,-31.65887704]]},"properties":{"layer":"Subcuencas","entity_type":"LWPOLYLINE","handle":"129536"}},{"type":"Feature","geometry":{"type":"LineString","coordinates":[[-60.71941039,-31.65761516],[-60.71955354,-31.6576933],[-60.72087996,-31.65819862],[-60.72115744,-31.65830623]]},"properties":{"layer":"Subcuencas","entity_type":"LWPOLYLINE","handle":"129537"}},{"type":"Feature","geometry":{"type":"LineString","coordinates":[[-60.72105829,-31.65753661],[-60.72097859,-31.65771404],[-60.72103377,-31.65785993],[-60.72124172,-31.65795879],[-60.72109872,-31.6581058],[-60.72118199,-31.65839004],[-60.72144435,-31.65853476],[-60.72157433,-31.65903419],[-60.72136034,-31.65932011],[-60.72156452,-31.66009614],[-60.71986448,-31.66042893],[-60.71966589,-31.66037618]]},"properties":{"layer":"Subcuencas","entity_type":"LWPOLYLINE","handle":"129538"}},{"type":"Feature","geometry":{"type":"LineString","coordinates":[[-60.72105829,-31.65753661],[-60.7208444,-31.65745663],[-60.72079263,-31.65728593],[-60.72096538,-31.65691877],[-60.72088938,-31.65666034]]},"properties":{"layer":"Subcuencas","entity_type":"LWPOLYLINE","handle":"129539"}},{"type":"Feature","geometry":{"type":"LineString","coordinates":[[-60.73033881,-31.65615359],[-60.73011023,-31.65621549]]},"properties":{"layer":"Subcuencas","entity_type":"LWPOLYLINE","handle":"12953A"}},{"type":"Feature","geometry":{"type":"LineString","coordinates":[[-60.72620251,-31.65644555],[-60.72615621,-31.65628422],[-60.72658595,-31.6559432],[-60.7259711,-31.65564659],[-60.72584445,-31.65557806],[-60.72567467,-31.65475771]]},"properties":{"layer":"Subcuencas","entity_type":"LWPOLYLINE","handle":"12953B"}},{"type":"Feature","geometry":{"type":"LineString","coordinates":[[-60.72658595,-31.6559432],[-60.72708544,-31.65555284],[-60.72726849,-31.65551564]]},"properties":{"layer":"Subcuencas","entity_type":"LWPOLYLINE","handle":"12953C"}},{"type":"Feature","geometry":{"type":"LineString","coordinates":[[-60.72726849,-31.65551564],[-60.72745029,-31.65555506],[-60.72881859,-31.655275],[-60.72920221,-31.65542255],[-60.72976096,-31.65532488]]},"properties":{"layer":"Subcuencas","entity_type":"LWPOLYLINE","handle":"12953D"}},{"type":"Feature","geometry":{"type":"LineString","coordinates":[[-60.72658365,-31.65680504],[-60.72677334,-31.65662073],[-60.72775995,-31.65643814],[-60.72820699,-31.65654449],[-60.72871618,-31.65644629],[-60.72916397,-31.65664793],[-60.72935466,-31.65657877],[-60.72960654,-31.65618256],[-60.73032224,-31.65609094]]},"properties":{"layer":"Subcuencas","entity_type":"LWPOLYLINE","handle":"12953E"}},{"type":"Feature","geometry":{"type":"LineString","coordinates":[[-60.72970975,-31.65684106],[-60.72932513,-31.65687843],[-60.72902459,-31.65716601],[-60.72813411,-31.65741613],[-60.7279202,-31.6578116]]},"properties":{"layer":"Subcuencas","entity_type":"LWPOLYLINE","handle":"12953F"}},{"type":"Feature","geometry":{"type":"LineString","coordinates":[[-60.72842892,-31.65431676],[-60.72823301,-31.65372333]]},"properties":{"layer":"Subcuencas","entity_type":"LWPOLYLINE","handle":"129540"}},{"type":"Feature","geometry":{"type":"LineString","coordinates":[[-60.73331872,-31.65426979],[-60.73334764,-31.65500887],[-60.73338242,-31.65546201],[-60.73382133,-31.6556995],[-60.73360638,-31.65615408],[-60.73367007,-31.65631371]]},"properties":{"layer":"Subcuencas","entity_type":"LWPOLYLINE","handle":"129541"}},{"type":"Feature","geometry":{"type":"LineString","coordinates":[[-60.73367007,-31.65631371],[-60.73358145,-31.65695424],[-60.73336624,-31.65761329]]},"properties":{"layer":"Subcuencas","entity_type":"LWPOLYLINE","handle":"129542"}},{"type":"Feature","geometry":{"type":"LineString","coordinates":[[-60.7328735,-31.65426018],[-60.73272433,-31.6538142],[-60.73278156,-31.65346723]]},"properties":{"layer":"Subcuencas","entity_type":"LWPOLYLINE","handle":"129543"}},{"type":"Feature","geometry":{"type":"LineString","coordinates":[[-60.72982478,-31.65427032],[-60.72949955,-31.65414906],[-60.7292477,-31.65419666],[-60.72896229,-31.65455996],[-60.72842892,-31.65431676],[-60.72810501,-31.65436478],[-60.72773876,-31.65475931],[-60.72708842,-31.65453217],[-60.72679147,-31.65457234],[-60.72639837,-31.6549901],[-60.72582886,-31.65473171],[-60.72545102,-31.65479542],[-60.72513881,-31.65518963],[-60.72453309,-31.65490836],[-60.72422731,-31.65497166],[-60.72400492,-31.65533458],[-60.72358204,-31.65539853],[-60.72309367,-31.65514737],[-60.72298254,-31.65475556],[-60.72309838,-31.65459331],[-60.72277098,-31.65444781],[-60.72274333,-31.65439589]]},"properties":{"layer":"Subcuencas","entity_type":"LWPOLYLINE","handle":"129544"}},{"type":"Feature","geometry":{"type":"LineString","coordinates":[[-60.72226794,-31.65553679],[-60.72086418,-31.65572941],[-60.72068325,-31.65563039],[-60.71980163,-31.65578157],[-60.71965016,-31.65599788],[-60.71903503,-31.65566277],[-60.71865712,-31.65571877],[-60.71834547,-31.65618991],[-60.71780962,-31.65679313],[-60.71792731,-31.65686941],[-60.71866873,-31.6572269],[-60.71813294,-31.65783781],[-60.71891917,-31.65816427],[-60.71842853,-31.65879031],[-60.71926023,-31.65917037],[-60.7187972,-31.65987322]]},"properties":{"layer":"Subcuencas","entity_type":"LWPOLYLINE","handle":"129545"}},{"type":"Feature","geometry":{"type":"LineString","coordinates":[[-60.72362667,-31.65772192],[-60.72408331,-31.65731172],[-60.72366692,-31.65705245],[-60.72354935,-31.65699156],[-60.72347556,-31.65676883],[-60.72392278,-31.65635846],[-60.72329016,-31.65609273],[-60.72321619,-31.65584691],[-60.72358204,-31.65539853]]},"properties":{"layer":"Subcuencas","entity_type":"LWPOLYLINE","handle":"129546"}},{"type":"Feature","geometry":{"type":"LineString","coordinates":[[-60.71880023,-31.65987975],[-60.7187972,-31.65987322]]},"properties":{"layer":"Subcuencas","entity_type":"LWPOLYLINE","handle":"129547"}},{"type":"Feature","geometry":{"type":"LineString","coordinates":[[-60.72982478,-31.65427032],[-60.72989955,-31.65461616],[-60.72964044,-31.65488696],[-60.72976096,-31.65532488],[-60.73010277,-31.65526137],[-60.73038124,-31.65631397],[-60.72996011,-31.65660109],[-60.72970975,-31.65684106],[-60.729954,-31.65812471],[-60.73033475,-31.65831751]]},"properties":{"layer":"Subcuencas","entity_type":"LWPOLYLINE","handle":"129548"}},{"type":"Feature","geometry":{"type":"LineString","coordinates":[[-60.72402221,-31.65912502],[-60.72520677,-31.65901158],[-60.72534452,-31.65903257],[-60.72578699,-31.65931648],[-60.72615033,-31.65927106],[-60.72629316,-31.65914743],[-60.72690983,-31.65905],[-60.72683034,-31.65861697],[-60.72695546,-31.65839229],[-60.72688583,-31.65813982],[-60.72706762,-31.6579945]]},"properties":{"layer":"Subcuencas","entity_type":"LWPOLYLINE","handle":"129549"}},{"type":"Feature","geometry":{"type":"LineString","coordinates":[[-60.72690983,-31.65905],[-60.72708862,-31.6592007],[-60.72745213,-31.65917695],[-60.72765297,-31.65890127],[-60.72810077,-31.65884092],[-60.72839825,-31.65902706],[-60.72875313,-31.65898169],[-60.72895402,-31.65871322],[-60.72930033,-31.65865345],[-60.72963164,-31.6588394],[-60.73001195,-31.6588011],[-60.73017112,-31.65860512],[-60.73038552,-31.65857347]]},"properties":{"layer":"Subcuencas","entity_type":"LWPOLYLINE","handle":"12954A"}},{"type":"Feature","geometry":{"type":"LineString","coordinates":[[-60.7298176,-31.65882389],[-60.72987128,-31.65919926]]},"properties":{"layer":"Subcuencas","entity_type":"LWPOLYLINE","handle":"12954B"}},{"type":"Feature","geometry":{"type":"LineString","coordinates":[[-60.72987128,-31.65919926],[-60.72984827,-31.65927727],[-60.72962821,-31.65948242],[-60.72976067,-31.66019691],[-60.7295363,-31.66037687],[-60.72945845,-31.66048762],[-60.72940119,-31.66041768],[-60.72875228,-31.65995703],[-60.72920924,-31.65938058],[-60.72927152,-31.65929661],[-60.7291665,-31.65927822],[-60.72875313,-31.65898169]]},"properties":{"layer":"Subcuencas","entity_type":"LWPOLYLINE","handle":"12954C"}},{"type":"Feature","geometry":{"type":"LineString","coordinates":[[-60.72875228,-31.65995703],[-60.72820857,-31.65964947],[-60.72783689,-31.65970939],[-60.72748521,-31.66016655],[-60.72694968,-31.65982282],[-60.72656096,-31.65986838],[-60.72649369,-31.65991933],[-60.72474467,-31.6601166]]},"properties":{"layer":"Subcuencas","entity_type":"LWPOLYLINE","handle":"12954D"}},{"type":"Feature","geometry":{"type":"LineString","coordinates":[[-60.72748521,-31.66016655],[-60.7271761,-31.66065959],[-60.7272463,-31.66098431],[-60.72740761,-31.66106286],[-60.72732365,-31.66114281],[-60.72739436,-31.66153254],[-60.72767448,-31.66166099],[-60.72778364,-31.66155922],[-60.72825666,-31.66147705],[-60.72844329,-31.66154823],[-60.72871487,-31.66122439],[-60.7288134,-31.66113678],[-60.72904701,-31.66087289],[-60.7291737,-31.66085049],[-60.72945845,-31.66048762]]},"properties":{"layer":"Subcuencas","entity_type":"LWPOLYLINE","handle":"12954E"}},{"type":"Feature","geometry":{"type":"LineString","coordinates":[[-60.72844329,-31.66154823],[-60.72833486,-31.66174392],[-60.72838775,-31.66201816],[-60.72865885,-31.66207441],[-60.72873843,-31.66220433],[-60.72864058,-31.66246761]]},"properties":{"layer":"Subcuencas","entity_type":"LWPOLYLINE","handle":"12954F"}},{"type":"Feature","geometry":{"type":"LineString","coordinates":[[-60.72945845,-31.66048762],[-60.72953858,-31.66052588],[-60.72982388,-31.6607095],[-60.73041535,-31.66063387],[-60.73071873,-31.66083943],[-60.73082341,-31.66089885],[-60.73095721,-31.66154242]]},"properties":{"layer":"Subcuencas","entity_type":"LWPOLYLINE","handle":"129550"}},{"type":"Feature","geometry":{"type":"LineString","coordinates":[[-60.72711202,-31.66199128],[-60.72714749,-31.66191191],[-60.7265871,-31.66173285],[-60.72536091,-31.66107062],[-60.72518629,-31.661034]]},"properties":{"layer":"Subcuencas","entity_type":"LWPOLYLINE","handle":"129551"}},{"type":"Feature","geometry":{"type":"LineString","coordinates":[[-60.72248521,-31.66107689],[-60.72209531,-31.6615811],[-60.72201445,-31.66188503],[-60.7219714,-31.66197407]]},"properties":{"layer":"Subcuencas","entity_type":"LWPOLYLINE","handle":"129552"}},{"type":"Feature","geometry":{"type":"LineString","coordinates":[[-60.72029363,-31.66251258],[-60.72037044,-31.66286202],[-60.72018297,-31.66302427],[-60.7200901,-31.66321621],[-60.72022271,-31.66358822],[-60.72041328,-31.66382894],[-60.72081693,-31.66416919]]},"properties":{"layer":"Subcuencas","entity_type":"LWPOLYLINE","handle":"129553"}},{"type":"Feature","geometry":{"type":"LineString","coordinates":[[-60.72081693,-31.66416919],[-60.72098198,-31.66415818],[-60.72150459,-31.66462873],[-60.72150607,-31.66482014],[-60.72297903,-31.66616179],[-60.72319141,-31.66617066],[-60.7236307,-31.66654093],[-60.72360914,-31.66680298],[-60.72452421,-31.66768435],[-60.7238912,-31.66819167],[-60.72366687,-31.66816272],[-60.72333435,-31.66787244],[-60.72338028,-31.66771099],[-60.72285764,-31.66724045],[-60.72265697,-31.66722144],[-60.72228845,-31.66685077],[-60.72232274,-31.66670953],[-60.72136091,-31.66587878],[-60.72088487,-31.66547654],[-60.72079998,-31.66517479],[-60.72037242,-31.66479437],[-60.72003116,-31.66489704],[-60.71956266,-31.66495322]]},"properties":{"layer":"Subcuencas","entity_type":"LWPOLYLINE","handle":"129554"}},{"type":"Feature","geometry":{"type":"LineString","coordinates":[[-60.72010075,-31.6632142],[-60.72240953,-31.6628284],[-60.72263734,-31.66287137],[-60.72285833,-31.66290645],[-60.72304672,-31.66286509],[-60.72402049,-31.6637159],[-60.72398628,-31.66386721],[-60.72424747,-31.66408737],[-60.72451874,-31.66408583],[-60.72452913,-31.66390443],[-60.72554873,-31.66306245]]},"properties":{"layer":"Subcuencas","entity_type":"LWPOLYLINE","handle":"129555"}},{"type":"Feature","geometry":{"type":"LineString","coordinates":[[-60.72451874,-31.66408583],[-60.72386201,-31.66457313],[-60.7238492,-31.66444224],[-60.7233982,-31.66408211],[-60.72324495,-31.66409305],[-60.72268695,-31.66362271],[-60.72250996,-31.66361364],[-60.72204687,-31.66321328],[-60.72191628,-31.6631032],[-60.72143112,-31.6629919]]},"properties":{"layer":"Subcuencas","entity_type":"LWPOLYLINE","handle":"129556"}},{"type":"Feature","geometry":{"type":"LineString","coordinates":[[-60.7206072,-31.66312067],[-60.72073779,-31.66323076],[-60.72118667,-31.66331889],[-60.72151909,-31.6635991],[-60.72156814,-31.66384061],[-60.72192446,-31.66416098],[-60.72212504,-31.66416992],[-60.72265937,-31.66463032],[-60.7225786,-31.66486249],[-60.72297071,-31.66523303],[-60.72318285,-31.66521168],[-60.72390989,-31.66466353],[-60.72386201,-31.66457313]]},"properties":{"layer":"Subcuencas","entity_type":"LWPOLYLINE","handle":"129557"}},{"type":"Feature","geometry":{"type":"LineString","coordinates":[[-60.72390989,-31.66466353],[-60.72442736,-31.66511477],[-60.72434628,-31.66530664],[-60.72469091,-31.66563715],[-60.72498585,-31.66564555],[-60.72498452,-31.66547429],[-60.72548855,-31.66506844],[-60.7256771,-31.66504722],[-60.72608117,-31.66543783],[-60.7260258,-31.66590157],[-60.72618007,-31.66602159],[-60.72659327,-31.66606961],[-60.72668818,-31.66613959],[-60.72701693,-31.6659463],[-60.72747386,-31.66555079],[-60.72747678,-31.66441235],[-60.72826205,-31.66377318]]},"properties":{"layer":"Subcuencas","entity_type":"LWPOLYLINE","handle":"129558"}},{"type":"Feature","geometry":{"type":"LineString","coordinates":[[-60.72748024,-31.66485561],[-60.72640663,-31.66482143],[-60.72590276,-31.66524743]]},"properties":{"layer":"Subcuencas","entity_type":"LWPOLYLINE","handle":"129559"}},{"type":"Feature","geometry":{"type":"LineString","coordinates":[[-60.72483252,-31.66564642],[-60.72430458,-31.6660121],[-60.72431778,-31.66619336],[-60.72431856,-31.6662941],[-60.72520973,-31.6671353],[-60.72577635,-31.66763062],[-60.72617698,-31.66757797],[-60.72634336,-31.66773821],[-60.72644148,-31.66822123],[-60.72622894,-31.66819221],[-60.72596914,-31.6681534],[-60.72569927,-31.66833627],[-60.72569045,-31.66871915],[-60.72499392,-31.66864252],[-60.7244548,-31.66908886]]},"properties":{"layer":"Subcuencas","entity_type":"LWPOLYLINE","handle":"12955A"}},{"type":"Feature","geometry":{"type":"LineString","coordinates":[[-60.72114051,-31.66709089],[-60.72327357,-31.66532585],[-60.72318285,-31.66521168]]},"properties":{"layer":"Subcuencas","entity_type":"LWPOLYLINE","handle":"12955B"}},{"type":"Feature","geometry":{"type":"LineString","coordinates":[[-60.72450911,-31.66646734],[-60.72384111,-31.66702523]]},"properties":{"layer":"Subcuencas","entity_type":"LWPOLYLINE","handle":"12955C"}},{"type":"Feature","geometry":{"type":"LineString","coordinates":[[-60.72627307,-31.67033318],[-60.72610692,-31.67020316],[-60.72574159,-31.67024554],[-60.72543241,-31.66992491],[-60.7254535,-31.66960241],[-60.72497864,-31.6692122],[-60.72458933,-31.66920434],[-60.72429219,-31.66891386],[-60.7243489,-31.66862138],[-60.72389733,-31.66819074]]},"properties":{"layer":"Subcuencas","entity_type":"LWPOLYLINE","handle":"12955D"}},{"type":"Feature","geometry":{"type":"LineString","coordinates":[[-60.72366604,-31.66878645],[-60.724123,-31.66839095]]},"properties":{"layer":"Subcuencas","entity_type":"LWPOLYLINE","handle":"12955E"}},{"type":"Feature","geometry":{"type":"LineString","coordinates":[[-60.72449861,-31.66768852],[-60.72522582,-31.66716051]]},"properties":{"layer":"Subcuencas","entity_type":"LWPOLYLINE","handle":"12955F"}},{"type":"Feature","geometry":{"type":"LineString","coordinates":[[-60.72596062,-31.66760969],[-60.72592382,-31.66742856],[-60.72631062,-31.66711404],[-60.72629788,-31.66699322],[-60.72654573,-31.66701196],[-60.72695611,-31.66669731],[-60.72702555,-31.66653581],[-60.72669224,-31.6661448]]},"properties":{"layer":"Subcuencas","entity_type":"LWPOLYLINE","handle":"129560"}},{"type":"Feature","geometry":{"type":"LineString","coordinates":[[-60.72631057,-31.66711714],[-60.72678565,-31.66753756],[-60.72701022,-31.66759673],[-60.72754483,-31.66808734],[-60.7277098,-31.66806625],[-60.72812537,-31.66841648],[-60.72806789,-31.66860823],[-60.72822248,-31.66876854]]},"properties":{"layer":"Subcuencas","entity_type":"LWPOLYLINE","handle":"129561"}},{"type":"Feature","geometry":{"type":"LineString","coordinates":[[-60.72701022,-31.66759673],[-60.72702029,-31.66737504],[-60.7274659,-31.66704004],[-60.72770203,-31.66706891],[-60.72821258,-31.6674992],[-60.72816666,-31.66766066],[-60.72868924,-31.6681211]]},"properties":{"layer":"Subcuencas","entity_type":"LWPOLYLINE","handle":"129562"}},{"type":"Feature","geometry":{"type":"LineString","coordinates":[[-60.72337146,-31.66314982],[-60.72341399,-31.662952],[-60.72378688,-31.66274289],[-60.72385239,-31.66266725],[-60.72487557,-31.6625109]]},"properties":{"layer":"Subcuencas","entity_type":"LWPOLYLINE","handle":"129563"}},{"type":"Feature","geometry":{"type":"LineString","coordinates":[[-60.72724836,-31.66099941],[-60.72690721,-31.66105971],[-60.72624483,-31.66154496]]},"properties":{"layer":"Subcuencas","entity_type":"LWPOLYLINE","handle":"129564"}},{"type":"Feature","geometry":{"type":"LineString","coordinates":[[-60.71882637,-31.66928908],[-60.72043727,-31.66839056],[-60.72099291,-31.66810154],[-60.72162844,-31.66852678],[-60.72222727,-31.66914526],[-60.72309281,-31.66881707]]},"properties":{"layer":"Subcuencas","entity_type":"LWPOLYLINE","handle":"129565"}},{"type":"Feature","geometry":{"type":"LineString","coordinates":[[-60.72552928,-31.6709183],[-60.72573506,-31.67107596],[-60.72562695,-31.67152129],[-60.72590736,-31.67171028],[-60.7261533,-31.6722489],[-60.72630615,-31.67277215]]},"properties":{"layer":"Subcuencas","entity_type":"LWPOLYLINE","handle":"129566"}},{"type":"Feature","geometry":{"type":"LineString","coordinates":[[-60.72761767,-31.66925461],[-60.72851779,-31.67021832],[-60.72913292,-31.6704054]]},"properties":{"layer":"Subcuencas","entity_type":"LWPOLYLINE","handle":"129567"}},{"type":"Feature","geometry":{"type":"LineString","coordinates":[[-60.72901049,-31.66689744],[-60.7293504,-31.66756257],[-60.7296504,-31.66787851],[-60.72991462,-31.66813532]]},"properties":{"layer":"Subcuencas","entity_type":"LWPOLYLINE","handle":"129568"}},{"type":"Feature","geometry":{"type":"LineString","coordinates":[[-60.7173742,-31.6637126],[-60.7172959,-31.66368191],[-60.71726449,-31.66352099],[-60.7170092,-31.66270405],[-60.71690178,-31.66247268],[-60.71620714,-31.66034891]]},"properties":{"layer":"Subcuencas","entity_type":"LWPOLYLINE","handle":"129569"}},{"type":"Feature","geometry":{"type":"LineString","coordinates":[[-60.71484193,-31.66060317],[-60.71519749,-31.6618186],[-60.7154838,-31.66274809],[-60.7157316,-31.66357471],[-60.71591392,-31.66373478],[-60.7163166,-31.66409338],[-60.71660328,-31.66408533],[-60.71690574,-31.6641674]]},"properties":{"layer":"Subcuencas","entity_type":"LWPOLYLINE","handle":"12956A"}},{"type":"Feature","geometry":{"type":"LineString","coordinates":[[-60.71484193,-31.66060317],[-60.71482668,-31.66069363],[-60.71431869,-31.66136019],[-60.71500812,-31.66172363],[-60.71504665,-31.66182907],[-60.71386026,-31.66199681],[-60.71381553,-31.66206794],[-60.71359686,-31.6620885],[-60.71356559,-31.66194691],[-60.71314249,-31.66178682],[-60.71304999,-31.66145129],[-60.71341761,-31.66100757],[-60.71334855,-31.66079672],[-60.71270291,-31.66044195],[-60.71312609,-31.65991151],[-60.71337305,-31.65986213],[-60.71484193,-31.66060317]]},"properties":{"layer":"Subcuencas","entity_type":"LWPOLYLINE","handle":"12956B"}},{"type":"Feature","geometry":{"type":"LineString","coordinates":[[-60.71270291,-31.66044195],[-60.71235718,-31.65933403],[-60.71284743,-31.65875521],[-60.71286963,-31.65871668],[-60.71254061,-31.65761561]]},"properties":{"layer":"Subcuencas","entity_type":"LWPOLYLINE","handle":"12956C"}},{"type":"Feature","geometry":{"type":"LineString","coordinates":[[-60.71254061,-31.65761561],[-60.71125496,-31.65780205],[-60.71118715,-31.65775443],[-60.71046503,-31.6574128],[-60.71001907,-31.65790495],[-60.70981701,-31.65794448],[-60.70917337,-31.6575736],[-60.70705882,-31.65789258],[-60.70687735,-31.65768236],[-60.70671938,-31.65760642],[-60.70663815,-31.65727082],[-60.70670288,-31.65720906],[-60.70650618,-31.65647084],[-60.70635952,-31.65640444],[-60.70616921,-31.65651111],[-60.70566289,-31.6564563],[-60.70550217,-31.65601552],[-60.70542079,-31.65566072],[-60.70534806,-31.65528255]]},"properties":{"layer":"Subcuencas","entity_type":"LWPOLYLINE","handle":"12956D"}},{"type":"Feature","geometry":{"type":"LineString","coordinates":[[-60.70650618,-31.65647084],[-60.70660653,-31.65636182],[-60.70686481,-31.65632198],[-60.70753069,-31.65666394],[-60.7081406,-31.65703502],[-60.70841011,-31.65699512],[-60.70874336,-31.65646519],[-60.70946576,-31.65684523],[-60.70969045,-31.65682478],[-60.7100572,-31.65626586],[-60.71071208,-31.65663667],[-60.71101524,-31.65658697],[-60.71139381,-31.65610479],[-60.71212767,-31.65651356],[-60.71222022,-31.65656105]]},"properties":{"layer":"Subcuencas","entity_type":"LWPOLYLINE","handle":"12956E"}},{"type":"Feature","geometry":{"type":"LineString","coordinates":[[-60.71060081,-31.65565053],[-60.70988316,-31.65525868],[-60.70949269,-31.65565451],[-60.70907725,-31.65572402],[-60.70850123,-31.65537197],[-60.7062869,-31.65572029],[-60.70619449,-31.65539436],[-60.70610412,-31.65533725],[-60.70537772,-31.65543679]]},"properties":{"layer":"Subcuencas","entity_type":"LWPOLYLINE","handle":"12956F"}},{"type":"Feature","geometry":{"type":"LineString","coordinates":[[-60.70754021,-31.65666973],[-60.70789782,-31.65615303],[-60.70784015,-31.65596133],[-60.70715024,-31.65558449]]},"properties":{"layer":"Subcuencas","entity_type":"LWPOLYLINE","handle":"129570"}},{"type":"Feature","geometry":{"type":"LineString","coordinates":[[-60.71125496,-31.65780205],[-60.71081615,-31.65849295],[-60.71055641,-31.65834078],[-60.70954586,-31.65850962],[-60.70921198,-31.65895694],[-60.70984388,-31.65926067],[-60.70994856,-31.65972096],[-60.71011763,-31.65977762],[-60.71022101,-31.66006509],[-60.71042412,-31.66016282],[-60.7104934,-31.66040247],[-60.7102038,-31.66051151]]},"properties":{"layer":"Subcuencas","entity_type":"LWPOLYLINE","handle":"129571"}},{"type":"Feature","geometry":{"type":"LineString","coordinates":[[-60.7104934,-31.66040247],[-60.71077409,-31.6603529],[-60.71141988,-31.6607074],[-60.71165363,-31.66039885],[-60.7126364,-31.66022882]]},"properties":{"layer":"Subcuencas","entity_type":"LWPOLYLINE","handle":"129572"}},{"type":"Feature","geometry":{"type":"LineString","coordinates":[[-60.71141988,-31.6607074],[-60.71169659,-31.66161029],[-60.71104307,-31.6614219],[-60.71078159,-31.66145216]]},"properties":{"layer":"Subcuencas","entity_type":"LWPOLYLINE","handle":"129573"}},{"type":"Feature","geometry":{"type":"LineString","coordinates":[[-60.71556225,-31.66300981],[-60.71547741,-31.6630501]]},"properties":{"layer":"Subcuencas","entity_type":"LWPOLYLINE","handle":"129574"}},{"type":"Feature","geometry":{"type":"LineString","coordinates":[[-60.71254061,-31.65761561],[-60.71261799,-31.65761874],[-60.71283682,-31.65758263]]},"properties":{"layer":"Subcuencas","entity_type":"LWPOLYLINE","handle":"129575"}},{"type":"Feature","geometry":{"type":"LineString","coordinates":[[-60.70778784,-31.65868075],[-60.70788531,-31.65848985],[-60.70813443,-31.65833578],[-60.70883823,-31.65820743],[-60.70935062,-31.65811109],[-60.7097061,-31.65805275],[-60.70994038,-31.6580235],[-60.71005382,-31.65842475]]},"properties":{"layer":"Subcuencas","entity_type":"LWPOLYLINE","handle":"129576"}},{"type":"Feature","geometry":{"type":"LineString","coordinates":[[-60.70671938,-31.65760642],[-60.70620765,-31.6578356],[-60.7062171,-31.65794597],[-60.70621927,-31.65823303],[-60.70620293,-31.65835089],[-60.70617847,-31.65853505],[-60.7061133,-31.65867884]]},"properties":{"layer":"Subcuencas","entity_type":"LWPOLYLINE","handle":"129577"}},{"type":"Feature","geometry":{"type":"LineString","coordinates":[[-60.7348477,-31.66949963],[-60.73483244,-31.66938246],[-60.73479951,-31.66926113],[-60.73468314,-31.66907591],[-60.73464471,-31.66894932],[-60.7345979,-31.66877243],[-60.73457243,-31.66862651],[-60.7344971,-31.66852808],[-60.73437905,-31.66845755],[-60.73419509,-31.66832298],[-60.73394707,-31.66809651],[-60.73372234,-31.66787116],[-60.73311327,-31.66780499],[-60.73269376,-31.66821496],[-60.73234352,-31.66847756],[-60.73211884,-31.6686963],[-60.73203906,-31.6687584]]},"properties":{"layer":"Subcuencas","entity_type":"LWPOLYLINE","handle":"129578"}},{"type":"Feature","geometry":{"type":"LineString","coordinates":[[-60.73311327,-31.66780499],[-60.73309995,-31.66772302],[-60.73309696,-31.66732369],[-60.73300841,-31.66715977],[-60.73270602,-31.66696062],[-60.73210581,-31.6664927],[-60.73166401,-31.66636562]]},"properties":{"layer":"Subcuencas","entity_type":"LWPOLYLINE","handle":"129579"}},{"type":"Feature","geometry":{"type":"LineString","coordinates":[[-60.73173398,-31.6661709],[-60.73312933,-31.66602991],[-60.73495564,-31.66615254],[-60.73562189,-31.6663442],[-60.73601066,-31.66623313],[-60.73652846,-31.66599852]]},"properties":{"layer":"Subcuencas","entity_type":"LWPOLYLINE","handle":"12957A"}},{"type":"Feature","geometry":{"type":"LineString","coordinates":[[-60.73794197,-31.6687364],[-60.737592,-31.66838218],[-60.7365403,-31.66754219],[-60.73561972,-31.66635863]]},"properties":{"layer":"Subcuencas","entity_type":"LWPOLYLINE","handle":"12957B"}},{"type":"Feature","geometry":{"type":"Point","coordinates":[-60.73697813,-31.66707913]},"properties":{"layer":"Subcuencas","entity_type":"TEXT","handle":"12957C","text":"S 4","numeric_value":4.0}},{"type":"Feature","geometry":{"type":"Point","coordinates":[-60.73471201,-31.66522039]},"properties":{"layer":"Subcuencas","entity_type":"TEXT","handle":"12957D","text":"S 5 - a","numeric_value":5.0}},{"type":"Feature","geometry":{"type":"Point","coordinates":[-60.73217049,-31.66759774]},"properties":{"layer":"Subcuencas","entity_type":"TEXT","handle":"12957E","text":"S 1","numeric_value":1.0}},{"type":"Feature","geometry":{"type":"Point","coordinates":[-60.73343079,-31.66857127]},"properties":{"layer":"Subcuencas","entity_type":"TEXT","handle":"12957F","text":"S 2","numeric_value":2.0}},{"type":"Feature","geometry":{"type":"Point","coordinates":[-60.73567374,-31.66794311]},"properties":{"layer":"Subcuencas","entity_type":"TEXT","handle":"129580","text":"S 3","numeric_value":3.0}},{"type":"Feature","geometry":{"type":"LineString","coordinates":[[-60.73758906,-31.66598362],[-60.73825861,-31.66684659],[-60.738632,-31.66704285]]},"properties":{"layer":"Subcuencas","entity_type":"LWPOLYLINE","handle":"129581"}},{"type":"Feature","geometry":{"type":"LineString","coordinates":[[-60.73758906,-31.66598362],[-60.73680853,-31.66586653],[-60.73652846,-31.66599852]]},"properties":{"layer":"Subcuencas","entity_type":"LWPOLYLINE","handle":"129582"}},{"type":"Feature","geometry":{"type":"Point","coordinates":[-60.73756985,-31.66555527]},"properties":{"layer":"Subcuencas","entity_type":"TEXT","handle":"129583","text":"S 5 - b","numeric_value":5.0}},{"type":"Feature","geometry":{"type":"LineString","coordinates":[[-60.73562189,-31.6663442],[-60.73614263,-31.66485509]]},"properties":{"layer":"Subcuencas","entity_type":"LWPOLYLINE","handle":"129584"}},{"type":"Feature","geometry":{"type":"LineString","coordinates":[[-60.73148424,-31.64856421],[-60.7298013,-31.64368912]]},"properties":{"layer":"Subcuencas","entity_type":"LINE","handle":"129587"}},{"type":"Feature","geometry":{"type":"LineString","coordinates":[[-60.73506394,-31.64786745],[-60.73497979,-31.64759685],[-60.73686626,-31.64439702],[-60.73666309,-31.64298997],[-60.73776557,-31.64198809],[-60.73761185,-31.64150823],[-60.73474281,-31.63891272],[-60.73303461,-31.63855396],[-60.7322252,-31.637352]]},"properties":{"layer":"Subcuencas","entity_type":"LWPOLYLINE","handle":"129588"}},{"type":"Feature","geometry":{"type":"LineString","coordinates":[[-60.72970583,-31.6437144],[-60.73138248,-31.64838888],[-60.73147689,-31.64867714],[-60.73154131,-31.64905746],[-60.73042099,-31.64918203],[-60.73027855,-31.64864462],[-60.72997187,-31.64871201],[-60.72985064,-31.64892274],[-60.72957314,-31.64879305],[-60.7292512,-31.64887366],[-60.72911461,-31.64908448],[-60.72857774,-31.64917943],[-60.72834632,-31.64904948],[-60.72782492,-31.64915747],[-60.72758346,-31.6497102],[-60.72693549,-31.64934632],[-60.72653676,-31.64942736],[-60.72626386,-31.64988837],[-60.72476064,-31.65015946],[-60.72414381,-31.6498479],[-60.72389694,-31.6497049],[-60.72442832,-31.64890112],[-60.72360989,-31.64834129],[-60.7234864,-31.64826323],[-60.723249,-31.64735879],[-60.72346372,-31.64731819],[-60.72375789,-31.64761845],[-60.72449422,-31.64749612],[-60.72461832,-31.64765295],[-60.72471149,-31.64778369],[-60.72532505,-31.64767519],[-60.72549135,-31.64733293],[-60.72668764,-31.64710296],[-60.72687317,-31.64725944],[-60.72905039,-31.64676131],[-60.72916835,-31.64613052]]},"properties":{"layer":"Subcuencas","entity_type":"LWPOLYLINE","handle":"129589"}},{"type":"Feature","geometry":{"type":"LineString","coordinates":[[-60.72916835,-31.64613052],[-60.7296283,-31.64602288],[-60.73001443,-31.64629634],[-60.73042151,-31.64570978]]},"properties":{"layer":"Subcuencas","entity_type":"LWPOLYLINE","handle":"12958A"}},{"type":"Feature","geometry":{"type":"LineString","coordinates":[[-60.72916835,-31.64613052],[-60.72905807,-31.64577671],[-60.72770045,-31.64500995],[-60.72358955,-31.64571594],[-60.72352669,-31.64553251],[-60.72266446,-31.64526172],[-60.7225358,-31.64505411]]},"properties":{"layer":"Subcuencas","entity_type":"LWPOLYLINE","handle":"12958B"}},{"type":"Feature","geometry":{"type":"LineString","coordinates":[[-60.72358955,-31.64571594],[-60.72371629,-31.64621406],[-60.72336842,-31.64691178],[-60.72295443,-31.64700602],[-60.72269302,-31.64696811],[-60.72223295,-31.64706261],[-60.72195567,-31.64695916],[-60.72190858,-31.64682815],[-60.72172458,-31.64686858],[-60.72032102,-31.64611512],[-60.71989167,-31.64620943],[-60.71965098,-31.64686716],[-60.71886332,-31.64630712],[-60.71864152,-31.64626883]]},"properties":{"layer":"Subcuencas","entity_type":"LWPOLYLINE","handle":"12958C"}},{"type":"Feature","geometry":{"type":"LineString","coordinates":[[-60.71864152,-31.64626883],[-60.71912159,-31.64793345],[-60.71944505,-31.64804978],[-60.72097222,-31.64889444],[-60.72213802,-31.64869094],[-60.72301912,-31.64742572],[-60.723249,-31.64735879]]},"properties":{"layer":"Subcuencas","entity_type":"LWPOLYLINE","handle":"12958D"}},{"type":"Feature","geometry":{"type":"LineString","coordinates":[[-60.72346372,-31.64731819],[-60.72336842,-31.64691178]]},"properties":{"layer":"Subcuencas","entity_type":"LWPOLYLINE","handle":"12958E"}},{"type":"Feature","geometry":{"type":"LineString","coordinates":[[-60.72150646,-31.64880118],[-60.72112861,-31.64726576],[-60.72152734,-31.64718475]]},"properties":{"layer":"Subcuencas","entity_type":"LWPOLYLINE","handle":"12958F"}},{"type":"Feature","geometry":{"type":"LineString","coordinates":[[-60.72097222,-31.64889444],[-60.72012231,-31.65022509],[-60.71946265,-31.65033383],[-60.71831936,-31.64947387],[-60.71791032,-31.64821595],[-60.71745065,-31.64658594]]},"properties":{"layer":"Subcuencas","entity_type":"LWPOLYLINE","handle":"129590"}},{"type":"Feature","geometry":{"type":"LineString","coordinates":[[-60.71818121,-31.65148312],[-60.71893677,-31.65185956],[-60.71906016,-31.65192451],[-60.71916798,-31.65196328],[-60.71973995,-31.65243264],[-60.72005785,-31.65182699],[-60.7202258,-31.65169477],[-60.71981472,-31.6502758]]},"properties":{"layer":"Subcuencas","entity_type":"LWPOLYLINE","handle":"129591"}},{"type":"Feature","geometry":{"type":"LineString","coordinates":[[-60.71818121,-31.65148312],[-60.71855823,-31.65257057],[-60.71837088,-31.6528533]]},"properties":{"layer":"Subcuencas","entity_type":"LWPOLYLINE","handle":"129592"}},{"type":"Feature","geometry":{"type":"LineString","coordinates":[[-60.71176249,-31.65258],[-60.71298089,-31.65239181],[-60.71329914,-31.65182556],[-60.7136213,-31.65177125],[-60.71420759,-31.65210928],[-60.71386054,-31.65091663],[-60.71438096,-31.65025052]]},"properties":{"layer":"Subcuencas","entity_type":"LWPOLYLINE","handle":"129593"}},{"type":"Feature","geometry":{"type":"LineString","coordinates":[[-60.71438096,-31.65025052],[-60.71475523,-31.65141047],[-60.71486345,-31.65150175],[-60.71557363,-31.65197035],[-60.71510016,-31.6526324]]},"properties":{"layer":"Subcuencas","entity_type":"LWPOLYLINE","handle":"129594"}},{"type":"Feature","geometry":{"type":"LineString","coordinates":[[-60.72012231,-31.65022509],[-60.720485,-31.65144389],[-60.72042396,-31.65149674],[-60.72053401,-31.6518243],[-60.72118157,-31.6521357],[-60.72157748,-31.65168713],[-60.72206829,-31.65159247],[-60.72262369,-31.65190438],[-60.72295815,-31.65145616],[-60.72332628,-31.65138844],[-60.72349738,-31.65166314],[-60.72404963,-31.65156812],[-60.72412408,-31.65126577],[-60.72452283,-31.65118474],[-60.72517009,-31.65145674],[-60.72561206,-31.6510079],[-60.72607214,-31.65091339],[-60.7266427,-31.65119894],[-60.72697725,-31.65076384],[-60.72740661,-31.6506695],[-60.72802397,-31.65104667],[-60.72832717,-31.65053298],[-60.72866447,-31.65045229],[-60.72925009,-31.65069836],[-60.72954152,-31.65064419],[-60.73009088,-31.65018159],[-60.73056621,-31.65007385],[-60.7313625,-31.65088081],[-60.73150603,-31.65043603],[-60.73157861,-31.6498974],[-60.73160645,-31.64952967],[-60.7315576,-31.64917552],[-60.73154131,-31.64905746]]},"properties":{"layer":"Subcuencas","entity_type":"LWPOLYLINE","handle":"129595"}},{"type":"Feature","geometry":{"type":"LineString","coordinates":[[-60.7313625,-31.65088081],[-60.73111449,-31.65143595],[-60.73081088,-31.65189715],[-60.73050676,-31.65229271],[-60.73009502,-31.65267575],[-60.72969791,-31.65296683],[-60.72933101,-31.65319209],[-60.72876504,-31.65349725],[-60.72806031,-31.65373756],[-60.72764629,-31.65383181],[-60.72712356,-31.65395744]]},"properties":{"layer":"Subcuencas","entity_type":"LWPOLYLINE","handle":"129596"}},{"type":"Feature","geometry":{"type":"LineString","coordinates":[[-60.71460103,-31.65334105],[-60.71496266,-31.65442859],[-60.71449121,-31.65504821],[-60.71483278,-31.65615314]]},"properties":{"layer":"Subcuencas","entity_type":"LWPOLYLINE","handle":"129597"}},{"type":"Feature","geometry":{"type":"LineString","coordinates":[[-60.7202258,-31.65169477],[-60.72073867,-31.65342933]]},"properties":{"layer":"Subcuencas","entity_type":"LWPOLYLINE","handle":"129598"}},{"type":"Feature","geometry":{"type":"LineString","coordinates":[[-60.72266004,-31.6544686],[-60.72215412,-31.65276031],[-60.72239958,-31.65271954],[-60.72300117,-31.65304432]]},"properties":{"layer":"Subcuencas","entity_type":"LWPOLYLINE","handle":"129599"}},{"type":"Feature","geometry":{"type":"LineString","coordinates":[[-60.72300117,-31.65304432],[-60.72337134,-31.65323913],[-60.72472161,-31.65304769],[-60.72493798,-31.65321711],[-60.72538282,-31.65313582],[-60.7257014,-31.65262205],[-60.72505261,-31.65215315],[-60.72480593,-31.65203641],[-60.72517009,-31.65145674]]},"properties":{"layer":"Subcuencas","entity_type":"LWPOLYLINE","handle":"12959A"}},{"type":"Feature","geometry":{"type":"LineString","coordinates":[[-60.72244936,-31.65375723],[-60.72650421,-31.65314257],[-60.72699043,-31.65245718],[-60.72757677,-31.65279515],[-60.72806748,-31.65268734],[-60.72885555,-31.6513176],[-60.72925009,-31.65069836]]},"properties":{"layer":"Subcuencas","entity_type":"LWPOLYLINE","handle":"12959B"}},{"type":"Feature","geometry":{"type":"LineString","coordinates":[[-60.7288313,-31.65135975],[-60.72919593,-31.65163071],[-60.72919777,-31.65186699],[-60.72913859,-31.65215613],[-60.72940155,-31.65239092],[-60.72978361,-31.65213932],[-60.73007596,-31.65220328],[-60.73041832,-31.65237214]]},"properties":{"layer":"Subcuencas","entity_type":"LWPOLYLINE","handle":"12959C"}},{"type":"Feature","geometry":{"type":"LineString","coordinates":[[-60.72758346,-31.6497102],[-60.72719401,-31.6504592],[-60.72705309,-31.65062203],[-60.72697725,-31.65076384]]},"properties":{"layer":"Subcuencas","entity_type":"LWPOLYLINE","handle":"12959D"}},{"type":"Feature","geometry":{"type":"LineString","coordinates":[[-60.72476064,-31.65015946],[-60.72442589,-31.65081638],[-60.72398847,-31.65089685],[-60.72287777,-31.65006085],[-60.72245854,-31.65013341],[-60.72234118,-31.65029786],[-60.72175793,-31.65040255],[-60.7214742,-31.65029496],[-60.72111891,-31.65037496],[-60.72093815,-31.65060216],[-60.7206998,-31.65046312],[-60.72040815,-31.65051156],[-60.72025204,-31.65066107]]},"properties":{"layer":"Subcuencas","entity_type":"LWPOLYLINE","handle":"12959E"}},{"type":"Feature","geometry":{"type":"LineString","coordinates":[[-60.72417734,-31.65086211],[-60.72428584,-31.6512329]]},"properties":{"layer":"Subcuencas","entity_type":"LWPOLYLINE","handle":"12959F"}},{"type":"Feature","geometry":{"type":"LineString","coordinates":[[-60.72753994,-31.64710689],[-60.72775005,-31.64782538],[-60.72766659,-31.64791835],[-60.72756028,-31.64816563],[-60.72729492,-31.64806436],[-60.72705481,-31.64811712],[-60.72689968,-31.64827217],[-60.72704807,-31.6487955],[-60.7268692,-31.6489918],[-60.72693549,-31.64934632]]},"properties":{"layer":"Subcuencas","entity_type":"LWPOLYLINE","handle":"1295A0"}},{"type":"Feature","geometry":{"type":"LineString","coordinates":[[-60.71818121,-31.65148312],[-60.71869259,-31.65066369],[-60.71831936,-31.64947387]]},"properties":{"layer":"Subcuencas","entity_type":"LWPOLYLINE","handle":"1295A1"}},{"type":"Feature","geometry":{"type":"LineString","coordinates":[[-60.71791826,-31.64824036],[-60.71662245,-31.64852511],[-60.71698498,-31.64973079],[-60.71652993,-31.6504816],[-60.71689278,-31.65172666],[-60.71818121,-31.65148312]]},"properties":{"layer":"Subcuencas","entity_type":"LWPOLYLINE","handle":"1295A2"}},{"type":"Feature","geometry":{"type":"LineString","coordinates":[[-60.71761679,-31.65399362],[-60.71845623,-31.65440104]]},"properties":{"layer":"Subcuencas","entity_type":"LWPOLYLINE","handle":"1295A3"}},{"type":"Feature","geometry":{"type":"LineString","coordinates":[[-60.71598185,-31.65312327],[-60.71627013,-31.6541609],[-60.71595584,-31.65462607],[-60.71610848,-31.65502471],[-60.71667184,-31.65534114],[-60.7161132,-31.65594098]]},"properties":{"layer":"Subcuencas","entity_type":"LWPOLYLINE","handle":"1295A4"}},{"type":"Feature","geometry":{"type":"LineString","coordinates":[[-60.72262369,-31.65190438],[-60.7223043,-31.65231535],[-60.72239958,-31.65271954]]},"properties":{"layer":"Subcuencas","entity_type":"LWPOLYLINE","handle":"1295A5"}},{"type":"Feature","geometry":{"type":"LineString","coordinates":[[-60.71837088,-31.6528533],[-60.71759082,-31.65302196]]},"properties":{"layer":"Subcuencas","entity_type":"LWPOLYLINE","handle":"1295A6"}},{"type":"Feature","geometry":{"type":"LineString","coordinates":[[-60.71759082,-31.65302196],[-60.71725463,-31.65284045],[-60.71673007,-31.65254147],[-60.71623915,-31.65262299],[-60.71598185,-31.65312327],[-60.71519485,-31.6526551],[-60.71511785,-31.65262927],[-60.71504115,-31.65264283],[-60.71460103,-31.65334105],[-60.71424594,-31.65310674],[-60.71347883,-31.65322918],[-60.71287163,-31.65417774],[-60.71175585,-31.65434051]]},"properties":{"layer":"Subcuencas","entity_type":"LWPOLYLINE","handle":"1295A7"}},{"type":"Feature","geometry":{"type":"LineString","coordinates":[[-60.71759082,-31.65302196],[-60.71779689,-31.65374218]]},"properties":{"layer":"Subcuencas","entity_type":"LWPOLYLINE","handle":"1295A8"}},{"type":"Feature","geometry":{"type":"LineString","coordinates":[[-60.71779689,-31.65374218],[-60.71761679,-31.65399362]]},"properties":{"layer":"Subcuencas","entity_type":"LWPOLYLINE","handle":"1295A9"}},{"type":"Feature","geometry":{"type":"LineString","coordinates":[[-60.71185072,-31.65071289],[-60.71053684,-31.65097387],[-60.71047412,-31.65094455],[-60.7096999,-31.65042449],[-60.70849379,-31.65070234],[-60.70884368,-31.65188967],[-60.7107377,-31.65159704]]},"properties":{"layer":"Subcuencas","entity_type":"LWPOLYLINE","handle":"1295AA"}},{"type":"Feature","geometry":{"type":"LineString","coordinates":[[-60.70770437,-31.65028935],[-60.70732772,-31.65089941],[-60.70734167,-31.65108188],[-60.70792192,-31.65134713],[-60.7079864,-31.65156154],[-60.70758766,-31.65202551],[-60.7076523,-31.65226139],[-60.7082319,-31.65244073],[-60.70849547,-31.65238558],[-60.70884368,-31.65188967]]},"properties":{"layer":"Subcuencas","entity_type":"LWPOLYLINE","handle":"1295AB"}},{"type":"Feature","geometry":{"type":"LineString","coordinates":[[-60.71089671,-31.65213377],[-60.71083194,-31.6521707],[-60.71038433,-31.6528175],[-60.71087695,-31.65312938],[-60.71099294,-31.65350458],[-60.71073159,-31.65384967],[-60.71078334,-31.65404267],[-60.71155266,-31.65437128],[-60.7118747,-31.65546173]]},"properties":{"layer":"Subcuencas","entity_type":"LWPOLYLINE","handle":"1295AC"}},{"type":"Feature","geometry":{"type":"LineString","coordinates":[[-60.71038433,-31.6528175],[-60.70912883,-31.65302312],[-60.70945157,-31.65413813],[-60.71029066,-31.65457825]]},"properties":{"layer":"Subcuencas","entity_type":"LWPOLYLINE","handle":"1295AD"}},{"type":"Feature","geometry":{"type":"LineString","coordinates":[[-60.70898559,-31.65476678],[-60.70899155,-31.65471254],[-60.7089343,-31.654702],[-60.70822634,-31.6543369],[-60.70863482,-31.65374852],[-60.70858912,-31.65358597],[-60.70734304,-31.65295486],[-60.70680972,-31.65303037],[-60.70649715,-31.65341562],[-60.70739848,-31.65386671],[-60.70769443,-31.65494186]]},"properties":{"layer":"Subcuencas","entity_type":"LWPOLYLINE","handle":"1295AE"}},{"type":"Feature","geometry":{"type":"LineString","coordinates":[[-60.70912883,-31.65302312],[-60.70908977,-31.65287987],[-60.70878549,-31.65275717],[-60.70865177,-31.65216298]]},"properties":{"layer":"Subcuencas","entity_type":"LWPOLYLINE","handle":"1295AF"}},{"type":"Feature","geometry":{"type":"LineString","coordinates":[[-60.70878549,-31.65275717],[-60.70805842,-31.6528856],[-60.70784083,-31.65320698]]},"properties":{"layer":"Subcuencas","entity_type":"LWPOLYLINE","handle":"1295B0"}},{"type":"Feature","geometry":{"type":"LineString","coordinates":[[-60.70758766,-31.65202551],[-60.70711637,-31.65186463],[-60.70675284,-31.65192884],[-60.70630752,-31.65240812]]},"properties":{"layer":"Subcuencas","entity_type":"LWPOLYLINE","handle":"1295B1"}},{"type":"Feature","geometry":{"type":"LineString","coordinates":[[-60.70652389,-31.65217525],[-60.70621151,-31.65126534],[-60.70668,-31.65064082],[-60.70675283,-31.65054769]]},"properties":{"layer":"Subcuencas","entity_type":"LWPOLYLINE","handle":"1295B2"}},{"type":"Feature","geometry":{"type":"LineString","coordinates":[[-60.70630752,-31.65240812],[-60.70571123,-31.65250161],[-60.70548085,-31.65252361],[-60.70479679,-31.65240811]]},"properties":{"layer":"Subcuencas","entity_type":"LWPOLYLINE","handle":"1295B3"}},{"type":"Feature","geometry":{"type":"LineString","coordinates":[[-60.70630752,-31.65240812],[-60.70664621,-31.65258972],[-60.70675451,-31.65309841]]},"properties":{"layer":"Subcuencas","entity_type":"LWPOLYLINE","handle":"1295B4"}},{"type":"Feature","geometry":{"type":"LineString","coordinates":[[-60.70649715,-31.65341562],[-60.70590991,-31.65310171],[-60.70581284,-31.65310224],[-60.70574012,-31.65311301],[-60.70571742,-31.65332045],[-60.70566195,-31.65400798],[-60.7053716,-31.6541236],[-60.70531093,-31.65412394],[-60.70523805,-31.65411398],[-60.70514004,-31.65399013],[-60.70509018,-31.65381419],[-60.70502779,-31.6535865],[-60.70502646,-31.65341029],[-60.70484352,-31.65328691],[-60.70460588,-31.65322713]]},"properties":{"layer":"Subcuencas","entity_type":"LWPOLYLINE","handle":"1295B5"}},{"type":"Feature","geometry":{"type":"LineString","coordinates":[[-60.70528553,-31.65412047],[-60.70526217,-31.65433011],[-60.70525569,-31.65452747],[-60.70525636,-31.65461592],[-60.70524835,-31.65477334]]},"properties":{"layer":"Subcuencas","entity_type":"LWPOLYLINE","handle":"1295B6"}},{"type":"Feature","geometry":{"type":"LineString","coordinates":[[-60.70268233,-31.6157905],[-60.70273599,-31.6159351],[-60.7025682,-31.61617511],[-60.70233116,-31.61622713],[-60.70213543,-31.61613402],[-60.70228311,-31.61660414],[-60.70240079,-31.61646584]]},"properties":{"layer":"Subcuencas","entity_type":"LWPOLYLINE","handle":"1295BC"}},{"type":"Feature","geometry":{"type":"LineString","coordinates":[[-60.70075601,-31.61733053],[-60.7005757,-31.61756425],[-60.70003602,-31.61734545],[-60.69941837,-31.61712917],[-60.69829266,-31.61683804]]},"properties":{"layer":"Subcuencas","entity_type":"LWPOLYLINE","handle":"1295BD"}},{"type":"Feature","geometry":{"type":"LineString","coordinates":[[-60.70240079,-31.61646584],[-60.70261357,-31.61641402],[-60.70285405,-31.61651511],[-60.70291596,-31.61677811],[-60.70373657,-31.61660534],[-60.70379075,-31.61675134],[-60.70400527,-31.616816],[-60.70427873,-31.61674865],[-60.70439782,-31.61664559],[-60.70458649,-31.61668844],[-60.70487708,-31.616621],[-60.70500434,-31.61646668],[-60.70526399,-31.61661155],[-60.70543559,-31.6166618]]},"properties":{"layer":"Subcuencas","entity_type":"LWPOLYLINE","handle":"1295BE"}},{"type":"Feature","geometry":{"type":"LineString","coordinates":[[-60.70543174,-31.61637896],[-60.70542838,-31.61723999]]},"properties":{"layer":"Subcuencas","entity_type":"LWPOLYLINE","handle":"1295BF"}},{"type":"Feature","geometry":{"type":"LineString","coordinates":[[-60.70542838,-31.61723999],[-60.70485523,-31.61724321],[-60.7046874,-31.61746134],[-60.7040107,-31.61762194],[-60.70395284,-31.61744126],[-60.70250066,-31.61777506],[-60.70255851,-31.61795574],[-60.70181598,-31.61875624],[-60.70242472,-31.61894596],[-60.70249787,-31.61928343]]},"properties":{"layer":"Subcuencas","entity_type":"LWPOLYLINE","handle":"1295C0"}},{"type":"Feature","geometry":{"type":"LineString","coordinates":[[-60.70457812,-31.61982705],[-60.70300348,-31.61890658],[-60.70158513,-31.6181059],[-60.70092977,-31.61772336],[-60.7005757,-31.61756425]]},"properties":{"layer":"Subcuencas","entity_type":"LWPOLYLINE","handle":"1295C1"}},{"type":"Feature","geometry":{"type":"LineString","coordinates":[[-60.71857867,-31.62291695],[-60.71867098,-31.62283903],[-60.71885796,-31.62265557],[-60.71881509,-31.62197984],[-60.71865084,-31.62185201],[-60.71864837,-31.62153013],[-60.71879813,-31.62140808],[-60.71876848,-31.62081812],[-60.71854095,-31.62062626],[-60.71849031,-31.6205729],[-60.71857714,-31.62043292],[-60.71872652,-31.62026041],[-60.71872229,-31.61971004],[-60.71848204,-31.6194968],[-60.71835646,-31.6194975],[-60.71836795,-31.61935795],[-60.71841471,-31.61890704],[-60.71843643,-31.61846382],[-60.71841158,-31.61817171]]},"properties":{"layer":"Subcuencas","entity_type":"LWPOLYLINE","handle":"1295C2"}},{"type":"Feature","geometry":{"type":"LineString","coordinates":[[-60.71872229,-31.61971004],[-60.71991402,-31.6195392],[-60.71990089,-31.61946416],[-60.7205781,-31.61934232],[-60.72060396,-31.61943874],[-60.72063081,-31.61966391],[-60.72202717,-31.61946194]]},"properties":{"layer":"Subcuencas","entity_type":"LWPOLYLINE","handle":"1295C3"}},{"type":"Feature","geometry":{"type":"LineString","coordinates":[[-60.72153203,-31.62090347],[-60.72146684,-31.62059267],[-60.72009975,-31.62082571],[-60.7201258,-31.62094677],[-60.71878503,-31.62114742]]},"properties":{"layer":"Subcuencas","entity_type":"LWPOLYLINE","handle":"1295C4"}},{"type":"Feature","geometry":{"type":"LineString","coordinates":[[-60.7201258,-31.62094677],[-60.7201144,-31.62109705],[-60.72031599,-31.62118175],[-60.72031838,-31.6214929],[-60.72035647,-31.62154634],[-60.72035854,-31.62181457],[-60.72010787,-31.62188036],[-60.72004619,-31.62202443],[-60.72006073,-31.62228186],[-60.71943306,-31.62231759],[-60.71942133,-31.62242495],[-60.71884421,-31.62243891]]},"properties":{"layer":"Subcuencas","entity_type":"LWPOLYLINE","handle":"1295C5"}},{"type":"Feature","geometry":{"type":"LineString","coordinates":[[-60.72153203,-31.62090347],[-60.7214075,-31.62104035],[-60.7214598,-31.6213083],[-60.7203206,-31.62149601]]},"properties":{"layer":"Subcuencas","entity_type":"LWPOLYLINE","handle":"1295C6"}},{"type":"Feature","geometry":{"type":"LineString","coordinates":[[-60.71817903,-31.62276034],[-60.71813499,-31.62205665],[-60.71838377,-31.62174409],[-60.71811864,-31.62156318],[-60.71800529,-31.6215209],[-60.71796276,-31.62088809],[-60.71816237,-31.62071529],[-60.71833719,-31.62058555],[-60.71849031,-31.6205729]]},"properties":{"layer":"Subcuencas","entity_type":"LWPOLYLINE","handle":"1295C7"}},{"type":"Feature","geometry":{"type":"LineString","coordinates":[[-60.71833719,-31.62058555],[-60.71813606,-31.62055992],[-60.71795876,-31.62036778],[-60.71794151,-31.61975629],[-60.71814111,-31.61958349],[-60.71835646,-31.6194975]]},"properties":{"layer":"Subcuencas","entity_type":"LWPOLYLINE","handle":"1295C8"}},{"type":"Feature","geometry":{"type":"LineString","coordinates":[[-60.71835646,-31.6194975],[-60.71768149,-31.61957417],[-60.71760689,-31.61965213],[-60.71700425,-31.62021249],[-60.71640269,-31.61979147],[-60.71632337,-31.61975333],[-60.71627844,-31.61978252],[-60.71624441,-31.61828768],[-60.71667855,-31.61820707]]},"properties":{"layer":"Subcuencas","entity_type":"LWPOLYLINE","handle":"1295C9"}},{"type":"Feature","geometry":{"type":"LineString","coordinates":[[-60.71627844,-31.61978252],[-60.71363731,-31.62015419],[-60.71349144,-31.62027075],[-60.71332218,-31.62028134],[-60.71335695,-31.61891924],[-60.71340107,-31.61878396],[-60.71624441,-31.61828768]]},"properties":{"layer":"Subcuencas","entity_type":"LWPOLYLINE","handle":"1295CA"}},{"type":"Feature","geometry":{"type":"LineString","coordinates":[[-60.71340107,-31.61878396],[-60.71359158,-31.61859963],[-60.71392767,-31.61826016],[-60.71363291,-31.61809784],[-60.71363019,-31.61774098],[-60.71389842,-31.61738652],[-60.71345508,-31.61698389],[-60.71319535,-31.61687959]]},"properties":{"layer":"Subcuencas","entity_type":"LWPOLYLINE","handle":"1295CB"}},{"type":"Feature","geometry":{"type":"LineString","coordinates":[[-60.71332218,-31.62028134],[-60.71334746,-31.6206351],[-60.71338618,-31.62127148],[-60.71357191,-31.62361459]]},"properties":{"layer":"Subcuencas","entity_type":"LWPOLYLINE","handle":"1295CC"}},{"type":"Feature","geometry":{"type":"LineString","coordinates":[[-60.71704382,-31.62254816],[-60.71704128,-31.62239202],[-60.71665612,-31.62222057],[-60.71666438,-31.62182506],[-60.71762781,-31.6208513],[-60.71779692,-31.62082141],[-60.71796276,-31.62088809]]},"properties":{"layer":"Subcuencas","entity_type":"LWPOLYLINE","handle":"1295CD"}},{"type":"Feature","geometry":{"type":"LineString","coordinates":[[-60.71666438,-31.62182506],[-60.71618754,-31.62188027],[-60.71507189,-31.62111971],[-60.71496517,-31.6210461],[-60.71338459,-31.62124524]]},"properties":{"layer":"Subcuencas","entity_type":"LWPOLYLINE","handle":"1295CE"}},{"type":"Feature","geometry":{"type":"LineString","coordinates":[[-60.71288115,-31.6245731],[-60.71324449,-31.62414674],[-60.71319448,-31.62391615],[-60.71281654,-31.62371213],[-60.71272767,-31.62344878],[-60.71232109,-31.62328614],[-60.71218282,-31.6228722],[-60.71234468,-31.62258272],[-60.71266271,-31.62252323],[-60.71249436,-31.62196104],[-60.71277127,-31.62157197],[-60.71217987,-31.62121746],[-60.71203154,-31.62074831],[-60.71229172,-31.62069739],[-60.71254382,-31.62085264],[-60.71304488,-31.6207509],[-60.7130119,-31.62022339],[-60.71309832,-31.62016519]]},"properties":{"layer":"Subcuencas","entity_type":"LWPOLYLINE","handle":"1295CF"}},{"type":"Feature","geometry":{"type":"LineString","coordinates":[[-60.71203154,-31.62074831],[-60.7118099,-31.62079077],[-60.71132462,-31.62043069],[-60.71115994,-31.62034915],[-60.71198469,-31.61891747]]},"properties":{"layer":"Subcuencas","entity_type":"LWPOLYLINE","handle":"1295D0"}},{"type":"Feature","geometry":{"type":"LineString","coordinates":[[-60.71115994,-31.62034915],[-60.70974042,-31.62277698],[-60.71071945,-31.62334046],[-60.711188,-31.62276893]]},"properties":{"layer":"Subcuencas","entity_type":"LWPOLYLINE","handle":"1295D1"}},{"type":"Feature","geometry":{"type":"LineString","coordinates":[[-60.71016781,-31.62148174],[-60.70961177,-31.62125204],[-60.70919492,-31.62132865],[-60.70892366,-31.62110726],[-60.70879887,-31.62070674],[-60.70909181,-31.62034627],[-60.70932621,-31.62029296],[-60.70964514,-31.6199197],[-60.70960036,-31.61974906],[-60.70841964,-31.62000823],[-60.70836606,-31.61982278],[-60.70808824,-31.61988376],[-60.70771274,-31.6196778],[-60.7074977,-31.61999105],[-60.70698549,-31.62010534],[-60.70673218,-31.61995814],[-60.70612443,-31.62008781],[-60.70599343,-31.62001424],[-60.70562932,-31.62016485],[-60.70545351,-31.62035224]]},"properties":{"layer":"Subcuencas","entity_type":"LWPOLYLINE","handle":"1295D2"}},{"type":"Feature","geometry":{"type":"LineString","coordinates":[[-60.70771274,-31.6196778],[-60.70804877,-31.61926509],[-60.70801536,-31.61910763]]},"properties":{"layer":"Subcuencas","entity_type":"LWPOLYLINE","handle":"1295D3"}},{"type":"Feature","geometry":{"type":"LineString","coordinates":[[-60.70840447,-31.62202217],[-60.70832115,-31.62216042],[-60.7080977,-31.62251087],[-60.70772432,-31.62258723],[-60.70755237,-31.62284823],[-60.70723117,-31.62292431],[-60.7069346,-31.62280708],[-60.70678857,-31.62304564],[-60.70645862,-31.62311434],[-60.70638051,-31.6231355],[-60.70646977,-31.62343963],[-60.70687793,-31.62336308],[-60.70713097,-31.62347312],[-60.7072112,-31.62373273],[-60.70702202,-31.62401611],[-60.70708458,-31.62423866],[-60.70736421,-31.62441543],[-60.70739989,-31.62453411],[-60.70804229,-31.62438195],[-60.70809582,-31.62455997],[-60.70846231,-31.6247214],[-60.70904661,-31.62378942],[-60.70938228,-31.62321325],[-60.70939663,-31.62281195],[-60.70950549,-31.62264425]]},"properties":{"layer":"Subcuencas","entity_type":"LWPOLYLINE","handle":"1295D4"}},{"type":"Feature","geometry":{"type":"LineString","coordinates":[[-60.7069346,-31.62280708],[-60.70685505,-31.62252142],[-60.7070366,-31.62237925],[-60.70696461,-31.62206016],[-60.70668579,-31.6219897],[-60.70662307,-31.62174486],[-60.70635214,-31.62156804],[-60.70598736,-31.62162949],[-60.7058673,-31.62185305],[-60.70587801,-31.62212047],[-60.70552377,-31.62242705],[-60.70551644,-31.62260835],[-60.70594474,-31.62289575],[-60.70598037,-31.623007],[-60.7058594,-31.62311169],[-60.70508645,-31.6232497],[-60.7043695,-31.62274099],[-60.70441214,-31.62262931],[-60.70519694,-31.62175568],[-60.70518592,-31.62144744],[-60.70506339,-31.6213441],[-60.70499966,-31.62096553],[-60.70528466,-31.62070391],[-60.7054229,-31.62058426],[-60.70545351,-31.62035224]]},"properties":{"layer":"Subcuencas","entity_type":"LWPOLYLINE","handle":"1295D5"}},{"type":"Feature","geometry":{"type":"LineString","coordinates":[[-60.70534124,-31.62320421],[-60.70525157,-31.62546086]]},"properties":{"layer":"Subcuencas","entity_type":"LWPOLYLINE","handle":"1295D6"}},{"type":"Feature","geometry":{"type":"LineString","coordinates":[[-60.70525157,-31.62546086],[-60.70542243,-31.62535675],[-60.70589054,-31.6248957],[-60.70551444,-31.62461993],[-60.70556092,-31.62431403],[-60.70583483,-31.62397909],[-60.70627313,-31.62387942],[-60.70646977,-31.62343963]]},"properties":{"layer":"Subcuencas","entity_type":"LWPOLYLINE","handle":"1295D7"}},{"type":"Feature","geometry":{"type":"LineString","coordinates":[[-60.70525157,-31.62546086],[-60.70511358,-31.62537235],[-60.70472112,-31.62508277],[-60.70460918,-31.62533345],[-60.70408977,-31.62546135],[-60.70289886,-31.62495388],[-60.70164271,-31.62441898],[-60.70146899,-31.62445765]]},"properties":{"layer":"Subcuencas","entity_type":"LWPOLYLINE","handle":"1295D8"}},{"type":"Feature","geometry":{"type":"LineString","coordinates":[[-60.70164271,-31.62441898],[-60.70156893,-31.62414014],[-60.70189855,-31.623802],[-60.70241632,-31.6239463],[-60.70269886,-31.62389219],[-60.7035234,-31.62300244],[-60.70354446,-31.6228995],[-60.7043695,-31.62274099]]},"properties":{"layer":"Subcuencas","entity_type":"LWPOLYLINE","handle":"1295D9"}},{"type":"Feature","geometry":{"type":"LineString","coordinates":[[-60.7043695,-31.62274099],[-60.70404753,-31.62158138],[-60.70385079,-31.62091522],[-60.70390072,-31.62084597],[-60.70411061,-31.62057755],[-60.70402775,-31.6202935],[-60.70427754,-31.61996451],[-60.70442798,-31.61976061]]},"properties":{"layer":"Subcuencas","entity_type":"LWPOLYLINE","handle":"1295DA"}},{"type":"Feature","geometry":{"type":"LineString","coordinates":[[-60.70354446,-31.6228995],[-60.7034543,-31.62283152],[-60.70239854,-31.62237074],[-60.70193304,-31.62246434],[-60.70191972,-31.62246441],[-60.70141878,-31.62316136],[-60.70091322,-31.6232438],[-60.70063201,-31.62304499],[-60.699927,-31.62317404],[-60.69963728,-31.62361946],[-60.69948104,-31.62371581],[-60.69966017,-31.62380187],[-60.70026664,-31.62405984],[-60.7006524,-31.62398944],[-60.70117367,-31.62422556],[-60.70156893,-31.62414014]]},"properties":{"layer":"Subcuencas","entity_type":"LWPOLYLINE","handle":"1295DB"}},{"type":"Feature","geometry":{"type":"LineString","coordinates":[[-60.70165657,-31.62283053],[-60.70125471,-31.62259775],[-60.70115908,-31.62227963],[-60.70134342,-31.62199411],[-60.70159607,-31.62193582],[-60.70172636,-31.62154818],[-60.70207215,-31.621478],[-60.70256669,-31.62170288],[-60.70294032,-31.62124239],[-60.70285888,-31.62099356],[-60.70311498,-31.62095438],[-60.70316985,-31.6211958],[-60.70349839,-31.62138284],[-60.70381376,-31.62099585],[-60.70385079,-31.62091522]]},"properties":{"layer":"Subcuencas","entity_type":"LWPOLYLINE","handle":"1295DC"}},{"type":"Feature","geometry":{"type":"LineString","coordinates":[[-60.70136279,-31.62198964],[-60.70109985,-31.62104855],[-60.70175335,-31.62094676],[-60.70159914,-31.6204264],[-60.70166046,-31.62035052],[-60.70244168,-31.61936124],[-60.70245263,-31.61934223]]},"properties":{"layer":"Subcuencas","entity_type":"LWPOLYLINE","handle":"1295DD"}},{"type":"Feature","geometry":{"type":"LineString","coordinates":[[-60.70543133,-31.61719127],[-60.70545351,-31.62035224]]},"properties":{"layer":"Subcuencas","entity_type":"LWPOLYLINE","handle":"1295DE"}},{"type":"Feature","geometry":{"type":"LineString","coordinates":[[-60.70544405,-31.61813192],[-60.70561723,-31.61813096],[-60.70606916,-31.61802608],[-60.70646997,-31.61820588],[-60.70688213,-31.61812397],[-60.70710581,-31.61777006],[-60.70773375,-31.61805099],[-60.70784381,-31.61813404]]},"properties":{"layer":"Subcuencas","entity_type":"LWPOLYLINE","handle":"1295DF"}},{"type":"Feature","geometry":{"type":"LineString","coordinates":[[-60.70544559,-31.61922465],[-60.70473629,-31.61924867],[-60.70442798,-31.61976061]]},"properties":{"layer":"Subcuencas","entity_type":"LWPOLYLINE","handle":"1295E0"}},{"type":"Feature","geometry":{"type":"LineString","coordinates":[[-60.70109985,-31.62104855],[-60.70038851,-31.62068736],[-60.70031417,-31.62076991],[-60.69979008,-31.62130794],[-60.69895375,-31.62148249],[-60.69923362,-31.62277578],[-60.69941208,-31.62364575],[-60.69948104,-31.62371581]]},"properties":{"layer":"Subcuencas","entity_type":"LWPOLYLINE","handle":"1295E1"}},{"type":"Feature","geometry":{"type":"LineString","coordinates":[[-60.69905381,-31.62194489],[-60.6989349,-31.62188941],[-60.69866208,-31.62168231],[-60.6986156,-31.62151261],[-60.69791095,-31.62160144]]},"properties":{"layer":"Subcuencas","entity_type":"LWPOLYLINE","handle":"1295E2"}},{"type":"Feature","geometry":{"type":"LineString","coordinates":[[-60.69888142,-31.62088684],[-60.69906281,-31.62085664],[-60.69922314,-31.62053129],[-60.69949532,-31.6206534],[-60.69977522,-31.62059779],[-60.69990958,-31.6204271],[-60.69982606,-31.62014171],[-60.69998731,-31.61993996],[-60.7003123,-31.61986865],[-60.70081122,-31.62008223],[-60.70046241,-31.62059403],[-60.70038851,-31.62068736]]},"properties":{"layer":"Subcuencas","entity_type":"LWPOLYLINE","handle":"1295E3"}},{"type":"Feature","geometry":{"type":"LineString","coordinates":[[-60.69922314,-31.62053129],[-60.6991503,-31.62022267],[-60.69888745,-31.62013912],[-60.69883158,-31.61992311],[-60.69899232,-31.61965184],[-60.69930095,-31.61981239],[-60.69947246,-31.61977282],[-60.69962432,-31.61952477],[-60.69995099,-31.61967749],[-60.70026705,-31.61962168],[-60.70100167,-31.61870995],[-60.70104607,-31.61860155],[-60.70083325,-31.61795377],[-60.70079596,-31.61780414],[-60.70086435,-31.61771169]]},"properties":{"layer":"Subcuencas","entity_type":"LWPOLYLINE","handle":"1295E4"}},{"type":"Feature","geometry":{"type":"LineString","coordinates":[[-60.711188,-31.62276893],[-60.71188143,-31.62303986]]},"properties":{"layer":"Subcuencas","entity_type":"LWPOLYLINE","handle":"1295E5"}},{"type":"Feature","geometry":{"type":"LineString","coordinates":[[-60.71072252,-31.62333671],[-60.71091866,-31.62345748]]},"properties":{"layer":"Subcuencas","entity_type":"LWPOLYLINE","handle":"1295E6"}},{"type":"Feature","geometry":{"type":"LineString","coordinates":[[-60.70879887,-31.62070674],[-60.70837633,-31.62079931],[-60.70846802,-31.62108767],[-60.70795117,-31.62174765]]},"properties":{"layer":"Subcuencas","entity_type":"LWPOLYLINE","handle":"1295E7"}},{"type":"Feature","geometry":{"type":"LineString","coordinates":[[-60.70837633,-31.62079931],[-60.70738806,-31.6203035],[-60.70728817,-31.62024457],[-60.70722918,-31.62005096]]},"properties":{"layer":"Subcuencas","entity_type":"LWPOLYLINE","handle":"1295E8"}},{"type":"Feature","geometry":{"type":"LineString","coordinates":[[-60.70598736,-31.62162949],[-60.70584665,-31.62120927],[-60.70618646,-31.62076893]]},"properties":{"layer":"Subcuencas","entity_type":"LWPOLYLINE","handle":"1295E9"}},{"type":"Feature","geometry":{"type":"LineString","coordinates":[[-60.70932621,-31.62029296],[-60.7102158,-31.62011109],[-60.71027904,-31.62032781],[-60.71050286,-31.62039893],[-60.71069498,-31.62035181],[-60.71083237,-31.62019317],[-60.71115994,-31.62034915]]},"properties":{"layer":"Subcuencas","entity_type":"LWPOLYLINE","handle":"1295EA"}},{"type":"Feature","geometry":{"type":"LineString","coordinates":[[-60.70543794,-31.61813313],[-60.70492849,-31.6182342],[-60.70469081,-31.61801832],[-60.70437055,-31.61808731],[-60.70424455,-31.6182328],[-60.70406829,-31.61813552],[-60.70367548,-31.61821525],[-60.70343584,-31.61854236],[-60.70255097,-31.61838175],[-60.70220406,-31.61835972]]},"properties":{"layer":"Subcuencas","entity_type":"LWPOLYLINE","handle":"1295EB"}},{"type":"Feature","geometry":{"type":"LineString","coordinates":[[-60.71281654,-31.62371213],[-60.71255446,-31.62395683],[-60.71233103,-31.62400742],[-60.71204256,-31.6231023],[-60.71187968,-31.6230412]]},"properties":{"layer":"Subcuencas","entity_type":"LWPOLYLINE","handle":"1295EC"}},{"type":"Feature","geometry":{"type":"LineString","coordinates":[[-60.70638051,-31.6231355],[-60.70598037,-31.623007]]},"properties":{"layer":"Subcuencas","entity_type":"LWPOLYLINE","handle":"1295ED"}},{"type":"Feature","geometry":{"type":"LineString","coordinates":[[-60.71198469,-31.61891747],[-60.71268748,-31.61917537],[-60.71284267,-31.6195373],[-60.71333982,-31.61959051]]},"properties":{"layer":"Subcuencas","entity_type":"LWPOLYLINE","handle":"1295EE"}},{"type":"Feature","geometry":{"type":"LineString","coordinates":[[-60.71303884,-31.6195583],[-60.71309832,-31.62016519]]},"properties":{"layer":"Subcuencas","entity_type":"LWPOLYLINE","handle":"1295EF"}},{"type":"Feature","geometry":{"type":"LineString","coordinates":[[-60.71302793,-31.61955855],[-60.71283181,-31.61954104]]},"properties":{"layer":"Subcuencas","entity_type":"LWPOLYLINE","handle":"1295F0"}},{"type":"Feature","geometry":{"type":"LineString","coordinates":[[-60.72153203,-31.62090347],[-60.72189695,-31.62085214]]},"properties":{"layer":"Subcuencas","entity_type":"LWPOLYLINE","handle":"1295F1"}},{"type":"Feature","geometry":{"type":"LineString","coordinates":[[-60.7214598,-31.6213083],[-60.7215069,-31.62151084]]},"properties":{"layer":"Subcuencas","entity_type":"LWPOLYLINE","handle":"1295F2"}},{"type":"Feature","geometry":{"type":"LineString","coordinates":[[-60.7215069,-31.62151084],[-60.72193123,-31.62145083]]},"properties":{"layer":"Subcuencas","entity_type":"LWPOLYLINE","handle":"1295F3"}},{"type":"Feature","geometry":{"type":"LineString","coordinates":[[-60.70846231,-31.6247214],[-60.70865334,-31.62480397]]},"properties":{"layer":"Subcuencas","entity_type":"LWPOLYLINE","handle":"1295F4"}},{"type":"Feature","geometry":{"type":"LineString","coordinates":[[-60.70690606,-31.62609415],[-60.70765079,-31.62592675],[-60.70792136,-31.62604372]]},"properties":{"layer":"Subcuencas","entity_type":"LWPOLYLINE","handle":"1295F5"}},{"type":"Feature","geometry":{"type":"LineString","coordinates":[[-60.71016782,-31.62148175],[-60.71043169,-31.62159472]]},"properties":{"layer":"Subcuencas","entity_type":"LWPOLYLINE","handle":"1295F6"}},{"type":"Feature","geometry":{"type":"LineString","coordinates":[[-60.71626854,-31.61531841],[-60.7160168,-31.61565859],[-60.71609476,-31.61589667],[-60.71598172,-31.6160491],[-60.71617819,-31.6168503],[-60.71646962,-31.61679445],[-60.71662571,-31.6172923],[-60.71648804,-31.61754244],[-60.71656575,-31.617748],[-60.71689579,-31.61800458],[-60.7169348,-31.61815995]]},"properties":{"layer":"Subcuencas","entity_type":"LWPOLYLINE","handle":"1295F7"}},{"type":"Feature","geometry":{"type":"LineString","coordinates":[[-60.71667855,-31.61820707],[-60.7175821,-31.61804183],[-60.71790221,-31.61836895],[-60.71810783,-31.61819922],[-60.71842516,-31.61816455],[-60.71859807,-31.61812246],[-60.71924014,-31.6171387],[-60.71961922,-31.61672676]]},"properties":{"layer":"Subcuencas","entity_type":"LWPOLYLINE","handle":"1295F8"}},{"type":"Feature","geometry":{"type":"LineString","coordinates":[[-60.7014519,-31.63102447],[-60.70131789,-31.63038437],[-60.70114434,-31.63028683],[-60.70108452,-31.62999169],[-60.70121133,-31.62983231],[-60.70127489,-31.62977177],[-60.70120173,-31.62940557],[-60.70108612,-31.62935149],[-60.70101994,-31.62906185],[-60.70114619,-31.62895962],[-60.70105305,-31.62848956],[-60.7006619,-31.62839322],[-60.70054584,-31.62832912]]},"properties":{"layer":"Subcuencas","entity_type":"LWPOLYLINE","handle":"1295F9"}},{"type":"Feature","geometry":{"type":"LineString","coordinates":[[-60.70137625,-31.63066312],[-60.70213722,-31.63053752],[-60.70231245,-31.63034234],[-60.7027373,-31.63025369],[-60.70284772,-31.6300712],[-60.70345979,-31.62994452],[-60.70437866,-31.63033404],[-60.70446907,-31.63036746],[-60.70454786,-31.63029612],[-60.70466643,-31.63004762],[-60.70463443,-31.62962855],[-60.70475279,-31.62954466],[-60.70472551,-31.62927354],[-60.70472439,-31.62912361],[-60.70460128,-31.62905647],[-60.7045957,-31.62879447],[-60.70495012,-31.62845342],[-60.70510808,-31.62836006]]},"properties":{"layer":"Subcuencas","entity_type":"LWPOLYLINE","handle":"1295FA"}},{"type":"Feature","geometry":{"type":"LineString","coordinates":[[-60.7045957,-31.62879447],[-60.70437521,-31.62872478],[-60.70387827,-31.62881692],[-60.70335509,-31.62925447],[-60.70282342,-31.62938492],[-60.70258587,-31.6294448],[-60.70241937,-31.62936249],[-60.70237955,-31.62934113],[-60.70122537,-31.62952392]]},"properties":{"layer":"Subcuencas","entity_type":"LWPOLYLINE","handle":"1295FB"}},{"type":"Feature","geometry":{"type":"LineString","coordinates":[[-60.70109417,-31.62869707],[-60.70205343,-31.62850651],[-60.70247206,-31.6279311],[-60.70341953,-31.62837354],[-60.70419835,-31.62820417],[-60.70433617,-31.62804494],[-60.70459827,-31.62797747],[-60.7051267,-31.62738029]]},"properties":{"layer":"Subcuencas","entity_type":"LWPOLYLINE","handle":"1295FC"}},{"type":"Feature","geometry":{"type":"LineString","coordinates":[[-60.70511623,-31.62835794],[-60.70518066,-31.62736679],[-60.70521988,-31.62545048]]},"properties":{"layer":"Subcuencas","entity_type":"LWPOLYLINE","handle":"1295FD"}},{"type":"Feature","geometry":{"type":"LineString","coordinates":[[-60.7051267,-31.62738029],[-60.70518027,-31.62737279]]},"properties":{"layer":"Subcuencas","entity_type":"LWPOLYLINE","handle":"1295FE"}},{"type":"Feature","geometry":{"type":"LineString","coordinates":[[-60.70498274,-31.62563575],[-60.70486457,-31.62577048],[-60.70492349,-31.6260973],[-60.70406526,-31.62625757],[-60.70349251,-31.62600866],[-60.70292871,-31.62611366],[-60.70231979,-31.62689466],[-60.702397,-31.62715166],[-60.70288181,-31.62738497],[-60.70172743,-31.6276243],[-60.70129921,-31.62740677],[-60.70079792,-31.62748461],[-60.7007364,-31.62764584],[-60.70044655,-31.62747581],[-60.70028554,-31.62740657]]},"properties":{"layer":"Subcuencas","entity_type":"LWPOLYLINE","handle":"1295FF"}},{"type":"Feature","geometry":{"type":"LineString","coordinates":[[-60.70001868,-31.62616512],[-60.69960565,-31.62624335],[-60.69946281,-31.62643721],[-60.69836679,-31.62667918],[-60.6979757,-31.62639171],[-60.69773297,-31.62632418]]},"properties":{"layer":"Subcuencas","entity_type":"LWPOLYLINE","handle":"129600"}},{"type":"Feature","geometry":{"type":"LineString","coordinates":[[-60.70054248,-31.62832978],[-60.69852447,-31.62872197]]},"properties":{"layer":"Subcuencas","entity_type":"LWPOLYLINE","handle":"129601"}},{"type":"Feature","geometry":{"type":"LineString","coordinates":[[-60.70486142,-31.630824],[-60.7052201,-31.63086606],[-60.70549206,-31.63086041],[-60.70563492,-31.63092406],[-60.70596079,-31.63082202],[-60.70615925,-31.63048442],[-60.70700349,-31.63026495],[-60.70714739,-31.62983716]]},"properties":{"layer":"Subcuencas","entity_type":"LWPOLYLINE","handle":"129602"}},{"type":"Feature","geometry":{"type":"LineString","coordinates":[[-60.70714739,-31.62983716],[-60.70556241,-31.62908441],[-60.70567644,-31.62865043],[-60.70511623,-31.62835794]]},"properties":{"layer":"Subcuencas","entity_type":"LWPOLYLINE","handle":"129603"}},{"type":"Feature","geometry":{"type":"LineString","coordinates":[[-60.70714739,-31.62983716],[-60.70726613,-31.62989609],[-60.70761552,-31.63010704],[-60.70779557,-31.63006934],[-60.70794692,-31.63042085]]},"properties":{"layer":"Subcuencas","entity_type":"LWPOLYLINE","handle":"129604"}},{"type":"Feature","geometry":{"type":"LineString","coordinates":[[-60.70714739,-31.62983716],[-60.70721779,-31.62974953],[-60.70812932,-31.62878039],[-60.70819784,-31.62868182],[-60.70832277,-31.62873619],[-60.70880996,-31.62900144],[-60.70924732,-31.62892193],[-60.7093321,-31.6287783],[-60.70999634,-31.62860943],[-60.71005124,-31.62877775],[-60.71057845,-31.62865735],[-60.71119143,-31.62852396],[-60.7111428,-31.6283407],[-60.71137278,-31.62809349],[-60.71140646,-31.62800521],[-60.71172361,-31.62793003],[-60.71175434,-31.62801795],[-60.71219038,-31.62817354],[-60.7122551,-31.62809956],[-60.71245067,-31.6278452],[-60.71227801,-31.62721309],[-60.71196741,-31.62702028],[-60.7117345,-31.6268821],[-60.71145397,-31.62669279],[-60.71103821,-31.62678687],[-60.71081699,-31.62600044],[-60.7109621,-31.62588584],[-60.71077532,-31.6251139],[-60.71001356,-31.62487588],[-60.70990785,-31.62452409],[-60.7100972,-31.62406002]]},"properties":{"layer":"Subcuencas","entity_type":"LWPOLYLINE","handle":"129605"}},{"type":"Feature","geometry":{"type":"LineString","coordinates":[[-60.71150411,-31.62378485],[-60.71119698,-31.62417688],[-60.71133356,-31.62463494],[-60.71180839,-31.6248364],[-60.71149691,-31.62509141],[-60.71164679,-31.62560446],[-60.7127524,-31.62603132],[-60.71292287,-31.62610586],[-60.71314228,-31.62616336]]},"properties":{"layer":"Subcuencas","entity_type":"LWPOLYLINE","handle":"129606"}},{"type":"Feature","geometry":{"type":"LineString","coordinates":[[-60.71348355,-31.62491975],[-60.7130724,-31.62535097],[-60.713149,-31.62582404],[-60.71314228,-31.62616336],[-60.71308912,-31.62637345],[-60.7130122,-31.62642159],[-60.712069,-31.62660305],[-60.71181839,-31.62691602]]},"properties":{"layer":"Subcuencas","entity_type":"LWPOLYLINE","handle":"129607"}},{"type":"Feature","geometry":{"type":"LineString","coordinates":[[-60.71306494,-31.62638858],[-60.71334324,-31.62647847],[-60.71376781,-31.62661459]]},"properties":{"layer":"Subcuencas","entity_type":"LWPOLYLINE","handle":"129608"}},{"type":"Feature","geometry":{"type":"LineString","coordinates":[[-60.70850947,-31.6249339],[-60.70924304,-31.62522966],[-60.70902131,-31.6254625],[-60.70912549,-31.62580354],[-60.70949912,-31.625952],[-60.70977784,-31.6269811],[-60.70938901,-31.62748506],[-60.71055851,-31.62810894],[-60.7107079,-31.62816022],[-60.71140646,-31.62800521]]},"properties":{"layer":"Subcuencas","entity_type":"LWPOLYLINE","handle":"129609"}},{"type":"Feature","geometry":{"type":"LineString","coordinates":[[-60.70978684,-31.62769729],[-60.7092286,-31.62779209],[-60.70902027,-31.62800748],[-60.70852661,-31.62810865],[-60.70815244,-31.6278907],[-60.70784811,-31.62795029],[-60.70754632,-31.62834569],[-60.70724199,-31.62840528],[-60.70665739,-31.6281248]]},"properties":{"layer":"Subcuencas","entity_type":"LWPOLYLINE","handle":"12960A"}},{"type":"Feature","geometry":{"type":"LineString","coordinates":[[-60.70597451,-31.62928013],[-60.70723733,-31.6271078]]},"properties":{"layer":"Subcuencas","entity_type":"LWPOLYLINE","handle":"12960B"}},{"type":"Feature","geometry":{"type":"LineString","coordinates":[[-60.71084896,-31.62859849],[-60.71103039,-31.6292274],[-60.71085732,-31.62926058],[-60.71079807,-31.62939618],[-60.71051966,-31.62944927],[-60.71060376,-31.62972771]]},"properties":{"layer":"Subcuencas","entity_type":"LWPOLYLINE","handle":"12960C"}},{"type":"Feature","geometry":{"type":"LineString","coordinates":[[-60.71172342,-31.62793007],[-60.71152092,-31.62725034],[-60.71177616,-31.6270543],[-60.71181839,-31.62691602]]},"properties":{"layer":"Subcuencas","entity_type":"LWPOLYLINE","handle":"12960D"}},{"type":"Feature","geometry":{"type":"LineString","coordinates":[[-60.71376781,-31.62661459],[-60.71393584,-31.62640928],[-60.71399533,-31.62630588],[-60.71429402,-31.6259499],[-60.71457739,-31.62556181],[-60.71348355,-31.62491975]]},"properties":{"layer":"Subcuencas","entity_type":"LWPOLYLINE","handle":"12960E"}},{"type":"Feature","geometry":{"type":"LineString","coordinates":[[-60.71357737,-31.62456805],[-60.71378462,-31.6245952],[-60.71433874,-31.62478926],[-60.71457222,-31.62477507],[-60.71486755,-31.62496668],[-60.71524405,-31.62493236],[-60.71552116,-31.62471178],[-60.71591996,-31.62463869],[-60.71627542,-31.62481062],[-60.7166067,-31.62477656],[-60.71686423,-31.62453652],[-60.71733089,-31.62446948],[-60.71769732,-31.62410668]]},"properties":{"layer":"Subcuencas","entity_type":"LWPOLYLINE","handle":"12960F"}},{"type":"Feature","geometry":{"type":"LineString","coordinates":[[-60.71769732,-31.62410668],[-60.7177357,-31.62406538]]},"properties":{"layer":"Subcuencas","entity_type":"LWPOLYLINE","handle":"129610"}},{"type":"Feature","geometry":{"type":"LineString","coordinates":[[-60.71579967,-31.6262476],[-60.71583667,-31.62602543],[-60.71606034,-31.62582941],[-60.71636233,-31.62590501],[-60.71663329,-31.62586484],[-60.71672272,-31.6257355],[-60.7166088,-31.62562019],[-60.71661417,-31.62533672],[-60.71674078,-31.62514275],[-60.71660411,-31.62500824],[-60.71660074,-31.62477717]]},"properties":{"layer":"Subcuencas","entity_type":"LWPOLYLINE","handle":"129611"}},{"type":"Feature","geometry":{"type":"LineString","coordinates":[[-60.71790072,-31.62587556],[-60.71788313,-31.62573543],[-60.71814477,-31.6254634],[-60.71812574,-31.62494815],[-60.71843229,-31.62463722],[-60.71834113,-31.62454111],[-60.71814429,-31.62441982],[-60.71813483,-31.62416864],[-60.71836697,-31.62398052],[-60.71852416,-31.62384435],[-60.71837483,-31.62380699],[-60.71812349,-31.62366931],[-60.71800348,-31.62374084],[-60.71753643,-31.62375635],[-60.71737731,-31.62364129],[-60.71677498,-31.62370265],[-60.71656603,-31.62396794],[-60.7162349,-31.62402133],[-60.7159995,-31.6237843],[-60.71541977,-31.62384553],[-60.71517389,-31.62420765],[-60.71493312,-31.62425409],[-60.71462937,-31.62394658],[-60.71407978,-31.62400763],[-60.71379029,-31.62443021],[-60.71357737,-31.62456805]]},"properties":{"layer":"Subcuencas","entity_type":"LWPOLYLINE","handle":"129612"}},{"type":"Feature","geometry":{"type":"LineString","coordinates":[[-60.7177357,-31.62406538],[-60.71772087,-31.62375023]]},"properties":{"layer":"Subcuencas","entity_type":"LWPOLYLINE","handle":"129613"}},{"type":"Feature","geometry":{"type":"LineString","coordinates":[[-60.71812349,-31.62366931],[-60.71809863,-31.62328994],[-60.71836056,-31.62307573],[-60.71849202,-31.62294417]]},"properties":{"layer":"Subcuencas","entity_type":"LWPOLYLINE","handle":"129614"}},{"type":"Feature","geometry":{"type":"LineString","coordinates":[[-60.71887279,-31.62307757],[-60.71888446,-31.6235754],[-60.71869002,-31.6237543],[-60.71869103,-31.62389859],[-60.71891826,-31.62405191],[-60.71892044,-31.62433534],[-60.71870521,-31.62453275],[-60.71870451,-31.62467153],[-60.71892436,-31.62484423],[-60.71894212,-31.62516988],[-60.71871746,-31.62535152],[-60.71856771,-31.62547476],[-60.71856057,-31.62575158]]},"properties":{"layer":"Subcuencas","entity_type":"LWPOLYLINE","handle":"129615"}},{"type":"Feature","geometry":{"type":"LineString","coordinates":[[-60.72052264,-31.62567946],[-60.72054348,-31.62550227],[-60.72064618,-31.62537944],[-60.72088735,-31.62514603],[-60.72086954,-31.62479183],[-60.72065753,-31.62465775],[-60.72064821,-31.62442589],[-60.72064788,-31.62437735],[-60.72084274,-31.62424097],[-60.72082509,-31.6239061],[-60.72062849,-31.62381702],[-60.7206268,-31.62359801],[-60.7208062,-31.62341018],[-60.72080135,-31.62305896]]},"properties":{"layer":"Subcuencas","entity_type":"LWPOLYLINE","handle":"129616"}},{"type":"Feature","geometry":{"type":"LineString","coordinates":[[-60.72084274,-31.62424097],[-60.72146797,-31.62421812],[-60.72147277,-31.62386379],[-60.72129115,-31.62376174],[-60.72127454,-31.62356214],[-60.72147384,-31.62337256]]},"properties":{"layer":"Subcuencas","entity_type":"LWPOLYLINE","handle":"129617"}},{"type":"Feature","geometry":{"type":"LineString","coordinates":[[-60.72147025,-31.62405044],[-60.72218513,-31.62400472]]},"properties":{"layer":"Subcuencas","entity_type":"LWPOLYLINE","handle":"129618"}},{"type":"Feature","geometry":{"type":"LineString","coordinates":[[-60.71235728,-31.62750327],[-60.71315482,-31.6273458]]},"properties":{"layer":"Subcuencas","entity_type":"LWPOLYLINE","handle":"129619"}},{"type":"Feature","geometry":{"type":"LineString","coordinates":[[-60.70818991,-31.62868202],[-60.70798578,-31.62792338]]},"properties":{"layer":"Subcuencas","entity_type":"LWPOLYLINE","handle":"12961A"}},{"type":"Feature","geometry":{"type":"LineString","coordinates":[[-60.70498274,-31.62563575],[-60.70510638,-31.62555528],[-60.70521988,-31.62545048]]},"properties":{"layer":"Subcuencas","entity_type":"LWPOLYLINE","handle":"12961B"}},{"type":"Feature","geometry":{"type":"LineString","coordinates":[[-60.70247156,-31.62792952],[-60.70233653,-31.62749802]]},"properties":{"layer":"Subcuencas","entity_type":"LWPOLYLINE","handle":"12961C"}},{"type":"Feature","geometry":{"type":"LineString","coordinates":[[-60.70386566,-31.62827652],[-60.70401584,-31.62879142]]},"properties":{"layer":"Subcuencas","entity_type":"LWPOLYLINE","handle":"12961D"}},{"type":"Feature","geometry":{"type":"LineString","coordinates":[[-60.70048623,-31.62834071],[-60.69968873,-31.62463013]]},"properties":{"layer":"Subcuencas","entity_type":"LWPOLYLINE","handle":"12961E"}},{"type":"Feature","geometry":{"type":"LineString","coordinates":[[-60.70289242,-31.62937494],[-60.70309871,-31.63001662]]},"properties":{"layer":"Subcuencas","entity_type":"LWPOLYLINE","handle":"12961F"}},{"type":"Feature","geometry":{"type":"LineString","coordinates":[[-60.71317672,-31.63641566],[-60.71271813,-31.63484289],[-60.71278512,-31.63473882],[-60.71324778,-31.63414926],[-60.71257536,-31.63380179],[-60.71228596,-31.6327857],[-60.71190381,-31.63286],[-60.71129606,-31.63361395],[-60.71111626,-31.63365344],[-60.71088841,-31.63359764],[-60.710704,-31.63377187],[-60.71056915,-31.63380149],[-60.71019086,-31.63364482],[-60.70971754,-31.63418062]]},"properties":{"layer":"Subcuencas","entity_type":"LWPOLYLINE","handle":"129620"}},{"type":"Feature","geometry":{"type":"LineString","coordinates":[[-60.71019086,-31.63364482],[-60.70958525,-31.63179874],[-60.70926289,-31.63159365],[-60.7091936,-31.63136309],[-60.70958082,-31.63072813],[-60.70929473,-31.63002143]]},"properties":{"layer":"Subcuencas","entity_type":"LWPOLYLINE","handle":"129621"}},{"type":"Feature","geometry":{"type":"LineString","coordinates":[[-60.7122304,-31.6327965],[-60.71197266,-31.63198663],[-60.71197789,-31.63193368],[-60.71219599,-31.63174963],[-60.71208317,-31.63171658],[-60.71199626,-31.6313899],[-60.71214156,-31.63125437],[-60.71192708,-31.63117378],[-60.71180599,-31.63079436],[-60.71212949,-31.63038124],[-60.71199152,-31.63000192],[-60.71203085,-31.6297551]]},"properties":{"layer":"Subcuencas","entity_type":"LWPOLYLINE","handle":"129622"}},{"type":"Feature","geometry":{"type":"LineString","coordinates":[[-60.71228596,-31.6327857],[-60.71306134,-31.63263357],[-60.71363951,-31.6331692],[-60.71381935,-31.63313451],[-60.71414986,-31.63293059],[-60.71448247,-31.6330009],[-60.71506142,-31.63290143],[-60.71514823,-31.63321368],[-60.71562934,-31.63356702],[-60.71542086,-31.63407872]]},"properties":{"layer":"Subcuencas","entity_type":"LWPOLYLINE","handle":"129623"}},{"type":"Feature","geometry":{"type":"LineString","coordinates":[[-60.71499728,-31.63290944],[-60.71524896,-31.63216606],[-60.71435665,-31.63176691],[-60.71435363,-31.6313724],[-60.71458844,-31.6312288],[-60.71456704,-31.63063713],[-60.71405089,-31.63011558],[-60.71393745,-31.63000075],[-60.71258198,-31.62981858]]},"properties":{"layer":"Subcuencas","entity_type":"LWPOLYLINE","handle":"129624"}},{"type":"Feature","geometry":{"type":"LineString","coordinates":[[-60.71458844,-31.6312288],[-60.71510154,-31.63135102],[-60.71534892,-31.63131595],[-60.71548284,-31.63116605],[-60.71565823,-31.63128535],[-60.7158437,-31.63125063],[-60.71609544,-31.63105196],[-60.7160865,-31.63061899],[-60.71568489,-31.63035662],[-60.71570285,-31.63025141]]},"properties":{"layer":"Subcuencas","entity_type":"LWPOLYLINE","handle":"129625"}},{"type":"Feature","geometry":{"type":"LineString","coordinates":[[-60.71524896,-31.63216606],[-60.71660527,-31.63189464],[-60.71728424,-31.63236234],[-60.71753713,-31.6323128],[-60.71838861,-31.63160921],[-60.71999439,-31.63183592],[-60.72022551,-31.63188273]]},"properties":{"layer":"Subcuencas","entity_type":"LWPOLYLINE","handle":"129626"}},{"type":"Feature","geometry":{"type":"LineString","coordinates":[[-60.72365485,-31.63776733],[-60.72337084,-31.63635263],[-60.72323735,-31.63628944],[-60.72321109,-31.63611904],[-60.72335857,-31.63584108],[-60.72309098,-31.63563652],[-60.72304793,-31.63544491],[-60.72319541,-31.63517075],[-60.7229527,-31.63495895],[-60.72289254,-31.63470347],[-60.72320527,-31.63429667],[-60.72257548,-31.63347595],[-60.72255135,-31.63343105],[-60.72272164,-31.63321723]]},"properties":{"layer":"Subcuencas","entity_type":"LWPOLYLINE","handle":"129627"}},{"type":"Feature","geometry":{"type":"LineString","coordinates":[[-60.72320527,-31.63429667],[-60.72395488,-31.63437382],[-60.72410475,-31.63443242],[-60.72432937,-31.63449261],[-60.72437653,-31.63457549],[-60.72445081,-31.63488237],[-60.72464328,-31.63570779],[-60.72450927,-31.63587847],[-60.72455728,-31.63606981],[-60.72474,-31.63618085],[-60.72484099,-31.63665613],[-60.72471118,-31.63682317],[-60.72474205,-31.63698568],[-60.72492474,-31.6370931],[-60.72496934,-31.63744048]]},"properties":{"layer":"Subcuencas","entity_type":"LWPOLYLINE","handle":"129628"}},{"type":"Feature","geometry":{"type":"LineString","coordinates":[[-60.71884918,-31.63243851],[-60.71821821,-31.63300528],[-60.71781643,-31.63277621],[-60.71744969,-31.63282193]]},"properties":{"layer":"Subcuencas","entity_type":"LWPOLYLINE","handle":"129629"}},{"type":"Feature","geometry":{"type":"LineString","coordinates":[[-60.72194657,-31.63132143],[-60.72173103,-31.63123258],[-60.72155526,-31.63132409],[-60.72141541,-31.63149586],[-60.72152253,-31.63165617],[-60.72132269,-31.63167741],[-60.72098414,-31.63217689]]},"properties":{"layer":"Subcuencas","entity_type":"LWPOLYLINE","handle":"12962A"}},{"type":"Feature","geometry":{"type":"LineString","coordinates":[[-60.72173103,-31.63123258],[-60.72166629,-31.6310546],[-60.72146452,-31.63097503],[-60.7212842,-31.63101465],[-60.72095888,-31.63088313],[-60.72094618,-31.63083407],[-60.72108307,-31.63048587],[-60.72102832,-31.63031634],[-60.72108063,-31.63017918],[-60.72126481,-31.63010795],[-60.72135292,-31.6298232],[-60.72127363,-31.6296552],[-60.72139395,-31.62944482]]},"properties":{"layer":"Subcuencas","entity_type":"LWPOLYLINE","handle":"12962B"}},{"type":"Feature","geometry":{"type":"LineString","coordinates":[[-60.72233394,-31.62998834],[-60.72139144,-31.62944974],[-60.7201785,-31.62875221],[-60.72032069,-31.6285584],[-60.72027852,-31.62788133],[-60.71998546,-31.62767243],[-60.71997975,-31.62747785],[-60.72014664,-31.62729442],[-60.72013708,-31.62711901],[-60.71994688,-31.62694111],[-60.71994503,-31.6267178],[-60.72021086,-31.62658997],[-60.72020098,-31.62637244],[-60.72003941,-31.62618034],[-60.71984915,-31.62599542],[-60.71975807,-31.62589416],[-60.71967073,-31.62574726],[-60.71962062,-31.62562939]]},"properties":{"layer":"Subcuencas","entity_type":"LWPOLYLINE","handle":"12962C"}},{"type":"Feature","geometry":{"type":"LineString","coordinates":[[-60.71865952,-31.62573219],[-60.71891883,-31.62619016],[-60.71896387,-31.62670929],[-60.71882088,-31.62679783],[-60.7188141,-31.62698386],[-60.71895399,-31.62706945],[-60.71897735,-31.6274378],[-60.71879771,-31.62756515],[-60.71850389,-31.6277914],[-60.71820294,-31.62762464],[-60.71618752,-31.62647348],[-60.71598014,-31.62673083],[-60.71545113,-31.62680047],[-60.71525699,-31.62664364],[-60.71523636,-31.62662972],[-60.71490033,-31.62670529],[-60.71467832,-31.62693839],[-60.7142478,-31.62700397],[-60.71376875,-31.62662764]]},"properties":{"layer":"Subcuencas","entity_type":"LWPOLYLINE","handle":"12962D"}},{"type":"Feature","geometry":{"type":"LineString","coordinates":[[-60.7142478,-31.62700397],[-60.71424013,-31.62761113],[-60.71438009,-31.62766298],[-60.71441848,-31.62894244]]},"properties":{"layer":"Subcuencas","entity_type":"LWPOLYLINE","handle":"12962E"}},{"type":"Feature","geometry":{"type":"LineString","coordinates":[[-60.71441848,-31.62894244],[-60.71400217,-31.62928322],[-60.71402514,-31.62960244],[-60.71417361,-31.62969285],[-60.71476491,-31.62971411],[-60.71490598,-31.62990984],[-60.71525525,-31.62995351]]},"properties":{"layer":"Subcuencas","entity_type":"LWPOLYLINE","handle":"12962F"}},{"type":"Feature","geometry":{"type":"LineString","coordinates":[[-60.71525525,-31.62995351],[-60.71554278,-31.62997646],[-60.71554404,-31.62960446],[-60.71561734,-31.62952685],[-60.71566635,-31.62949499]]},"properties":{"layer":"Subcuencas","entity_type":"LWPOLYLINE","handle":"129630"}},{"type":"Feature","geometry":{"type":"LineString","coordinates":[[-60.71566635,-31.62949499],[-60.7168249,-31.62947569],[-60.71700959,-31.62947114],[-60.71711678,-31.6295302],[-60.7172153,-31.62952964],[-60.71727425,-31.62952916],[-60.71740501,-31.62945122],[-60.71777443,-31.62944563],[-60.71791451,-31.62951152],[-60.71818597,-31.62958018],[-60.71833969,-31.62981795],[-60.71999691,-31.63030832],[-60.72003375,-31.63029407],[-60.72032998,-31.63038014],[-60.72056456,-31.63045602],[-60.72070755,-31.63036748],[-60.72108307,-31.63048587]]},"properties":{"layer":"Subcuencas","entity_type":"LWPOLYLINE","handle":"129631"}},{"type":"Feature","geometry":{"type":"LineString","coordinates":[[-60.71438819,-31.62802944],[-60.71509221,-31.6279526],[-60.71511462,-31.62794864],[-60.71564692,-31.62830051],[-60.71581376,-31.62840316],[-60.71599169,-31.62819498],[-60.7166911,-31.62810282],[-60.7170332,-31.62823518],[-60.71705427,-31.62864175],[-60.71666613,-31.62894319],[-60.71666933,-31.6293598],[-60.71683172,-31.62947552]]},"properties":{"layer":"Subcuencas","entity_type":"LWPOLYLINE","handle":"129632"}},{"type":"Feature","geometry":{"type":"LineString","coordinates":[[-60.71188808,-31.63612456],[-60.71009499,-31.63651012],[-60.71000163,-31.63616797],[-60.70956175,-31.63600879],[-60.70823948,-31.63626903]]},"properties":{"layer":"Subcuencas","entity_type":"LWPOLYLINE","handle":"129633"}},{"type":"Feature","geometry":{"type":"LineString","coordinates":[[-60.71416179,-31.62968565],[-60.71396093,-31.62992582],[-60.71393745,-31.63000075]]},"properties":{"layer":"Subcuencas","entity_type":"LWPOLYLINE","handle":"129634"}},{"type":"Feature","geometry":{"type":"LineString","coordinates":[[-60.715543,-31.62991119],[-60.71617152,-31.62993655],[-60.7163121,-31.62975662],[-60.71664336,-31.62976054],[-60.71685407,-31.62990961],[-60.71718573,-31.62996553],[-60.71756233,-31.63032747],[-60.7177434,-31.63040159]]},"properties":{"layer":"Subcuencas","entity_type":"LWPOLYLINE","handle":"129635"}},{"type":"Feature","geometry":{"type":"LineString","coordinates":[[-60.7177434,-31.63040159],[-60.7178922,-31.63041232],[-60.71815529,-31.63034149],[-60.71807227,-31.63009347],[-60.71813862,-31.62993128],[-60.71833969,-31.62981795]]},"properties":{"layer":"Subcuencas","entity_type":"LWPOLYLINE","handle":"129636"}},{"type":"Feature","geometry":{"type":"LineString","coordinates":[[-60.7177434,-31.63040159],[-60.71771804,-31.63062133],[-60.71769905,-31.63078903],[-60.71780089,-31.63084624],[-60.71838861,-31.63160921]]},"properties":{"layer":"Subcuencas","entity_type":"LWPOLYLINE","handle":"129637"}},{"type":"Feature","geometry":{"type":"LineString","coordinates":[[-60.71393779,-31.62999967],[-60.71469818,-31.63010155],[-60.71613967,-31.63031307],[-60.71691125,-31.63043587],[-60.71729036,-31.63050887],[-60.71790669,-31.63066144],[-60.71863381,-31.63090248],[-60.71927816,-31.63118202],[-60.71984162,-31.6314909],[-60.72137886,-31.63241389],[-60.7230643,-31.63342223],[-60.72447249,-31.63426087],[-60.72549119,-31.63486187],[-60.72662716,-31.63555077],[-60.7270458,-31.63579627]]},"properties":{"layer":"Subcuencas","entity_type":"LWPOLYLINE","handle":"129638"}},{"type":"Feature","geometry":{"type":"LineString","coordinates":[[-60.7201785,-31.62875221],[-60.71850441,-31.62779544]]},"properties":{"layer":"Subcuencas","entity_type":"LWPOLYLINE","handle":"129639"}},{"type":"Feature","geometry":{"type":"LineString","coordinates":[[-60.7170332,-31.62823518],[-60.71756252,-31.627601],[-60.7177162,-31.62761824],[-60.71802675,-31.62806912],[-60.71848735,-31.62806653],[-60.71881661,-31.62819593],[-60.71888714,-31.62841732],[-60.71871584,-31.62886186],[-60.71851542,-31.62896257],[-60.71845836,-31.62911678],[-60.71856045,-31.62931083],[-60.71825794,-31.62923289],[-60.71814177,-31.629569]]},"properties":{"layer":"Subcuencas","entity_type":"LWPOLYLINE","handle":"12963A"}},{"type":"Feature","geometry":{"type":"LineString","coordinates":[[-60.71856045,-31.62931083],[-60.72004815,-31.62974899],[-60.72067934,-31.6298948],[-60.72080905,-31.62955007],[-60.72102598,-31.62953074],[-60.72127363,-31.6296552]]},"properties":{"layer":"Subcuencas","entity_type":"LWPOLYLINE","handle":"12963B"}},{"type":"Feature","geometry":{"type":"LineString","coordinates":[[-60.71802675,-31.62806912],[-60.71802933,-31.62850802],[-60.71818381,-31.62862936],[-60.71818596,-31.62890997],[-60.71816008,-31.62898706],[-60.71792771,-31.62913501],[-60.71777443,-31.62944563]]},"properties":{"layer":"Subcuencas","entity_type":"LWPOLYLINE","handle":"12963C"}},{"type":"Feature","geometry":{"type":"LineString","coordinates":[[-60.7242683,-31.63441722],[-60.72442763,-31.63423416]]},"properties":{"layer":"Subcuencas","entity_type":"LWPOLYLINE","handle":"12963D"}},{"type":"Feature","geometry":{"type":"LineString","coordinates":[[-60.71884918,-31.63243851],[-60.71901192,-31.63241688],[-60.719695,-31.63290137],[-60.72042422,-31.63269488]]},"properties":{"layer":"Subcuencas","entity_type":"LWPOLYLINE","handle":"12963E"}},{"type":"Feature","geometry":{"type":"LineString","coordinates":[[-60.72037541,-31.63223703],[-60.72228888,-31.63338875],[-60.7227625,-31.63566523],[-60.72289126,-31.63622083],[-60.72209302,-31.63635044],[-60.72212805,-31.63651383],[-60.72242735,-31.63664204],[-60.72260058,-31.63671939],[-60.7226613,-31.63704592],[-60.72256237,-31.63715307],[-60.72259656,-31.63727368],[-60.72273055,-31.63740082],[-60.72282556,-31.63786217],[-60.72274954,-31.63790776]]},"properties":{"layer":"Subcuencas","entity_type":"LWPOLYLINE","handle":"12963F"}},{"type":"Feature","geometry":{"type":"LineString","coordinates":[[-60.72036831,-31.63217039],[-60.72026532,-31.63211065],[-60.72022235,-31.63187772],[-60.72030906,-31.63177604]]},"properties":{"layer":"Subcuencas","entity_type":"LWPOLYLINE","handle":"129640"}},{"type":"Feature","geometry":{"type":"LineString","coordinates":[[-60.71609387,-31.63097568],[-60.71689502,-31.63097448],[-60.7169713,-31.63087526],[-60.7168467,-31.63070142],[-60.71692333,-31.6304382]]},"properties":{"layer":"Subcuencas","entity_type":"LWPOLYLINE","handle":"129641"}},{"type":"Feature","geometry":{"type":"LineString","coordinates":[[-60.72319905,-31.63350248],[-60.72331576,-31.63332915],[-60.72385048,-31.63268652],[-60.72458013,-31.63187502],[-60.72471833,-31.63175735]]},"properties":{"layer":"Subcuencas","entity_type":"LWPOLYLINE","handle":"129642"}},{"type":"Feature","geometry":{"type":"LineString","coordinates":[[-60.72334663,-31.63132356],[-60.72308812,-31.63136525],[-60.72240282,-31.63098695],[-60.72223757,-31.63091748],[-60.72194657,-31.63132143]]},"properties":{"layer":"Subcuencas","entity_type":"LWPOLYLINE","handle":"129643"}},{"type":"Feature","geometry":{"type":"LineString","coordinates":[[-60.72335772,-31.63132504],[-60.72363118,-31.63129323],[-60.72385227,-31.63133392],[-60.723994,-31.63109416]]},"properties":{"layer":"Subcuencas","entity_type":"LWPOLYLINE","handle":"129644"}},{"type":"Feature","geometry":{"type":"LineString","coordinates":[[-60.71848389,-31.62806738],[-60.71857156,-31.62799638],[-60.71850441,-31.62779544]]},"properties":{"layer":"Subcuencas","entity_type":"LWPOLYLINE","handle":"129645"}},{"type":"Feature","geometry":{"type":"LineString","coordinates":[[-60.72043848,-31.63269575],[-60.72026715,-31.63210931]]},"properties":{"layer":"Subcuencas","entity_type":"LWPOLYLINE","handle":"129646"}},{"type":"Feature","geometry":{"type":"LineString","coordinates":[[-60.72345594,-31.63131362],[-60.72339722,-31.63106054],[-60.72316344,-31.63091161],[-60.72342169,-31.63066153]]},"properties":{"layer":"Subcuencas","entity_type":"LWPOLYLINE","handle":"129647"}},{"type":"Feature","geometry":{"type":"LineString","coordinates":[[-60.72706464,-31.63580172],[-60.72729196,-31.63593282],[-60.72780598,-31.63617433],[-60.72823624,-31.63636539],[-60.72866627,-31.63652589],[-60.72909629,-31.63668639],[-60.72947837,-31.63680643],[-60.73015678,-31.63699637],[-60.73082087,-31.63714441],[-60.7314373,-31.63725224],[-60.7322252,-31.637352]]},"properties":{"layer":"Subcuencas","entity_type":"LWPOLYLINE","handle":"129648"}},{"type":"Feature","geometry":{"type":"LineString","coordinates":[[-60.73506394,-31.64786745],[-60.73497979,-31.64759685],[-60.73686626,-31.64439702],[-60.73666309,-31.64298997],[-60.73776557,-31.64198809],[-60.73761185,-31.64150823],[-60.73474281,-31.63891272],[-60.73303461,-31.63855396],[-60.7322252,-31.637352]]},"properties":{"layer":"Subcuencas","entity_type":"LWPOLYLINE","handle":"129649"}},{"type":"Feature","geometry":{"type":"LineString","coordinates":[[-60.71784774,-31.64054224],[-60.71727435,-31.64020108],[-60.71722003,-31.6400277],[-60.71718372,-31.63989952],[-60.71661929,-31.64000086],[-60.71604214,-31.63959631],[-60.71573252,-31.6404192]]},"properties":{"layer":"Subcuencas","entity_type":"LWPOLYLINE","handle":"12964A"}},{"type":"Feature","geometry":{"type":"LineString","coordinates":[[-60.7225879,-31.63359858],[-60.72315378,-31.63414769],[-60.72314676,-31.63414773],[-60.72295451,-31.63470714],[-60.72299068,-31.63484501],[-60.7235329,-31.63505806],[-60.72309356,-31.63543876],[-60.72312262,-31.63556467],[-60.72362942,-31.6357359],[-60.72323215,-31.63611036],[-60.72326855,-31.63627825],[-60.72335377,-31.63640383],[-60.72350099,-31.63706997]]},"properties":{"layer":"Subcuencas","entity_type":"LWPOLYLINE","handle":"12964B"}},{"type":"Feature","geometry":{"type":"LineString","coordinates":[[-60.71607283,-31.63615562],[-60.71645009,-31.63567818]]},"properties":{"layer":"Subcuencas","entity_type":"LWPOLYLINE","handle":"12964C"}},{"type":"Feature","geometry":{"type":"LineString","coordinates":[[-60.71585278,-31.63552107],[-60.71645009,-31.63567818]]},"properties":{"layer":"Subcuencas","entity_type":"LWPOLYLINE","handle":"12964D"}},{"type":"Feature","geometry":{"type":"LineString","coordinates":[[-60.71998682,-31.6395881],[-60.72226481,-31.63914592],[-60.72277274,-31.63859177],[-60.72222388,-31.63842119],[-60.72216967,-31.63826291]]},"properties":{"layer":"Subcuencas","entity_type":"LWPOLYLINE","handle":"12964E"}},{"type":"Feature","geometry":{"type":"LineString","coordinates":[[-60.71607283,-31.63615562],[-60.71614389,-31.63645036],[-60.7174107,-31.63705037],[-60.71777315,-31.63699437],[-60.71781644,-31.63646795],[-60.71824059,-31.6363364]]},"properties":{"layer":"Subcuencas","entity_type":"LWPOLYLINE","handle":"129650"}},{"type":"Feature","geometry":{"type":"LineString","coordinates":[[-60.71808383,-31.63515347],[-60.71782248,-31.6351997],[-60.71763481,-31.63541662],[-60.71720688,-31.63516269],[-60.71690764,-31.63523183],[-60.71645009,-31.63567818]]},"properties":{"layer":"Subcuencas","entity_type":"LWPOLYLINE","handle":"129651"}},{"type":"Feature","geometry":{"type":"LineString","coordinates":[[-60.72362793,-31.63753543],[-60.72350099,-31.63706997]]},"properties":{"layer":"Subcuencas","entity_type":"LWPOLYLINE","handle":"129652"}},{"type":"Feature","geometry":{"type":"LineString","coordinates":[[-60.72273172,-31.63789605],[-60.72301004,-31.63755815],[-60.7226716,-31.6373871],[-60.72261385,-31.63718563],[-60.72274632,-31.63687739],[-60.72270011,-31.63671429],[-60.72236136,-31.6365048],[-60.72231501,-31.63632249],[-60.72289865,-31.6362327],[-60.72265347,-31.63504254],[-60.72258553,-31.63497565],[-60.72251573,-31.63466855],[-60.72256023,-31.63461064],[-60.72234565,-31.63354587]]},"properties":{"layer":"Subcuencas","entity_type":"LWPOLYLINE","handle":"129653"}},{"type":"Feature","geometry":{"type":"LineString","coordinates":[[-60.71884037,-31.64036126],[-60.71906354,-31.64065682],[-60.71926844,-31.64062868],[-60.719486,-31.64019573],[-60.7198356,-31.64051755],[-60.72016651,-31.64046172],[-60.72057308,-31.63998722],[-60.72001869,-31.63970702],[-60.71995371,-31.63946454],[-60.7204401,-31.63911102],[-60.71979168,-31.6389123],[-60.71970939,-31.63864968]]},"properties":{"layer":"Subcuencas","entity_type":"LWPOLYLINE","handle":"129654"}},{"type":"Feature","geometry":{"type":"LineString","coordinates":[[-60.71844346,-31.63798897],[-60.71816154,-31.63802774]]},"properties":{"layer":"Subcuencas","entity_type":"LWPOLYLINE","handle":"129655"}},{"type":"Feature","geometry":{"type":"LineString","coordinates":[[-60.71816154,-31.63802774],[-60.71813061,-31.63834152],[-60.71821188,-31.63865137],[-60.71853137,-31.63916225],[-60.71850417,-31.63972905],[-60.71858503,-31.63998493],[-60.71884037,-31.64036126],[-60.71865561,-31.64095593]]},"properties":{"layer":"Subcuencas","entity_type":"LWPOLYLINE","handle":"129656"}},{"type":"Feature","geometry":{"type":"LineString","coordinates":[[-60.71573252,-31.6404192],[-60.7153119,-31.64112312]]},"properties":{"layer":"Subcuencas","entity_type":"LWPOLYLINE","handle":"129657"}},{"type":"Feature","geometry":{"type":"LineString","coordinates":[[-60.7153119,-31.64112312],[-60.71508364,-31.64144652],[-60.71428695,-31.64160473],[-60.71396352,-31.64133927]]},"properties":{"layer":"Subcuencas","entity_type":"LWPOLYLINE","handle":"129659"}},{"type":"Feature","geometry":{"type":"LineString","coordinates":[[-60.71396352,-31.64133927],[-60.71258676,-31.64155219]]},"properties":{"layer":"Subcuencas","entity_type":"LWPOLYLINE","handle":"12965A"}},{"type":"Feature","geometry":{"type":"LineString","coordinates":[[-60.71583167,-31.643063],[-60.71633749,-31.64318158],[-60.71669987,-31.64311209],[-60.71699727,-31.64280011],[-60.71769305,-31.64299858],[-60.7177736,-31.64321399],[-60.71805718,-31.64315843],[-60.71794342,-31.64272734],[-60.71838344,-31.64249551],[-60.71814055,-31.64168738],[-60.71865561,-31.64095593],[-60.71784774,-31.64054224]]},"properties":{"layer":"Subcuencas","entity_type":"LWPOLYLINE","handle":"12965B"}},{"type":"Feature","geometry":{"type":"LineString","coordinates":[[-60.7280598,-31.64199463],[-60.72754154,-31.64170766],[-60.72748455,-31.64156463],[-60.72773173,-31.64101372]]},"properties":{"layer":"Subcuencas","entity_type":"LWPOLYLINE","handle":"12965C"}},{"type":"Feature","geometry":{"type":"LineString","coordinates":[[-60.727457,-31.64017909],[-60.72698624,-31.64000497],[-60.72695193,-31.63990482],[-60.72727342,-31.63956851],[-60.72679183,-31.63943746],[-60.72674024,-31.63927051],[-60.72704823,-31.63874976]]},"properties":{"layer":"Subcuencas","entity_type":"LWPOLYLINE","handle":"12965D"}},{"type":"Feature","geometry":{"type":"LineString","coordinates":[[-60.72773173,-31.64101372],[-60.727457,-31.64017909]]},"properties":{"layer":"Subcuencas","entity_type":"LWPOLYLINE","handle":"12965E"}},{"type":"Feature","geometry":{"type":"LineString","coordinates":[[-60.72704823,-31.63874976],[-60.72655802,-31.63840728],[-60.72649144,-31.63824018],[-60.72674985,-31.63788981]]},"properties":{"layer":"Subcuencas","entity_type":"LWPOLYLINE","handle":"12965F"}},{"type":"Feature","geometry":{"type":"LineString","coordinates":[[-60.72304368,-31.64044964],[-60.72212023,-31.64062471]]},"properties":{"layer":"Subcuencas","entity_type":"LWPOLYLINE","handle":"129660"}},{"type":"Feature","geometry":{"type":"LineString","coordinates":[[-60.71865561,-31.64095593],[-60.71906894,-31.64135835],[-60.72078641,-31.64105185],[-60.72091315,-31.64111859],[-60.72171655,-31.64095216],[-60.72212023,-31.64062471]]},"properties":{"layer":"Subcuencas","entity_type":"LWPOLYLINE","handle":"129661"}},{"type":"Feature","geometry":{"type":"LineString","coordinates":[[-60.72489144,-31.64081964],[-60.72536892,-31.64042033],[-60.72555861,-31.64038102],[-60.72617946,-31.64045394],[-60.727457,-31.64017909],[-60.72803534,-31.64003676],[-60.72835691,-31.63995319],[-60.72850131,-31.63991686]]},"properties":{"layer":"Subcuencas","entity_type":"LWPOLYLINE","handle":"129662"}},{"type":"Feature","geometry":{"type":"LineString","coordinates":[[-60.72394871,-31.63987368],[-60.72446465,-31.63926363],[-60.72704823,-31.63874976],[-60.72753496,-31.63864453],[-60.72786634,-31.63856826],[-60.72801002,-31.63853167]]},"properties":{"layer":"Subcuencas","entity_type":"LWPOLYLINE","handle":"129663"}},{"type":"Feature","geometry":{"type":"LineString","coordinates":[[-60.7134924,-31.64460064],[-60.71484716,-31.64430974],[-60.71468082,-31.64374874],[-60.71527992,-31.6435979],[-60.71583167,-31.643063]]},"properties":{"layer":"Subcuencas","entity_type":"LWPOLYLINE","handle":"129664"}},{"type":"Feature","geometry":{"type":"LineString","coordinates":[[-60.7231358,-31.6444003],[-60.72261605,-31.6440843],[-60.72250507,-31.64383625],[-60.72322501,-31.64291519],[-60.72351546,-31.64286692],[-60.7241899,-31.64311177],[-60.72451321,-31.64261258],[-60.72493053,-31.64251696],[-60.72556587,-31.6426795],[-60.72659758,-31.64246219],[-60.72674618,-31.64225796],[-60.72808912,-31.64198609],[-60.72869381,-31.64184921],[-60.72913064,-31.64174624]]},"properties":{"layer":"Subcuencas","entity_type":"LWPOLYLINE","handle":"129665"}},{"type":"Feature","geometry":{"type":"LineString","coordinates":[[-60.71863912,-31.64330946],[-60.71908211,-31.64277124],[-60.71924887,-31.64272744],[-60.71945733,-31.64303583],[-60.71948243,-31.6426785],[-60.7196659,-31.6426346],[-60.72012492,-31.64293205],[-60.72042212,-31.64246841],[-60.72061119,-31.64242924],[-60.72126485,-31.64268749],[-60.72175067,-31.64212752],[-60.72193414,-31.64208362],[-60.72253048,-31.64224754],[-60.72308705,-31.64248888],[-60.72345006,-31.64242021],[-60.72384934,-31.64200719],[-60.72451662,-31.64220747],[-60.72468952,-31.64216348],[-60.72513825,-31.64165921],[-60.72489144,-31.64081964]]},"properties":{"layer":"Subcuencas","entity_type":"LWPOLYLINE","handle":"129666"}},{"type":"Feature","geometry":{"type":"LineString","coordinates":[[-60.72489144,-31.64081964],[-60.72357168,-31.64109548],[-60.72275061,-31.64087219],[-60.72265291,-31.64052372]]},"properties":{"layer":"Subcuencas","entity_type":"LWPOLYLINE","handle":"129667"}},{"type":"Feature","geometry":{"type":"LineString","coordinates":[[-60.72304306,-31.64044975],[-60.72322859,-31.64060631],[-60.7234176,-31.64056476],[-60.72365238,-31.64032058],[-60.72401662,-31.64049391],[-60.7240952,-31.64045299],[-60.72337519,-31.63790375]]},"properties":{"layer":"Subcuencas","entity_type":"LWPOLYLINE","handle":"129668"}},{"type":"Feature","geometry":{"type":"LineString","coordinates":[[-60.72217087,-31.63826643],[-60.72238549,-31.63797999]]},"properties":{"layer":"Subcuencas","entity_type":"LWPOLYLINE","handle":"129669"}},{"type":"Feature","geometry":{"type":"LineString","coordinates":[[-60.71970939,-31.63864968],[-60.72050233,-31.63849361]]},"properties":{"layer":"Subcuencas","entity_type":"LWPOLYLINE","handle":"12966A"}},{"type":"Feature","geometry":{"type":"LineString","coordinates":[[-60.71871414,-31.63794679],[-60.71844346,-31.63798897]]},"properties":{"layer":"Subcuencas","entity_type":"LWPOLYLINE","handle":"12966B"}},{"type":"Feature","geometry":{"type":"LineString","coordinates":[[-60.71860597,-31.64616128],[-60.71825782,-31.64505177],[-60.71891834,-31.64433089],[-60.71863912,-31.64330946],[-60.71813239,-31.64317521]]},"properties":{"layer":"Subcuencas","entity_type":"LWPOLYLINE","handle":"12966C"}},{"type":"Feature","geometry":{"type":"LineString","coordinates":[[-60.7223743,-31.63359009],[-60.72238017,-31.63359807],[-60.7225879,-31.63359858],[-60.72278902,-31.63327927]]},"properties":{"layer":"Subcuencas","entity_type":"LWPOLYLINE","handle":"12966D"}},{"type":"Feature","geometry":{"type":"LineString","coordinates":[[-60.73858534,-31.63999645],[-60.73630271,-31.63958274],[-60.73502265,-31.6380118],[-60.73464219,-31.6376808],[-60.73462951,-31.63761841]]},"properties":{"layer":"Subcuencas","entity_type":"LWPOLYLINE","handle":"12966E"}},{"type":"Feature","geometry":{"type":"LineString","coordinates":[[-60.73503628,-31.63802853],[-60.73440252,-31.63820278],[-60.73416055,-31.63843324],[-60.73386721,-31.6383308],[-60.73367252,-31.63837357],[-60.7335643,-31.63856161],[-60.73328323,-31.63846952],[-60.73300347,-31.63854401],[-60.73284657,-31.63874274],[-60.73245515,-31.63856798],[-60.73114116,-31.63887746]]},"properties":{"layer":"Subcuencas","entity_type":"LWPOLYLINE","handle":"12966F"}},{"type":"Feature","geometry":{"type":"LineString","coordinates":[[-60.72945434,-31.63886628],[-60.72914954,-31.63885761],[-60.72907454,-31.63861856],[-60.72920772,-31.63850327],[-60.72902084,-31.63798374],[-60.72880096,-31.63792252],[-60.72870158,-31.63768362],[-60.72885824,-31.63745366],[-60.72861565,-31.6368161],[-60.72871731,-31.63661549]]},"properties":{"layer":"Subcuencas","entity_type":"LWPOLYLINE","handle":"129670"}},{"type":"Feature","geometry":{"type":"LineString","coordinates":[[-60.73178384,-31.63872609],[-60.731866,-31.6386298],[-60.73203228,-31.63840326],[-60.73168312,-31.63732946]]},"properties":{"layer":"Subcuencas","entity_type":"LWPOLYLINE","handle":"129671"}},{"type":"Feature","geometry":{"type":"LineString","coordinates":[[-60.73315462,-31.63850376],[-60.73278133,-31.6374293]]},"properties":{"layer":"Subcuencas","entity_type":"LWPOLYLINE","handle":"129672"}},{"type":"Feature","geometry":{"type":"LineString","coordinates":[[-60.73630271,-31.63958274],[-60.73640457,-31.64003471],[-60.735521,-31.64063452],[-60.73519635,-31.64056461],[-60.73485944,-31.64046402],[-60.73473715,-31.64017761],[-60.73444802,-31.64004598],[-60.73418451,-31.64011927],[-60.73407793,-31.64030445],[-60.73349097,-31.64046163],[-60.73362615,-31.64086075],[-60.73351892,-31.64096391],[-60.73318347,-31.64104786],[-60.7330151,-31.64100781],[-60.73291706,-31.64075203],[-60.73108366,-31.64122581],[-60.73044483,-31.64089109],[-60.72896855,-31.64127665]]},"properties":{"layer":"Subcuencas","entity_type":"LWPOLYLINE","handle":"129673"}},{"type":"Feature","geometry":{"type":"LineString","coordinates":[[-60.72976261,-31.64335589],[-60.72985127,-31.64328232],[-60.73002868,-31.64294293],[-60.73029389,-31.64308497],[-60.7307253,-31.64299021],[-60.73087935,-31.64273299],[-60.73219743,-31.64242808],[-60.73184852,-31.64232754],[-60.73177489,-31.64212289],[-60.73200115,-31.64191148],[-60.73165209,-31.64179044],[-60.7315294,-31.64145277],[-60.73166016,-31.64128796],[-60.73159188,-31.64109448]]},"properties":{"layer":"Subcuencas","entity_type":"LWPOLYLINE","handle":"129674"}},{"type":"Feature","geometry":{"type":"LineString","coordinates":[[-60.7348915,-31.64176258],[-60.73464268,-31.64198859],[-60.73423544,-31.64210372],[-60.73397039,-31.6419822],[-60.73344328,-31.64211853],[-60.73327193,-31.64169911],[-60.73330673,-31.64154511],[-60.73294558,-31.64141388],[-60.73284746,-31.64114785],[-60.7330151,-31.64100781]]},"properties":{"layer":"Subcuencas","entity_type":"LWPOLYLINE","handle":"129675"}},{"type":"Feature","geometry":{"type":"LineString","coordinates":[[-60.73291706,-31.64075203],[-60.73285496,-31.64057359],[-60.73259008,-31.64047258],[-60.73249197,-31.64023138],[-60.73262208,-31.63998454],[-60.7324749,-31.63958549],[-60.73225812,-31.63949445],[-60.73216024,-31.63925917],[-60.73227819,-31.6389919],[-60.73222937,-31.63888964],[-60.73178384,-31.63872609]]},"properties":{"layer":"Subcuencas","entity_type":"LWPOLYLINE","handle":"129676"}},{"type":"Feature","geometry":{"type":"LineString","coordinates":[[-60.72945434,-31.63886628],[-60.72952917,-31.63908451],[-60.72916612,-31.63941976],[-60.72839205,-31.6396166]]},"properties":{"layer":"Subcuencas","entity_type":"LWPOLYLINE","handle":"129677"}},{"type":"Feature","geometry":{"type":"LineString","coordinates":[[-60.73114116,-31.63887746],[-60.72916612,-31.63941976]]},"properties":{"layer":"Subcuencas","entity_type":"LWPOLYLINE","handle":"129678"}},{"type":"Feature","geometry":{"type":"LineString","coordinates":[[-60.72863574,-31.63955463],[-60.72882184,-31.63928583],[-60.72840486,-31.63815004],[-60.728176,-31.63804881],[-60.72811339,-31.63788879],[-60.72819614,-31.63772426],[-60.7278279,-31.63668047],[-60.72752527,-31.63635408],[-60.72762854,-31.63616486]]},"properties":{"layer":"Subcuencas","entity_type":"LWPOLYLINE","handle":"129679"}},{"type":"Feature","geometry":{"type":"LineString","coordinates":[[-60.73577764,-31.64101221],[-60.73571526,-31.64086224],[-60.73547677,-31.64076171]]},"properties":{"layer":"Subcuencas","entity_type":"LWPOLYLINE","handle":"12967A"}},{"type":"Feature","geometry":{"type":"LineString","coordinates":[[-60.73200115,-31.64191148],[-60.73260076,-31.64176842],[-60.73280571,-31.64188003],[-60.73308123,-31.64180667],[-60.73327407,-31.64168964]]},"properties":{"layer":"Subcuencas","entity_type":"LWPOLYLINE","handle":"12967B"}},{"type":"Feature","geometry":{"type":"LineString","coordinates":[[-60.72976573,-31.64106845],[-60.73003132,-31.64071015],[-60.72993313,-31.64043386],[-60.73122717,-31.64012909]]},"properties":{"layer":"Subcuencas","entity_type":"LWPOLYLINE","handle":"12967C"}},{"type":"Feature","geometry":{"type":"LineString","coordinates":[[-60.73122717,-31.64012909],[-60.73131312,-31.64037469],[-60.73118261,-31.64057026],[-60.7312808,-31.64084655],[-60.73150457,-31.64090278],[-60.73159454,-31.64110202]]},"properties":{"layer":"Subcuencas","entity_type":"LWPOLYLINE","handle":"12967D"}},{"type":"Feature","geometry":{"type":"LineString","coordinates":[[-60.73122717,-31.64012909],[-60.73114759,-31.63989957],[-60.73092256,-31.63983446],[-60.73084282,-31.63957674],[-60.73097108,-31.63941372],[-60.73087402,-31.63914872],[-60.73067518,-31.63912035],[-60.73049266,-31.639059],[-60.73056105,-31.63897009],[-60.73075828,-31.63879193],[-60.73067002,-31.63854901],[-60.73045374,-31.63849861],[-60.73037429,-31.63827776],[-60.73051959,-31.63808514],[-60.73029041,-31.63748895],[-60.73006509,-31.63738697],[-60.7299763,-31.63699067]]},"properties":{"layer":"Subcuencas","entity_type":"LWPOLYLINE","handle":"12967E"}},{"type":"Feature","geometry":{"type":"LineString","coordinates":[[-60.73407793,-31.64030445],[-60.73390702,-31.64015777],[-60.7337969,-31.63989181],[-60.73393949,-31.63970642],[-60.73377999,-31.63926644],[-60.73352736,-31.63919611],[-60.73344108,-31.63890951],[-60.73360792,-31.63875475],[-60.7335643,-31.63856161]]},"properties":{"layer":"Subcuencas","entity_type":"LWPOLYLINE","handle":"12967F"}},{"type":"Feature","geometry":{"type":"LineString","coordinates":[[-60.73386061,-31.63948885],[-60.73582178,-31.63899253]]},"properties":{"layer":"Subcuencas","entity_type":"LWPOLYLINE","handle":"129680"}},{"type":"Feature","geometry":{"type":"LineString","coordinates":[[-60.73462951,-31.63761841],[-60.73460899,-31.63740269]]},"properties":{"layer":"Subcuencas","entity_type":"LWPOLYLINE","handle":"129681"}},{"type":"Feature","geometry":{"type":"LineString","coordinates":[[-60.68614659,-31.64049283],[-60.68590873,-31.64053295],[-60.68565829,-31.6409027]]},"properties":{"layer":"Subcuencas","entity_type":"LWPOLYLINE","handle":"129682"}},{"type":"Feature","geometry":{"type":"LineString","coordinates":[[-60.68498043,-31.63656119],[-60.68488338,-31.63658837],[-60.6848559,-31.63667662],[-60.68454043,-31.63712681],[-60.68412639,-31.6369208],[-60.6836864,-31.63701125],[-60.68345448,-31.63734887],[-60.68304987,-31.63715081],[-60.68270346,-31.63721673],[-60.68259253,-31.63743357],[-60.68215283,-31.63756406],[-60.68202913,-31.63731644],[-60.68159323,-31.63743857]]},"properties":{"layer":"Subcuencas","entity_type":"LWPOLYLINE","handle":"129683"}},{"type":"Feature","geometry":{"type":"LineString","coordinates":[[-60.68524392,-31.63747589],[-60.68424447,-31.63768101],[-60.68415089,-31.63770554],[-60.68407659,-31.63780204],[-60.68375197,-31.63828431],[-60.68328144,-31.63804657],[-60.6829632,-31.63812035],[-60.68291744,-31.63827276],[-60.68294627,-31.63836871],[-60.68252531,-31.63849911],[-60.68221491,-31.6386617]]},"properties":{"layer":"Subcuencas","entity_type":"LWPOLYLINE","handle":"129684"}},{"type":"Feature","geometry":{"type":"LineString","coordinates":[[-60.6846239,-31.63532702],[-60.68436829,-31.63538506],[-60.68410438,-31.63519426],[-60.68379541,-31.63525197],[-60.6836747,-31.6354128],[-60.68321603,-31.63551136],[-60.68302764,-31.63539223],[-60.68278418,-31.63543358],[-60.68249221,-31.63525094],[-60.68215517,-31.63531681],[-60.68198835,-31.63558199],[-60.68173557,-31.6356314],[-60.68168957,-31.63575178],[-60.68131532,-31.63585789],[-60.68142952,-31.63608954],[-60.6809565,-31.63618195]]},"properties":{"layer":"Subcuencas","entity_type":"LWPOLYLINE","handle":"129685"}},{"type":"Feature","geometry":{"type":"LineString","coordinates":[[-60.68416926,-31.63379412],[-60.68155612,-31.63436304],[-60.68087273,-31.63450284],[-60.68064825,-31.63457612],[-60.68084793,-31.63495948],[-60.68040692,-31.6350973]]},"properties":{"layer":"Subcuencas","entity_type":"LWPOLYLINE","handle":"129686"}},{"type":"Feature","geometry":{"type":"LineString","coordinates":[[-60.68392993,-31.63299159],[-60.68176357,-31.63345856],[-60.68165084,-31.63342713],[-60.68128335,-31.6331728],[-60.68025315,-31.63332246],[-60.67958492,-31.63347494]]},"properties":{"layer":"Subcuencas","entity_type":"LWPOLYLINE","handle":"129687"}},{"type":"Feature","geometry":{"type":"LineString","coordinates":[[-60.68128335,-31.6331728],[-60.68138437,-31.63288394],[-60.68130727,-31.63259604],[-60.68082682,-31.63227824],[-60.68028372,-31.63236923],[-60.67986033,-31.63216326],[-60.67902407,-31.63236798]]},"properties":{"layer":"Subcuencas","entity_type":"LWPOLYLINE","handle":"129688"}},{"type":"Feature","geometry":{"type":"LineString","coordinates":[[-60.68082682,-31.63227824],[-60.68351279,-31.63172939]]},"properties":{"layer":"Subcuencas","entity_type":"LWPOLYLINE","handle":"129689"}},{"type":"Feature","geometry":{"type":"LineString","coordinates":[[-60.6783443,-31.63099923],[-60.6790647,-31.63080103],[-60.67927412,-31.63057307],[-60.67961555,-31.63071085],[-60.68007794,-31.63062696],[-60.68025986,-31.63036425],[-60.68056734,-31.63051384],[-60.68065611,-31.63054826],[-60.68107083,-31.63046462],[-60.68133564,-31.63008456],[-60.68173188,-31.63026857],[-60.68218741,-31.63017889],[-60.68240303,-31.62986946],[-60.68278566,-31.63005355],[-60.68297012,-31.63013981]]},"properties":{"layer":"Subcuencas","entity_type":"LWPOLYLINE","handle":"12968A"}},{"type":"Feature","geometry":{"type":"LineString","coordinates":[[-60.67856579,-31.62969304],[-60.67865323,-31.6295413],[-60.67877935,-31.629492],[-60.6789054,-31.6294319]]},"properties":{"layer":"Subcuencas","entity_type":"LWPOLYLINE","handle":"12968B"}},{"type":"Feature","geometry":{"type":"LineString","coordinates":[[-60.68577478,-31.63927009],[-60.68567232,-31.63949989],[-60.68536209,-31.63997251]]},"properties":{"layer":"Subcuencas","entity_type":"LWPOLYLINE","handle":"12968D"}},{"type":"Feature","geometry":{"type":"LineString","coordinates":[[-60.68565829,-31.6409027],[-60.68466072,-31.64108803]]},"properties":{"layer":"Subcuencas","entity_type":"LWPOLYLINE","handle":"12968E"}},{"type":"Feature","geometry":{"type":"LineString","coordinates":[[-60.68245726,-31.63906056],[-60.68273537,-31.6388946],[-60.68289063,-31.63905222],[-60.68296455,-31.63912358],[-60.68311177,-31.6392654],[-60.68328105,-31.6394021],[-60.68347366,-31.6395576],[-60.68374727,-31.63968838],[-60.68382414,-31.63972408],[-60.68392625,-31.63962751],[-60.68377749,-31.63959197],[-60.68354318,-31.63947742],[-60.68339686,-31.63935923],[-60.68341459,-31.63936268]]},"properties":{"layer":"Subcuencas","entity_type":"LWPOLYLINE","handle":"129691"}},{"type":"Feature","geometry":{"type":"LineString","coordinates":[[-60.68411377,-31.63967301],[-60.68398086,-31.63964191],[-60.68393611,-31.63977284],[-60.68408329,-31.63976885],[-60.68416309,-31.6397823]]},"properties":{"layer":"Subcuencas","entity_type":"LWPOLYLINE","handle":"129692"}},{"type":"Feature","geometry":{"type":"LineString","coordinates":[[-60.68461298,-31.64007232],[-60.68461658,-31.64017125],[-60.68462314,-31.64035145],[-60.68464622,-31.64059714]]},"properties":{"layer":"Subcuencas","entity_type":"LWPOLYLINE","handle":"129693"}},{"type":"Feature","geometry":{"type":"LineString","coordinates":[[-60.6846349,-31.64087051],[-60.68458065,-31.64098887],[-60.68443637,-31.64113556],[-60.68434261,-31.64119314],[-60.68426546,-31.64122691]]},"properties":{"layer":"Subcuencas","entity_type":"LWPOLYLINE","handle":"129694"}},{"type":"Feature","geometry":{"type":"LineString","coordinates":[[-60.68426546,-31.64122691],[-60.68415533,-31.64114907],[-60.68426345,-31.64111452],[-60.68437022,-31.64104975],[-60.68446647,-31.64095254],[-60.68452183,-31.64084758],[-60.68454085,-31.6407664]]},"properties":{"layer":"Subcuencas","entity_type":"LWPOLYLINE","handle":"129695"}},{"type":"Feature","geometry":{"type":"LineString","coordinates":[[-60.68333729,-31.63109987],[-60.68305954,-31.63011784],[-60.68231398,-31.62731378]]},"properties":{"layer":"Subcuencas","entity_type":"LWPOLYLINE","handle":"129696"}},{"type":"Feature","geometry":{"type":"LineString","coordinates":[[-60.68231398,-31.62731378],[-60.68223842,-31.62705115],[-60.68223088,-31.62695219],[-60.68218185,-31.62677192],[-60.68212544,-31.62651598],[-60.68206926,-31.626226]]},"properties":{"layer":"Subcuencas","entity_type":"LWPOLYLINE","handle":"129697"}},{"type":"Feature","geometry":{"type":"LineString","coordinates":[[-60.67836,-31.62961509],[-60.67822482,-31.62920582],[-60.67820928,-31.62893859],[-60.67825563,-31.62863701]]},"properties":{"layer":"Subcuencas","entity_type":"LWPOLYLINE","handle":"129698"}},{"type":"Feature","geometry":{"type":"LineString","coordinates":[[-60.67927412,-31.63057307],[-60.67950756,-31.63017451],[-60.67941925,-31.62985364],[-60.68014715,-31.62945498],[-60.68042764,-31.62960038],[-60.68079256,-31.62953417],[-60.68103699,-31.62915644],[-60.68271817,-31.62883398]]},"properties":{"layer":"Subcuencas","entity_type":"LWPOLYLINE","handle":"129699"}},{"type":"Feature","geometry":{"type":"LineString","coordinates":[[-60.6789054,-31.6294319],[-60.67902636,-31.6293539],[-60.67922187,-31.62947504]]},"properties":{"layer":"Subcuencas","entity_type":"LWPOLYLINE","handle":"12969A"}},{"type":"Feature","geometry":{"type":"LineString","coordinates":[[-60.67922187,-31.62947504],[-60.67956763,-31.62917985],[-60.68016495,-31.62870122],[-60.68105525,-31.6282679],[-60.68119139,-31.62785656],[-60.6813553,-31.62767008],[-60.68150739,-31.6277125],[-60.68195568,-31.62761285],[-60.6821056,-31.62735812],[-60.68231398,-31.62731378]]},"properties":{"layer":"Subcuencas","entity_type":"LWPOLYLINE","handle":"12969B"}},{"type":"Feature","geometry":{"type":"LineString","coordinates":[[-60.67836,-31.62961509],[-60.67847251,-31.62969218],[-60.67858317,-31.62968833]]},"properties":{"layer":"Subcuencas","entity_type":"LWPOLYLINE","handle":"12969C"}},{"type":"Feature","geometry":{"type":"LineString","coordinates":[[-60.68422053,-31.63091607],[-60.68392636,-31.63021528],[-60.68380185,-31.62980083],[-60.68379929,-31.62945059],[-60.68385785,-31.62915191],[-60.68399185,-31.62878797],[-60.68432258,-31.62833216],[-60.68471527,-31.62804466],[-60.68519965,-31.62783451],[-60.68563922,-31.62772837],[-60.68620103,-31.62772535],[-60.68654966,-31.62775428]]},"properties":{"layer":"Subcuencas","entity_type":"LWPOLYLINE","handle":"12969D"}},{"type":"Feature","geometry":{"type":"LineString","coordinates":[[-60.67996105,-31.62886461],[-60.67914508,-31.62814623]]},"properties":{"layer":"Subcuencas","entity_type":"LWPOLYLINE","handle":"12969E"}},{"type":"Feature","geometry":{"type":"LineString","coordinates":[[-60.68699295,-31.64319291],[-60.68739798,-31.64345304],[-60.68797942,-31.64383355],[-60.68830917,-31.64404572],[-60.68849129,-31.64414803],[-60.68873179,-31.64396966]]},"properties":{"layer":"Subcuencas","entity_type":"LWPOLYLINE","handle":"12969F"}},{"type":"Feature","geometry":{"type":"LineString","coordinates":[[-60.68873179,-31.64396966],[-60.68995801,-31.64394829],[-60.69064413,-31.64446839],[-60.69109571,-31.64457007]]},"properties":{"layer":"Subcuencas","entity_type":"LWPOLYLINE","handle":"1296A0"}},{"type":"Feature","geometry":{"type":"LineString","coordinates":[[-60.68995801,-31.64394829],[-60.69028318,-31.64354076],[-60.69013288,-31.6430694],[-60.68931827,-31.64269017],[-60.68899917,-31.64275091],[-60.68891102,-31.64250792]]},"properties":{"layer":"Subcuencas","entity_type":"LWPOLYLINE","handle":"1296A1"}},{"type":"Feature","geometry":{"type":"LineString","coordinates":[[-60.68891102,-31.64250792],[-60.68844268,-31.64224052],[-60.68862219,-31.64198871],[-60.68846294,-31.64147313],[-60.68751815,-31.64100605]]},"properties":{"layer":"Subcuencas","entity_type":"LWPOLYLINE","handle":"1296A2"}},{"type":"Feature","geometry":{"type":"LineString","coordinates":[[-60.68751815,-31.64100605],[-60.68724612,-31.64002045]]},"properties":{"layer":"Subcuencas","entity_type":"LWPOLYLINE","handle":"1296A3"}},{"type":"Feature","geometry":{"type":"LineString","coordinates":[[-60.6883151,-31.6397976],[-60.68858031,-31.64075918],[-60.68869301,-31.64081759],[-60.68924772,-31.64108757],[-60.68950488,-31.64199725],[-60.68996422,-31.6422161],[-60.69004431,-31.64253652],[-60.68977597,-31.64290324]]},"properties":{"layer":"Subcuencas","entity_type":"LWPOLYLINE","handle":"1296A4"}},{"type":"Feature","geometry":{"type":"LineString","coordinates":[[-60.6932705,-31.64120488],[-60.69159294,-31.64155233],[-60.69117678,-31.64133325],[-60.6908232,-31.64140157],[-60.69061014,-31.64178636],[-60.69014178,-31.64151592],[-60.68977962,-31.64159165],[-60.68950488,-31.64199725]]},"properties":{"layer":"Subcuencas","entity_type":"LWPOLYLINE","handle":"1296A5"}},{"type":"Feature","geometry":{"type":"LineString","coordinates":[[-60.69077859,-31.64148213],[-60.69065617,-31.64100408],[-60.68978077,-31.64057729],[-60.68965085,-31.64052635],[-60.68858031,-31.64075918]]},"properties":{"layer":"Subcuencas","entity_type":"LWPOLYLINE","handle":"1296A6"}},{"type":"Feature","geometry":{"type":"LineString","coordinates":[[-60.6928522,-31.64370583],[-60.69314005,-31.64467328],[-60.69345643,-31.64483544],[-60.69366389,-31.64509185],[-60.69417124,-31.64513591],[-60.69429526,-31.64522889]]},"properties":{"layer":"Subcuencas","entity_type":"LWPOLYLINE","handle":"1296A7"}},{"type":"Feature","geometry":{"type":"LineString","coordinates":[[-60.69511596,-31.64502542],[-60.69508994,-31.64489483],[-60.69521411,-31.6446197],[-60.69491266,-31.64419987],[-60.69492441,-31.64400441]]},"properties":{"layer":"Subcuencas","entity_type":"LWPOLYLINE","handle":"1296A8"}},{"type":"Feature","geometry":{"type":"LineString","coordinates":[[-60.69617379,-31.64538254],[-60.69583749,-31.645126],[-60.69573167,-31.64478351],[-60.69607129,-31.64416415],[-60.69636917,-31.64410371],[-60.6967128,-31.64402342],[-60.69678083,-31.64391523],[-60.69702127,-31.64384531],[-60.69733201,-31.64397103],[-60.69739099,-31.64418635],[-60.69719718,-31.64435404],[-60.69754264,-31.64451878],[-60.69765782,-31.64457697],[-60.698,-31.64583953],[-60.69789766,-31.64628999]]},"properties":{"layer":"Subcuencas","entity_type":"LWPOLYLINE","handle":"1296A9"}},{"type":"Feature","geometry":{"type":"LineString","coordinates":[[-60.69665314,-31.64586041],[-60.69793955,-31.64610561]]},"properties":{"layer":"Subcuencas","entity_type":"LWPOLYLINE","handle":"1296AA"}},{"type":"Feature","geometry":{"type":"LineString","coordinates":[[-60.6996442,-31.64605556],[-60.69929902,-31.64585394],[-60.69893244,-31.64593436],[-60.69880549,-31.64583704],[-60.69825423,-31.64577144],[-60.6981514,-31.64583082],[-60.698,-31.64583953]]},"properties":{"layer":"Subcuencas","entity_type":"LWPOLYLINE","handle":"1296AB"}},{"type":"Feature","geometry":{"type":"LineString","coordinates":[[-60.69780646,-31.64512542],[-60.69785845,-31.64501599],[-60.6980633,-31.64478943],[-60.69791048,-31.64430017],[-60.69829619,-31.64370996],[-60.6981669,-31.64329899],[-60.69860209,-31.64318879],[-60.6991351,-31.64234983],[-60.69921468,-31.64225138],[-60.69944254,-31.64219924]]},"properties":{"layer":"Subcuencas","entity_type":"LWPOLYLINE","handle":"1296AC"}},{"type":"Feature","geometry":{"type":"LineString","coordinates":[[-60.69833102,-31.64325743],[-60.69809152,-31.64242416],[-60.69787338,-31.64240575],[-60.69711327,-31.64202763],[-60.69665506,-31.64212815],[-60.69647368,-31.64242319],[-60.69578293,-31.6421133],[-60.69601853,-31.64293537],[-60.69616849,-31.64304237],[-60.69694008,-31.64342043],[-60.69702127,-31.64384531]]},"properties":{"layer":"Subcuencas","entity_type":"LWPOLYLINE","handle":"1296AD"}},{"type":"Feature","geometry":{"type":"LineString","coordinates":[[-60.69578293,-31.6421133],[-60.6951086,-31.63984603],[-60.69458156,-31.63994692],[-60.69434339,-31.64032068],[-60.69419603,-31.64035339]]},"properties":{"layer":"Subcuencas","entity_type":"LWPOLYLINE","handle":"1296AE"}},{"type":"Feature","geometry":{"type":"LineString","coordinates":[[-60.69340182,-31.64165566],[-60.69350462,-31.6417073],[-60.69400009,-31.64198886],[-60.69430711,-31.64161472],[-60.69422287,-31.64132469]]},"properties":{"layer":"Subcuencas","entity_type":"LWPOLYLINE","handle":"1296AF"}},{"type":"Feature","geometry":{"type":"LineString","coordinates":[[-60.69711327,-31.64202763],[-60.6970155,-31.64168818],[-60.69751499,-31.64096992],[-60.69789303,-31.64088944],[-60.6982729,-31.64105399],[-60.69852326,-31.64077817],[-60.69877867,-31.64071796],[-60.69870822,-31.64050271],[-60.69906331,-31.64042235],[-60.69930268,-31.64065993]]},"properties":{"layer":"Subcuencas","entity_type":"LWPOLYLINE","handle":"1296B0"}},{"type":"Feature","geometry":{"type":"LineString","coordinates":[[-60.6972787,-31.64130971],[-60.69680774,-31.64106199],[-60.69670222,-31.64075871],[-60.69699804,-31.64042384],[-60.69645667,-31.64014254],[-60.69630701,-31.64007474],[-60.69604781,-31.63916459]]},"properties":{"layer":"Subcuencas","entity_type":"LWPOLYLINE","handle":"1296B1"}},{"type":"Feature","geometry":{"type":"LineString","coordinates":[[-60.69396658,-31.63959429],[-60.69604781,-31.63916459],[-60.69710072,-31.63893659]]},"properties":{"layer":"Subcuencas","entity_type":"LWPOLYLINE","handle":"1296B2"}},{"type":"Feature","geometry":{"type":"LineString","coordinates":[[-60.69945516,-31.63912252],[-60.69973022,-31.63908181],[-60.70020436,-31.63927132]]},"properties":{"layer":"Subcuencas","entity_type":"LWPOLYLINE","handle":"1296B3"}},{"type":"Feature","geometry":{"type":"MultiLineString","coordinates":[[[-60.69429478,-31.63900301],[-60.69446383,-31.63908116],[-60.69487628,-31.6390005],[-60.69471165,-31.63846229],[-60.69477988,-31.63838063],[-60.69510881,-31.63786914],[-60.69722817,-31.63743611]],[[-60.69722817,-31.63743611],[-60.69742087,-31.6371214],[-60.69791354,-31.63703049],[-60.69827067,-31.63722457],[-60.6983615,-31.63709665],[-60.69924366,-31.63692519],[-60.6995079,-31.63666601],[-60.69928486,-31.63599091],[-60.69853701,-31.63571075],[-60.69825063,-31.63577113],[-60.69798946,-31.63613523],[-60.69778229,-31.63604814],[-60.69709481,-31.63616952],[-60.69657181,-31.63680949],[-60.69664291,-31.63711296],[-60.69722817,-31.63743611]]]},"properties":{"layer":"Subcuencas","entity_type":"LWPOLYLINE","handle":"1296B4"}},{"type":"Feature","geometry":{"type":"LineString","coordinates":[[-60.6994013,-31.63634336],[-60.70080102,-31.63603898]]},"properties":{"layer":"Subcuencas","entity_type":"LWPOLYLINE","handle":"1296B5"}},{"type":"Feature","geometry":{"type":"LineString","coordinates":[[-60.69768769,-31.63707216],[-60.69789858,-31.63779223],[-60.69801382,-31.63786021],[-60.69853208,-31.63812202],[-60.69825944,-31.63848618],[-60.69834217,-31.63880919],[-60.69876824,-31.63901654],[-60.69905302,-31.63874053],[-60.69944252,-31.63865998],[-60.70012973,-31.63849939],[-60.70020886,-31.63834212],[-60.70026542,-31.63823399],[-60.70033617,-31.63848845],[-60.70048333,-31.63849388]]},"properties":{"layer":"Subcuencas","entity_type":"LWPOLYLINE","handle":"1296B6"}},{"type":"Feature","geometry":{"type":"LineString","coordinates":[[-60.69710072,-31.63893659],[-60.69738614,-31.63984745],[-60.69750124,-31.63989583],[-60.69860695,-31.64046213],[-60.69870822,-31.64050271]]},"properties":{"layer":"Subcuencas","entity_type":"LWPOLYLINE","handle":"1296B7"}},{"type":"Feature","geometry":{"type":"LineString","coordinates":[[-60.69396658,-31.63959429],[-60.69177694,-31.64005361]]},"properties":{"layer":"Subcuencas","entity_type":"LWPOLYLINE","handle":"1296B8"}},{"type":"Feature","geometry":{"type":"LineString","coordinates":[[-60.6928466,-31.63982923],[-60.69292628,-31.63974289],[-60.69346576,-31.63895648],[-60.69353938,-31.63885726],[-60.69344641,-31.63857544],[-60.69294895,-31.63834313],[-60.69271166,-31.63865499],[-60.6922662,-31.63874917],[-60.69194278,-31.63858858],[-60.69087015,-31.63878496],[-60.69062453,-31.6390898],[-60.69014194,-31.63919123],[-60.68979343,-31.63898842],[-60.68955623,-31.63931438],[-60.68960704,-31.63952825]]},"properties":{"layer":"Subcuencas","entity_type":"LWPOLYLINE","handle":"1296B9"}},{"type":"Feature","geometry":{"type":"LineString","coordinates":[[-60.69087015,-31.63878496],[-60.69031382,-31.63850051],[-60.69021711,-31.63818147],[-60.69078141,-31.63739854],[-60.69123518,-31.63731139],[-60.69160847,-31.63751406],[-60.6918785,-31.63715968],[-60.69224976,-31.63708708],[-60.69268352,-31.63731059],[-60.6928043,-31.63703299]]},"properties":{"layer":"Subcuencas","entity_type":"LWPOLYLINE","handle":"1296BA"}},{"type":"Feature","geometry":{"type":"LineString","coordinates":[[-60.69123518,-31.63731139],[-60.69113611,-31.63698724],[-60.69136481,-31.63662962],[-60.69080903,-31.63632912],[-60.69066001,-31.63628758],[-60.69060296,-31.63639376],[-60.69030892,-31.63685414],[-60.68810562,-31.63729452],[-60.6878178,-31.63718709],[-60.68695797,-31.63735519],[-60.68708877,-31.63775445]]},"properties":{"layer":"Subcuencas","entity_type":"LWPOLYLINE","handle":"1296BB"}},{"type":"Feature","geometry":{"type":"LineString","coordinates":[[-60.68720548,-31.6381534],[-60.6875693,-31.63808752],[-60.68774319,-31.63788224],[-60.68880982,-31.63764491],[-60.68895373,-31.63769862],[-60.68941775,-31.63791408],[-60.68975029,-31.63759896],[-60.69010058,-31.63752896],[-60.69054637,-31.63772465]]},"properties":{"layer":"Subcuencas","entity_type":"LWPOLYLINE","handle":"1296BC"}},{"type":"Feature","geometry":{"type":"LineString","coordinates":[[-60.6861293,-31.63621863],[-60.68722337,-31.63603506],[-60.68829532,-31.635829],[-60.68841909,-31.63588104],[-60.68893916,-31.63613122],[-60.689999,-31.63595684]]},"properties":{"layer":"Subcuencas","entity_type":"LWPOLYLINE","handle":"1296BD"}},{"type":"Feature","geometry":{"type":"LineString","coordinates":[[-60.69066001,-31.63628758],[-60.69281742,-31.63582562],[-60.69291651,-31.63587779],[-60.69342135,-31.63615061]]},"properties":{"layer":"Subcuencas","entity_type":"LWPOLYLINE","handle":"1296BE"}},{"type":"Feature","geometry":{"type":"LineString","coordinates":[[-60.69281742,-31.63582562],[-60.69318334,-31.63525441],[-60.69426753,-31.63503769],[-60.69452412,-31.63469898],[-60.69471016,-31.63466221],[-60.69444613,-31.63370092]]},"properties":{"layer":"Subcuencas","entity_type":"LWPOLYLINE","handle":"1296BF"}},{"type":"Feature","geometry":{"type":"LineString","coordinates":[[-60.69281283,-31.63580592],[-60.69254046,-31.63491645],[-60.69265057,-31.63478936],[-60.69296776,-31.63430274],[-60.69253453,-31.63411535],[-60.69216486,-31.6341806],[-60.69168898,-31.63489998],[-60.69117164,-31.63501874],[-60.69039099,-31.63456969],[-60.69031478,-31.63427495],[-60.69053399,-31.63388374],[-60.69161816,-31.63366704]]},"properties":{"layer":"Subcuencas","entity_type":"LWPOLYLINE","handle":"1296C0"}},{"type":"Feature","geometry":{"type":"LineString","coordinates":[[-60.68596514,-31.63004358],[-60.6881284,-31.62958144],[-60.68852475,-31.62979013],[-60.68899287,-31.62969273],[-60.68942001,-31.62905796],[-60.6893061,-31.62866855],[-60.68936218,-31.62844324]]},"properties":{"layer":"Subcuencas","entity_type":"LWPOLYLINE","handle":"1296C1"}},{"type":"Feature","geometry":{"type":"LineString","coordinates":[[-60.68620444,-31.63095585],[-60.68732242,-31.63071369],[-60.68773111,-31.63092232],[-60.688224,-31.63083533],[-60.68838182,-31.63048662],[-60.68840603,-31.63042324],[-60.6885052,-31.63048596],[-60.68933072,-31.63033392],[-60.68945386,-31.63030164],[-60.68956389,-31.63016401],[-60.68909405,-31.63002951],[-60.68899287,-31.62969273]]},"properties":{"layer":"Subcuencas","entity_type":"LWPOLYLINE","handle":"1296C2"}},{"type":"Feature","geometry":{"type":"LineString","coordinates":[[-60.68945386,-31.63030164],[-60.68920968,-31.63065081],[-60.68931086,-31.63098759],[-60.68979366,-31.63120634],[-60.69190419,-31.63074043]]},"properties":{"layer":"Subcuencas","entity_type":"LWPOLYLINE","handle":"1296C3"}},{"type":"Feature","geometry":{"type":"LineString","coordinates":[[-60.68979366,-31.63120634],[-60.68946329,-31.63158017],[-60.6895516,-31.63184322],[-60.68999731,-31.63205164],[-60.69026602,-31.63168125],[-60.69058625,-31.63160573],[-60.69105711,-31.63187725],[-60.69210409,-31.63163967],[-60.69248799,-31.63105045]]},"properties":{"layer":"Subcuencas","entity_type":"LWPOLYLINE","handle":"1296C4"}},{"type":"Feature","geometry":{"type":"LineString","coordinates":[[-60.68999731,-31.63205164],[-60.68972899,-31.63247474],[-60.68983014,-31.6328051],[-60.69075874,-31.63324281],[-60.69107891,-31.63315675],[-60.69131005,-31.63271277],[-60.69181816,-31.63301571],[-60.69215081,-31.63295066],[-60.69233268,-31.63251749],[-60.69284048,-31.63277826],[-60.69292864,-31.63302023],[-60.69266003,-31.6334139]]},"properties":{"layer":"Subcuencas","entity_type":"LWPOLYLINE","handle":"1296C5"}},{"type":"Feature","geometry":{"type":"LineString","coordinates":[[-60.685649,-31.63310186],[-60.68667244,-31.63292754],[-60.68681917,-31.63274755],[-60.68786633,-31.63253109],[-60.68796535,-31.63257272],[-60.68885242,-31.63239928],[-60.68891341,-31.63230408],[-60.68907442,-31.63238754],[-60.68986806,-31.63225546]]},"properties":{"layer":"Subcuencas","entity_type":"LWPOLYLINE","handle":"1296C6"}},{"type":"Feature","geometry":{"type":"LineString","coordinates":[[-60.68956318,-31.63110191],[-60.68875767,-31.63126134],[-60.68866044,-31.63146214],[-60.68843736,-31.63132631],[-60.68768585,-31.63147794],[-60.68757652,-31.63171043],[-60.68735335,-31.63156406],[-60.68665111,-31.63170487],[-60.68656599,-31.63187399],[-60.68531434,-31.63213996]]},"properties":{"layer":"Subcuencas","entity_type":"LWPOLYLINE","handle":"1296C7"}},{"type":"Feature","geometry":{"type":"LineString","coordinates":[[-60.68593075,-31.63391167],[-60.68709736,-31.6336652],[-60.68729268,-31.63337954],[-60.68779783,-31.63328195],[-60.68814445,-31.6334382],[-60.6892163,-31.63322159],[-60.68935085,-31.63306275],[-60.69005888,-31.63291293]]},"properties":{"layer":"Subcuencas","entity_type":"LWPOLYLINE","handle":"1296C8"}},{"type":"Feature","geometry":{"type":"LineString","coordinates":[[-60.69023943,-31.63299803],[-60.68999482,-31.63338605],[-60.69005846,-31.63364923],[-60.69053399,-31.63388374]]},"properties":{"layer":"Subcuencas","entity_type":"LWPOLYLINE","handle":"1296C9"}},{"type":"Feature","geometry":{"type":"LineString","coordinates":[[-60.69038533,-31.63414904],[-60.68981637,-31.63428301],[-60.68946966,-31.63411623],[-60.68852111,-31.63432163],[-60.68817813,-31.6346608],[-60.68766066,-31.63476259],[-60.68732614,-31.63457465],[-60.68704523,-31.63496619],[-60.68580889,-31.63519237]]},"properties":{"layer":"Subcuencas","entity_type":"LWPOLYLINE","handle":"1296CA"}},{"type":"Feature","geometry":{"type":"LineString","coordinates":[[-60.68829532,-31.635829],[-60.68868822,-31.6352314],[-60.68973532,-31.63500439],[-60.69011936,-31.63521314],[-60.69062429,-31.63508391],[-60.69084711,-31.63483206]]},"properties":{"layer":"Subcuencas","entity_type":"LWPOLYLINE","handle":"1296CB"}},{"type":"Feature","geometry":{"type":"LineString","coordinates":[[-60.7075116,-31.63277145],[-60.70588951,-31.63322165],[-60.70564909,-31.63344067],[-60.70496221,-31.63358596],[-60.70464174,-31.6333265],[-60.70356066,-31.63357192],[-60.70281864,-31.63316239],[-60.70210619,-31.63329693],[-60.70168439,-31.63311421],[-60.70139673,-31.63210076]]},"properties":{"layer":"Subcuencas","entity_type":"LWPOLYLINE","handle":"1296CC"}},{"type":"Feature","geometry":{"type":"LineString","coordinates":[[-60.70503991,-31.63115168],[-60.70446218,-31.6314771],[-60.7037638,-31.63178572],[-60.70308991,-31.63196359],[-60.70235183,-31.6320765],[-60.70168641,-31.63211684]]},"properties":{"layer":"Subcuencas","entity_type":"LWPOLYLINE","handle":"1296CD"}},{"type":"Feature","geometry":{"type":"LineString","coordinates":[[-60.70830841,-31.63448947],[-60.70714949,-31.63473297],[-60.70597922,-31.63497891],[-60.70477064,-31.63521417],[-60.70328218,-31.63550538],[-60.70254432,-31.63565094],[-60.7014926,-31.63590157]]},"properties":{"layer":"Subcuencas","entity_type":"LWPOLYLINE","handle":"1296CE"}},{"type":"Feature","geometry":{"type":"LineString","coordinates":[[-60.7014926,-31.63590157],[-60.70165917,-31.6365428],[-60.7028848,-31.63698597]]},"properties":{"layer":"Subcuencas","entity_type":"LWPOLYLINE","handle":"1296CF"}},{"type":"Feature","geometry":{"type":"LineString","coordinates":[[-60.70505048,-31.63652174],[-60.7049455,-31.63643762],[-60.70407654,-31.6360941],[-60.70448061,-31.63561295],[-60.70432355,-31.6350587],[-60.70409357,-31.63497289],[-60.7039663,-31.63499109],[-60.70356066,-31.63357192]]},"properties":{"layer":"Subcuencas","entity_type":"LWPOLYLINE","handle":"1296D0"}},{"type":"Feature","geometry":{"type":"LineString","coordinates":[[-60.70801156,-31.63535507],[-60.70758573,-31.63513755],[-60.70689876,-31.63527198],[-60.70648294,-31.63588382],[-60.70615236,-31.63597272],[-60.70624601,-31.63626546]]},"properties":{"layer":"Subcuencas","entity_type":"LWPOLYLINE","handle":"1296D1"}},{"type":"Feature","geometry":{"type":"LineString","coordinates":[[-60.70009539,-31.63281052],[-60.69935172,-31.63295148],[-60.69973498,-31.63257002],[-60.69962639,-31.63224899],[-60.69912336,-31.63210331],[-60.69943859,-31.63166126],[-60.69935946,-31.63140605],[-60.69877941,-31.63128552],[-60.69868135,-31.63107989],[-60.69822628,-31.6308927],[-60.69811002,-31.63083561],[-60.69796865,-31.63038863],[-60.69835418,-31.6303123],[-60.69855509,-31.63007204],[-60.69874757,-31.62999677],[-60.69891613,-31.62994896]]},"properties":{"layer":"Subcuencas","entity_type":"LWPOLYLINE","handle":"1296D2"}},{"type":"Feature","geometry":{"type":"LineString","coordinates":[[-60.69796865,-31.63038863],[-60.69742887,-31.63049054],[-60.69704137,-31.63030298],[-60.69658834,-31.63038792],[-60.69636862,-31.63069425],[-60.69593274,-31.63049045],[-60.69584353,-31.63017756],[-60.695996,-31.62991283],[-60.69615025,-31.62988725],[-60.69583393,-31.62888788],[-60.6960437,-31.62854037],[-60.69594198,-31.62823175],[-60.69556402,-31.62802764],[-60.6958408,-31.62760554],[-60.69581126,-31.62745685]]},"properties":{"layer":"Subcuencas","entity_type":"LWPOLYLINE","handle":"1296D3"}},{"type":"Feature","geometry":{"type":"LineString","coordinates":[[-60.69852026,-31.62874157],[-60.69677985,-31.62927452],[-60.69601466,-31.62945886],[-60.69539001,-31.62954842],[-60.69527321,-31.62941711],[-60.69522464,-31.62937614],[-60.69495396,-31.62931989],[-60.69482511,-31.62886701],[-60.69493116,-31.62884994],[-60.69481221,-31.62843],[-60.69454022,-31.62822613]]},"properties":{"layer":"Subcuencas","entity_type":"LWPOLYLINE","handle":"1296D4"}},{"type":"Feature","geometry":{"type":"LineString","coordinates":[[-60.69488764,-31.62908678],[-60.69407489,-31.62922571],[-60.69319534,-31.62906555],[-60.69307921,-31.62902494],[-60.69217033,-31.62912455]]},"properties":{"layer":"Subcuencas","entity_type":"LWPOLYLINE","handle":"1296D5"}},{"type":"Feature","geometry":{"type":"LineString","coordinates":[[-60.69588719,-31.6303307],[-60.69568181,-31.63038572],[-60.69560468,-31.63047924],[-60.69505049,-31.63130684],[-60.69513049,-31.631599],[-60.69555242,-31.63182279],[-60.69529069,-31.63220991],[-60.69538645,-31.63252858],[-60.69582385,-31.632739],[-60.69607031,-31.63239186],[-60.6964743,-31.63229656],[-60.69686481,-31.63248062],[-60.69717362,-31.63214644],[-60.69751545,-31.63206478],[-60.69790635,-31.63230204],[-60.69829209,-31.63184774],[-60.69846291,-31.63179361],[-60.69912336,-31.63210331]]},"properties":{"layer":"Subcuencas","entity_type":"LWPOLYLINE","handle":"1296D6"}},{"type":"Feature","geometry":{"type":"LineString","coordinates":[[-60.69513049,-31.631599],[-60.6947677,-31.63173597]]},"properties":{"layer":"Subcuencas","entity_type":"LWPOLYLINE","handle":"1296D7"}},{"type":"Feature","geometry":{"type":"LineString","coordinates":[[-60.69935172,-31.63295148],[-60.69893753,-31.63281907],[-60.69851798,-31.63291446],[-60.69842536,-31.63293336],[-60.69824804,-31.63322575],[-60.69771339,-31.63294237],[-60.6976523,-31.63277399],[-60.69790635,-31.63230204]]},"properties":{"layer":"Subcuencas","entity_type":"LWPOLYLINE","handle":"1296D8"}},{"type":"Feature","geometry":{"type":"LineString","coordinates":[[-60.69824804,-31.63322575],[-60.69612582,-31.63366142]]},"properties":{"layer":"Subcuencas","entity_type":"LWPOLYLINE","handle":"1296D9"}},{"type":"Feature","geometry":{"type":"LineString","coordinates":[[-60.69824804,-31.63322575],[-60.69874514,-31.63504972],[-60.6992127,-31.63524144],[-60.69931763,-31.63559056],[-60.69903805,-31.63589845]]},"properties":{"layer":"Subcuencas","entity_type":"LWPOLYLINE","handle":"1296DA"}},{"type":"Feature","geometry":{"type":"LineString","coordinates":[[-60.69931763,-31.63559056],[-60.69969228,-31.63552051],[-60.70010264,-31.63566397],[-60.70034102,-31.63561409],[-60.70063434,-31.63531135],[-60.70050645,-31.63493322],[-60.69988009,-31.63479094],[-60.70031997,-31.63432227],[-60.7002385,-31.63407016],[-60.69960034,-31.63386967],[-60.7000518,-31.63343007],[-60.69995867,-31.63313917],[-60.69935172,-31.63295148]]},"properties":{"layer":"Subcuencas","entity_type":"LWPOLYLINE","handle":"1296DB"}},{"type":"Feature","geometry":{"type":"LineString","coordinates":[[-60.69603874,-31.63532516],[-60.69623997,-31.63603769],[-60.69635409,-31.63609535],[-60.69690481,-31.63640201]]},"properties":{"layer":"Subcuencas","entity_type":"LWPOLYLINE","handle":"1296DC"}},{"type":"Feature","geometry":{"type":"LineString","coordinates":[[-60.69597186,-31.64434547],[-60.69559968,-31.6442008],[-60.69540265,-31.64401956]]},"properties":{"layer":"Subcuencas","entity_type":"LWPOLYLINE","handle":"1296DD"}},{"type":"Feature","geometry":{"type":"LineString","coordinates":[[-60.7028848,-31.63698597],[-60.70144236,-31.63727555],[-60.7015125,-31.63750888],[-60.70131743,-31.63755168],[-60.70120165,-31.6377443],[-60.70109387,-31.63770316],[-60.70106269,-31.63745292],[-60.70105604,-31.6372722]]},"properties":{"layer":"Subcuencas","entity_type":"LWPOLYLINE","handle":"1296DE"}},{"type":"Feature","geometry":{"type":"LineString","coordinates":[[-60.69215583,-31.63419424],[-60.69223337,-31.6340918],[-60.69227989,-31.63400084]]},"properties":{"layer":"Subcuencas","entity_type":"LWPOLYLINE","handle":"1296DF"}},{"type":"Feature","geometry":{"type":"LineString","coordinates":[[-60.69201764,-31.63387875],[-60.69161816,-31.63366704]]},"properties":{"layer":"Subcuencas","entity_type":"LWPOLYLINE","handle":"1296E0"}},{"type":"Feature","geometry":{"type":"LineString","coordinates":[[-60.70080102,-31.63603898],[-60.70071484,-31.63578],[-60.70034102,-31.63561409]]},"properties":{"layer":"Subcuencas","entity_type":"LWPOLYLINE","handle":"1296E1"}},{"type":"Feature","geometry":{"type":"LineString","coordinates":[[-60.69969627,-31.63627922],[-60.69983353,-31.63675746],[-60.7000974,-31.63761371],[-60.70026542,-31.63823399]]},"properties":{"layer":"Subcuencas","entity_type":"LWPOLYLINE","handle":"1296E2"}},{"type":"Feature","geometry":{"type":"LineString","coordinates":[[-60.69819345,-31.63884451],[-60.69840315,-31.63959877],[-60.69850699,-31.63967661],[-60.69879507,-31.63984167],[-60.69926474,-31.63974108],[-60.69957275,-31.63950415],[-60.69945516,-31.63912252]]},"properties":{"layer":"Subcuencas","entity_type":"LWPOLYLINE","handle":"1296E3"}},{"type":"Feature","geometry":{"type":"LineString","coordinates":[[-60.69802932,-31.6388835],[-60.69775632,-31.63924178],[-60.69721663,-31.63900198],[-60.69710072,-31.63893659]]},"properties":{"layer":"Subcuencas","entity_type":"LWPOLYLINE","handle":"1296E4"}},{"type":"Feature","geometry":{"type":"LineString","coordinates":[[-60.69546088,-31.6453396],[-60.69555649,-31.64547269],[-60.69563763,-31.6456715]]},"properties":{"layer":"Subcuencas","entity_type":"LWPOLYLINE","handle":"1296E5"}},{"type":"Feature","geometry":{"type":"LineString","coordinates":[[-60.69617379,-31.64538254],[-60.69668298,-31.64567241],[-60.69666157,-31.64582942],[-60.69665314,-31.64586041],[-60.69580541,-31.64570327],[-60.69460072,-31.64547513],[-60.69342013,-31.64524367],[-60.69183055,-31.6449345],[-60.69103912,-31.64478558]]},"properties":{"layer":"Subcuencas","entity_type":"LWPOLYLINE","handle":"1296E6"}},{"type":"Feature","geometry":{"type":"LineString","coordinates":[[-60.69429526,-31.64522889],[-60.69433968,-31.64527525],[-60.69445896,-31.64544734]]},"properties":{"layer":"Subcuencas","entity_type":"LWPOLYLINE","handle":"1296E7"}},{"type":"Feature","geometry":{"type":"LineString","coordinates":[[-60.69511596,-31.64502542],[-60.69546088,-31.6453396]]},"properties":{"layer":"Subcuencas","entity_type":"LWPOLYLINE","handle":"1296E8"}},{"type":"Feature","geometry":{"type":"LineString","coordinates":[[-60.689999,-31.63595684],[-60.69107351,-31.63574487],[-60.69090892,-31.63609693],[-60.69094602,-31.63622634]]},"properties":{"layer":"Subcuencas","entity_type":"LWPOLYLINE","handle":"1296E9"}},{"type":"Feature","geometry":{"type":"LineString","coordinates":[[-60.69834217,-31.63880919],[-60.69802932,-31.6388835]]},"properties":{"layer":"Subcuencas","entity_type":"LWPOLYLINE","handle":"1296EA"}},{"type":"Feature","geometry":{"type":"LineString","coordinates":[[-60.71188389,-31.63612907],[-60.71046741,-31.63643592],[-60.71036299,-31.63638802],[-60.70967929,-31.6360363],[-60.70941691,-31.63636096],[-60.70870484,-31.63651035],[-60.70828751,-31.63635915]]},"properties":{"layer":"Subcuencas","entity_type":"LWPOLYLINE","handle":"1296EB"}},{"type":"Feature","geometry":{"type":"LineString","coordinates":[[-60.71046839,-31.6364357],[-60.71038881,-31.63654947],[-60.70992953,-31.63710147],[-60.71058456,-31.63741294],[-60.71065267,-31.63766304],[-60.71006325,-31.63851791],[-60.70926068,-31.63870821],[-60.70816859,-31.6381406],[-60.70806417,-31.6380927]]},"properties":{"layer":"Subcuencas","entity_type":"LWPOLYLINE","handle":"1296EC"}},{"type":"Feature","geometry":{"type":"LineString","coordinates":[[-60.71155329,-31.63792786],[-60.71028471,-31.63819673],[-60.71060961,-31.63946342],[-60.7110562,-31.63972757],[-60.71137737,-31.63966922]]},"properties":{"layer":"Subcuencas","entity_type":"LWPOLYLINE","handle":"1296ED"}},{"type":"Feature","geometry":{"type":"LineString","coordinates":[[-60.71060961,-31.63946342],[-60.7092591,-31.63974565],[-60.70886215,-31.63854394],[-60.70888544,-31.63851318]]},"properties":{"layer":"Subcuencas","entity_type":"LWPOLYLINE","handle":"1296EE"}},{"type":"Feature","geometry":{"type":"LineString","coordinates":[[-60.7092591,-31.63974565],[-60.70964828,-31.63992444],[-60.70990129,-31.64085463],[-60.71017426,-31.64192206],[-60.71007125,-31.64205999],[-60.71083135,-31.64250016]]},"properties":{"layer":"Subcuencas","entity_type":"LWPOLYLINE","handle":"1296EF"}},{"type":"Feature","geometry":{"type":"LineString","coordinates":[[-60.70994896,-31.64104107],[-60.71101745,-31.64085081],[-60.71092044,-31.64053304],[-60.71117312,-31.64017611],[-60.71148477,-31.64010973]]},"properties":{"layer":"Subcuencas","entity_type":"LWPOLYLINE","handle":"1296F0"}},{"type":"Feature","geometry":{"type":"LineString","coordinates":[[-60.7127208,-31.64924748],[-60.71277707,-31.64918252],[-60.71323633,-31.64862244],[-60.71311949,-31.64818678],[-60.71354097,-31.64763498],[-60.71361591,-31.64753761],[-60.71329513,-31.64641149],[-60.71320029,-31.6463797],[-60.71246951,-31.64606866],[-60.71278712,-31.64554169],[-60.71269995,-31.64527554],[-60.71214883,-31.64495222],[-60.712142,-31.64492709]]},"properties":{"layer":"Subcuencas","entity_type":"LWPOLYLINE","handle":"1296F1"}},{"type":"Feature","geometry":{"type":"MultiLineString","coordinates":[[[-60.7127208,-31.64924748],[-60.71199419,-31.6467316]],[[-60.71199419,-31.6467316],[-60.71191251,-31.64670542],[-60.71124473,-31.64639596],[-60.71137911,-31.64620963],[-60.71112794,-31.64532605],[-60.71089665,-31.64526934],[-60.70967645,-31.64553132],[-60.70998366,-31.64664313],[-60.71067878,-31.64697564],[-60.71078794,-31.64704462],[-60.71199419,-31.6467316]]]},"properties":{"layer":"Subcuencas","entity_type":"LWPOLYLINE","handle":"1296F2"}},{"type":"Feature","geometry":{"type":"LineString","coordinates":[[-60.70967645,-31.64553132],[-60.70990448,-31.64515887],[-60.70976499,-31.64467248],[-60.70932922,-31.64451252],[-60.70816299,-31.64472778],[-60.70821889,-31.64493625],[-60.70851851,-31.64505058],[-60.70862988,-31.64540954],[-60.7084021,-31.64581677],[-60.70872314,-31.64696331],[-60.70998366,-31.64664313]]},"properties":{"layer":"Subcuencas","entity_type":"LWPOLYLINE","handle":"1296F3"}},{"type":"Feature","geometry":{"type":"LineString","coordinates":[[-60.70972953,-31.6457234],[-60.70844941,-31.64598572]]},"properties":{"layer":"Subcuencas","entity_type":"LWPOLYLINE","handle":"1296F4"}},{"type":"Feature","geometry":{"type":"LineString","coordinates":[[-60.70872314,-31.64696331],[-60.70905851,-31.64820715],[-60.70982153,-31.64853928],[-60.70998863,-31.64908351]]},"properties":{"layer":"Subcuencas","entity_type":"LWPOLYLINE","handle":"1296F5"}},{"type":"Feature","geometry":{"type":"LineString","coordinates":[[-60.70774026,-31.63701439],[-60.70806417,-31.6380927],[-60.70815645,-31.63835619],[-60.70794731,-31.63839579],[-60.70788522,-31.63849453],[-60.70796036,-31.63873565],[-60.7076362,-31.63880006],[-60.70799081,-31.63999138],[-60.7092591,-31.63974565]]},"properties":{"layer":"Subcuencas","entity_type":"LWPOLYLINE","handle":"1296F6"}},{"type":"Feature","geometry":{"type":"LineString","coordinates":[[-60.70799081,-31.63999138],[-60.70676771,-31.64027812],[-60.7054189,-31.64056289],[-60.7034273,-31.64100354]]},"properties":{"layer":"Subcuencas","entity_type":"LWPOLYLINE","handle":"1296F7"}},{"type":"Feature","geometry":{"type":"LineString","coordinates":[[-60.70210103,-31.64129365],[-60.70172124,-31.64003042],[-60.70069666,-31.64025969],[-60.69996328,-31.64021898],[-60.69964717,-31.63996129]]},"properties":{"layer":"Subcuencas","entity_type":"LWPOLYLINE","handle":"1296F8"}},{"type":"Feature","geometry":{"type":"LineString","coordinates":[[-60.70172124,-31.64003042],[-60.70204198,-31.63950982],[-60.70212508,-31.63941991]]},"properties":{"layer":"Subcuencas","entity_type":"LWPOLYLINE","handle":"1296F9"}},{"type":"Feature","geometry":{"type":"LineString","coordinates":[[-60.7034273,-31.64100354],[-60.70369497,-31.64068152],[-60.7035129,-31.6401458],[-60.70301863,-31.63987121]]},"properties":{"layer":"Subcuencas","entity_type":"LWPOLYLINE","handle":"1296FA"}},{"type":"Feature","geometry":{"type":"LineString","coordinates":[[-60.7054616,-31.64055388],[-60.70512306,-31.63938372],[-60.70542357,-31.63896162],[-60.70526261,-31.63844908],[-60.70475868,-31.6382819],[-60.70530923,-31.63768846],[-60.70537119,-31.63757182],[-60.70774763,-31.63704368]]},"properties":{"layer":"Subcuencas","entity_type":"LWPOLYLINE","handle":"1296FB"}},{"type":"Feature","geometry":{"type":"LineString","coordinates":[[-60.70653945,-31.63731219],[-60.70685391,-31.63838396],[-60.70678122,-31.63846487],[-60.70645051,-31.63904816],[-60.70678955,-31.640273]]},"properties":{"layer":"Subcuencas","entity_type":"LWPOLYLINE","handle":"1296FC"}},{"type":"Feature","geometry":{"type":"LineString","coordinates":[[-60.70645051,-31.63904816],[-60.70512306,-31.63938372]]},"properties":{"layer":"Subcuencas","entity_type":"LWPOLYLINE","handle":"1296FD"}},{"type":"Feature","geometry":{"type":"LineString","coordinates":[[-60.70475868,-31.6382819],[-60.70372017,-31.63849589],[-60.70364257,-31.63826939],[-60.70334004,-31.63809141],[-60.702979,-31.63795181]]},"properties":{"layer":"Subcuencas","entity_type":"LWPOLYLINE","handle":"1296FE"}},{"type":"Feature","geometry":{"type":"LineString","coordinates":[[-60.70089979,-31.6415562],[-60.70155125,-31.64365044],[-60.70213021,-31.64399477],[-60.7022225,-31.64424524],[-60.70192102,-31.64473242],[-60.70237281,-31.64620007],[-60.70177516,-31.64637711],[-60.70158268,-31.6463299],[-60.70130493,-31.64546265],[-60.70092033,-31.6454165],[-60.7008518,-31.64532034],[-60.70059115,-31.64522524],[-60.7002025,-31.64463854],[-60.69987983,-31.64380632],[-60.69973486,-31.64329605]]},"properties":{"layer":"Subcuencas","entity_type":"LWPOLYLINE","handle":"1296FF"}},{"type":"Feature","geometry":{"type":"LineString","coordinates":[[-60.70155125,-31.64365044],[-60.69995509,-31.64400044]]},"properties":{"layer":"Subcuencas","entity_type":"LWPOLYLINE","handle":"129700"}},{"type":"Feature","geometry":{"type":"LineString","coordinates":[[-60.70155125,-31.64365044],[-60.70274748,-31.64342375],[-60.7026896,-31.64324066],[-60.70283499,-31.64303714],[-60.70289098,-31.64296926],[-60.70275261,-31.64260321],[-60.70242319,-31.64237918],[-60.70281378,-31.64172062],[-60.70265041,-31.64117357]]},"properties":{"layer":"Subcuencas","entity_type":"LWPOLYLINE","handle":"129701"}},{"type":"Feature","geometry":{"type":"LineString","coordinates":[[-60.70242319,-31.64237918],[-60.70012147,-31.64287448],[-60.70007533,-31.64274924],[-60.69965036,-31.64283942]]},"properties":{"layer":"Subcuencas","entity_type":"LWPOLYLINE","handle":"129702"}},{"type":"Feature","geometry":{"type":"LineString","coordinates":[[-60.7034273,-31.64100354],[-60.70382802,-31.64119186],[-60.70397842,-31.64165438],[-60.70376633,-31.64200306],[-60.70372178,-31.64209018],[-60.70405765,-31.64316948],[-60.70486243,-31.6434874],[-60.70493067,-31.64354495],[-60.70530083,-31.64467231],[-60.70475229,-31.64536644],[-60.7052857,-31.64566274],[-60.70543641,-31.64616387],[-60.70521301,-31.64651261],[-60.70466873,-31.64627429],[-60.70411636,-31.64646075],[-60.70397208,-31.64681192],[-60.70376822,-31.64675512],[-60.70336349,-31.64703729],[-60.70327511,-31.64730807],[-60.70312968,-31.64756158]]},"properties":{"layer":"Subcuencas","entity_type":"LWPOLYLINE","handle":"129703"}},{"type":"Feature","geometry":{"type":"LineString","coordinates":[[-60.69971489,-31.64645007],[-60.69995762,-31.64649613],[-60.70127051,-31.64674956],[-60.7028098,-31.64705],[-60.70410032,-31.64733248],[-60.70418118,-31.64756371],[-60.70443813,-31.64842158]]},"properties":{"layer":"Subcuencas","entity_type":"LWPOLYLINE","handle":"129704"}},{"type":"Feature","geometry":{"type":"LineString","coordinates":[[-60.70662763,-31.65001694],[-60.70597518,-31.65016002],[-60.70587325,-31.65013162],[-60.70557219,-31.64917763],[-60.70548192,-31.64919744],[-60.7052852,-31.64859038],[-60.70510238,-31.64832694],[-60.70501947,-31.64825961],[-60.70443813,-31.64842158]]},"properties":{"layer":"Subcuencas","entity_type":"LWPOLYLINE","handle":"129705"}},{"type":"Feature","geometry":{"type":"LineString","coordinates":[[-60.70501947,-31.64825961],[-60.70487373,-31.64798069],[-60.70548065,-31.64753329],[-60.70574051,-31.6475222],[-60.70590711,-31.64713516],[-60.70595166,-31.64704803],[-60.70587226,-31.64700986],[-60.70530542,-31.6467775],[-60.70521133,-31.64651188]]},"properties":{"layer":"Subcuencas","entity_type":"LWPOLYLINE","handle":"129706"}},{"type":"Feature","geometry":{"type":"LineString","coordinates":[[-60.70595166,-31.64704803],[-60.70667698,-31.64686645],[-60.70662106,-31.64694398],[-60.70643223,-31.64737942],[-60.70654823,-31.64777455],[-60.70693416,-31.64799444],[-60.70701341,-31.6480133],[-60.70682337,-31.64828846],[-60.70703234,-31.64902094],[-60.70727048,-31.6491258],[-60.70737241,-31.6491542],[-60.70730519,-31.64923179],[-60.70696923,-31.64964195],[-60.70705797,-31.64993404]]},"properties":{"layer":"Subcuencas","entity_type":"LWPOLYLINE","handle":"129707"}},{"type":"Feature","geometry":{"type":"LineString","coordinates":[[-60.70667698,-31.64686645],[-60.70676777,-31.64691612],[-60.70755034,-31.6472786],[-60.70827402,-31.64759864],[-60.70845987,-31.6475643],[-60.7087611,-31.64710408]]},"properties":{"layer":"Subcuencas","entity_type":"LWPOLYLINE","handle":"129708"}},{"type":"Feature","geometry":{"type":"LineString","coordinates":[[-60.70818736,-31.6495402],[-60.70840265,-31.64923727],[-60.70822873,-31.64865905],[-60.70785411,-31.6484391],[-60.70749905,-31.64725484],[-60.70716959,-31.64610112],[-60.70749418,-31.64568424],[-60.70732077,-31.64517073],[-60.70682214,-31.64499008],[-60.70740465,-31.64430732],[-60.70802517,-31.64416874],[-60.70816299,-31.64472778]]},"properties":{"layer":"Subcuencas","entity_type":"LWPOLYLINE","handle":"129709"}},{"type":"Feature","geometry":{"type":"LineString","coordinates":[[-60.70740465,-31.64430732],[-60.70530083,-31.64467231],[-60.70381561,-31.64494496],[-60.70373716,-31.64503227],[-60.70340162,-31.64549747],[-60.7035411,-31.64601117],[-60.70392636,-31.64614419],[-60.70411636,-31.64646075]]},"properties":{"layer":"Subcuencas","entity_type":"LWPOLYLINE","handle":"12970A"}},{"type":"Feature","geometry":{"type":"LineString","coordinates":[[-60.70802517,-31.64416874],[-60.70785226,-31.64372088],[-60.70750388,-31.64248722],[-60.70707262,-31.64224828],[-60.70694496,-31.64180494],[-60.70711203,-31.64148165],[-60.70703088,-31.64121181],[-60.70731178,-31.64099788],[-60.70717318,-31.64060288],[-60.70686748,-31.64052734],[-60.70678955,-31.640273]]},"properties":{"layer":"Subcuencas","entity_type":"LWPOLYLINE","handle":"12970B"}},{"type":"Feature","geometry":{"type":"LineString","coordinates":[[-60.70989953,-31.64084819],[-60.70582471,-31.64161426],[-60.70567897,-31.64176952],[-60.7047876,-31.64195785],[-60.70475283,-31.64184221],[-60.70372178,-31.64209018]]},"properties":{"layer":"Subcuencas","entity_type":"LWPOLYLINE","handle":"12970C"}},{"type":"Feature","geometry":{"type":"LineString","coordinates":[[-60.71083135,-31.64250016],[-60.70949998,-31.64273653],[-60.70944959,-31.64267991],[-60.70868042,-31.64227165],[-60.70750388,-31.64248722]]},"properties":{"layer":"Subcuencas","entity_type":"LWPOLYLINE","handle":"12970D"}},{"type":"Feature","geometry":{"type":"LineString","coordinates":[[-60.70381561,-31.64494496],[-60.70346524,-31.64380812],[-60.70334956,-31.64378058],[-60.70277285,-31.64352596],[-60.70274748,-31.64342375]]},"properties":{"layer":"Subcuencas","entity_type":"LWPOLYLINE","handle":"12970E"}},{"type":"Feature","geometry":{"type":"LineString","coordinates":[[-60.70392212,-31.64148124],[-60.7028085,-31.64170295]]},"properties":{"layer":"Subcuencas","entity_type":"LWPOLYLINE","handle":"12970F"}},{"type":"Feature","geometry":{"type":"LineString","coordinates":[[-60.69961324,-31.6460321],[-60.69996065,-31.64600995],[-60.70016738,-31.64619098],[-60.70067351,-31.64626917],[-60.70089347,-31.64610603],[-60.70100147,-31.64576135],[-60.70091912,-31.6454148]]},"properties":{"layer":"Subcuencas","entity_type":"LWPOLYLINE","handle":"129710"}},{"type":"Feature","geometry":{"type":"LineString","coordinates":[[-60.70177516,-31.64637711],[-60.70155809,-31.64680569]]},"properties":{"layer":"Subcuencas","entity_type":"LWPOLYLINE","handle":"129711"}},{"type":"Feature","geometry":{"type":"LineString","coordinates":[[-60.70342145,-31.64557052],[-60.70225497,-31.64581725]]},"properties":{"layer":"Subcuencas","entity_type":"LWPOLYLINE","handle":"129712"}},{"type":"Feature","geometry":{"type":"LineString","coordinates":[[-60.71290323,-31.64477391],[-60.712142,-31.64492709]]},"properties":{"layer":"Subcuencas","entity_type":"LWPOLYLINE","handle":"129713"}},{"type":"Feature","geometry":{"type":"LineString","coordinates":[[-60.712142,-31.64492709],[-60.71154094,-31.64462872],[-60.71131632,-31.64467802],[-60.71089665,-31.64526934]]},"properties":{"layer":"Subcuencas","entity_type":"LWPOLYLINE","handle":"129714"}},{"type":"Feature","geometry":{"type":"LineString","coordinates":[[-60.71185802,-31.64478612],[-60.71169564,-31.64426272],[-60.71187006,-31.64392603],[-60.71138804,-31.64375518],[-60.71118578,-31.64378513],[-60.71098914,-31.64307518],[-60.7116038,-31.64294584]]},"properties":{"layer":"Subcuencas","entity_type":"LWPOLYLINE","handle":"129715"}},{"type":"Feature","geometry":{"type":"LineString","coordinates":[[-60.7116038,-31.64294584],[-60.71210654,-31.64225873]]},"properties":{"layer":"Subcuencas","entity_type":"LWPOLYLINE","handle":"129716"}},{"type":"Feature","geometry":{"type":"LineString","coordinates":[[-60.71113376,-31.64359731],[-60.70983635,-31.64385029],[-60.70932922,-31.64451252]]},"properties":{"layer":"Subcuencas","entity_type":"LWPOLYLINE","handle":"129717"}},{"type":"Feature","geometry":{"type":"LineString","coordinates":[[-60.70265041,-31.64117357],[-60.70005846,-31.64174008],[-60.69938783,-31.64169008]]},"properties":{"layer":"Subcuencas","entity_type":"LWPOLYLINE","handle":"129718"}},{"type":"Feature","geometry":{"type":"LineString","coordinates":[[-60.70844941,-31.64598572],[-60.70752168,-31.64620075],[-60.70722606,-31.6460286]]},"properties":{"layer":"Subcuencas","entity_type":"LWPOLYLINE","handle":"129719"}},{"type":"Feature","geometry":{"type":"LineString","coordinates":[[-60.71098914,-31.64307518],[-60.71083135,-31.64250016]]},"properties":{"layer":"Subcuencas","entity_type":"LWPOLYLINE","handle":"12971A"}},{"type":"Feature","geometry":{"type":"LineString","coordinates":[[-60.70440603,-31.640787],[-60.70395013,-31.63927093],[-60.704241,-31.63892219],[-60.70533241,-31.63867134]]},"properties":{"layer":"Subcuencas","entity_type":"LWPOLYLINE","handle":"12971B"}},{"type":"Feature","geometry":{"type":"LineString","coordinates":[[-60.68645188,-31.62464711],[-60.68637921,-31.624738],[-60.6864715,-31.62509951],[-60.68677382,-31.62521202],[-60.68689594,-31.62519744],[-60.68705583,-31.62588783],[-60.68685448,-31.62620914],[-60.6868062,-31.62629294],[-60.68689803,-31.62659179],[-60.6869361,-31.6266607]]},"properties":{"layer":"Subcuencas","entity_type":"LWPOLYLINE","handle":"12971D"}},{"type":"Feature","geometry":{"type":"LineString","coordinates":[[-60.68747581,-31.62443394],[-60.68668789,-31.62460683],[-60.68652053,-31.62400904],[-60.68661767,-31.62392223],[-60.68643371,-31.62328276],[-60.68632093,-31.62319563]]},"properties":{"layer":"Subcuencas","entity_type":"LWPOLYLINE","handle":"12971E"}},{"type":"Feature","geometry":{"type":"LineString","coordinates":[[-60.68682379,-31.62308535],[-60.68718795,-31.62302044],[-60.68760482,-31.62319919],[-60.68791875,-31.62312146]]},"properties":{"layer":"Subcuencas","entity_type":"LWPOLYLINE","handle":"12971F"}},{"type":"Feature","geometry":{"type":"LineString","coordinates":[[-60.68787077,-31.62676236],[-60.68733636,-31.62686474],[-60.6869361,-31.6266607],[-60.68653802,-31.62675249],[-60.68596691,-31.6275749],[-60.6859462,-31.62762918]]},"properties":{"layer":"Subcuencas","entity_type":"LWPOLYLINE","handle":"129720"}},{"type":"Feature","geometry":{"type":"LineString","coordinates":[[-60.68678834,-31.61984606],[-60.68664624,-31.62005542],[-60.68636334,-31.62011073],[-60.6865033,-31.62059408],[-60.68677735,-31.62076294],[-60.6869645,-31.62052884],[-60.68740466,-31.62045476],[-60.68775295,-31.62073079],[-60.68805426,-31.62032575],[-60.68837907,-31.62026125],[-60.6888117,-31.62059061],[-60.68914389,-31.62010472],[-60.68947924,-31.62004912],[-60.68991201,-31.62039641],[-60.69020236,-31.61992867],[-60.69052722,-31.61987313],[-60.6916063,-31.62049837],[-60.69169071,-31.62056067],[-60.69180646,-31.62060486],[-60.69292277,-31.62115463],[-60.69304914,-31.62121669],[-60.69332197,-31.62216677]]},"properties":{"layer":"Subcuencas","entity_type":"LWPOLYLINE","handle":"129721"}},{"type":"Feature","geometry":{"type":"LineString","coordinates":[[-60.68831137,-31.62326479],[-60.68804789,-31.62331007],[-60.68736904,-31.62231863],[-60.68609009,-31.62051433]]},"properties":{"layer":"Subcuencas","entity_type":"LWPOLYLINE","handle":"129722"}},{"type":"Feature","geometry":{"type":"LineString","coordinates":[[-60.68718795,-31.62302044],[-60.68741855,-31.62335335],[-60.687468,-31.62342966],[-60.68770777,-31.62390175],[-60.6874003,-31.62419579],[-60.68751708,-31.62456412],[-60.68803161,-31.62450213],[-60.6881896,-31.6249329],[-60.68853136,-31.6248684],[-60.68860669,-31.62513949],[-60.6886234,-31.62519509],[-60.68905043,-31.62536292]]},"properties":{"layer":"Subcuencas","entity_type":"LWPOLYLINE","handle":"129723"}},{"type":"Feature","geometry":{"type":"MultiLineString","coordinates":[[[-60.69022368,-31.62381287],[-60.69026782,-31.62396326],[-60.68995577,-31.62433604],[-60.6902352,-31.62523101],[-60.69011998,-31.62525853],[-60.68944665,-31.62502012],[-60.68925731,-31.62495838]],[[-60.68925731,-31.62495838],[-60.68916301,-31.62497682],[-60.68917423,-31.62507538],[-60.68905043,-31.62536292],[-60.68907866,-31.62549181],[-60.68814617,-31.6256851],[-60.68781402,-31.62617996],[-60.68775172,-31.62626994],[-60.68787077,-31.62676236],[-60.6883947,-31.62666093],[-60.68866455,-31.62625606],[-60.68902072,-31.62617345],[-60.68942131,-31.6264223],[-60.69012249,-31.6261675],[-60.68925731,-31.62495838]],[[-60.68925731,-31.62495838],[-60.68804789,-31.62331007]]]},"properties":{"layer":"Subcuencas","entity_type":"LWPOLYLINE","handle":"129724"}},{"type":"Feature","geometry":{"type":"LineString","coordinates":[[-60.69790294,-31.62193586],[-60.69443536,-31.62193708],[-60.69358673,-31.62211203],[-60.69323051,-31.62218568],[-60.69312585,-31.62222211],[-60.69317964,-31.62240111],[-60.69257713,-31.62322283],[-60.69251477,-31.62330385],[-60.69256896,-31.62353664],[-60.69239092,-31.62358243],[-60.69212374,-31.62391912],[-60.69173398,-31.62371505],[-60.69130444,-31.62380702],[-60.69109697,-31.62413087],[-60.69050712,-31.62382926],[-60.69038081,-31.62377616],[-60.69022368,-31.62381287],[-60.69017009,-31.62366075],[-60.68936967,-31.62326166],[-60.68895062,-31.62335357],[-60.68881587,-31.62357842],[-60.68842651,-31.62342812],[-60.68822504,-31.62314233],[-60.68839042,-31.62280078],[-60.68876934,-31.6229601],[-60.68918839,-31.62286819],[-60.68942718,-31.62252269],[-60.68989025,-31.62270845],[-60.6902988,-31.6226166]]},"properties":{"layer":"Subcuencas","entity_type":"LWPOLYLINE","handle":"129725"}},{"type":"Feature","geometry":{"type":"LineString","coordinates":[[-60.69103224,-31.6274409],[-60.69103948,-31.62764269],[-60.69090881,-31.62774162],[-60.69088303,-31.62795691],[-60.69063539,-31.62778519],[-60.69024169,-31.6278528],[-60.68999193,-31.62813479],[-60.68987571,-31.6285769]]},"properties":{"layer":"Subcuencas","entity_type":"LWPOLYLINE","handle":"129726"}},{"type":"Feature","geometry":{"type":"LineString","coordinates":[[-60.69103224,-31.6274409],[-60.69207162,-31.62892696],[-60.69236638,-31.62924635]]},"properties":{"layer":"Subcuencas","entity_type":"LWPOLYLINE","handle":"129727"}},{"type":"Feature","geometry":{"type":"LineString","coordinates":[[-60.69319063,-31.62835417],[-60.69304275,-31.62828165],[-60.69293516,-31.62792365],[-60.69318434,-31.6275637],[-60.69303365,-31.62705353],[-60.69554566,-31.62653046]]},"properties":{"layer":"Subcuencas","entity_type":"LWPOLYLINE","handle":"129728"}},{"type":"Feature","geometry":{"type":"LineString","coordinates":[[-60.69318434,-31.6275637],[-60.69203168,-31.62778511],[-60.69124257,-31.62750251],[-60.69103224,-31.6274409],[-60.69012249,-31.6261675]]},"properties":{"layer":"Subcuencas","entity_type":"LWPOLYLINE","handle":"129729"}},{"type":"Feature","geometry":{"type":"LineString","coordinates":[[-60.69496344,-31.62629612],[-60.69478226,-31.62654111],[-60.69459372,-31.62658696],[-60.69441034,-31.6259156],[-60.69414842,-31.62597081],[-60.69398359,-31.62638409],[-60.69344638,-31.6261091],[-60.69330951,-31.62604709],[-60.69319369,-31.62599393],[-60.69209801,-31.62540465],[-60.69200324,-31.62536034],[-60.69180992,-31.62476075],[-60.69153828,-31.62375695]]},"properties":{"layer":"Subcuencas","entity_type":"LWPOLYLINE","handle":"12972A"}},{"type":"Feature","geometry":{"type":"LineString","coordinates":[[-60.69330951,-31.62604709],[-60.69325699,-31.62613673],[-60.6928987,-31.6265577],[-60.69334788,-31.6267905],[-60.69340554,-31.62697609]]},"properties":{"layer":"Subcuencas","entity_type":"LWPOLYLINE","handle":"12972B"}},{"type":"Feature","geometry":{"type":"LineString","coordinates":[[-60.68826687,-31.62817762],[-60.68849222,-31.62804466],[-60.68844184,-31.62789526],[-60.68865794,-31.6275012],[-60.6890711,-31.62769729],[-60.68945232,-31.62760824],[-60.68970465,-31.62730238],[-60.69011357,-31.62751767],[-60.69060505,-31.62742076],[-60.69048432,-31.62716042],[-60.6907468,-31.62704136]]},"properties":{"layer":"Subcuencas","entity_type":"LWPOLYLINE","handle":"12972C"}},{"type":"Feature","geometry":{"type":"LineString","coordinates":[[-60.69163177,-31.61897452],[-60.69166122,-31.61911714],[-60.69155548,-31.61934296],[-60.69164583,-31.61967619],[-60.69206742,-31.6199075],[-60.6917688,-31.62045974],[-60.69169071,-31.62056067]]},"properties":{"layer":"Subcuencas","entity_type":"LWPOLYLINE","handle":"12972D"}},{"type":"Feature","geometry":{"type":"LineString","coordinates":[[-60.68775295,-31.62073079],[-60.6878139,-31.62096911],[-60.68756229,-31.62127915],[-60.68770243,-31.62174559],[-60.68785928,-31.62182817],[-60.68772362,-31.62197073],[-60.68723748,-31.62213304]]},"properties":{"layer":"Subcuencas","entity_type":"LWPOLYLINE","handle":"12972E"}},{"type":"Feature","geometry":{"type":"LineString","coordinates":[[-60.68785928,-31.62182817],[-60.68821031,-31.62175954],[-60.68835445,-31.62144173],[-60.68874447,-31.62136455],[-60.68963612,-31.62177687],[-60.68973629,-31.62211839],[-60.68942718,-31.62252269]]},"properties":{"layer":"Subcuencas","entity_type":"LWPOLYLINE","handle":"12972F"}},{"type":"Feature","geometry":{"type":"LineString","coordinates":[[-60.68258578,-31.61818223],[-60.68280472,-31.61788418],[-60.68319234,-31.61780142],[-60.68355058,-31.6180057],[-60.68336395,-31.6183115],[-60.68341766,-31.61848154],[-60.68383656,-31.61837172],[-60.68396292,-31.6184338],[-60.68423677,-31.61857577],[-60.68440687,-31.61887966],[-60.68463823,-31.61895014],[-60.68487168,-31.61930748],[-60.68518072,-31.61995572],[-60.68537234,-31.62033121],[-60.68609763,-31.62050661],[-60.68598307,-31.62062377],[-60.68568205,-31.62106998],[-60.68576757,-31.62128467],[-60.68593624,-31.62139134],[-60.68607547,-31.62177608],[-60.68617017,-31.62181143],[-60.68653236,-31.62197982],[-60.68667021,-31.6221763],[-60.6865767,-31.62230231],[-60.68679149,-31.62297351],[-60.68682379,-31.62308535],[-60.68632093,-31.62319563],[-60.6860821,-31.62353757],[-60.68555825,-31.62364796],[-60.68525232,-31.62342549]]},"properties":{"layer":"Subcuencas","entity_type":"LWPOLYLINE","handle":"129730"}},{"type":"Feature","geometry":{"type":"LineString","coordinates":[[-60.68188535,-31.61784332],[-60.68205985,-31.61789801],[-60.68302899,-31.61842175],[-60.68311542,-31.61876195],[-60.68285534,-31.61906815],[-60.68309294,-31.61999379],[-60.6835249,-31.62023353],[-60.68361087,-31.62051098],[-60.68344432,-31.62069471],[-60.6835705,-31.6207299],[-60.68367837,-31.62113273],[-60.6834594,-31.62132217],[-60.68380664,-31.62145478],[-60.68388186,-31.62169643],[-60.68366315,-31.62192172],[-60.68401039,-31.62205433],[-60.684086,-31.62234976],[-60.68385762,-31.62268623],[-60.68390037,-31.62279358],[-60.68369216,-31.62301881],[-60.68311591,-31.62313844],[-60.68276789,-31.62289825],[-60.6825817,-31.6232668],[-60.6821837,-31.62336754],[-60.68183561,-31.62311839],[-60.6817531,-31.62331605],[-60.68121876,-31.62342648],[-60.68058371,-31.62149256]]},"properties":{"layer":"Subcuencas","entity_type":"LWPOLYLINE","handle":"129731"}},{"type":"Feature","geometry":{"type":"LineString","coordinates":[[-60.68143425,-31.62419896],[-60.68196819,-31.62601667]]},"properties":{"layer":"Subcuencas","entity_type":"LWPOLYLINE","handle":"129732"}},{"type":"Feature","geometry":{"type":"LineString","coordinates":[[-60.68525232,-31.62342549],[-60.68507624,-31.6237402],[-60.68452098,-31.62385972],[-60.68412068,-31.62364671],[-60.68400617,-31.62377283],[-60.68327279,-31.62392916],[-60.68308314,-31.62382259],[-60.68296896,-31.62399354],[-60.68229427,-31.62414058],[-60.68208376,-31.62405206],[-60.68143425,-31.62419896],[-60.68121876,-31.62342648]]},"properties":{"layer":"Subcuencas","entity_type":"LWPOLYLINE","handle":"129733"}},{"type":"Feature","geometry":{"type":"LineString","coordinates":[[-60.68358108,-31.62706897],[-60.6840429,-31.62649848],[-60.68384204,-31.62577556],[-60.68363049,-31.62581846],[-60.68341301,-31.62504974],[-60.68353422,-31.62490986],[-60.6834591,-31.62466661],[-60.68334462,-31.62461153],[-60.68314931,-31.62464532],[-60.68296896,-31.62399354]]},"properties":{"layer":"Subcuencas","entity_type":"LWPOLYLINE","handle":"129734"}},{"type":"Feature","geometry":{"type":"LineString","coordinates":[[-60.68463227,-31.62731995],[-60.68455965,-31.62696213],[-60.68462423,-31.62687825],[-60.68504442,-31.62639565],[-60.68492194,-31.6263615],[-60.6848566,-31.62634097],[-60.68465007,-31.62562229]]},"properties":{"layer":"Subcuencas","entity_type":"LWPOLYLINE","handle":"129735"}},{"type":"Feature","geometry":{"type":"LineString","coordinates":[[-60.68673671,-31.62670668],[-60.68666922,-31.62650252],[-60.68657103,-31.62644735],[-60.6860396,-31.62620656],[-60.68568733,-31.62483918]]},"properties":{"layer":"Subcuencas","entity_type":"LWPOLYLINE","handle":"129736"}},{"type":"Feature","geometry":{"type":"LineString","coordinates":[[-60.68351194,-31.6248377],[-60.68442884,-31.62466293]]},"properties":{"layer":"Subcuencas","entity_type":"LWPOLYLINE","handle":"129737"}},{"type":"Feature","geometry":{"type":"LineString","coordinates":[[-60.68583103,-31.62539697],[-60.68465007,-31.62562229],[-60.68439686,-31.62554011],[-60.68431293,-31.62520641],[-60.68451233,-31.62495128],[-60.68440366,-31.62457595],[-60.68420749,-31.62449346],[-60.6840096,-31.62377969]]},"properties":{"layer":"Subcuencas","entity_type":"LWPOLYLINE","handle":"129738"}},{"type":"Feature","geometry":{"type":"LineString","coordinates":[[-60.68668789,-31.62460683],[-60.68645188,-31.62464711],[-60.68626386,-31.62456459],[-60.6859221,-31.62462908],[-60.68568733,-31.62483918],[-60.68548261,-31.62470105],[-60.68536542,-31.62427703],[-60.68564892,-31.62404578],[-60.68555825,-31.62364796]]},"properties":{"layer":"Subcuencas","entity_type":"LWPOLYLINE","handle":"129739"}},{"type":"Feature","geometry":{"type":"LineString","coordinates":[[-60.68156928,-31.62465867],[-60.67893123,-31.62515803]]},"properties":{"layer":"Subcuencas","entity_type":"LWPOLYLINE","handle":"12973A"}},{"type":"Feature","geometry":{"type":"LineString","coordinates":[[-60.68276789,-31.62289825],[-60.68281917,-31.62273661],[-60.68266822,-31.6221816],[-60.68237759,-31.6211791],[-60.68176595,-31.61932133],[-60.68200464,-31.61895881],[-60.68189743,-31.61864561],[-60.68148536,-31.61843398]]},"properties":{"layer":"Subcuencas","entity_type":"LWPOLYLINE","handle":"12973B"}},{"type":"Feature","geometry":{"type":"LineString","coordinates":[[-60.68576757,-31.62128467],[-60.68546752,-31.62171615],[-60.68509646,-31.62180888],[-60.68466956,-31.6215276],[-60.68440728,-31.62197138],[-60.68424821,-31.62200626],[-60.68443922,-31.62270849],[-60.68390037,-31.62279358]]},"properties":{"layer":"Subcuencas","entity_type":"LWPOLYLINE","handle":"12973C"}},{"type":"Feature","geometry":{"type":"LineString","coordinates":[[-60.67996105,-31.62886461],[-60.67914508,-31.62814623]]},"properties":{"layer":"Subcuencas","entity_type":"LWPOLYLINE","handle":"129741"}},{"type":"Feature","geometry":{"type":"LineString","coordinates":[[-60.67922187,-31.62947504],[-60.67956763,-31.62917985],[-60.68016495,-31.62870122],[-60.68105525,-31.6282679],[-60.68119139,-31.62785656],[-60.6813553,-31.62767008],[-60.68150739,-31.6277125],[-60.68195568,-31.62761285],[-60.6821056,-31.62735812],[-60.68231398,-31.62731378]]},"properties":{"layer":"Subcuencas","entity_type":"LWPOLYLINE","handle":"129742"}},{"type":"Feature","geometry":{"type":"LineString","coordinates":[[-60.67927412,-31.63057307],[-60.67950756,-31.63017451],[-60.67941925,-31.62985364],[-60.68014715,-31.62945498],[-60.68042764,-31.62960038],[-60.68079256,-31.62953417],[-60.68103699,-31.62915644],[-60.68271817,-31.62883398]]},"properties":{"layer":"Subcuencas","entity_type":"LWPOLYLINE","handle":"129743"}},{"type":"Feature","geometry":{"type":"LineString","coordinates":[[-60.6783443,-31.63099923],[-60.6790647,-31.63080103],[-60.67927412,-31.63057307],[-60.67961555,-31.63071085],[-60.68007794,-31.63062696],[-60.68025986,-31.63036425],[-60.68056734,-31.63051384],[-60.68065611,-31.63054826],[-60.68107083,-31.63046462],[-60.68133564,-31.63008456],[-60.68173188,-31.63026857],[-60.68218741,-31.63017889],[-60.68240303,-31.62986946],[-60.68278566,-31.63005355],[-60.68297012,-31.63013981]]},"properties":{"layer":"Subcuencas","entity_type":"LWPOLYLINE","handle":"129744"}},{"type":"Feature","geometry":{"type":"LineString","coordinates":[[-60.68128335,-31.6331728],[-60.68138437,-31.63288394],[-60.68130727,-31.63259604],[-60.68082682,-31.63227824],[-60.68028372,-31.63236923],[-60.67986033,-31.63216326],[-60.67902407,-31.63236798]]},"properties":{"layer":"Subcuencas","entity_type":"LWPOLYLINE","handle":"129745"}},{"type":"Feature","geometry":{"type":"LineString","coordinates":[[-60.68392993,-31.63299159],[-60.68176357,-31.63345856],[-60.68165084,-31.63342713],[-60.68128335,-31.6331728],[-60.68025315,-31.63332246],[-60.67958492,-31.63347494]]},"properties":{"layer":"Subcuencas","entity_type":"LWPOLYLINE","handle":"129746"}},{"type":"Feature","geometry":{"type":"LineString","coordinates":[[-60.68082682,-31.63227824],[-60.68351279,-31.63172939]]},"properties":{"layer":"Subcuencas","entity_type":"LWPOLYLINE","handle":"129747"}},{"type":"Feature","geometry":{"type":"LineString","coordinates":[[-60.68426546,-31.64122691],[-60.68415533,-31.64114907],[-60.68426345,-31.64111452],[-60.68437022,-31.64104975],[-60.68446647,-31.64095254],[-60.68452183,-31.64084758],[-60.68454085,-31.6407664]]},"properties":{"layer":"Subcuencas","entity_type":"LWPOLYLINE","handle":"129748"}},{"type":"Feature","geometry":{"type":"LineString","coordinates":[[-60.6846349,-31.64087051],[-60.68458071,-31.64098246],[-60.68443637,-31.64113556],[-60.68434261,-31.64119314],[-60.68426546,-31.64122691]]},"properties":{"layer":"Subcuencas","entity_type":"LWPOLYLINE","handle":"129749"}},{"type":"Feature","geometry":{"type":"LineString","coordinates":[[-60.68565829,-31.6409027],[-60.68466072,-31.64108803]]},"properties":{"layer":"Subcuencas","entity_type":"LWPOLYLINE","handle":"12974A"}},{"type":"Feature","geometry":{"type":"MultiLineString","coordinates":[[[-60.6843299,-31.64170234],[-60.68431129,-31.64157561],[-60.68435828,-31.64150228],[-60.68438668,-31.64148588],[-60.68464387,-31.64155758],[-60.6846914,-31.64155733],[-60.68466265,-31.641525],[-60.68440465,-31.64140446],[-60.68420698,-31.64133384],[-60.6840948,-31.64130137],[-60.68416579,-31.64117851],[-60.68426524,-31.64125281],[-60.68446935,-31.64132757],[-60.68474229,-31.64146405],[-60.68479507,-31.64143497],[-60.68472327,-31.64128115],[-60.68467531,-31.64106264],[-60.68463645,-31.64087223],[-60.684544989357285,-31.64077098230316]],[[-60.684544989357285,-31.64077098230316],[-60.68454085,-31.6407664],[-60.68454499,-31.64077099],[-60.684544989357285,-31.64077098230316]],[[-60.684544989357285,-31.64077098230316],[-60.68453312,-31.64062884],[-60.68440579,-31.64049241]]]},"properties":{"layer":"Subcuencas","entity_type":"LWPOLYLINE","handle":"12974B"}},{"type":"Feature","geometry":{"type":"LineString","coordinates":[[-60.68428811,-31.63981455],[-60.68415533,-31.63992086],[-60.68401353,-31.64001595],[-60.68385942,-31.64010172],[-60.68368954,-31.64017942],[-60.6836474,-31.64008388],[-60.68377909,-31.6400253],[-60.68391758,-31.63995148],[-60.68404695,-31.63986844],[-60.68416033,-31.6397828]]},"properties":{"layer":"Subcuencas","entity_type":"LWPOLYLINE","handle":"12974C"}},{"type":"Feature","geometry":{"type":"LineString","coordinates":[[-60.68447453,-31.63991268],[-60.68435346,-31.63999473],[-60.68428072,-31.64004594],[-60.68407064,-31.64017447],[-60.68387411,-31.64026243],[-60.68382576,-31.64022933],[-60.68381754,-31.6401746],[-60.68402459,-31.64007787],[-60.68420662,-31.63997199],[-60.68437668,-31.63985233]]},"properties":{"layer":"Subcuencas","entity_type":"LWPOLYLINE","handle":"12974D"}},{"type":"Feature","geometry":{"type":"LineString","coordinates":[[-60.68440579,-31.64049241],[-60.68420472,-31.6404],[-60.68397984,-31.64037248],[-60.68399771,-31.64027474],[-60.68413581,-31.64029013],[-60.68435689,-31.64035053],[-60.68450527,-31.64044092],[-60.68463474,-31.64060165],[-60.68470265,-31.64078804],[-60.68474162,-31.64091775],[-60.68475435,-31.64087338],[-60.68472101,-31.64069863],[-60.6847011,-31.64057693],[-60.68470009,-31.6404389],[-60.68469866,-31.64024403],[-60.68465024,-31.64012249],[-60.68451428,-31.63993942],[-60.68437149,-31.63984981],[-60.68428811,-31.63981455],[-60.68416321,-31.63978232]]},"properties":{"layer":"Subcuencas","entity_type":"LWPOLYLINE","handle":"12974E"}},{"type":"Feature","geometry":{"type":"LineString","coordinates":[[-60.68524392,-31.63747589],[-60.68424447,-31.63768101],[-60.68415089,-31.63770554],[-60.68407659,-31.63780204],[-60.68375197,-31.63828431],[-60.68328144,-31.63804657],[-60.6829632,-31.63812035],[-60.68291744,-31.63827276],[-60.68294627,-31.63836871],[-60.68252531,-31.63849911],[-60.68221491,-31.6386617]]},"properties":{"layer":"Subcuencas","entity_type":"LWPOLYLINE","handle":"12974F"}},{"type":"Feature","geometry":{"type":"LineString","coordinates":[[-60.68498043,-31.63656119],[-60.68488338,-31.63658837],[-60.6848559,-31.63667662],[-60.68454043,-31.63712681],[-60.68412639,-31.6369208],[-60.6836864,-31.63701125],[-60.68345448,-31.63734887],[-60.68304987,-31.63715081],[-60.68270346,-31.63721673],[-60.68259253,-31.63743357],[-60.68215283,-31.63756406],[-60.68202913,-31.63731644],[-60.68159323,-31.63743857]]},"properties":{"layer":"Subcuencas","entity_type":"LWPOLYLINE","handle":"129750"}},{"type":"Feature","geometry":{"type":"LineString","coordinates":[[-60.68551264,-31.63839529],[-60.68441243,-31.63862853],[-60.68433807,-31.63871703],[-60.68403143,-31.63909509],[-60.68376019,-31.63918464],[-60.6834139,-31.63935283]]},"properties":{"layer":"Subcuencas","entity_type":"LWPOLYLINE","handle":"129751"}},{"type":"Feature","geometry":{"type":"LineString","coordinates":[[-60.68461298,-31.64007232],[-60.68461658,-31.64017125],[-60.68462349,-31.64036104],[-60.68464622,-31.64059714]]},"properties":{"layer":"Subcuencas","entity_type":"LWPOLYLINE","handle":"129752"}},{"type":"Feature","geometry":{"type":"LineString","coordinates":[[-60.68411377,-31.63967301],[-60.68426103,-31.63970116],[-60.68438222,-31.63974209],[-60.68464454,-31.63992041],[-60.68476122,-31.64008582],[-60.68480496,-31.64020287]]},"properties":{"layer":"Subcuencas","entity_type":"LWPOLYLINE","handle":"129753"}},{"type":"Feature","geometry":{"type":"LineString","coordinates":[[-60.68536209,-31.63997251],[-60.68514252,-31.63985597],[-60.68504228,-31.63979748],[-60.68479705,-31.63985782],[-60.68469095,-31.63976999],[-60.68454523,-31.63979044],[-60.68450967,-31.63982873]]},"properties":{"layer":"Subcuencas","entity_type":"LWPOLYLINE","handle":"129754"}},{"type":"Feature","geometry":{"type":"LineString","coordinates":[[-60.68450831,-31.64044638],[-60.68450688,-31.64034385],[-60.68450241,-31.64022076],[-60.68449785,-31.64009508],[-60.68451367,-31.6399441]]},"properties":{"layer":"Subcuencas","entity_type":"LWPOLYLINE","handle":"129755"}},{"type":"Feature","geometry":{"type":"LineString","coordinates":[[-60.68577478,-31.63927009],[-60.68567232,-31.63949989],[-60.68536209,-31.63997251]]},"properties":{"layer":"Subcuencas","entity_type":"LWPOLYLINE","handle":"129756"}},{"type":"Feature","geometry":{"type":"LineString","coordinates":[[-60.68614659,-31.64049283],[-60.68590873,-31.64053295],[-60.68565829,-31.6409027]]},"properties":{"layer":"Subcuencas","entity_type":"LWPOLYLINE","handle":"129757"}},{"type":"Feature","geometry":{"type":"LineString","coordinates":[[-60.68416926,-31.63379412],[-60.68155612,-31.63436304],[-60.68087273,-31.63450284],[-60.68064825,-31.63457612],[-60.68084793,-31.63495948],[-60.68040692,-31.6350973]]},"properties":{"layer":"Subcuencas","entity_type":"LWPOLYLINE","handle":"129758"}},{"type":"Feature","geometry":{"type":"LineString","coordinates":[[-60.6846239,-31.63532702],[-60.68436829,-31.63538506],[-60.68410438,-31.63519426],[-60.68379541,-31.63525197],[-60.6836747,-31.6354128],[-60.68321603,-31.63551136],[-60.68302764,-31.63539223],[-60.68278418,-31.63543358],[-60.68249221,-31.63525094],[-60.68215517,-31.63531681],[-60.68198835,-31.63558199],[-60.68173557,-31.6356314],[-60.68168957,-31.63575178],[-60.68131532,-31.63585789],[-60.68142952,-31.63608954],[-60.6809565,-31.63618195]]},"properties":{"layer":"Subcuencas","entity_type":"LWPOLYLINE","handle":"129759"}},{"type":"Feature","geometry":{"type":"LineString","coordinates":[[-60.68231398,-31.62731378],[-60.68223842,-31.62705115],[-60.68223088,-31.62695219],[-60.68218185,-31.62677192],[-60.68212544,-31.62651598],[-60.68206926,-31.626226]]},"properties":{"layer":"Subcuencas","entity_type":"LWPOLYLINE","handle":"12975A"}},{"type":"Feature","geometry":{"type":"LineString","coordinates":[[-60.68422053,-31.63091607],[-60.68392636,-31.63021528],[-60.68380185,-31.62980083],[-60.68379929,-31.62945059],[-60.68385785,-31.62915191],[-60.68399185,-31.62878797],[-60.68432258,-31.62833216],[-60.68471527,-31.62804466],[-60.68519965,-31.62783451],[-60.68563922,-31.62772837],[-60.68620103,-31.62772535],[-60.68654966,-31.62775428]]},"properties":{"layer":"Subcuencas","entity_type":"LWPOLYLINE","handle":"12975B"}},{"type":"Feature","geometry":{"type":"LineString","coordinates":[[-60.68333729,-31.63109987],[-60.68305954,-31.63011784],[-60.68231398,-31.62731378]]},"properties":{"layer":"Subcuencas","entity_type":"LWPOLYLINE","handle":"12975C"}},{"type":"Feature","geometry":{"type":"LineString","coordinates":[[-60.67836,-31.62961509],[-60.67822482,-31.62920582],[-60.67820928,-31.62893859],[-60.67825563,-31.62863701]]},"properties":{"layer":"Subcuencas","entity_type":"LWPOLYLINE","handle":"12975D"}},{"type":"Feature","geometry":{"type":"LineString","coordinates":[[-60.67856579,-31.62969304],[-60.67865323,-31.6295413],[-60.67877935,-31.629492],[-60.6789054,-31.6294319]]},"properties":{"layer":"Subcuencas","entity_type":"LWPOLYLINE","handle":"12975E"}},{"type":"Feature","geometry":{"type":"LineString","coordinates":[[-60.67836,-31.62961509],[-60.67847251,-31.62969218],[-60.67858317,-31.62968833]]},"properties":{"layer":"Subcuencas","entity_type":"LWPOLYLINE","handle":"12975F"}},{"type":"Feature","geometry":{"type":"LineString","coordinates":[[-60.6789054,-31.6294319],[-60.67902636,-31.6293539],[-60.67922187,-31.62947504]]},"properties":{"layer":"Subcuencas","entity_type":"LWPOLYLINE","handle":"129760"}},{"type":"Feature","geometry":{"type":"LineString","coordinates":[[-60.72007481,-31.55678259],[-60.71906363,-31.55849621],[-60.71895134,-31.5592365],[-60.71900149,-31.56064829],[-60.71898887,-31.56082158],[-60.71899044,-31.56102611],[-60.71918182,-31.56171821],[-60.71914247,-31.56178661],[-60.71873484,-31.56235708],[-60.71945877,-31.56487989]]},"properties":{"layer":"Subcuencas","entity_type":"LWPOLYLINE","handle":"179889"}},{"type":"Feature","geometry":{"type":"LineString","coordinates":[[-60.72372218,-31.55596387],[-60.7227385,-31.55833443],[-60.72307138,-31.56041682],[-60.72357759,-31.56189469],[-60.72350235,-31.56200901],[-60.72254146,-31.56326738],[-60.71919791,-31.56397082]]},"properties":{"layer":"Subcuencas","entity_type":"LWPOLYLINE","handle":"17988A"}},{"type":"Feature","geometry":{"type":"LineString","coordinates":[[-60.72254146,-31.56326738],[-60.7227358,-31.56379017],[-60.72473038,-31.56330699],[-60.72553241,-31.56597371]]},"properties":{"layer":"Subcuencas","entity_type":"LWPOLYLINE","handle":"17988B"}},{"type":"Feature","geometry":{"type":"MultiLineString","coordinates":[[[-60.73070595,-31.56382872],[-60.72984554,-31.56208016]],[[-60.72984554,-31.56208016],[-60.72929112,-31.56175789],[-60.72866088,-31.56150906],[-60.72823235,-31.56024231],[-60.72879629,-31.55934414],[-60.72909976,-31.55921224],[-60.72914364,-31.55996049],[-60.72935867,-31.56069149],[-60.72953538,-31.56139017],[-60.72984554,-31.56208016]]]},"properties":{"layer":"Subcuencas","entity_type":"LWPOLYLINE","handle":"17988C"}},{"type":"Feature","geometry":{"type":"LineString","coordinates":[[-60.72831587,-31.56048919],[-60.72734123,-31.56067045],[-60.72667328,-31.56043017],[-60.72566645,-31.56066369],[-60.72576425,-31.56100484],[-60.72557672,-31.56136389],[-60.72552013,-31.5614293],[-60.72357759,-31.56189469]]},"properties":{"layer":"Subcuencas","entity_type":"LWPOLYLINE","handle":"17988D"}},{"type":"Feature","geometry":{"type":"LineString","coordinates":[[-60.73309339,-31.55445495],[-60.73698932,-31.55874224],[-60.7373609,-31.56013941],[-60.73755409,-31.56027906],[-60.73783495,-31.56109857],[-60.73813588,-31.56117731],[-60.73857006,-31.56247605]]},"properties":{"layer":"Subcuencas","entity_type":"LWPOLYLINE","handle":"17988E"}},{"type":"Feature","geometry":{"type":"LineString","coordinates":[[-60.75341117,-31.55585391],[-60.75353381,-31.5562862],[-60.75354282,-31.5574069],[-60.75347065,-31.55954693],[-60.75344296,-31.55980936],[-60.75274377,-31.56126783]]},"properties":{"layer":"Subcuencas","entity_type":"LWPOLYLINE","handle":"179891"}},{"type":"Feature","geometry":{"type":"LineString","coordinates":[[-60.72909976,-31.55921224],[-60.72931705,-31.55818214],[-60.72937322,-31.55780272],[-60.72876926,-31.55616342],[-60.72816529,-31.55500346]]},"properties":{"layer":"Subcuencas","entity_type":"LWPOLYLINE","handle":"179896"}},{"type":"Feature","geometry":{"type":"LineString","coordinates":[[-60.75317741,-31.55397562],[-60.75329748,-31.55452719],[-60.75351021,-31.55521463],[-60.75362864,-31.55562715],[-60.7536307,-31.55588294]]},"properties":{"layer":"Subcuencas","entity_type":"LWPOLYLINE","handle":"179899"}},{"type":"Feature","geometry":{"type":"LineString","coordinates":[[-60.71945877,-31.56487989],[-60.71930757,-31.56549578]]},"properties":{"layer":"Subcuencas","entity_type":"LWPOLYLINE","handle":"17989A"}},{"type":"Feature","geometry":{"type":"LineString","coordinates":[[-60.7563086,-31.55928243],[-60.7558952,-31.56187982],[-60.75578757,-31.56243077],[-60.75572618,-31.56275969],[-60.75592338,-31.56338826],[-60.75622858,-31.56350967],[-60.75639289,-31.56402892],[-60.75625027,-31.56421314],[-60.7563163,-31.56445917],[-60.75660549,-31.56458067],[-60.75673701,-31.56500428],[-60.75661058,-31.56521038],[-60.75665994,-31.56537437],[-60.75685273,-31.56545537],[-60.75672586,-31.56560671],[-60.75679156,-31.56581167],[-60.7569672,-31.56591848],[-60.75709225,-31.56600897]]},"properties":{"layer":"Subcuencas","entity_type":"LWPOLYLINE","handle":"17989B"}},{"type":"Feature","geometry":{"type":"LineString","coordinates":[[-60.75631445,-31.56378103],[-60.75528019,-31.56404395],[-60.75106004,-31.56511567],[-60.75069599,-31.56500692],[-60.75056295,-31.56509567],[-60.75029488,-31.56502687],[-60.7499765,-31.56509911],[-60.74989532,-31.56524034],[-60.74974021,-31.56514449],[-60.74966608,-31.56488101],[-60.74974748,-31.56476617],[-60.74969427,-31.56454656],[-60.75038262,-31.56441936],[-60.75049452,-31.56426035],[-60.75030281,-31.56347218],[-60.75014873,-31.5604958]]},"properties":{"layer":"Subcuencas","entity_type":"LWPOLYLINE","handle":"17989C"}},{"type":"Feature","geometry":{"type":"LineString","coordinates":[[-60.75152825,-31.56499677],[-60.75159677,-31.56525433],[-60.75134243,-31.56530423],[-60.75149732,-31.56579537],[-60.75108306,-31.56590267],[-60.75122813,-31.56634548],[-60.75055787,-31.56653007],[-60.75046469,-31.56667581],[-60.75052292,-31.56687714],[-60.75075651,-31.56777115],[-60.75087397,-31.56829956],[-60.75078059,-31.56842111],[-60.75059358,-31.56863194],[-60.74999074,-31.56875647],[-60.75014702,-31.569421],[-60.7480276,-31.57138791],[-60.747829,-31.57169046]]},"properties":{"layer":"Subcuencas","entity_type":"LWPOLYLINE","handle":"17989D"}},{"type":"Feature","geometry":{"type":"LineString","coordinates":[[-60.75075651,-31.56777115],[-60.7508141,-31.56766027],[-60.75095387,-31.56744165],[-60.75233813,-31.56711085],[-60.75242175,-31.56694903],[-60.75271363,-31.56687471],[-60.75295026,-31.56697012],[-60.7542724,-31.56666386],[-60.75447781,-31.56639645],[-60.75453351,-31.56628319],[-60.75645716,-31.56580884],[-60.75659841,-31.56577574],[-60.75679156,-31.56581167]]},"properties":{"layer":"Subcuencas","entity_type":"LWPOLYLINE","handle":"17989E"}},{"type":"Feature","geometry":{"type":"LineString","coordinates":[[-60.75400099,-31.56436883],[-60.75411042,-31.56442574],[-60.7543755,-31.56453834],[-60.75426425,-31.56472212],[-60.75432247,-31.56495309],[-60.75449217,-31.56502919],[-60.75439189,-31.56517436],[-60.75446162,-31.56543417],[-60.75459758,-31.56552011],[-60.75451992,-31.56567478],[-60.75458926,-31.56588641],[-60.75472522,-31.56597234],[-60.75459158,-31.56617553],[-60.75453351,-31.56628319]]},"properties":{"layer":"Subcuencas","entity_type":"LWPOLYLINE","handle":"17989F"}},{"type":"Feature","geometry":{"type":"LineString","coordinates":[[-60.74989532,-31.56524034],[-60.74993867,-31.5654338],[-60.74929904,-31.56555285],[-60.74924147,-31.56538023],[-60.74899324,-31.56525678],[-60.7489252,-31.5651803],[-60.74888102,-31.56527665],[-60.74874785,-31.56548882],[-60.74807458,-31.56561768],[-60.74782628,-31.56548461],[-60.74775839,-31.56542735],[-60.74772529,-31.56550442],[-60.74758081,-31.56570704],[-60.74769648,-31.56611954],[-60.74758495,-31.56622589],[-60.74766584,-31.56650406],[-60.74783509,-31.56658955],[-60.74796216,-31.5670212],[-60.74787298,-31.56711199],[-60.74795387,-31.56739017],[-60.74843887,-31.56760833],[-60.74820548,-31.56793639],[-60.74835667,-31.56857348],[-60.74910855,-31.56843455],[-60.75056682,-31.56808969],[-60.75066627,-31.56787772],[-60.75075898,-31.56778227]]},"properties":{"layer":"Subcuencas","entity_type":"LWPOLYLINE","handle":"1798A0"}},{"type":"Feature","geometry":{"type":"LineString","coordinates":[[-60.74835667,-31.56857348],[-60.7454686,-31.56916687],[-60.74529551,-31.56860097]]},"properties":{"layer":"Subcuencas","entity_type":"LWPOLYLINE","handle":"1798A1"}},{"type":"Feature","geometry":{"type":"LineString","coordinates":[[-60.74632947,-31.56899],[-60.74575475,-31.56699365],[-60.7459792,-31.5669539],[-60.74603493,-31.56689592]]},"properties":{"layer":"Subcuencas","entity_type":"LWPOLYLINE","handle":"1798A2"}},{"type":"Feature","geometry":{"type":"LineString","coordinates":[[-60.74758081,-31.56570704],[-60.74583719,-31.56605638],[-60.7460683,-31.56685255],[-60.74603493,-31.56689592]]},"properties":{"layer":"Subcuencas","entity_type":"LWPOLYLINE","handle":"1798A3"}},{"type":"Feature","geometry":{"type":"LineString","coordinates":[[-60.7472684,-31.56576963],[-60.74720415,-31.56553913],[-60.74704644,-31.56549201],[-60.74678702,-31.56537443],[-60.74667181,-31.56501958],[-60.74678297,-31.56486519],[-60.74670239,-31.56462544],[-60.74653313,-31.56453996],[-60.7458365,-31.5609927]]},"properties":{"layer":"Subcuencas","entity_type":"LWPOLYLINE","handle":"1798A4"}},{"type":"Feature","geometry":{"type":"LineString","coordinates":[[-60.74347953,-31.56173748],[-60.74349146,-31.56226701],[-60.74352933,-31.56286196],[-60.74353812,-31.56292568],[-60.74357564,-31.56382614],[-60.7435563,-31.56458509],[-60.74401204,-31.56449572],[-60.74443024,-31.56606517],[-60.74484806,-31.56599006],[-60.74501348,-31.56606498],[-60.74524265,-31.56618289],[-60.74583719,-31.56605638]]},"properties":{"layer":"Subcuencas","entity_type":"LWPOLYLINE","handle":"1798A5"}},{"type":"Feature","geometry":{"type":"LineString","coordinates":[[-60.74443024,-31.56606517],[-60.74305044,-31.56634742],[-60.74319394,-31.5668561],[-60.74252303,-31.56699437],[-60.7423858,-31.56727702],[-60.74172761,-31.56742177],[-60.7415848,-31.56699981],[-60.74163466,-31.56689112],[-60.74178483,-31.56664091],[-60.74157622,-31.5659158],[-60.74168947,-31.56580674],[-60.74145512,-31.56503306],[-60.74192354,-31.56494362],[-60.74204383,-31.56252119],[-60.74192008,-31.56210039]]},"properties":{"layer":"Subcuencas","entity_type":"LWPOLYLINE","handle":"1798A6"}},{"type":"Feature","geometry":{"type":"LineString","coordinates":[[-60.74319394,-31.5668561],[-60.74330231,-31.56726602],[-60.74397151,-31.5671308],[-60.74422295,-31.56714127],[-60.74472781,-31.56741293],[-60.74489348,-31.56717318],[-60.74575475,-31.56699365]]},"properties":{"layer":"Subcuencas","entity_type":"LWPOLYLINE","handle":"1798A7"}},{"type":"Feature","geometry":{"type":"LineString","coordinates":[[-60.74472781,-31.56741293],[-60.74427138,-31.56796478],[-60.7452531,-31.56849631],[-60.74529551,-31.56860097]]},"properties":{"layer":"Subcuencas","entity_type":"LWPOLYLINE","handle":"1798A8"}},{"type":"Feature","geometry":{"type":"LineString","coordinates":[[-60.7450043,-31.5683616],[-60.7431746,-31.56877107],[-60.74286769,-31.56880867],[-60.74189193,-31.56902924],[-60.74161105,-31.5688279],[-60.74142905,-31.56876927],[-60.74178586,-31.57001693]]},"properties":{"layer":"Subcuencas","entity_type":"LWPOLYLINE","handle":"1798A9"}},{"type":"Feature","geometry":{"type":"LineString","coordinates":[[-60.74142905,-31.56876927],[-60.74124298,-31.56819609],[-60.74138186,-31.56809978],[-60.74176953,-31.56767966],[-60.74172761,-31.56742177]]},"properties":{"layer":"Subcuencas","entity_type":"LWPOLYLINE","handle":"1798AA"}},{"type":"Feature","geometry":{"type":"LineString","coordinates":[[-60.74124298,-31.56819609],[-60.7410473,-31.56817335],[-60.74085096,-31.56806704],[-60.74076472,-31.56775713],[-60.74024339,-31.5678676],[-60.74014339,-31.56758164],[-60.74025415,-31.56746161],[-60.74015395,-31.56715178],[-60.74001366,-31.56706902],[-60.73977025,-31.56630633],[-60.7396442,-31.56625931],[-60.73955835,-31.56599715],[-60.73873593,-31.56618099],[-60.73865168,-31.56612178],[-60.73853803,-31.56596983]]},"properties":{"layer":"Subcuencas","entity_type":"LWPOLYLINE","handle":"1798AB"}},{"type":"Feature","geometry":{"type":"LineString","coordinates":[[-60.74583535,-31.57291581],[-60.74539652,-31.57153845],[-60.7454946,-31.57143926],[-60.74582079,-31.57101472],[-60.74641286,-31.57087039],[-60.7458749,-31.5690834]]},"properties":{"layer":"Subcuencas","entity_type":"LWPOLYLINE","handle":"1798AC"}},{"type":"Feature","geometry":{"type":"LineString","coordinates":[[-60.74613993,-31.56996377],[-60.74324683,-31.57059299],[-60.74297007,-31.57101724],[-60.74290494,-31.57111623],[-60.74194087,-31.57129333]]},"properties":{"layer":"Subcuencas","entity_type":"LWPOLYLINE","handle":"1798AD"}},{"type":"Feature","geometry":{"type":"LineString","coordinates":[[-60.73853803,-31.56596983],[-60.73821827,-31.56619848],[-60.73812138,-31.5663105],[-60.73790998,-31.56636745],[-60.73769979,-31.56657766],[-60.73788364,-31.56716178],[-60.73757447,-31.56721929],[-60.73770834,-31.56766437],[-60.73783892,-31.56769148],[-60.73800649,-31.5682757],[-60.74024339,-31.5678676]]},"properties":{"layer":"Subcuencas","entity_type":"LWPOLYLINE","handle":"1798AE"}},{"type":"Feature","geometry":{"type":"LineString","coordinates":[[-60.73800649,-31.5682757],[-60.73851896,-31.56978362],[-60.73791175,-31.56991878],[-60.73778284,-31.57016967],[-60.73772651,-31.57026087]]},"properties":{"layer":"Subcuencas","entity_type":"LWPOLYLINE","handle":"1798AF"}},{"type":"Feature","geometry":{"type":"LineString","coordinates":[[-60.73800649,-31.5682757],[-60.73771376,-31.56835256],[-60.73746856,-31.56825644],[-60.73676894,-31.5683998],[-60.73640036,-31.5671201],[-60.73555441,-31.5673061],[-60.7351362,-31.56800515],[-60.73503919,-31.56810324],[-60.73497477,-31.56820114],[-60.73458137,-31.56873285],[-60.7346308,-31.56888256],[-60.73404672,-31.56899641],[-60.73398623,-31.5690898],[-60.73378379,-31.56929738],[-60.73357326,-31.56933929],[-60.73411444,-31.57116497]]},"properties":{"layer":"Subcuencas","entity_type":"LWPOLYLINE","handle":"1798B0"}},{"type":"Feature","geometry":{"type":"LineString","coordinates":[[-60.73404672,-31.56899641],[-60.73393047,-31.56891434],[-60.7336286,-31.56877581],[-60.73376349,-31.56854125],[-60.73366568,-31.56827296],[-60.73318558,-31.56807123],[-60.73305943,-31.56767452],[-60.73345251,-31.56723977],[-60.73352005,-31.56713418],[-60.73446171,-31.56691837],[-60.73453144,-31.56709331],[-60.73420553,-31.56737572],[-60.73433214,-31.56783087],[-60.73493533,-31.5680378],[-60.73505852,-31.56808369]]},"properties":{"layer":"Subcuencas","entity_type":"LWPOLYLINE","handle":"1798B1"}},{"type":"Feature","geometry":{"type":"LineString","coordinates":[[-60.7336286,-31.56877581],[-60.73219525,-31.56905879],[-60.73211075,-31.56874367],[-60.73148296,-31.56888753],[-60.73028746,-31.56915615],[-60.73022129,-31.56943706],[-60.73055105,-31.56964558],[-60.73060765,-31.56989073],[-60.73021345,-31.57018521],[-60.73024684,-31.57096112],[-60.73001552,-31.57110271],[-60.73005734,-31.57181508]]},"properties":{"layer":"Subcuencas","entity_type":"LWPOLYLINE","handle":"1798B2"}},{"type":"Feature","geometry":{"type":"LineString","coordinates":[[-60.73028746,-31.56915615],[-60.7303539,-31.56890914],[-60.73069268,-31.56852146],[-60.73066178,-31.56806577],[-60.73062884,-31.5673483],[-60.73072737,-31.56595673],[-60.73073544,-31.56523903],[-60.73066517,-31.56499396],[-60.73030786,-31.56491444]]},"properties":{"layer":"Subcuencas","entity_type":"LWPOLYLINE","handle":"1798B3"}},{"type":"Feature","geometry":{"type":"LineString","coordinates":[[-60.73352005,-31.56713418],[-60.73299736,-31.56532897],[-60.73282883,-31.56475717],[-60.73240248,-31.56351259]]},"properties":{"layer":"Subcuencas","entity_type":"LWPOLYLINE","handle":"1798B4"}},{"type":"Feature","geometry":{"type":"LineString","coordinates":[[-60.73920631,-31.56230742],[-60.73948352,-31.56313736],[-60.73895571,-31.56555183],[-60.73850531,-31.56564794],[-60.73853803,-31.56596983]]},"properties":{"layer":"Subcuencas","entity_type":"LWPOLYLINE","handle":"1798B5"}},{"type":"Feature","geometry":{"type":"LineString","coordinates":[[-60.73853009,-31.5658917],[-60.7376612,-31.566097],[-60.73759239,-31.56603895],[-60.73563538,-31.56404793],[-60.73521528,-31.56281569]]},"properties":{"layer":"Subcuencas","entity_type":"LWPOLYLINE","handle":"1798B6"}},{"type":"Feature","geometry":{"type":"LineString","coordinates":[[-60.73030786,-31.56491444],[-60.73024418,-31.56508009],[-60.73004848,-31.56528363],[-60.72987266,-31.56635297],[-60.72992851,-31.56676874],[-60.72941819,-31.56710903],[-60.72950586,-31.56823309],[-60.72932207,-31.56827912],[-60.7294175,-31.56871036],[-60.72906474,-31.569016],[-60.72938216,-31.5692391],[-60.7293192,-31.56959933],[-60.72916294,-31.56980264],[-60.72905003,-31.57050607],[-60.72915604,-31.57060668],[-60.72908115,-31.5711244],[-60.72892427,-31.571249],[-60.7287988,-31.57180295]]},"properties":{"layer":"Subcuencas","entity_type":"LWPOLYLINE","handle":"1798B7"}},{"type":"Feature","geometry":{"type":"LineString","coordinates":[[-60.72906474,-31.569016],[-60.72868396,-31.56910245],[-60.72852814,-31.56936199],[-60.72792406,-31.56948913],[-60.72785638,-31.56924211],[-60.72717356,-31.56939219],[-60.72703854,-31.56894314],[-60.7269591,-31.56887611],[-60.72686694,-31.56886539],[-60.72677505,-31.56888841],[-60.72653224,-31.56810939],[-60.72658425,-31.56803037],[-60.72632763,-31.56716592],[-60.72648424,-31.56700759],[-60.72639017,-31.56674947],[-60.72575664,-31.5664686],[-60.72621271,-31.56591497],[-60.72626528,-31.5658159]]},"properties":{"layer":"Subcuencas","entity_type":"LWPOLYLINE","handle":"1798B8"}},{"type":"Feature","geometry":{"type":"LineString","coordinates":[[-60.72717356,-31.56939219],[-60.72720545,-31.56953201],[-60.72713672,-31.56965151],[-60.72684309,-31.56971273],[-60.72669635,-31.56975327],[-60.72662485,-31.56951546],[-60.72500707,-31.56984941],[-60.72406491,-31.56955778],[-60.72376919,-31.56962933],[-60.72356335,-31.56982525],[-60.72418134,-31.57179573],[-60.72438101,-31.57251428],[-60.72517593,-31.57268717]]},"properties":{"layer":"Subcuencas","entity_type":"LWPOLYLINE","handle":"1798B9"}},{"type":"Feature","geometry":{"type":"LineString","coordinates":[[-60.72608629,-31.57250199],[-60.72620416,-31.57178771],[-60.72646842,-31.57161152],[-60.72655948,-31.57149745],[-60.72663025,-31.57140097],[-60.72703605,-31.57103182],[-60.72818223,-31.57076153],[-60.72851725,-31.57048886],[-60.72856609,-31.57020034],[-60.72830945,-31.57004199],[-60.72861375,-31.56976076],[-60.72852814,-31.56936199]]},"properties":{"layer":"Subcuencas","entity_type":"LWPOLYLINE","handle":"1798BA"}},{"type":"Feature","geometry":{"type":"LineString","coordinates":[[-60.72655948,-31.57149745],[-60.72650179,-31.57144106],[-60.72629591,-31.57124134],[-60.72581283,-31.56968309]]},"properties":{"layer":"Subcuencas","entity_type":"LWPOLYLINE","handle":"1798BB"}},{"type":"Feature","geometry":{"type":"LineString","coordinates":[[-60.72356335,-31.56982525],[-60.72320574,-31.56975257],[-60.72292762,-31.56981369],[-60.72254275,-31.57048278],[-60.72184739,-31.57062962],[-60.72134753,-31.56903072],[-60.72090837,-31.56890721]]},"properties":{"layer":"Subcuencas","entity_type":"LWPOLYLINE","handle":"1798BC"}},{"type":"Feature","geometry":{"type":"LineString","coordinates":[[-60.75584894,-31.56315099],[-60.7618392,-31.56178971]]},"properties":{"layer":"Subcuencas","entity_type":"LWPOLYLINE","handle":"1798BD"}},{"type":"Feature","geometry":{"type":"LineString","coordinates":[[-60.73067798,-31.56830463],[-60.72932207,-31.56827912]]},"properties":{"layer":"Subcuencas","entity_type":"LWPOLYLINE","handle":"1798BE"}},{"type":"Feature","geometry":{"type":"LineString","coordinates":[[-60.72145998,-31.5829534],[-60.72163572,-31.58372297],[-60.7215434,-31.58381437],[-60.72165269,-31.5842],[-60.72185272,-31.58428975],[-60.7220253,-31.58426605],[-60.72235878,-31.58571537]]},"properties":{"layer":"Subcuencas","entity_type":"LWPOLYLINE","handle":"1798BF"}},{"type":"Feature","geometry":{"type":"LineString","coordinates":[[-60.72348244,-31.58551364],[-60.72372882,-31.58458586],[-60.7234744,-31.58433738],[-60.72340743,-31.5842696],[-60.72332708,-31.58419053],[-60.72315266,-31.58397568],[-60.72331133,-31.58387254],[-60.72325669,-31.58367973],[-60.7230974,-31.58370335],[-60.72296381,-31.58361322],[-60.7226836,-31.58346713],[-60.72255997,-31.58294527]]},"properties":{"layer":"Subcuencas","entity_type":"LWPOLYLINE","handle":"1798C0"}},{"type":"Feature","geometry":{"type":"LineString","coordinates":[[-60.72506037,-31.58539247],[-60.72550089,-31.58483709],[-60.72564408,-31.58445003],[-60.72549597,-31.58420095],[-60.72565077,-31.58359799],[-60.72535736,-31.58346334],[-60.72524823,-31.58310044],[-60.72487422,-31.58285264],[-60.72518936,-31.58236237],[-60.72510732,-31.58206411],[-60.72478725,-31.58191824],[-60.72486356,-31.58180579]]},"properties":{"layer":"Subcuencas","entity_type":"LWPOLYLINE","handle":"1798C1"}},{"type":"Feature","geometry":{"type":"LineString","coordinates":[[-60.72636314,-31.58156391],[-60.7265847,-31.58185124],[-60.72649362,-31.58210167],[-60.72605801,-31.58247903],[-60.72599438,-31.58284291],[-60.72635476,-31.58304535]]},"properties":{"layer":"Subcuencas","entity_type":"LWPOLYLINE","handle":"1798C2"}},{"type":"Feature","geometry":{"type":"LineString","coordinates":[[-60.72687143,-31.58283793],[-60.72794154,-31.58202527],[-60.72826633,-31.58106918]]},"properties":{"layer":"Subcuencas","entity_type":"LWPOLYLINE","handle":"1798C3"}},{"type":"Feature","geometry":{"type":"LineString","coordinates":[[-60.72255997,-31.58294527],[-60.72239134,-31.5823532]]},"properties":{"layer":"Subcuencas","entity_type":"LWPOLYLINE","handle":"1798C4"}},{"type":"Feature","geometry":{"type":"LineString","coordinates":[[-60.72565077,-31.58359799],[-60.72620137,-31.58329673],[-60.72656812,-31.58307717]]},"properties":{"layer":"Subcuencas","entity_type":"LWPOLYLINE","handle":"1798C5"}},{"type":"Feature","geometry":{"type":"LineString","coordinates":[[-60.72687486,-31.58283533],[-60.72656812,-31.58307717],[-60.72634772,-31.58304139]]},"properties":{"layer":"Subcuencas","entity_type":"LWPOLYLINE","handle":"1798C6"}},{"type":"Feature","geometry":{"type":"LineString","coordinates":[[-60.72656812,-31.58307717],[-60.72678748,-31.58308342],[-60.72693661,-31.58308257],[-60.72709631,-31.58331414],[-60.72695475,-31.58428982],[-60.72643144,-31.58468275],[-60.72632919,-31.58507329],[-60.72647928,-31.58519612],[-60.72650688,-31.58536095],[-60.72621989,-31.58568504],[-60.72613508,-31.58596988]]},"properties":{"layer":"Subcuencas","entity_type":"LWPOLYLINE","handle":"1798C7"}},{"type":"Feature","geometry":{"type":"LineString","coordinates":[[-60.72695475,-31.58428982],[-60.72741339,-31.58460588],[-60.72744871,-31.58463568],[-60.72754509,-31.58462013],[-60.72860933,-31.58350873],[-60.72752644,-31.58301247],[-60.72736859,-31.58302086],[-60.72709523,-31.58331256]]},"properties":{"layer":"Subcuencas","entity_type":"LWPOLYLINE","handle":"1798C8"}},{"type":"Feature","geometry":{"type":"LineString","coordinates":[[-60.72659421,-31.5791707],[-60.72668535,-31.57930993],[-60.7272068,-31.57970492],[-60.72837811,-31.57994364],[-60.72916089,-31.57981285],[-60.72951496,-31.57872613],[-60.72959564,-31.57850601],[-60.72925457,-31.57702883],[-60.72920349,-31.57681782],[-60.72926705,-31.57649507]]},"properties":{"layer":"Subcuencas","entity_type":"LWPOLYLINE","handle":"1798C9"}},{"type":"Feature","geometry":{"type":"LineString","coordinates":[[-60.72860933,-31.58350873],[-60.72970018,-31.58346385],[-60.73014719,-31.58372895],[-60.73084531,-31.58407347],[-60.73126205,-31.58400421],[-60.7314886,-31.58406979],[-60.73157605,-31.58413618],[-60.73176707,-31.58410536],[-60.73204548,-31.58413349],[-60.73226245,-31.58419145],[-60.73208953,-31.58449317]]},"properties":{"layer":"Subcuencas","entity_type":"LWPOLYLINE","handle":"1798CA"}},{"type":"Feature","geometry":{"type":"LineString","coordinates":[[-60.7295874,-31.58589451],[-60.7295353,-31.58553751],[-60.72978486,-31.5852091],[-60.72985353,-31.58509724],[-60.72974632,-31.58472628],[-60.72932088,-31.58479559],[-60.72903273,-31.58349131]]},"properties":{"layer":"Subcuencas","entity_type":"LWPOLYLINE","handle":"1798CB"}},{"type":"Feature","geometry":{"type":"LineString","coordinates":[[-60.73903887,-31.58294736],[-60.73884846,-31.58262725]]},"properties":{"layer":"Subcuencas","entity_type":"LWPOLYLINE","handle":"1798CC"}},{"type":"Feature","geometry":{"type":"LineString","coordinates":[[-60.73884846,-31.58262725],[-60.73922368,-31.58137757],[-60.73879872,-31.58147101],[-60.73872741,-31.58142593],[-60.73844231,-31.58126079],[-60.73764535,-31.58141702],[-60.73745228,-31.5816759],[-60.73738205,-31.58176729],[-60.73653187,-31.58192382],[-60.73662318,-31.58225687],[-60.73377169,-31.58280398],[-60.73346862,-31.5826086],[-60.73323977,-31.58251106]]},"properties":{"layer":"Subcuencas","entity_type":"LWPOLYLINE","handle":"1798CD"}},{"type":"Feature","geometry":{"type":"LineString","coordinates":[[-60.73356316,-31.57886183],[-60.73414584,-31.57938569],[-60.73515063,-31.5798708]]},"properties":{"layer":"Subcuencas","entity_type":"LWPOLYLINE","handle":"1798CE"}},{"type":"Feature","geometry":{"type":"LineString","coordinates":[[-60.74064109,-31.57986926],[-60.74004545,-31.57966114],[-60.73882742,-31.57992894],[-60.73857057,-31.57900591],[-60.73812467,-31.57872402],[-60.73801293,-31.57868687],[-60.73783986,-31.57871481],[-60.7376339,-31.57856785],[-60.73736652,-31.57862327],[-60.73676345,-31.57806111],[-60.73664957,-31.57760387],[-60.73629269,-31.57767824]]},"properties":{"layer":"Subcuencas","entity_type":"LWPOLYLINE","handle":"1798CF"}},{"type":"Feature","geometry":{"type":"LineString","coordinates":[[-60.74259807,-31.5748915],[-60.74074058,-31.57601041],[-60.73882283,-31.57719556],[-60.73699332,-31.57834231],[-60.73597563,-31.57908344],[-60.73515063,-31.5798708],[-60.73461468,-31.58045535],[-60.73421243,-31.58092432],[-60.73399083,-31.58122474],[-60.73350745,-31.58205787],[-60.73323977,-31.58251106]]},"properties":{"layer":"Subcuencas","entity_type":"LWPOLYLINE","handle":"1798D0"}},{"type":"Feature","geometry":{"type":"LineString","coordinates":[[-60.73323977,-31.58251106],[-60.73283756,-31.58231299],[-60.73247036,-31.5818963]]},"properties":{"layer":"Subcuencas","entity_type":"LWPOLYLINE","handle":"1798D1"}},{"type":"Feature","geometry":{"type":"LineString","coordinates":[[-60.7317937,-31.58410805],[-60.73178,-31.58353872],[-60.73178555,-31.58306423],[-60.73182852,-31.58264487],[-60.73194711,-31.58243069],[-60.73231458,-31.58210437],[-60.73247036,-31.5818963]]},"properties":{"layer":"Subcuencas","entity_type":"LWPOLYLINE","handle":"1798D2"}},{"type":"Feature","geometry":{"type":"LineString","coordinates":[[-60.73629269,-31.57767824],[-60.73578452,-31.57583697],[-60.73487925,-31.57556643],[-60.73472829,-31.57551215],[-60.73450693,-31.57470456]]},"properties":{"layer":"Subcuencas","entity_type":"LWPOLYLINE","handle":"1798D3"}},{"type":"Feature","geometry":{"type":"LineString","coordinates":[[-60.73578452,-31.57583697],[-60.73657911,-31.57570371],[-60.73683844,-31.57586767],[-60.73746115,-31.57575378],[-60.73771701,-31.57547655],[-60.73885476,-31.57523099],[-60.73908839,-31.57486198],[-60.73949635,-31.57478608],[-60.74001415,-31.57500369],[-60.74063685,-31.57488978]]},"properties":{"layer":"Subcuencas","entity_type":"LWPOLYLINE","handle":"1798D4"}},{"type":"Feature","geometry":{"type":"LineString","coordinates":[[-60.73472829,-31.57551215],[-60.73368217,-31.57569696],[-60.73100004,-31.57619921],[-60.7308697,-31.5764586],[-60.73017108,-31.57659192],[-60.72988594,-31.57639956],[-60.72926705,-31.57649507]]},"properties":{"layer":"Subcuencas","entity_type":"LWPOLYLINE","handle":"1798D5"}},{"type":"Feature","geometry":{"type":"LineString","coordinates":[[-60.73272362,-31.577923],[-60.73254481,-31.57715921],[-60.73260513,-31.57707195],[-60.73292908,-31.57689627],[-60.73366015,-31.57677909],[-60.73396322,-31.57653399],[-60.73388791,-31.57600427],[-60.73378604,-31.57597878],[-60.73373334,-31.57577193],[-60.73371273,-31.57569124]]},"properties":{"layer":"Subcuencas","entity_type":"LWPOLYLINE","handle":"1798D6"}},{"type":"Feature","geometry":{"type":"LineString","coordinates":[[-60.73450693,-31.57470456],[-60.73078549,-31.57535983],[-60.73061481,-31.57529614],[-60.73006722,-31.57539626],[-60.72989818,-31.57554272],[-60.72941123,-31.57562658]]},"properties":{"layer":"Subcuencas","entity_type":"LWPOLYLINE","handle":"1798D7"}},{"type":"Feature","geometry":{"type":"LineString","coordinates":[[-60.73194105,-31.57602301],[-60.7317413,-31.57519154]]},"properties":{"layer":"Subcuencas","entity_type":"LWPOLYLINE","handle":"1798D8"}},{"type":"Feature","geometry":{"type":"LineString","coordinates":[[-60.73194105,-31.57602301],[-60.73224808,-31.57717832],[-60.73249589,-31.57712385],[-60.73255027,-31.57715131]]},"properties":{"layer":"Subcuencas","entity_type":"LWPOLYLINE","handle":"1798D9"}},{"type":"Feature","geometry":{"type":"LineString","coordinates":[[-60.73224808,-31.57717832],[-60.72940036,-31.57766025]]},"properties":{"layer":"Subcuencas","entity_type":"LWPOLYLINE","handle":"1798DA"}},{"type":"Feature","geometry":{"type":"LineString","coordinates":[[-60.73356316,-31.57886183],[-60.73348708,-31.57881788],[-60.73221268,-31.57855327],[-60.73049021,-31.57879211]]},"properties":{"layer":"Subcuencas","entity_type":"LWPOLYLINE","handle":"1798DB"}},{"type":"Feature","geometry":{"type":"LineString","coordinates":[[-60.72959564,-31.57850601],[-60.73049021,-31.57879211]]},"properties":{"layer":"Subcuencas","entity_type":"LWPOLYLINE","handle":"1798DC"}},{"type":"Feature","geometry":{"type":"LineString","coordinates":[[-60.72916089,-31.57981285],[-60.73132552,-31.58071215],[-60.73199683,-31.58092298],[-60.73206435,-31.58099415],[-60.73231714,-31.58120737],[-60.73235409,-31.58165082],[-60.73246783,-31.58175235],[-60.73247036,-31.5818963]]},"properties":{"layer":"Subcuencas","entity_type":"LWPOLYLINE","handle":"1798DD"}},{"type":"Feature","geometry":{"type":"LineString","coordinates":[[-60.73247036,-31.5818963],[-60.73267239,-31.58167761],[-60.73288879,-31.58151895],[-60.73342361,-31.58140139],[-60.73388463,-31.5813775]]},"properties":{"layer":"Subcuencas","entity_type":"LWPOLYLINE","handle":"1798DE"}},{"type":"Feature","geometry":{"type":"LineString","coordinates":[[-60.73616991,-31.57723339],[-60.73537247,-31.57739128],[-60.73525864,-31.57732275],[-60.73394885,-31.57748249],[-60.7338362,-31.57756615],[-60.73377047,-31.57776977],[-60.73272362,-31.577923]]},"properties":{"layer":"Subcuencas","entity_type":"LWPOLYLINE","handle":"1798DF"}},{"type":"Feature","geometry":{"type":"LineString","coordinates":[[-60.74077794,-31.57993625],[-60.74088115,-31.57981694],[-60.74128033,-31.57936944],[-60.74178494,-31.57925753],[-60.74123605,-31.57752882],[-60.74188755,-31.57737996],[-60.74218433,-31.57694303],[-60.74223543,-31.57680331],[-60.7418177,-31.5753752]]},"properties":{"layer":"Subcuencas","entity_type":"LWPOLYLINE","handle":"1798E0"}},{"type":"Feature","geometry":{"type":"LineString","coordinates":[[-60.74077794,-31.57993625],[-60.74064109,-31.57986926]]},"properties":{"layer":"Subcuencas","entity_type":"LWPOLYLINE","handle":"1798E1"}},{"type":"Feature","geometry":{"type":"LineString","coordinates":[[-60.73922368,-31.58137757],[-60.7395607,-31.58026801],[-60.73941989,-31.57979868]]},"properties":{"layer":"Subcuencas","entity_type":"LWPOLYLINE","handle":"1798E2"}},{"type":"Feature","geometry":{"type":"LineString","coordinates":[[-60.74077794,-31.57993625],[-60.74151331,-31.58243459]]},"properties":{"layer":"Subcuencas","entity_type":"LWPOLYLINE","handle":"1798E3"}},{"type":"Feature","geometry":{"type":"LineString","coordinates":[[-60.73869616,-31.57034815],[-60.73906902,-31.5715218],[-60.73931916,-31.57146322],[-60.73998648,-31.57350448]]},"properties":{"layer":"Subcuencas","entity_type":"LWPOLYLINE","handle":"1798E4"}},{"type":"Feature","geometry":{"type":"LineString","coordinates":[[-60.74063685,-31.57488978],[-60.74108071,-31.57450101],[-60.74176456,-31.57435421],[-60.74201674,-31.57455272],[-60.74229461,-31.57456258]]},"properties":{"layer":"Subcuencas","entity_type":"LWPOLYLINE","handle":"1798E5"}},{"type":"Feature","geometry":{"type":"LineString","coordinates":[[-60.7410456,-31.57428697],[-60.74108071,-31.57450101]]},"properties":{"layer":"Subcuencas","entity_type":"LWPOLYLINE","handle":"1798E6"}},{"type":"Feature","geometry":{"type":"LineString","coordinates":[[-60.74084429,-31.5741825],[-60.7410456,-31.57428697]]},"properties":{"layer":"Subcuencas","entity_type":"LWPOLYLINE","handle":"1798E7"}},{"type":"Feature","geometry":{"type":"LineString","coordinates":[[-60.73998648,-31.57350448],[-60.74012402,-31.57397802],[-60.74084511,-31.57417914]]},"properties":{"layer":"Subcuencas","entity_type":"LWPOLYLINE","handle":"1798E8"}},{"type":"Feature","geometry":{"type":"LineString","coordinates":[[-60.74012402,-31.57397802],[-60.73950697,-31.57409583],[-60.73888687,-31.57382811],[-60.73895277,-31.5737135],[-60.73925115,-31.57342619]]},"properties":{"layer":"Subcuencas","entity_type":"LWPOLYLINE","handle":"1798E9"}},{"type":"Feature","geometry":{"type":"LineString","coordinates":[[-60.73925115,-31.57342619],[-60.73991529,-31.57328671]]},"properties":{"layer":"Subcuencas","entity_type":"LWPOLYLINE","handle":"1798EA"}},{"type":"Feature","geometry":{"type":"LineString","coordinates":[[-60.73970828,-31.57265351],[-60.7412464,-31.57228659],[-60.74156677,-31.5723647]]},"properties":{"layer":"Subcuencas","entity_type":"LWPOLYLINE","handle":"1798EB"}},{"type":"Feature","geometry":{"type":"LineString","coordinates":[[-60.73888687,-31.57382811],[-60.73883766,-31.57394263],[-60.73857314,-31.57428685],[-60.73757262,-31.57449254],[-60.73728779,-31.57437995],[-60.73688763,-31.57446793],[-60.73677217,-31.57465422],[-60.73625521,-31.57475716],[-60.73610007,-31.57414405],[-60.73658363,-31.57404131],[-60.73688111,-31.57363979],[-60.73694713,-31.57353945],[-60.73719552,-31.57326672],[-60.73702379,-31.57266799],[-60.7380744,-31.57246202],[-60.73829207,-31.57253216],[-60.73864224,-31.57245874],[-60.73882426,-31.5722435],[-60.73952494,-31.57209267]]},"properties":{"layer":"Subcuencas","entity_type":"LWPOLYLINE","handle":"1798EC"}},{"type":"Feature","geometry":{"type":"LineString","coordinates":[[-60.73610007,-31.57414405],[-60.73583329,-31.5742027],[-60.73546843,-31.57453322],[-60.73516814,-31.57457779],[-60.73450693,-31.57470456]]},"properties":{"layer":"Subcuencas","entity_type":"LWPOLYLINE","handle":"1798ED"}},{"type":"Feature","geometry":{"type":"LineString","coordinates":[[-60.73808024,-31.57438818],[-60.7382954,-31.57535172]]},"properties":{"layer":"Subcuencas","entity_type":"LWPOLYLINE","handle":"1798EE"}},{"type":"Feature","geometry":{"type":"LineString","coordinates":[[-60.73690719,-31.57046245],[-60.73733371,-31.57185479],[-60.73754761,-31.5725653]]},"properties":{"layer":"Subcuencas","entity_type":"LWPOLYLINE","handle":"1798EF"}},{"type":"Feature","geometry":{"type":"LineString","coordinates":[[-60.74713644,-31.57677],[-60.74697976,-31.57684767],[-60.74666219,-31.577267],[-60.74603539,-31.57740187],[-60.74627933,-31.57824733],[-60.74558275,-31.57838261],[-60.74530722,-31.57882555],[-60.7452385,-31.57895716],[-60.74512603,-31.57885046],[-60.74464975,-31.57861468],[-60.74392546,-31.57877396],[-60.74343763,-31.57708302],[-60.74293602,-31.57716944],[-60.74238971,-31.57689827],[-60.74223543,-31.57680331]]},"properties":{"layer":"Subcuencas","entity_type":"LWPOLYLINE","handle":"1798F0"}},{"type":"Feature","geometry":{"type":"LineString","coordinates":[[-60.74676063,-31.57545512],[-60.74266877,-31.57627448],[-60.7421358,-31.57602995],[-60.74198423,-31.57594453]]},"properties":{"layer":"Subcuencas","entity_type":"LWPOLYLINE","handle":"1798F1"}},{"type":"Feature","geometry":{"type":"LineString","coordinates":[[-60.73735435,-31.57192334],[-60.7362484,-31.57217692],[-60.73585794,-31.5720543],[-60.73558359,-31.57225012],[-60.73529453,-31.57264027],[-60.73338254,-31.57302586],[-60.73318606,-31.572805],[-60.73300202,-31.57209846],[-60.73313086,-31.57197285],[-60.73338834,-31.57169388],[-60.73351795,-31.57166539],[-60.73341595,-31.57132656]]},"properties":{"layer":"Subcuencas","entity_type":"LWPOLYLINE","handle":"1798F2"}},{"type":"Feature","geometry":{"type":"LineString","coordinates":[[-60.73338254,-31.57302586],[-60.73332034,-31.57337308],[-60.73335475,-31.57362263],[-60.73381089,-31.573842],[-60.73342488,-31.5742882],[-60.73337674,-31.57435785],[-60.73351218,-31.57487972]]},"properties":{"layer":"Subcuencas","entity_type":"LWPOLYLINE","handle":"1798F3"}},{"type":"Feature","geometry":{"type":"LineString","coordinates":[[-60.7331459,-31.57265081],[-60.73302291,-31.57269494],[-60.73294231,-31.57276477],[-60.73276543,-31.57297391],[-60.732247,-31.57308787],[-60.73207935,-31.57301946],[-60.73178768,-31.57307663],[-60.73170719,-31.57316034],[-60.73065397,-31.57337448],[-60.73055833,-31.57359702],[-60.72952631,-31.57383667]]},"properties":{"layer":"Subcuencas","entity_type":"LWPOLYLINE","handle":"1798F4"}},{"type":"Feature","geometry":{"type":"LineString","coordinates":[[-60.72949218,-31.57452312],[-60.72814329,-31.574822],[-60.72823775,-31.57444685],[-60.72786202,-31.57412987],[-60.72835224,-31.57223074]]},"properties":{"layer":"Subcuencas","entity_type":"LWPOLYLINE","handle":"1798F5"}},{"type":"Feature","geometry":{"type":"LineString","coordinates":[[-60.72814329,-31.574822],[-60.7278756,-31.57587798],[-60.72800748,-31.57614085]]},"properties":{"layer":"Subcuencas","entity_type":"LWPOLYLINE","handle":"1798F6"}},{"type":"Feature","geometry":{"type":"LineString","coordinates":[[-60.72916089,-31.57981285],[-60.7282549,-31.58104821]]},"properties":{"layer":"Subcuencas","entity_type":"LWPOLYLINE","handle":"1798F7"}},{"type":"Feature","geometry":{"type":"LineString","coordinates":[[-60.72786202,-31.57412987],[-60.72488025,-31.57471887],[-60.724668,-31.57467113]]},"properties":{"layer":"Subcuencas","entity_type":"LWPOLYLINE","handle":"1798F8"}},{"type":"Feature","geometry":{"type":"LineString","coordinates":[[-60.72793259,-31.57642198],[-60.72767989,-31.57661746],[-60.72786297,-31.57681046],[-60.72777448,-31.5771059],[-60.72754841,-31.57722362],[-60.72771267,-31.57733134],[-60.72766891,-31.57754116],[-60.72760572,-31.57758809],[-60.72740622,-31.57762027],[-60.72712562,-31.57773053],[-60.72709714,-31.57790351],[-60.72726022,-31.57796436],[-60.72724275,-31.57804169],[-60.72639024,-31.57810885]]},"properties":{"layer":"Subcuencas","entity_type":"LWPOLYLINE","handle":"1798F9"}},{"type":"Feature","geometry":{"type":"LineString","coordinates":[[-60.72800512,-31.57613613],[-60.72808676,-31.57624478]]},"properties":{"layer":"Subcuencas","entity_type":"LWPOLYLINE","handle":"1798FA"}},{"type":"Feature","geometry":{"type":"LineString","coordinates":[[-60.72808676,-31.57624478],[-60.72793259,-31.57642198]]},"properties":{"layer":"Subcuencas","entity_type":"LWPOLYLINE","handle":"1798FB"}},{"type":"Feature","geometry":{"type":"LineString","coordinates":[[-60.73888632,-31.57382938],[-60.73876761,-31.57378488],[-60.73837219,-31.57364767],[-60.73738131,-31.57386844],[-60.73699927,-31.57370209],[-60.73688252,-31.57363765]]},"properties":{"layer":"Subcuencas","entity_type":"LWPOLYLINE","handle":"1798FC"}},{"type":"Feature","geometry":{"type":"LineString","coordinates":[[-60.74523906,-31.57895609],[-60.74531166,-31.57909899],[-60.74601965,-31.58146302]]},"properties":{"layer":"Subcuencas","entity_type":"LWPOLYLINE","handle":"1798FD"}},{"type":"Feature","geometry":{"type":"LineString","coordinates":[[-60.74713644,-31.57677],[-60.74759011,-31.5783684],[-60.74768531,-31.57844868],[-60.74778192,-31.57870678],[-60.74795315,-31.57883511],[-60.74858042,-31.58090326]]},"properties":{"layer":"Subcuencas","entity_type":"LWPOLYLINE","handle":"1798FE"}},{"type":"Feature","geometry":{"type":"LineString","coordinates":[[-60.75154651,-31.58025483],[-60.75150411,-31.58008464],[-60.75183271,-31.57957375],[-60.75097094,-31.5768617]]},"properties":{"layer":"Subcuencas","entity_type":"LWPOLYLINE","handle":"1798FF"}},{"type":"Feature","geometry":{"type":"LineString","coordinates":[[-60.72748799,-31.58462934],[-60.72767871,-31.58479266],[-60.72807879,-31.58500076],[-60.72826606,-31.58496964],[-60.72865466,-31.58520785],[-60.72878412,-31.58527724],[-60.72869138,-31.585408],[-60.72848293,-31.58572977],[-60.72857932,-31.58608922]]},"properties":{"layer":"Subcuencas","entity_type":"LWPOLYLINE","handle":"179900"}},{"type":"Feature","geometry":{"type":"LineString","coordinates":[[-60.73323977,-31.58251106],[-60.73226245,-31.58419145]]},"properties":{"layer":"Subcuencas","entity_type":"LWPOLYLINE","handle":"179901"}},{"type":"Feature","geometry":{"type":"LineString","coordinates":[[-60.72808676,-31.57624478],[-60.72842059,-31.5762718],[-60.7284672,-31.5763796],[-60.7287075,-31.5765739],[-60.72926705,-31.57649507]]},"properties":{"layer":"Subcuencas","entity_type":"LWPOLYLINE","handle":"179902"}},{"type":"Feature","geometry":{"type":"LineString","coordinates":[[-60.72842059,-31.5762718],[-60.72850581,-31.57622625],[-60.72886218,-31.57599451],[-60.72892958,-31.57570487],[-60.72941123,-31.57562658]]},"properties":{"layer":"Subcuencas","entity_type":"LWPOLYLINE","handle":"179903"}},{"type":"Feature","geometry":{"type":"LineString","coordinates":[[-60.72941123,-31.57562658],[-60.72948357,-31.57469622],[-60.72952631,-31.57383667],[-60.72995805,-31.57214812]]},"properties":{"layer":"Subcuencas","entity_type":"LWPOLYLINE","handle":"179904"}},{"type":"Feature","geometry":{"type":"LineString","coordinates":[[-60.71770656,-31.59131515],[-60.71210003,-31.5914825]]},"properties":{"layer":"Subcuencas","entity_type":"LWPOLYLINE","handle":"179905"}},{"type":"Feature","geometry":{"type":"LineString","coordinates":[[-60.72073994,-31.58980356],[-60.72142364,-31.58910043],[-60.72135817,-31.58892255],[-60.72111684,-31.58880051],[-60.72123342,-31.58865721]]},"properties":{"layer":"Subcuencas","entity_type":"LWPOLYLINE","handle":"179906"}},{"type":"Feature","geometry":{"type":"LineString","coordinates":[[-60.70851728,-31.5875344],[-60.70705141,-31.59152756],[-60.70571085,-31.59524711]]},"properties":{"layer":"Subcuencas","entity_type":"LWPOLYLINE","handle":"179907"}},{"type":"Feature","geometry":{"type":"LineString","coordinates":[[-60.70801174,-31.58891156],[-60.7118012,-31.58805574]]},"properties":{"layer":"Subcuencas","entity_type":"LWPOLYLINE","handle":"179908"}},{"type":"Feature","geometry":{"type":"LineString","coordinates":[[-60.71528897,-31.58743473],[-60.71643438,-31.58633141],[-60.71767876,-31.58559774],[-60.71956619,-31.58531703]]},"properties":{"layer":"Subcuencas","entity_type":"LWPOLYLINE","handle":"179909"}},{"type":"Feature","geometry":{"type":"LineString","coordinates":[[-60.71274367,-31.5842649],[-60.71306722,-31.58554487],[-60.71244566,-31.58564514],[-60.71266481,-31.58656361],[-60.71174211,-31.58675526],[-60.71177048,-31.58717992]]},"properties":{"layer":"Subcuencas","entity_type":"LWPOLYLINE","handle":"17990A"}},{"type":"Feature","geometry":{"type":"LineString","coordinates":[[-60.71901382,-31.59019261],[-60.71913351,-31.59028014]]},"properties":{"layer":"Subcuencas","entity_type":"LWPOLYLINE","handle":"17990B"}},{"type":"Feature","geometry":{"type":"LineString","coordinates":[[-60.71635714,-31.59306401],[-60.71615371,-31.59235895],[-60.7154304,-31.59214784],[-60.71542371,-31.59138332]]},"properties":{"layer":"Subcuencas","entity_type":"LWPOLYLINE","handle":"17990C"}},{"type":"Feature","geometry":{"type":"LineString","coordinates":[[-60.73164507,-31.58525003],[-60.72446559,-31.59749477],[-60.72373161,-31.59884656]]},"properties":{"layer":"Subcuencas","entity_type":"LWPOLYLINE","handle":"17990D"}},{"type":"Feature","geometry":{"type":"LineString","coordinates":[[-60.73516006,-31.58447356],[-60.73529632,-31.58506374],[-60.73570559,-31.58498129],[-60.7359288,-31.58589526],[-60.73673531,-31.58573367],[-60.73690714,-31.58579545],[-60.73761937,-31.58609477],[-60.73810789,-31.58619888]]},"properties":{"layer":"Subcuencas","entity_type":"LWPOLYLINE","handle":"17990E"}},{"type":"Feature","geometry":{"type":"LineString","coordinates":[[-60.73529632,-31.58506374],[-60.73455258,-31.58520216],[-60.73467932,-31.58575597],[-60.73461878,-31.58584002],[-60.73387329,-31.58598032],[-60.73366712,-31.58622215],[-60.73358235,-31.58633773],[-60.7334975,-31.58644285],[-60.73286753,-31.58726883],[-60.73253766,-31.58734396],[-60.73213239,-31.58716841],[-60.73191762,-31.58631168],[-60.73170981,-31.58634426],[-60.73114927,-31.58610536]]},"properties":{"layer":"Subcuencas","entity_type":"LWPOLYLINE","handle":"17990F"}},{"type":"Feature","geometry":{"type":"LineString","coordinates":[[-60.73786261,-31.58704227],[-60.73627073,-31.58735389],[-60.7357544,-31.58706391],[-60.73521655,-31.5871507],[-60.7350236,-31.58751802],[-60.73441257,-31.58763662],[-60.73406783,-31.58737703],[-60.73360333,-31.58745294],[-60.73343461,-31.58778872],[-60.73232235,-31.58798343],[-60.731917,-31.58779742],[-60.73151369,-31.58787297],[-60.73097503,-31.58848395],[-60.73058387,-31.58854896],[-60.72988662,-31.58824943]]},"properties":{"layer":"Subcuencas","entity_type":"LWPOLYLINE","handle":"179910"}},{"type":"Feature","geometry":{"type":"LineString","coordinates":[[-60.73232235,-31.58798343],[-60.73260025,-31.58767946],[-60.73253766,-31.58734396]]},"properties":{"layer":"Subcuencas","entity_type":"LWPOLYLINE","handle":"179911"}},{"type":"Feature","geometry":{"type":"LineString","coordinates":[[-60.73471539,-31.58757784],[-60.73493179,-31.58845079],[-60.73463846,-31.58850479],[-60.73440855,-31.58884092],[-60.73452166,-31.58921694],[-60.73528429,-31.58969802],[-60.73564062,-31.58987384],[-60.73591045,-31.58994552],[-60.7369475,-31.59017397]]},"properties":{"layer":"Subcuencas","entity_type":"LWPOLYLINE","handle":"179912"}},{"type":"Feature","geometry":{"type":"LineString","coordinates":[[-60.73536879,-31.58973972],[-60.73530006,-31.59014783],[-60.73525546,-31.59070263],[-60.73500225,-31.59119059],[-60.73488093,-31.59132731],[-60.73499478,-31.59179748],[-60.73511767,-31.59185956],[-60.73614947,-31.59232445],[-60.7362913,-31.59235659]]},"properties":{"layer":"Subcuencas","entity_type":"LWPOLYLINE","handle":"179913"}},{"type":"Feature","geometry":{"type":"LineString","coordinates":[[-60.73529025,-31.59026988],[-60.73289333,-31.59072141],[-60.73265948,-31.59055535],[-60.73255886,-31.59021065],[-60.73287421,-31.58984264],[-60.73232235,-31.58798343]]},"properties":{"layer":"Subcuencas","entity_type":"LWPOLYLINE","handle":"179914"}},{"type":"Feature","geometry":{"type":"LineString","coordinates":[[-60.73265948,-31.59055535],[-60.7322074,-31.59065735],[-60.73199906,-31.5909358],[-60.73160609,-31.59077064],[-60.73115381,-31.59084647],[-60.73091124,-31.59113036],[-60.73054275,-31.59096506],[-60.73015158,-31.59103007],[-60.72984797,-31.59133523],[-60.72930732,-31.59106628],[-60.72919668,-31.59100414],[-60.72908587,-31.59092107],[-60.72847427,-31.59065833]]},"properties":{"layer":"Subcuencas","entity_type":"LWPOLYLINE","handle":"179915"}},{"type":"Feature","geometry":{"type":"LineString","coordinates":[[-60.73199906,-31.5909358],[-60.73215133,-31.59162548],[-60.73229796,-31.59159325],[-60.73251884,-31.59166522],[-60.73258183,-31.59189505],[-60.73249722,-31.59203155],[-60.73263243,-31.59210401],[-60.73284148,-31.59222837],[-60.7332826,-31.59385176]]},"properties":{"layer":"Subcuencas","entity_type":"LWPOLYLINE","handle":"179916"}},{"type":"Feature","geometry":{"type":"LineString","coordinates":[[-60.73602905,-31.59325722],[-60.73327036,-31.59385183],[-60.73115366,-31.5942741],[-60.72998963,-31.59623862],[-60.72994533,-31.59633515],[-60.72861957,-31.59658218],[-60.72812091,-31.59667873],[-60.72807155,-31.59659572],[-60.72788747,-31.59641977],[-60.72738873,-31.5965059],[-60.72715852,-31.59666339],[-60.72700139,-31.59682046],[-60.72685628,-31.59695664],[-60.72677046,-31.59688424],[-60.72618266,-31.59648153],[-60.72608465,-31.5964092],[-60.72499549,-31.59659115],[-60.7236607,-31.59688107],[-60.72290649,-31.59701028],[-60.72247499,-31.59697108],[-60.72235279,-31.59691971],[-60.72253172,-31.59642935]]},"properties":{"layer":"Subcuencas","entity_type":"LWPOLYLINE","handle":"179917"}},{"type":"Feature","geometry":{"type":"LineString","coordinates":[[-60.72566408,-31.59545098],[-60.72596015,-31.59555984],[-60.72644783,-31.59586819],[-60.72747767,-31.59568603],[-60.72782643,-31.59528996],[-60.72816556,-31.59521543],[-60.72837261,-31.59531796],[-60.72937826,-31.59514629],[-60.73048644,-31.59540018]]},"properties":{"layer":"Subcuencas","entity_type":"LWPOLYLINE","handle":"179918"}},{"type":"Feature","geometry":{"type":"LineString","coordinates":[[-60.72822484,-31.59108375],[-60.72850422,-31.59121125],[-60.72880385,-31.5914842],[-60.72902572,-31.59246966],[-60.72875472,-31.59281707],[-60.72885293,-31.59320307],[-60.72968916,-31.59361536],[-60.72978698,-31.5939505],[-60.72943296,-31.59433498],[-60.7296911,-31.59521797]]},"properties":{"layer":"Subcuencas","entity_type":"LWPOLYLINE","handle":"179919"}},{"type":"Feature","geometry":{"type":"LineString","coordinates":[[-60.72956483,-31.58879829],[-60.72872163,-31.58838929],[-60.72824079,-31.58848352],[-60.72801166,-31.58883551],[-60.72760847,-31.58859385],[-60.72718999,-31.58868009],[-60.72694284,-31.58900931],[-60.72585659,-31.58923657],[-60.72549823,-31.58902515],[-60.72543344,-31.58872057],[-60.72573451,-31.58844441],[-60.72568845,-31.58825408],[-60.72665917,-31.58808085],[-60.72701987,-31.58762874],[-60.72710013,-31.58754529],[-60.72719657,-31.58746174],[-60.7273887,-31.58719782],[-60.72725539,-31.58670059],[-60.72699499,-31.58650841],[-60.72671874,-31.58635782],[-60.72631613,-31.58611112]]},"properties":{"layer":"Subcuencas","entity_type":"LWPOLYLINE","handle":"17991A"}},{"type":"Feature","geometry":{"type":"LineString","coordinates":[[-60.72585659,-31.58923657],[-60.72553091,-31.5896845],[-60.72543457,-31.58978188],[-60.72501586,-31.58986551],[-60.7241683,-31.58969711],[-60.72260744,-31.59126287]]},"properties":{"layer":"Subcuencas","entity_type":"LWPOLYLINE","handle":"17991B"}},{"type":"Feature","geometry":{"type":"LineString","coordinates":[[-60.72262206,-31.59124819],[-60.72353755,-31.59321377]]},"properties":{"layer":"Subcuencas","entity_type":"LWPOLYLINE","handle":"17991C"}},{"type":"Feature","geometry":{"type":"LineString","coordinates":[[-60.72508622,-31.58985146],[-60.72502254,-31.59005351],[-60.72519038,-31.59014049],[-60.72517939,-31.59038239],[-60.72487291,-31.59065893],[-60.72476025,-31.5910553],[-60.72512174,-31.59124012],[-60.724585,-31.59167186],[-60.72445888,-31.59199136],[-60.72456217,-31.59204573],[-60.72458226,-31.59297997],[-60.72504922,-31.59349834],[-60.72369314,-31.59440741]]},"properties":{"layer":"Subcuencas","entity_type":"LWPOLYLINE","handle":"17991D"}},{"type":"Feature","geometry":{"type":"LineString","coordinates":[[-60.72457527,-31.59265467],[-60.72733973,-31.59259331]]},"properties":{"layer":"Subcuencas","entity_type":"LWPOLYLINE","handle":"17991E"}},{"type":"Feature","geometry":{"type":"LineString","coordinates":[[-60.72482738,-31.59662766],[-60.72460902,-31.59676883],[-60.7239439,-31.59723427],[-60.72389349,-31.59736647],[-60.72321117,-31.5972714],[-60.72287835,-31.59747115],[-60.72276508,-31.59779057],[-60.72297244,-31.59799825],[-60.72325586,-31.5980626],[-60.72351442,-31.59823701],[-60.72333701,-31.59857878],[-60.72279598,-31.59846092],[-60.72257787,-31.59852811],[-60.72250292,-31.59881434],[-60.72259396,-31.59894573],[-60.72241452,-31.59902369],[-60.72231376,-31.59929907],[-60.72241765,-31.59943039],[-60.72226402,-31.5995192],[-60.722163,-31.5997616],[-60.72227965,-31.59998362]]},"properties":{"layer":"Subcuencas","entity_type":"LWPOLYLINE","handle":"17991F"}},{"type":"Feature","geometry":{"type":"LineString","coordinates":[[-60.71985973,-31.60008453],[-60.71972969,-31.59957747],[-60.72015559,-31.59977293],[-60.72074621,-31.59964868],[-60.72102692,-31.5993613],[-60.72077565,-31.59846135],[-60.72089121,-31.59843871],[-60.72123995,-31.5986346],[-60.7216765,-31.5985442],[-60.72180289,-31.59825768],[-60.72205737,-31.59790449],[-60.72218282,-31.59749707],[-60.72183375,-31.59725721],[-60.72235279,-31.59691971]]},"properties":{"layer":"Subcuencas","entity_type":"LWPOLYLINE","handle":"179920"}},{"type":"Feature","geometry":{"type":"LineString","coordinates":[[-60.72183375,-31.59725721],[-60.72122404,-31.59707159],[-60.72089021,-31.59713943],[-60.72053277,-31.5974822],[-60.72015866,-31.59733042],[-60.71988227,-31.59650755],[-60.71966281,-31.59639887],[-60.71930334,-31.59647784],[-60.71917593,-31.59663245],[-60.71925588,-31.59699474],[-60.71911552,-31.59713844],[-60.71906484,-31.59723765],[-60.71902702,-31.5973368],[-60.71913328,-31.59777589],[-60.71901771,-31.59779853],[-60.71861755,-31.59760292],[-60.71828379,-31.59768174],[-60.71800341,-31.59801309],[-60.71765662,-31.59807],[-60.71746676,-31.59846679],[-60.71703021,-31.59855718],[-60.71681025,-31.59838253],[-60.71638647,-31.59846186],[-60.71620585,-31.59838592],[-60.7161402,-31.59821041],[-60.71591697,-31.59811273],[-60.71555741,-31.5981807],[-60.71545613,-31.59839012],[-60.71514632,-31.59823797],[-60.71504303,-31.59818358],[-60.71484476,-31.59748118]]},"properties":{"layer":"Subcuencas","entity_type":"LWPOLYLINE","handle":"179921"}},{"type":"Feature","geometry":{"type":"LineString","coordinates":[[-60.71727203,-31.59850711],[-60.71784698,-31.60050819]]},"properties":{"layer":"Subcuencas","entity_type":"LWPOLYLINE","handle":"179922"}},{"type":"Feature","geometry":{"type":"LineString","coordinates":[[-60.71484476,-31.59748118],[-60.7145238,-31.59755222],[-60.71429199,-31.59750955],[-60.71398387,-31.59757722],[-60.71386981,-31.59779771],[-60.71359892,-31.5976893],[-60.71334207,-31.5977347],[-60.71329172,-31.59787788],[-60.71313673,-31.59779081],[-60.71287996,-31.5978472],[-60.71275804,-31.59788086],[-60.71285082,-31.59824309],[-60.71289066,-31.59840775],[-60.71269935,-31.59861768],[-60.71248174,-31.5987508],[-60.71266195,-31.59877178],[-60.71322987,-31.59904342],[-60.71312808,-31.59918689],[-60.71324742,-31.59965889],[-60.7130562,-31.5998798],[-60.71313612,-31.60024211],[-60.71341971,-31.60032846],[-60.71349908,-31.6006182],[-60.71327011,-31.60094925],[-60.71341157,-31.60144166]]},"properties":{"layer":"Subcuencas","entity_type":"LWPOLYLINE","handle":"179923"}},{"type":"Feature","geometry":{"type":"LineString","coordinates":[[-60.71398387,-31.59757722],[-60.71388533,-31.59730296],[-60.71367899,-31.59722717],[-60.71352585,-31.59738192],[-60.71321772,-31.59744959],[-60.71292036,-31.5972424],[-60.71290708,-31.59718751],[-60.71285456,-31.5970449],[-60.71233826,-31.59679496]]},"properties":{"layer":"Subcuencas","entity_type":"LWPOLYLINE","handle":"179924"}},{"type":"Feature","geometry":{"type":"LineString","coordinates":[[-60.72474643,-31.58670987],[-60.72445615,-31.58541624]]},"properties":{"layer":"Subcuencas","entity_type":"LWPOLYLINE","handle":"179925"}},{"type":"Feature","geometry":{"type":"LineString","coordinates":[[-60.72474643,-31.58670987],[-60.72493639,-31.58764597],[-60.7247775,-31.58777378],[-60.72442845,-31.58841421],[-60.72438337,-31.58849256],[-60.72254704,-31.58878606],[-60.72197683,-31.58888691],[-60.72188284,-31.58854576],[-60.72123342,-31.58865721]]},"properties":{"layer":"Subcuencas","entity_type":"LWPOLYLINE","handle":"179926"}},{"type":"Feature","geometry":{"type":"LineString","coordinates":[[-60.72075324,-31.58978987],[-60.72054126,-31.5897658],[-60.7202886,-31.58958174],[-60.72020543,-31.58916243],[-60.71963529,-31.58927303],[-60.71948218,-31.58866863],[-60.71959525,-31.58852156],[-60.71970832,-31.58837449],[-60.71953223,-31.5877507],[-60.71946137,-31.58744554],[-60.71997448,-31.58734503],[-60.72057902,-31.58725376],[-60.7212185,-31.58725016],[-60.7218787,-31.58697308],[-60.72468513,-31.58643669]]},"properties":{"layer":"Subcuencas","entity_type":"LWPOLYLINE","handle":"179927"}},{"type":"Feature","geometry":{"type":"LineString","coordinates":[[-60.71946137,-31.58744554],[-60.71932074,-31.58697775],[-60.71932837,-31.5864857],[-60.71933927,-31.5864173],[-60.71949719,-31.58616259],[-60.71956619,-31.58531703]]},"properties":{"layer":"Subcuencas","entity_type":"LWPOLYLINE","handle":"179928"}},{"type":"Feature","geometry":{"type":"LineString","coordinates":[[-60.71767876,-31.58559774],[-60.71623555,-31.58520952],[-60.71609969,-31.58509489],[-60.71580578,-31.58490422],[-60.71552671,-31.58376524]]},"properties":{"layer":"Subcuencas","entity_type":"LWPOLYLINE","handle":"179929"}},{"type":"Feature","geometry":{"type":"LineString","coordinates":[[-60.71528897,-31.58743473],[-60.71546555,-31.58748317],[-60.71677105,-31.58757201],[-60.71720053,-31.58783885],[-60.71785233,-31.58775826],[-60.71809801,-31.5875261],[-60.7184575,-31.58746638],[-60.71879598,-31.5875991],[-60.71946137,-31.58744554]]},"properties":{"layer":"Subcuencas","entity_type":"LWPOLYLINE","handle":"17992A"}},{"type":"Feature","geometry":{"type":"LineString","coordinates":[[-60.71528897,-31.58743473],[-60.7138368,-31.5868961],[-60.71365566,-31.58674326],[-60.71331734,-31.58662976],[-60.71324825,-31.58641859],[-60.71266481,-31.58656361]]},"properties":{"layer":"Subcuencas","entity_type":"LWPOLYLINE","handle":"17992B"}},{"type":"Feature","geometry":{"type":"LineString","coordinates":[[-60.71528897,-31.58743473],[-60.71499613,-31.58846661],[-60.71515981,-31.58927918],[-60.71619891,-31.58983108],[-60.71835547,-31.58941511],[-60.71853987,-31.58999102],[-60.71900771,-31.59018919]]},"properties":{"layer":"Subcuencas","entity_type":"LWPOLYLINE","handle":"17992C"}},{"type":"Feature","geometry":{"type":"LineString","coordinates":[[-60.71900951,-31.59019645],[-60.71902132,-31.59014792],[-60.71900405,-31.59005594],[-60.71917624,-31.58982124],[-60.71905682,-31.58937571],[-60.71963529,-31.58927303]]},"properties":{"layer":"Subcuencas","entity_type":"LWPOLYLINE","handle":"17992D"}},{"type":"Feature","geometry":{"type":"LineString","coordinates":[[-60.71528897,-31.58743473],[-60.71505806,-31.58749214],[-60.71399196,-31.58771363],[-60.71265978,-31.58805069],[-60.71258515,-31.58798772],[-60.71219842,-31.58783774],[-60.71210645,-31.58744523],[-60.71194226,-31.58730669],[-60.71183778,-31.58721853],[-60.71177048,-31.58717992]]},"properties":{"layer":"Subcuencas","entity_type":"LWPOLYLINE","handle":"17992E"}},{"type":"Feature","geometry":{"type":"LineString","coordinates":[[-60.71174211,-31.58675526],[-60.71057333,-31.58701255],[-60.71020852,-31.58683532],[-60.70978987,-31.58693325],[-60.70955431,-31.58720942],[-60.70931703,-31.58725854],[-60.70916191,-31.58708014],[-60.70872595,-31.5869634]]},"properties":{"layer":"Subcuencas","entity_type":"LWPOLYLINE","handle":"17992F"}},{"type":"Feature","geometry":{"type":"LineString","coordinates":[[-60.71265978,-31.58805069],[-60.71186869,-31.58822788],[-60.7118012,-31.58805574]]},"properties":{"layer":"Subcuencas","entity_type":"LWPOLYLINE","handle":"179930"}},{"type":"Feature","geometry":{"type":"LineString","coordinates":[[-60.71515981,-31.58927918],[-60.71319675,-31.58969279],[-60.71196884,-31.59170829]]},"properties":{"layer":"Subcuencas","entity_type":"LWPOLYLINE","handle":"179931"}},{"type":"Feature","geometry":{"type":"LineString","coordinates":[[-60.73173113,-31.59794398],[-60.73164931,-31.59769034],[-60.73190919,-31.59728411],[-60.73148708,-31.59712912],[-60.73137922,-31.59679245],[-60.73158738,-31.59649894],[-60.73028539,-31.59573949]]},"properties":{"layer":"Subcuencas","entity_type":"LWPOLYLINE","handle":"179932"}},{"type":"Feature","geometry":{"type":"LineString","coordinates":[[-60.70261166,-31.60386801],[-60.70571085,-31.59524711]]},"properties":{"layer":"Subcuencas","entity_type":"LWPOLYLINE","handle":"179933"}},{"type":"Feature","geometry":{"type":"LineString","coordinates":[[-60.7241683,-31.58969711],[-60.72457529,-31.58933929],[-60.72471278,-31.58900502],[-60.72438337,-31.58849256]]},"properties":{"layer":"Subcuencas","entity_type":"LWPOLYLINE","handle":"179934"}},{"type":"Feature","geometry":{"type":"LineString","coordinates":[[-60.71771659,-31.59281163],[-60.71635714,-31.59306401],[-60.71294944,-31.59372901],[-60.71291044,-31.59358348],[-60.71290933,-31.59343774],[-60.71294488,-31.59312985],[-60.71301609,-31.59253026],[-60.71248553,-31.59251702],[-60.71252231,-31.59237107],[-60.71252157,-31.5922739],[-60.71196884,-31.59170829]]},"properties":{"layer":"Subcuencas","entity_type":"LWPOLYLINE","handle":"179935"}},{"type":"Feature","geometry":{"type":"LineString","coordinates":[[-60.71771659,-31.59281163],[-60.71752277,-31.59224102],[-60.71770656,-31.59131515]]},"properties":{"layer":"Subcuencas","entity_type":"LWPOLYLINE","handle":"179936"}},{"type":"Feature","geometry":{"type":"LineString","coordinates":[[-60.71771659,-31.59281163],[-60.71781406,-31.59316246],[-60.71919567,-31.59294417],[-60.7195532,-31.59261827],[-60.7194169,-31.59219553]]},"properties":{"layer":"Subcuencas","entity_type":"LWPOLYLINE","handle":"179937"}},{"type":"Feature","geometry":{"type":"LineString","coordinates":[[-60.71919567,-31.59294417],[-60.71990074,-31.59345842],[-60.72007227,-31.59358701],[-60.72064147,-31.59368096],[-60.72075478,-31.59363174],[-60.72103776,-31.5934682],[-60.72160708,-31.59357835],[-60.7222714,-31.59372034],[-60.72240729,-31.59414063],[-60.72324352,-31.59445978],[-60.72345245,-31.59452338],[-60.7236855,-31.59440325]]},"properties":{"layer":"Subcuencas","entity_type":"LWPOLYLINE","handle":"179938"}},{"type":"Feature","geometry":{"type":"LineString","coordinates":[[-60.72161799,-31.59358068],[-60.72184894,-31.59275107],[-60.72260744,-31.59126287]]},"properties":{"layer":"Subcuencas","entity_type":"LWPOLYLINE","handle":"179939"}},{"type":"Feature","geometry":{"type":"LineString","coordinates":[[-60.72353755,-31.59321377],[-60.72346464,-31.5934027],[-60.72262966,-31.59324548],[-60.7222714,-31.59372034]]},"properties":{"layer":"Subcuencas","entity_type":"LWPOLYLINE","handle":"17993A"}},{"type":"Feature","geometry":{"type":"LineString","coordinates":[[-60.72512174,-31.59124012],[-60.72454783,-31.59135447],[-60.7241685,-31.59130803],[-60.7234668,-31.59123104],[-60.72262206,-31.59124819]]},"properties":{"layer":"Subcuencas","entity_type":"LWPOLYLINE","handle":"17993B"}},{"type":"Feature","geometry":{"type":"LineString","coordinates":[[-60.72007227,-31.59358701],[-60.71999883,-31.59364739],[-60.71947141,-31.59405843],[-60.71995788,-31.59571391],[-60.71958152,-31.59605612],[-60.71966281,-31.59639887]]},"properties":{"layer":"Subcuencas","entity_type":"LWPOLYLINE","handle":"17993C"}},{"type":"Feature","geometry":{"type":"LineString","coordinates":[[-60.71995788,-31.59571391],[-60.72035281,-31.59532302],[-60.72076893,-31.59522351],[-60.72130112,-31.59543103],[-60.72143713,-31.59586751],[-60.72149435,-31.59591577],[-60.72177946,-31.59602752],[-60.72187632,-31.59630228],[-60.72253828,-31.59613659],[-60.72248031,-31.59599117],[-60.72227088,-31.5958628],[-60.72215468,-31.59553957],[-60.72245574,-31.59526257],[-60.72313339,-31.59467573],[-60.72345478,-31.59452587]]},"properties":{"layer":"Subcuencas","entity_type":"LWPOLYLINE","handle":"17993D"}},{"type":"Feature","geometry":{"type":"LineString","coordinates":[[-60.72253172,-31.59642935],[-60.72253828,-31.59613659]]},"properties":{"layer":"Subcuencas","entity_type":"LWPOLYLINE","handle":"17993E"}},{"type":"Feature","geometry":{"type":"LineString","coordinates":[[-60.72596733,-31.59493382],[-60.72408671,-31.59494244],[-60.72345478,-31.59452587]]},"properties":{"layer":"Subcuencas","entity_type":"LWPOLYLINE","handle":"17993F"}},{"type":"Feature","geometry":{"type":"LineString","coordinates":[[-60.71901771,-31.59779853],[-60.71926882,-31.59864913],[-60.71990707,-31.59887219],[-60.72005188,-31.59930956],[-60.71972969,-31.59957747]]},"properties":{"layer":"Subcuencas","entity_type":"LWPOLYLINE","handle":"179940"}},{"type":"Feature","geometry":{"type":"LineString","coordinates":[[-60.71596017,-31.60090531],[-60.71581519,-31.6004379],[-60.71613067,-31.60007349],[-60.71600413,-31.59971156],[-60.71570183,-31.5994866],[-60.71587621,-31.59916831],[-60.71578549,-31.59886662],[-60.7155724,-31.59874694],[-60.71545613,-31.59839012]]},"properties":{"layer":"Subcuencas","entity_type":"LWPOLYLINE","handle":"179941"}},{"type":"Feature","geometry":{"type":"LineString","coordinates":[[-60.71768955,-31.59812896],[-60.71717424,-31.59781176],[-60.71705013,-31.59776713],[-60.71677786,-31.59684694],[-60.71684777,-31.59674078],[-60.71705809,-31.59649784],[-60.71727083,-31.59657219],[-60.71757093,-31.59651007],[-60.71765794,-31.59632826],[-60.7175671,-31.59601146],[-60.71775985,-31.59578372],[-60.71784755,-31.59569257],[-60.71795398,-31.5957373],[-60.71859232,-31.59597548],[-60.71824161,-31.5963552],[-60.71835024,-31.59668701],[-60.71852763,-31.59676156],[-60.71865429,-31.5971386],[-60.71899103,-31.59724248],[-60.71902702,-31.5973368]]},"properties":{"layer":"Subcuencas","entity_type":"LWPOLYLINE","handle":"179942"}},{"type":"Feature","geometry":{"type":"LineString","coordinates":[[-60.71784755,-31.59569257],[-60.7177055,-31.59561334],[-60.71742181,-31.59550916],[-60.71729538,-31.59516234],[-60.71669519,-31.59528659],[-60.71655317,-31.59521184],[-60.71614711,-31.59528966],[-60.71602451,-31.59544145],[-60.71538907,-31.595581],[-60.71537174,-31.59562643],[-60.71571644,-31.59677286],[-60.71594686,-31.59684712],[-60.7160534,-31.59690696],[-60.71614307,-31.59707267],[-60.71648004,-31.59720677],[-60.71665546,-31.59702447],[-60.71677786,-31.59684694]]},"properties":{"layer":"Subcuencas","entity_type":"LWPOLYLINE","handle":"179943"}},{"type":"Feature","geometry":{"type":"LineString","coordinates":[[-60.71484476,-31.59748118],[-60.71515563,-31.59742573],[-60.71534896,-31.59727355],[-60.71527616,-31.59700198],[-60.71559395,-31.59693976],[-60.71571644,-31.59677286]]},"properties":{"layer":"Subcuencas","entity_type":"LWPOLYLINE","handle":"179944"}},{"type":"Feature","geometry":{"type":"LineString","coordinates":[[-60.71635374,-31.59525006],[-60.71628304,-31.59503054],[-60.71606365,-31.59443285],[-60.71916085,-31.59380199],[-60.71947141,-31.59405843]]},"properties":{"layer":"Subcuencas","entity_type":"LWPOLYLINE","handle":"179945"}},{"type":"Feature","geometry":{"type":"LineString","coordinates":[[-60.71781406,-31.59316246],[-60.71805452,-31.59402735]]},"properties":{"layer":"Subcuencas","entity_type":"LWPOLYLINE","handle":"179946"}},{"type":"Feature","geometry":{"type":"LineString","coordinates":[[-60.71606365,-31.59443285],[-60.71534702,-31.59459024],[-60.71527129,-31.59474403],[-60.71376111,-31.59505921],[-60.71352939,-31.59492904],[-60.71166064,-31.59529002],[-60.71160837,-31.59515885],[-60.71122349,-31.59511718],[-60.71114426,-31.59481088],[-60.71147452,-31.59441467],[-60.7119323,-31.59393011],[-60.7121259,-31.59385973],[-60.71236677,-31.59375241],[-60.71254405,-31.5934666],[-60.7129025,-31.59349692]]},"properties":{"layer":"Subcuencas","entity_type":"LWPOLYLINE","handle":"179947"}},{"type":"Feature","geometry":{"type":"LineString","coordinates":[[-60.71294944,-31.59372901],[-60.71288048,-31.59388101],[-60.71267823,-31.5942546],[-60.71270487,-31.59438591],[-60.71252676,-31.59456218],[-60.71242505,-31.59467229],[-60.71242638,-31.59484756],[-60.71244622,-31.59513828]]},"properties":{"layer":"Subcuencas","entity_type":"LWPOLYLINE","handle":"179948"}},{"type":"Feature","geometry":{"type":"LineString","coordinates":[[-60.71405664,-31.59497881],[-60.71435626,-31.5957789],[-60.71466339,-31.59571145],[-60.71476794,-31.59597378],[-60.71497353,-31.59603836],[-60.71533177,-31.59594872],[-60.7154354,-31.59583817]]},"properties":{"layer":"Subcuencas","entity_type":"LWPOLYLINE","handle":"179949"}},{"type":"Feature","geometry":{"type":"LineString","coordinates":[[-60.71435626,-31.5957789],[-60.71328138,-31.59602591],[-60.71310126,-31.59593927],[-60.71269175,-31.5960292],[-60.71264884,-31.59611854],[-60.71273328,-31.59643356],[-60.71248931,-31.59671537],[-60.71232577,-31.59678639],[-60.71224427,-31.59685695],[-60.71141165,-31.59704856],[-60.71136992,-31.59695531],[-60.71119138,-31.59685114],[-60.71095166,-31.59589429],[-60.71140215,-31.5957983],[-60.71167373,-31.5955514],[-60.71166064,-31.59529002]]},"properties":{"layer":"Subcuencas","entity_type":"LWPOLYLINE","handle":"17994A"}},{"type":"Feature","geometry":{"type":"LineString","coordinates":[[-60.71497353,-31.59603836],[-60.71505747,-31.59639952],[-60.71490832,-31.59656394],[-60.71502056,-31.59693724],[-60.71527616,-31.59700198]]},"properties":{"layer":"Subcuencas","entity_type":"LWPOLYLINE","handle":"17994B"}},{"type":"Feature","geometry":{"type":"LineString","coordinates":[[-60.71784755,-31.59569257],[-60.71791166,-31.5955843],[-60.71801952,-31.59538505],[-60.7185791,-31.59525337],[-60.71848053,-31.59488],[-60.71879329,-31.59465622],[-60.71887451,-31.5945506],[-60.71869288,-31.59389732]]},"properties":{"layer":"Subcuencas","entity_type":"LWPOLYLINE","handle":"17994C"}},{"type":"Feature","geometry":{"type":"LineString","coordinates":[[-60.71327011,-31.60094925],[-60.71297816,-31.60082059],[-60.71236005,-31.60082404],[-60.71200955,-31.60067671],[-60.71196758,-31.60045877],[-60.71167074,-31.60029965],[-60.71101328,-31.60042963],[-60.71066426,-31.60047637],[-60.71040774,-31.60031703],[-60.71031124,-31.59999604],[-60.71048478,-31.59984579],[-60.71040224,-31.59959362],[-60.71060171,-31.59931691],[-60.71093711,-31.59924614],[-60.71120654,-31.59933651],[-60.71128882,-31.59955423],[-60.71200028,-31.5994584],[-60.71206537,-31.59918244],[-60.71229152,-31.59888262],[-60.71248174,-31.5987508]]},"properties":{"layer":"Subcuencas","entity_type":"LWPOLYLINE","handle":"17994D"}},{"type":"Feature","geometry":{"type":"LineString","coordinates":[[-60.7124791,-31.59875263],[-60.7122766,-31.59868749],[-60.71187222,-31.59852216],[-60.71183095,-31.59839608],[-60.71101253,-31.5985614],[-60.71072242,-31.59751804],[-60.71094927,-31.59731008],[-60.71119078,-31.5972628],[-60.71132576,-31.59734243],[-60.71145917,-31.59721537],[-60.71141165,-31.59704856]]},"properties":{"layer":"Subcuencas","entity_type":"LWPOLYLINE","handle":"17994E"}},{"type":"Feature","geometry":{"type":"LineString","coordinates":[[-60.71119138,-31.59685114],[-60.71077184,-31.59694827],[-60.71048898,-31.59685798],[-60.71031578,-31.59705416],[-60.70992522,-31.59714454],[-60.7096961,-31.59705707],[-60.70959361,-31.59723512],[-60.7093448,-31.59728975],[-60.70911569,-31.59720228],[-60.70903396,-31.59738022],[-60.70866081,-31.59747103],[-60.7084526,-31.59740119],[-60.70828122,-31.59670995],[-60.70811441,-31.59662213],[-60.70778266,-31.59669496],[-60.70767977,-31.59681977],[-60.70780853,-31.59736926],[-60.70710324,-31.59747966],[-60.70703879,-31.59719604],[-60.70695545,-31.59716101],[-60.70641643,-31.59728823],[-60.70633403,-31.59737743],[-60.70643552,-31.59789157],[-60.70533656,-31.59812838],[-60.70473231,-31.59796925]]},"properties":{"layer":"Subcuencas","entity_type":"LWPOLYLINE","handle":"17994F"}},{"type":"Feature","geometry":{"type":"LineString","coordinates":[[-60.70903396,-31.59738022],[-60.70913439,-31.59775238],[-60.70930121,-31.5978402],[-60.70940774,-31.59819458],[-60.7093047,-31.59830164],[-60.70941096,-31.59862052],[-60.70959882,-31.59874372],[-60.70985549,-31.59972548],[-60.71040224,-31.59959362]]},"properties":{"layer":"Subcuencas","entity_type":"LWPOLYLINE","handle":"179950"}},{"type":"Feature","geometry":{"type":"LineString","coordinates":[[-60.70963463,-31.59885143],[-60.70831448,-31.59918383],[-60.70865537,-31.60031785],[-60.7089468,-31.60040497],[-60.70903028,-31.60045775],[-60.70898928,-31.60052898],[-60.70880465,-31.60083173],[-60.70888974,-31.60109748],[-60.70870188,-31.60121309],[-60.70880311,-31.60155896],[-60.70940748,-31.60178968],[-60.70955647,-31.60228611]]},"properties":{"layer":"Subcuencas","entity_type":"LWPOLYLINE","handle":"179951"}},{"type":"Feature","geometry":{"type":"LineString","coordinates":[[-60.70831448,-31.59918383],[-60.70758867,-31.59932984],[-60.70754342,-31.59917305],[-60.70724262,-31.59900068],[-60.70714632,-31.59893979],[-60.70707406,-31.598889],[-60.70674962,-31.59875771],[-60.70609169,-31.5988842],[-60.70622724,-31.59938509],[-60.70597753,-31.59963217],[-60.70619857,-31.60034758],[-60.70575602,-31.60044216],[-60.70566116,-31.60057161],[-60.70574695,-31.60082707],[-60.70591512,-31.60088757],[-60.70582029,-31.60102118],[-60.70590646,-31.60132783],[-60.70647066,-31.60147828],[-60.7064831,-31.60153964],[-60.70515522,-31.60179267],[-60.70541346,-31.60267573],[-60.7061341,-31.60291745],[-60.70625604,-31.60301371]]},"properties":{"layer":"Subcuencas","entity_type":"LWPOLYLINE","handle":"179952"}},{"type":"Feature","geometry":{"type":"LineString","coordinates":[[-60.70616482,-31.59915445],[-60.70438337,-31.59952014],[-60.70419282,-31.59946996],[-60.70399895,-31.59937894],[-60.70404379,-31.59896919],[-60.70380359,-31.59888861],[-60.70351655,-31.59895162],[-60.70336313,-31.59925959],[-60.70286069,-31.59935449],[-60.70249498,-31.59915175],[-60.70210028,-31.59923582],[-60.70192274,-31.59952345],[-60.70198425,-31.5997381],[-60.70233242,-31.59983856],[-60.70241827,-31.60010427],[-60.70219281,-31.60039216],[-60.70225471,-31.600658],[-60.70257892,-31.60075859],[-60.70264105,-31.60105514],[-60.70253427,-31.60119387],[-60.70278645,-31.60127439],[-60.7028826,-31.60131481],[-60.70294411,-31.60152946],[-60.7014849,-31.60184461],[-60.70141118,-31.60159931],[-60.70076521,-31.6017257],[-60.70083892,-31.601971],[-60.7007083,-31.60212528],[-60.70066091,-31.6021972],[-60.70056584,-31.6023001]]},"properties":{"layer":"Subcuencas","entity_type":"LWPOLYLINE","handle":"179953"}},{"type":"Feature","geometry":{"type":"LineString","coordinates":[[-60.70110465,-31.60165929],[-60.70076799,-31.60049718],[-60.70092341,-31.60045538],[-60.70106778,-31.60053649],[-60.70112921,-31.6007409],[-60.70222467,-31.600529]]},"properties":{"layer":"Subcuencas","entity_type":"LWPOLYLINE","handle":"179954"}},{"type":"Feature","geometry":{"type":"LineString","coordinates":[[-60.70192274,-31.59952345],[-60.70084606,-31.59972489],[-60.7009078,-31.59997025],[-60.70077741,-31.60015524],[-60.70055026,-31.60021791],[-60.70029777,-31.60009645],[-60.69992897,-31.59883924],[-60.70008317,-31.59863365],[-60.70034617,-31.59856054],[-60.70052655,-31.59865169],[-60.70156719,-31.59843921],[-60.7016535,-31.59876634],[-60.70195368,-31.59885682],[-60.70210028,-31.59923582]]},"properties":{"layer":"Subcuencas","entity_type":"LWPOLYLINE","handle":"179955"}},{"type":"Feature","geometry":{"type":"LineString","coordinates":[[-60.7048825,-31.59755147],[-60.70469901,-31.59752725],[-60.70459089,-31.5974869],[-60.70433802,-31.59731425],[-60.70365613,-31.59744086],[-60.70360699,-31.59727733],[-60.7029089,-31.59684096],[-60.70339276,-31.59596636],[-60.70351606,-31.5957476],[-60.70570775,-31.59524739],[-60.70691959,-31.59499663],[-60.70863003,-31.59459055],[-60.71007864,-31.59425915],[-60.71079141,-31.59410265],[-60.71086315,-31.59414801],[-60.71129394,-31.59446595],[-60.71147653,-31.59441255]]},"properties":{"layer":"Subcuencas","entity_type":"LWPOLYLINE","handle":"179956"}},{"type":"Feature","geometry":{"type":"LineString","coordinates":[[-60.70911569,-31.59720228],[-60.70888056,-31.5963251],[-60.70914574,-31.59598804],[-60.70879475,-31.59455286]]},"properties":{"layer":"Subcuencas","entity_type":"LWPOLYLINE","handle":"179957"}},{"type":"Feature","geometry":{"type":"LineString","coordinates":[[-60.70483959,-31.59544554],[-60.70461528,-31.59475926],[-60.70440064,-31.59469943],[-60.70366916,-31.5923696],[-60.70413252,-31.59227552],[-60.7043979,-31.59196445],[-60.70477213,-31.59188612],[-60.7063402,-31.59154187],[-60.7064656,-31.5916022],[-60.70689164,-31.59129476],[-60.7078021,-31.59132023],[-60.70794534,-31.59138045],[-60.70875078,-31.59120819],[-60.70983775,-31.59097335],[-60.71144148,-31.59062884],[-60.71158133,-31.59024219],[-60.71148954,-31.58990711],[-60.71150619,-31.58974995],[-60.71220604,-31.58977656],[-60.71319675,-31.58969279]]},"properties":{"layer":"Subcuencas","entity_type":"LWPOLYLINE","handle":"179958"}},{"type":"Feature","geometry":{"type":"LineString","coordinates":[[-60.71012011,-31.59425005],[-60.71000562,-31.59380966],[-60.71030672,-31.5935029],[-60.71087693,-31.5933777],[-60.71074852,-31.59292079],[-60.71097823,-31.59261444],[-60.71049471,-31.59240357],[-60.7103852,-31.59208384],[-60.71073995,-31.59179205],[-60.71127434,-31.59165179],[-60.71166826,-31.59181739],[-60.71196884,-31.59170829]]},"properties":{"layer":"Subcuencas","entity_type":"LWPOLYLINE","handle":"179959"}},{"type":"Feature","geometry":{"type":"LineString","coordinates":[[-60.7107899,-31.59177894],[-60.71009477,-31.59144479],[-60.70996938,-31.59138447],[-60.70984818,-31.5909711]]},"properties":{"layer":"Subcuencas","entity_type":"LWPOLYLINE","handle":"17995A"}},{"type":"Feature","geometry":{"type":"LineString","coordinates":[[-60.71150619,-31.58974995],[-60.7112464,-31.58956927],[-60.71084609,-31.58934438],[-60.71071273,-31.58928024],[-60.70940519,-31.58956328],[-60.70912671,-31.58865977]]},"properties":{"layer":"Subcuencas","entity_type":"LWPOLYLINE","handle":"17995B"}},{"type":"Feature","geometry":{"type":"LineString","coordinates":[[-60.70624548,-31.58834576],[-60.70679429,-31.59015059]]},"properties":{"layer":"Subcuencas","entity_type":"LWPOLYLINE","handle":"17995C"}},{"type":"Feature","geometry":{"type":"LineString","coordinates":[[-60.70118157,-31.58999201],[-60.70159444,-31.59136597],[-60.7017247,-31.59139304],[-60.70230094,-31.59163072],[-60.70200031,-31.59201216],[-60.70212299,-31.59247271],[-60.70256848,-31.59261847],[-60.70227834,-31.59295354],[-60.7023893,-31.59329567],[-60.70276524,-31.59350859],[-60.70394262,-31.59324059]]},"properties":{"layer":"Subcuencas","entity_type":"LWPOLYLINE","handle":"17995D"}},{"type":"Feature","geometry":{"type":"LineString","coordinates":[[-60.70276524,-31.59350859],[-60.70029239,-31.59407602],[-60.70001457,-31.59316049],[-60.69952567,-31.59300569],[-60.69940603,-31.59295077],[-60.69912395,-31.59291526],[-60.69931738,-31.59269189],[-60.69968277,-31.59227304],[-60.69920416,-31.59204408],[-60.69908231,-31.59169275],[-60.69940485,-31.59134275],[-60.6991212,-31.59044822]]},"properties":{"layer":"Subcuencas","entity_type":"LWPOLYLINE","handle":"17995E"}},{"type":"Feature","geometry":{"type":"LineString","coordinates":[[-60.70679429,-31.59015059],[-60.70670999,-31.59027706],[-60.70631002,-31.59073488],[-60.7065311,-31.59155492]]},"properties":{"layer":"Subcuencas","entity_type":"LWPOLYLINE","handle":"17995F"}},{"type":"Feature","geometry":{"type":"LineString","coordinates":[[-60.70029239,-31.59407602],[-60.70063353,-31.59498584],[-60.70024262,-31.59548396],[-60.70010423,-31.59560376],[-60.70031345,-31.59564229],[-60.70152426,-31.59613162],[-60.70161771,-31.59621047],[-60.70187946,-31.59706211],[-60.7029089,-31.59684096]]},"properties":{"layer":"Subcuencas","entity_type":"LWPOLYLINE","handle":"179960"}},{"type":"Feature","geometry":{"type":"LineString","coordinates":[[-60.70187927,-31.5970615],[-60.70169479,-31.597202],[-60.70162574,-31.59728173],[-60.70135074,-31.59775938],[-60.70156719,-31.59843921]]},"properties":{"layer":"Subcuencas","entity_type":"LWPOLYLINE","handle":"179961"}},{"type":"Feature","geometry":{"type":"LineString","coordinates":[[-60.70169479,-31.597202],[-60.7008741,-31.59673036],[-60.69957635,-31.59703506],[-60.69945702,-31.59659926]]},"properties":{"layer":"Subcuencas","entity_type":"LWPOLYLINE","handle":"179962"}},{"type":"Feature","geometry":{"type":"LineString","coordinates":[[-60.69912157,-31.59290795],[-60.69889108,-31.59278119],[-60.69787681,-31.5922686],[-60.69776097,-31.59221988],[-60.69647842,-31.59251062],[-60.69640699,-31.5926097],[-60.69617805,-31.59288236],[-60.69623708,-31.59305475],[-60.69415912,-31.59350116]]},"properties":{"layer":"Subcuencas","entity_type":"LWPOLYLINE","handle":"179963"}},{"type":"Feature","geometry":{"type":"LineString","coordinates":[[-60.69914225,-31.59289413],[-60.6990086,-31.59305439],[-60.69873757,-31.59348765],[-60.69882666,-31.59382025],[-60.69692451,-31.59426243]]},"properties":{"layer":"Subcuencas","entity_type":"LWPOLYLINE","handle":"179964"}},{"type":"Feature","geometry":{"type":"LineString","coordinates":[[-60.69646778,-31.59496064],[-60.69430234,-31.59542675]]},"properties":{"layer":"Subcuencas","entity_type":"LWPOLYLINE","handle":"179965"}},{"type":"Feature","geometry":{"type":"LineString","coordinates":[[-60.69693643,-31.59426102],[-60.69646778,-31.59496064]]},"properties":{"layer":"Subcuencas","entity_type":"LWPOLYLINE","handle":"179966"}},{"type":"Feature","geometry":{"type":"LineString","coordinates":[[-60.69646778,-31.59496064],[-60.69731102,-31.59476965],[-60.6975412,-31.59484471],[-60.69826683,-31.59464451],[-60.69840804,-31.59476366],[-60.69876456,-31.59467449],[-60.69889107,-31.59453208]]},"properties":{"layer":"Subcuencas","entity_type":"LWPOLYLINE","handle":"179967"}},{"type":"Feature","geometry":{"type":"LineString","coordinates":[[-60.69889107,-31.59453208],[-60.70033103,-31.59417908]]},"properties":{"layer":"Subcuencas","entity_type":"LWPOLYLINE","handle":"179968"}},{"type":"Feature","geometry":{"type":"LineString","coordinates":[[-60.69623708,-31.59305475],[-60.69657869,-31.59407053],[-60.69693602,-31.59425975]]},"properties":{"layer":"Subcuencas","entity_type":"LWPOLYLINE","handle":"179969"}},{"type":"Feature","geometry":{"type":"LineString","coordinates":[[-60.70000673,-31.59560429],[-60.69981903,-31.59559598],[-60.69956898,-31.59548376],[-60.69920402,-31.59555675],[-60.69902053,-31.59545837],[-60.69875418,-31.59538883],[-60.69772574,-31.59560743],[-60.69770839,-31.59550813],[-60.69775749,-31.59540848],[-60.69760733,-31.59532411],[-60.6974886,-31.59499819],[-60.6975412,-31.59484471]]},"properties":{"layer":"Subcuencas","entity_type":"LWPOLYLINE","handle":"17996A"}},{"type":"Feature","geometry":{"type":"LineString","coordinates":[[-60.69497717,-31.59772364],[-60.69511681,-31.59777404],[-60.69543331,-31.5978859],[-60.69566453,-31.59770007],[-60.69597967,-31.59762736],[-60.69614623,-31.59768324],[-60.69621448,-31.59792425],[-60.69686126,-31.59776454],[-60.69689522,-31.59786374],[-60.69673056,-31.59806342],[-60.69680019,-31.59848899],[-60.69705035,-31.59861541],[-60.6971021,-31.5988707],[-60.696904,-31.59904217],[-60.69693955,-31.59935434],[-60.69717321,-31.59949505],[-60.69720718,-31.59959425],[-60.69853387,-31.59926044],[-60.69995871,-31.59894062]]},"properties":{"layer":"Subcuencas","entity_type":"LWPOLYLINE","handle":"17996B"}},{"type":"Feature","geometry":{"type":"LineString","coordinates":[[-60.69720718,-31.59959425],[-60.69724305,-31.59994902],[-60.69737871,-31.60031744],[-60.69753131,-31.60072836],[-60.69779767,-31.6007979],[-60.69789757,-31.60082575],[-60.69798138,-31.60092468],[-60.69793221,-31.60101575],[-60.69770162,-31.60128678],[-60.69780406,-31.60165538],[-60.69807032,-31.60171072],[-60.69817212,-31.60199413],[-60.69797455,-31.60223659],[-60.69805953,-31.6024917],[-60.69837605,-31.60260355],[-60.69845955,-31.60265989],[-60.6985332,-31.60272717]]},"properties":{"layer":"Subcuencas","entity_type":"LWPOLYLINE","handle":"17996C"}},{"type":"Feature","geometry":{"type":"LineString","coordinates":[[-60.69798138,-31.60092468],[-60.6987443,-31.60074154],[-60.69881023,-31.60067019],[-60.69900642,-31.60024316],[-60.69940453,-31.60015579],[-60.69980444,-31.60030978],[-60.70023566,-31.60020803],[-60.70029777,-31.60009645]]},"properties":{"layer":"Subcuencas","entity_type":"LWPOLYLINE","handle":"17996D"}},{"type":"Feature","geometry":{"type":"LineString","coordinates":[[-60.6987443,-31.60074154],[-60.70007143,-31.60046451],[-60.70015503,-31.60053504],[-60.70045515,-31.60067538],[-60.70063695,-31.6005466],[-60.70076799,-31.60049718]]},"properties":{"layer":"Subcuencas","entity_type":"LWPOLYLINE","handle":"17996E"}},{"type":"Feature","geometry":{"type":"LineString","coordinates":[[-60.69798138,-31.60092468],[-60.69718512,-31.60109363],[-60.69710152,-31.60102309],[-60.69603492,-31.60058876],[-60.69560358,-31.6006763],[-60.69529097,-31.60108976],[-60.69471031,-31.6012065],[-60.69482988,-31.601646],[-60.69496279,-31.60164528],[-60.69549657,-31.60192635],[-60.69521707,-31.60232542],[-60.69490203,-31.60241233],[-60.69445196,-31.602216],[-60.69398738,-31.60230371],[-60.69379043,-31.60263135],[-60.69374121,-31.60271681],[-60.69364951,-31.60281161]]},"properties":{"layer":"Subcuencas","entity_type":"LWPOLYLINE","handle":"17996F"}},{"type":"Feature","geometry":{"type":"LineString","coordinates":[[-60.69676513,-31.59827466],[-60.69807183,-31.59799544],[-60.69800971,-31.59770546],[-60.69808272,-31.59763831],[-60.69957249,-31.59734147],[-60.69962825,-31.597269],[-60.69957635,-31.59703506]]},"properties":{"layer":"Subcuencas","entity_type":"LWPOLYLINE","handle":"179970"}},{"type":"Feature","geometry":{"type":"LineString","coordinates":[[-60.69808272,-31.59763831],[-60.69841672,-31.59712891],[-60.69835764,-31.59675634],[-60.6981173,-31.59661331],[-60.69810206,-31.59645702],[-60.69822783,-31.59633605],[-60.69793164,-31.59625347],[-60.69783087,-31.5959533],[-60.69795638,-31.59579624],[-60.69777278,-31.59571305],[-60.69772574,-31.59560743]]},"properties":{"layer":"Subcuencas","entity_type":"LWPOLYLINE","handle":"179971"}},{"type":"Feature","geometry":{"type":"LineString","coordinates":[[-60.6947096,-31.59681294],[-60.69549941,-31.59662759],[-60.69562528,-31.59651865],[-60.69583434,-31.59624085],[-60.69723956,-31.59593247],[-60.69756462,-31.59611113],[-60.69764961,-31.59618284],[-60.69788797,-31.5961234]]},"properties":{"layer":"Subcuencas","entity_type":"LWPOLYLINE","handle":"179972"}},{"type":"Feature","geometry":{"type":"LineString","coordinates":[[-60.72115283,-31.59139173],[-60.72260744,-31.59126287]]},"properties":{"layer":"Subcuencas","entity_type":"LWPOLYLINE","handle":"179973"}},{"type":"Feature","geometry":{"type":"LineString","coordinates":[[-60.72112154,-31.59139203],[-60.71770656,-31.59131515]]},"properties":{"layer":"Subcuencas","entity_type":"LWPOLYLINE","handle":"179974"}},{"type":"Feature","geometry":{"type":"LineString","coordinates":[[-60.71913351,-31.59028014],[-60.71962791,-31.59217144],[-60.7194169,-31.59219553]]},"properties":{"layer":"Subcuencas","entity_type":"LWPOLYLINE","handle":"179975"}},{"type":"Feature","geometry":{"type":"LineString","coordinates":[[-60.72075324,-31.58978987],[-60.721109,-31.59138941]]},"properties":{"layer":"Subcuencas","entity_type":"LWPOLYLINE","handle":"179976"}},{"type":"Feature","geometry":{"type":"LineString","coordinates":[[-60.69720718,-31.59959425],[-60.69656192,-31.59972239],[-60.69651002,-31.59957988],[-60.69638599,-31.59950605],[-60.69611045,-31.59956964],[-60.69600344,-31.59983098],[-60.6957625,-31.59966466],[-60.69534183,-31.59974766],[-60.69522728,-31.59997179],[-60.6947827,-31.60005103]]},"properties":{"layer":"Subcuencas","entity_type":"LWPOLYLINE","handle":"179977"}},{"type":"Feature","geometry":{"type":"LineString","coordinates":[[-60.69982681,-31.59589056],[-60.69931183,-31.5959916],[-60.69908285,-31.59610199],[-60.69914847,-31.59634171],[-60.69940487,-31.59648218],[-60.69945702,-31.59659926]]},"properties":{"layer":"Subcuencas","entity_type":"LWPOLYLINE","handle":"179978"}},{"type":"Feature","geometry":{"type":"LineString","coordinates":[[-60.69982681,-31.59589056],[-60.69991521,-31.59578334],[-60.70000673,-31.59560429],[-60.70010423,-31.59560376]]},"properties":{"layer":"Subcuencas","entity_type":"LWPOLYLINE","handle":"179979"}},{"type":"Feature","geometry":{"type":"LineString","coordinates":[[-60.69460579,-31.60889534],[-60.69502769,-31.60881128],[-60.69523618,-31.60897367],[-60.69565001,-31.60887603],[-60.69590298,-31.60858848],[-60.69752217,-31.60827168],[-60.69804253,-31.60856182],[-60.69817841,-31.60860877],[-60.69826539,-31.6085129],[-60.69865245,-31.60803384],[-60.70025478,-31.60770415],[-60.70054294,-31.60785928],[-60.70097255,-31.60774109],[-60.70116233,-31.60779498]]},"properties":{"layer":"Subcuencas","entity_type":"LWPOLYLINE","handle":"17997A"}},{"type":"Feature","geometry":{"type":"LineString","coordinates":[[-60.69817841,-31.60860877],[-60.69830078,-31.60866193],[-60.69857325,-31.60885122],[-60.69903496,-31.60876012],[-60.69894925,-31.60902632],[-60.69891031,-31.60914917],[-60.69886315,-31.60924005],[-60.69859241,-31.60928241],[-60.69852204,-31.60946676],[-60.69854661,-31.6095552]]},"properties":{"layer":"Subcuencas","entity_type":"LWPOLYLINE","handle":"17997B"}},{"type":"Feature","geometry":{"type":"LineString","coordinates":[[-60.69817841,-31.60860877],[-60.69935887,-31.6083652],[-60.69947103,-31.60843953],[-60.69997515,-31.60868887],[-60.70034927,-31.60861187],[-60.70080148,-31.6087467]]},"properties":{"layer":"Subcuencas","entity_type":"LWPOLYLINE","handle":"17997C"}},{"type":"Feature","geometry":{"type":"LineString","coordinates":[[-60.69817841,-31.60860877],[-60.69810967,-31.60869227],[-60.69790494,-31.60903406],[-60.69761841,-31.60909695],[-60.69773286,-31.60947789],[-60.69781153,-31.60966535]]},"properties":{"layer":"Subcuencas","entity_type":"LWPOLYLINE","handle":"17997D"}},{"type":"Feature","geometry":{"type":"LineString","coordinates":[[-60.70046404,-31.60966932],[-60.7001493,-31.60958867],[-60.69997284,-31.60944655],[-60.69936789,-31.60957251],[-60.69912776,-31.60944436],[-60.69903961,-31.60938352],[-60.69853404,-31.60949568]]},"properties":{"layer":"Subcuencas","entity_type":"LWPOLYLINE","handle":"17997E"}},{"type":"Feature","geometry":{"type":"LineString","coordinates":[[-60.69377453,-31.60860687],[-60.69400902,-31.60845861],[-60.69434316,-31.60795701],[-60.69466752,-31.60788861],[-60.69486317,-31.6079875],[-60.69619967,-31.60772479],[-60.69614645,-31.60755848],[-60.6984041,-31.60710191],[-60.69874319,-31.60726665],[-60.69930102,-31.60714143],[-60.69938091,-31.60705104],[-60.69934093,-31.60691798],[-60.70135251,-31.6064673],[-60.70162929,-31.60653781]]},"properties":{"layer":"Subcuencas","entity_type":"LWPOLYLINE","handle":"17997F"}},{"type":"Feature","geometry":{"type":"LineString","coordinates":[[-60.69752217,-31.60827168],[-60.69773339,-31.60803004],[-60.69752615,-31.60727947]]},"properties":{"layer":"Subcuencas","entity_type":"LWPOLYLINE","handle":"179980"}},{"type":"Feature","geometry":{"type":"LineString","coordinates":[[-60.69934093,-31.60691798],[-60.6992788,-31.6067313],[-60.69910581,-31.6066779],[-60.69899415,-31.60632139],[-60.69911095,-31.60614995],[-60.7006554,-31.60582164],[-60.70059957,-31.60564339],[-60.70118915,-31.60553146],[-60.70124533,-31.6057563],[-60.7017169,-31.60565278],[-60.7019081,-31.60571384]]},"properties":{"layer":"Subcuencas","entity_type":"LWPOLYLINE","handle":"179981"}},{"type":"Feature","geometry":{"type":"LineString","coordinates":[[-60.6934431,-31.60770158],[-60.69354114,-31.60768107],[-60.69363434,-31.60759232],[-60.69384826,-31.60732642],[-60.69372368,-31.60698214],[-60.69346967,-31.6069033],[-60.69336416,-31.60659903],[-60.69368985,-31.60621781],[-60.69417714,-31.60611087],[-60.69444126,-31.60628593],[-60.69484419,-31.60619549],[-60.69509565,-31.60592939],[-60.69558299,-31.60583047],[-60.69604481,-31.60608466],[-60.69612946,-31.60610827],[-60.69623539,-31.6064687],[-60.69903956,-31.60590787]]},"properties":{"layer":"Subcuencas","entity_type":"LWPOLYLINE","handle":"179982"}},{"type":"Feature","geometry":{"type":"LineString","coordinates":[[-60.69911095,-31.60614995],[-60.69903956,-31.60590787],[-60.6988083,-31.6051045],[-60.69871208,-31.60478976],[-60.69814051,-31.60492124],[-60.69752662,-31.60567067],[-60.69707682,-31.60576939],[-60.69663413,-31.60556323],[-60.69715671,-31.60735418]]},"properties":{"layer":"Subcuencas","entity_type":"LWPOLYLINE","handle":"179983"}},{"type":"Feature","geometry":{"type":"LineString","coordinates":[[-60.698759,-31.60494324],[-60.69946386,-31.60480802],[-60.69955557,-31.6048725],[-60.69958081,-31.60496763],[-60.70081049,-31.6047062],[-60.70097365,-31.60527127],[-60.70111962,-31.60531008],[-60.70118915,-31.60553146]]},"properties":{"layer":"Subcuencas","entity_type":"LWPOLYLINE","handle":"179984"}},{"type":"Feature","geometry":{"type":"LineString","coordinates":[[-60.70081049,-31.6047062],[-60.70122934,-31.60493029],[-60.70148053,-31.60487231],[-60.70165766,-31.60465062],[-60.70180384,-31.60471773],[-60.70210129,-31.60464818],[-60.70210657,-31.60438102],[-60.70239158,-31.60447371]]},"properties":{"layer":"Subcuencas","entity_type":"LWPOLYLINE","handle":"179985"}},{"type":"Feature","geometry":{"type":"LineString","coordinates":[[-60.70165766,-31.60465062],[-60.70129978,-31.603502],[-60.70193568,-31.60338188]]},"properties":{"layer":"Subcuencas","entity_type":"LWPOLYLINE","handle":"179986"}},{"type":"Feature","geometry":{"type":"LineString","coordinates":[[-60.70137429,-31.60374114],[-60.70121986,-31.60393733],[-60.70088722,-31.60400926],[-60.70047575,-31.60382312],[-60.70018401,-31.60388168],[-60.69985952,-31.60367316],[-60.69848465,-31.60394728],[-60.69858272,-31.60431345],[-60.69845034,-31.60446085],[-60.69854853,-31.60482738]]},"properties":{"layer":"Subcuencas","entity_type":"LWPOLYLINE","handle":"179987"}},{"type":"Feature","geometry":{"type":"LineString","coordinates":[[-60.69804575,-31.60503693],[-60.69789609,-31.604547],[-60.69755147,-31.60436145],[-60.69726819,-31.6047297],[-60.69680843,-31.60483],[-60.69586185,-31.60446845],[-60.69576415,-31.60415118]]},"properties":{"layer":"Subcuencas","entity_type":"LWPOLYLINE","handle":"179988"}},{"type":"Feature","geometry":{"type":"LineString","coordinates":[[-60.70558984,-31.60312176],[-60.70628474,-31.6054299],[-60.70594577,-31.60576789],[-60.70606281,-31.60619181],[-60.70655035,-31.60634213],[-60.70561024,-31.60655066]]},"properties":{"layer":"Subcuencas","entity_type":"LWPOLYLINE","handle":"179989"}},{"type":"Feature","geometry":{"type":"LineString","coordinates":[[-60.70528009,-31.60661676],[-60.70513086,-31.60612],[-60.70517179,-31.60605786],[-60.70537689,-31.60580906],[-60.70524977,-31.60542058],[-60.70501096,-31.60531575],[-60.70493652,-31.60505081],[-60.7051007,-31.60486416],[-60.70501544,-31.60453736],[-60.70478711,-31.60445016],[-60.70448741,-31.60450489],[-60.70441624,-31.60467334],[-60.70416721,-31.60458626],[-60.70412475,-31.60444497],[-60.70318451,-31.60464474],[-60.70314192,-31.60448577],[-60.70343914,-31.60410114]]},"properties":{"layer":"Subcuencas","entity_type":"LWPOLYLINE","handle":"17998A"}},{"type":"Feature","geometry":{"type":"LineString","coordinates":[[-60.70318451,-31.60464474],[-60.70323769,-31.6048364],[-60.70352778,-31.60487903],[-60.70360202,-31.60511744],[-60.70332025,-31.60545534],[-60.70322261,-31.605583],[-60.70366917,-31.60694017]]},"properties":{"layer":"Subcuencas","entity_type":"LWPOLYLINE","handle":"17998B"}},{"type":"Feature","geometry":{"type":"LineString","coordinates":[[-60.70356688,-31.60500459],[-60.7023922,-31.60525146],[-60.70213303,-31.60519096]]},"properties":{"layer":"Subcuencas","entity_type":"LWPOLYLINE","handle":"17998C"}},{"type":"Feature","geometry":{"type":"LineString","coordinates":[[-60.70655035,-31.60634213],[-60.70816848,-31.60600848]]},"properties":{"layer":"Subcuencas","entity_type":"LWPOLYLINE","handle":"17998D"}},{"type":"Feature","geometry":{"type":"LineString","coordinates":[[-60.70145718,-31.60699635],[-60.70199104,-31.60555631],[-60.70226137,-31.60481371],[-60.70268451,-31.60367058]]},"properties":{"layer":"Subcuencas","entity_type":"LWPOLYLINE","handle":"17998E"}},{"type":"Feature","geometry":{"type":"LineString","coordinates":[[-60.69920563,-31.60380353],[-60.69897647,-31.60307488]]},"properties":{"layer":"Subcuencas","entity_type":"LWPOLYLINE","handle":"17998F"}},{"type":"Feature","geometry":{"type":"LineString","coordinates":[[-60.7076948,-31.60437765],[-60.70732315,-31.60302589],[-60.70710583,-31.60296531],[-60.7070578,-31.60280318]]},"properties":{"layer":"Subcuencas","entity_type":"LWPOLYLINE","handle":"179990"}},{"type":"Feature","geometry":{"type":"LineString","coordinates":[[-60.71206862,-31.60171556],[-60.71221526,-31.60233917],[-60.71252328,-31.60244558],[-60.7125434,-31.60271577],[-60.71234639,-31.60294856],[-60.71239374,-31.60323404]]},"properties":{"layer":"Subcuencas","entity_type":"LWPOLYLINE","handle":"179991"}},{"type":"Feature","geometry":{"type":"LineString","coordinates":[[-60.71085452,-31.60464445],[-60.7112112,-31.60457205],[-60.71142612,-31.604316],[-60.71252673,-31.6040859],[-60.71248038,-31.6039317],[-60.71259678,-31.60379204],[-60.71292459,-31.60376704],[-60.71336714,-31.6037414],[-60.71358482,-31.60384831],[-60.71526527,-31.60346821],[-60.71587253,-31.60371194],[-60.71599034,-31.60375762],[-60.71633636,-31.60474896]]},"properties":{"layer":"Subcuencas","entity_type":"LWPOLYLINE","handle":"179992"}},{"type":"Feature","geometry":{"type":"LineString","coordinates":[[-60.71599034,-31.60375762],[-60.71609083,-31.60366438],[-60.7163946,-31.60321475],[-60.71597726,-31.60299312],[-60.71587557,-31.6026925],[-60.71602742,-31.60246306],[-60.71590701,-31.60207759],[-60.71604153,-31.60194554],[-60.71595832,-31.60169888],[-60.71577733,-31.60166128],[-60.71564753,-31.60122952],[-60.7158,-31.60108193],[-60.71575697,-31.6009303]]},"properties":{"layer":"Subcuencas","entity_type":"LWPOLYLINE","handle":"179993"}},{"type":"Feature","geometry":{"type":"LineString","coordinates":[[-60.71336714,-31.6037414],[-60.71336946,-31.60345333],[-60.7133772,-31.60328338],[-60.71339357,-31.60305933],[-60.71358195,-31.60288065],[-60.71301026,-31.60255948],[-60.71290131,-31.60249058],[-60.71280139,-31.60242163],[-60.71252328,-31.60244558]]},"properties":{"layer":"Subcuencas","entity_type":"LWPOLYLINE","handle":"179994"}},{"type":"Feature","geometry":{"type":"LineString","coordinates":[[-60.71290131,-31.60249058],[-60.71300902,-31.6023973],[-60.71343922,-31.60193617],[-60.71329495,-31.60144934]]},"properties":{"layer":"Subcuencas","entity_type":"LWPOLYLINE","handle":"179995"}},{"type":"Feature","geometry":{"type":"LineString","coordinates":[[-60.71358195,-31.60288065],[-60.71464638,-31.60264765],[-60.71469299,-31.60283505],[-60.71535138,-31.60267691],[-60.71529593,-31.60251504],[-60.71599378,-31.60235536]]},"properties":{"layer":"Subcuencas","entity_type":"LWPOLYLINE","handle":"179996"}},{"type":"Feature","geometry":{"type":"LineString","coordinates":[[-60.71501799,-31.60275699],[-60.71456963,-31.60117715]]},"properties":{"layer":"Subcuencas","entity_type":"LWPOLYLINE","handle":"179997"}},{"type":"Feature","geometry":{"type":"LineString","coordinates":[[-60.7163946,-31.60321475],[-60.71667925,-31.60316038],[-60.71695215,-31.60279467],[-60.71737226,-31.60269559],[-60.7177051,-31.60292969],[-60.71801789,-31.60286366],[-60.71822821,-31.60250901],[-60.71866623,-31.60243157],[-60.71904382,-31.60264367],[-60.72044543,-31.60238941],[-60.72091824,-31.60194758],[-60.72101585,-31.60160427],[-60.72077832,-31.60151672],[-60.72064971,-31.60108899],[-60.7211127,-31.60100069],[-60.72100907,-31.60056212],[-60.72114598,-31.60044032],[-60.72113105,-31.60012977]]},"properties":{"layer":"Subcuencas","entity_type":"LWPOLYLINE","handle":"179998"}},{"type":"Feature","geometry":{"type":"LineString","coordinates":[[-60.72105968,-31.60342096],[-60.72254496,-31.60086364],[-60.72369144,-31.59890298]]},"properties":{"layer":"Subcuencas","entity_type":"LWPOLYLINE","handle":"179999"}},{"type":"Feature","geometry":{"type":"LineString","coordinates":[[-60.71085452,-31.60464445],[-60.70986305,-31.60486362],[-60.70983009,-31.60496468],[-60.70950178,-31.60503856],[-60.70930723,-31.60496038],[-60.70915218,-31.60452889],[-60.7089831,-31.60447218],[-60.70889681,-31.60421325],[-60.70901716,-31.60409575]]},"properties":{"layer":"Subcuencas","entity_type":"LWPOLYLINE","handle":"17999A"}},{"type":"Feature","geometry":{"type":"LineString","coordinates":[[-60.70888847,-31.60364859],[-60.70949872,-31.60352251],[-60.70984011,-31.60369154]]},"properties":{"layer":"Subcuencas","entity_type":"LWPOLYLINE","handle":"17999B"}},{"type":"Feature","geometry":{"type":"LineString","coordinates":[[-60.70984011,-31.60369154],[-60.7101198,-31.60363593],[-60.71017337,-31.60355068],[-60.71108465,-31.6033757],[-60.71120246,-31.60342139],[-60.71147316,-31.60337354],[-60.71169576,-31.60293982],[-60.71160317,-31.60264686],[-60.71140355,-31.60253677],[-60.71078106,-31.6026638],[-60.71059487,-31.60203546]]},"properties":{"layer":"Subcuencas","entity_type":"LWPOLYLINE","handle":"17999C"}},{"type":"Feature","geometry":{"type":"LineString","coordinates":[[-60.70901716,-31.60409575],[-60.70888847,-31.60364859],[-60.70859142,-31.6035334],[-60.70849978,-31.60346575],[-60.70811109,-31.60328292],[-60.70798277,-31.60288444],[-60.70806169,-31.6027769],[-60.70800835,-31.60259687]]},"properties":{"layer":"Subcuencas","entity_type":"LWPOLYLINE","handle":"17999D"}},{"type":"Feature","geometry":{"type":"LineString","coordinates":[[-60.70984011,-31.60369154],[-60.70962869,-31.60398296],[-60.70974088,-31.60432101],[-60.70991018,-31.60440654],[-60.71014601,-31.6043692],[-60.7102682,-31.60477406]]},"properties":{"layer":"Subcuencas","entity_type":"LWPOLYLINE","handle":"17999E"}},{"type":"Feature","geometry":{"type":"LineString","coordinates":[[-60.70930723,-31.60496038],[-60.70860839,-31.60510117],[-60.708483,-31.60524598],[-60.70817993,-31.60531252],[-60.70795165,-31.60523452],[-60.7076948,-31.60437765]]},"properties":{"layer":"Subcuencas","entity_type":"LWPOLYLINE","handle":"17999F"}},{"type":"Feature","geometry":{"type":"LineString","coordinates":[[-60.70893738,-31.604335],[-60.70877151,-31.60437034],[-60.70870372,-31.60432748],[-60.70839929,-31.60421388],[-60.70769224,-31.60436912]]},"properties":{"layer":"Subcuencas","entity_type":"LWPOLYLINE","handle":"1799A0"}},{"type":"Feature","geometry":{"type":"LineString","coordinates":[[-60.70839929,-31.60421388],[-60.7082611,-31.60378229],[-60.70842844,-31.60360842],[-60.70839156,-31.60341485]]},"properties":{"layer":"Subcuencas","entity_type":"LWPOLYLINE","handle":"1799A1"}},{"type":"Feature","geometry":{"type":"LineString","coordinates":[[-60.70795165,-31.60523452],[-60.70822033,-31.60619354],[-60.70854984,-31.60627818],[-60.70868136,-31.60634839]]},"properties":{"layer":"Subcuencas","entity_type":"LWPOLYLINE","handle":"1799A2"}},{"type":"Feature","geometry":{"type":"LineString","coordinates":[[-60.70931506,-31.606197],[-60.70935804,-31.60610076],[-60.70954203,-31.60589797],[-60.7098123,-31.60595412],[-60.71012375,-31.60588033],[-60.71034831,-31.60546835],[-60.7099251,-31.60526173],[-60.70983009,-31.60496468]]},"properties":{"layer":"Subcuencas","entity_type":"LWPOLYLINE","handle":"1799A3"}},{"type":"Feature","geometry":{"type":"LineString","coordinates":[[-60.71239374,-31.60323404],[-60.71240527,-31.60336216],[-60.7117816,-31.6035037],[-60.71147316,-31.60337354]]},"properties":{"layer":"Subcuencas","entity_type":"LWPOLYLINE","handle":"1799A4"}},{"type":"Feature","geometry":{"type":"LineString","coordinates":[[-60.71199361,-31.60345559],[-60.71206291,-31.60366782],[-60.71202045,-31.6037509],[-60.71174313,-31.60411143],[-60.71195746,-31.60420492]]},"properties":{"layer":"Subcuencas","entity_type":"LWPOLYLINE","handle":"1799A5"}},{"type":"Feature","geometry":{"type":"LineString","coordinates":[[-60.72446309,-31.60268029],[-60.72430704,-31.60216112],[-60.72488245,-31.60170578],[-60.72462036,-31.60137461],[-60.72471786,-31.60107552],[-60.72521421,-31.60072298],[-60.72489237,-31.60040921],[-60.72499962,-31.6000811],[-60.72549536,-31.5996518]]},"properties":{"layer":"Subcuencas","entity_type":"LWPOLYLINE","handle":"1799A6"}},{"type":"Feature","geometry":{"type":"LineString","coordinates":[[-60.72565635,-31.6024297],[-60.72548898,-31.60191783],[-60.72597018,-31.60145478],[-60.72672312,-31.6013009],[-60.72640652,-31.6004166],[-60.72730721,-31.60021584],[-60.72706224,-31.59928906]]},"properties":{"layer":"Subcuencas","entity_type":"LWPOLYLINE","handle":"1799A7"}},{"type":"Feature","geometry":{"type":"LineString","coordinates":[[-60.72948118,-31.60155576],[-60.72898593,-31.60135706],[-60.72890299,-31.60108134],[-60.72911584,-31.6007464],[-60.72872679,-31.60050717]]},"properties":{"layer":"Subcuencas","entity_type":"LWPOLYLINE","handle":"1799A8"}},{"type":"Feature","geometry":{"type":"LineString","coordinates":[[-60.73027252,-31.60135417],[-60.7300913,-31.60080874],[-60.73038467,-31.60043881],[-60.72995215,-31.60023414],[-60.72985574,-31.5999585],[-60.73016228,-31.59955056],[-60.72958101,-31.59926619],[-60.72944582,-31.59919791],[-60.72924758,-31.59851153]]},"properties":{"layer":"Subcuencas","entity_type":"LWPOLYLINE","handle":"1799A9"}},{"type":"Feature","geometry":{"type":"LineString","coordinates":[[-60.72079505,-31.60206077],[-60.72078316,-31.60206084]]},"properties":{"layer":"Subcuencas","entity_type":"LWPOLYLINE","handle":"1799AA"}},{"type":"Feature","geometry":{"type":"LineString","coordinates":[[-60.72064971,-31.60108899],[-60.71932285,-31.60136166],[-60.71940829,-31.6016478],[-60.71927886,-31.60182639],[-60.71723472,-31.60221497],[-60.71710932,-31.60214452],[-60.71704193,-31.60188572],[-60.71714218,-31.60177844],[-60.71743907,-31.60172595],[-60.71751667,-31.60176617],[-60.71770669,-31.60173461],[-60.71770024,-31.60166858],[-60.71798524,-31.60161616],[-60.71807325,-31.6014632],[-60.71812019,-31.60138163],[-60.71818496,-31.60129995],[-60.71850253,-31.60084384],[-60.71797109,-31.60054699],[-60.71786115,-31.60049282]]},"properties":{"layer":"Subcuencas","entity_type":"LWPOLYLINE","handle":"1799AB"}},{"type":"Feature","geometry":{"type":"LineString","coordinates":[[-60.71850253,-31.60084384],[-60.71888249,-31.60077056],[-60.71907635,-31.60046455],[-60.71926046,-31.6004381],[-60.71944382,-31.60108756],[-60.72008491,-31.6009508],[-60.71983821,-31.60008173]]},"properties":{"layer":"Subcuencas","entity_type":"LWPOLYLINE","handle":"1799AC"}},{"type":"Feature","geometry":{"type":"LineString","coordinates":[[-60.72008491,-31.6009508],[-60.72015235,-31.6011912]]},"properties":{"layer":"Subcuencas","entity_type":"LWPOLYLINE","handle":"1799AD"}},{"type":"Feature","geometry":{"type":"LineString","coordinates":[[-60.71907853,-31.60347274],[-60.71884128,-31.60331638],[-60.71875356,-31.60301445],[-60.71904382,-31.60264367]]},"properties":{"layer":"Subcuencas","entity_type":"LWPOLYLINE","handle":"1799AE"}},{"type":"Feature","geometry":{"type":"LineString","coordinates":[[-60.71714218,-31.60177844],[-60.71695229,-31.60174012],[-60.71665782,-31.60179576],[-60.71657871,-31.60155023],[-60.71638836,-31.60144931],[-60.71621408,-31.60083527]]},"properties":{"layer":"Subcuencas","entity_type":"LWPOLYLINE","handle":"1799AF"}},{"type":"Feature","geometry":{"type":"LineString","coordinates":[[-60.71737226,-31.60269559],[-60.71724101,-31.60228903],[-60.71723472,-31.60221497]]},"properties":{"layer":"Subcuencas","entity_type":"LWPOLYLINE","handle":"1799B0"}},{"type":"Feature","geometry":{"type":"LineString","coordinates":[[-60.71454147,-31.60363193],[-60.71427184,-31.60272964]]},"properties":{"layer":"Subcuencas","entity_type":"LWPOLYLINE","handle":"1799B1"}},{"type":"Feature","geometry":{"type":"LineString","coordinates":[[-60.72872679,-31.60050717],[-60.72864099,-31.60022398],[-60.7289322,-31.59984518],[-60.72841848,-31.59956935],[-60.7283334,-31.59931841],[-60.72851301,-31.59897315]]},"properties":{"layer":"Subcuencas","entity_type":"LWPOLYLINE","handle":"1799B2"}},{"type":"Feature","geometry":{"type":"LineString","coordinates":[[-60.72672312,-31.6013009],[-60.72736798,-31.60116434],[-60.72730154,-31.60093266],[-60.72771428,-31.60080875],[-60.72806308,-31.60077361],[-60.72821941,-31.60092743],[-60.72807987,-31.60127078],[-60.72837318,-31.60227112]]},"properties":{"layer":"Subcuencas","entity_type":"LWPOLYLINE","handle":"1799B3"}},{"type":"Feature","geometry":{"type":"LineString","coordinates":[[-60.72748019,-31.59920813],[-60.72706224,-31.59928906]]},"properties":{"layer":"Subcuencas","entity_type":"LWPOLYLINE","handle":"1799B4"}},{"type":"Feature","geometry":{"type":"LineString","coordinates":[[-60.72503083,-31.59923663],[-60.72549536,-31.5996518]]},"properties":{"layer":"Subcuencas","entity_type":"LWPOLYLINE","handle":"1799B5"}},{"type":"Feature","geometry":{"type":"LineString","coordinates":[[-60.72425315,-31.60272437],[-60.72408395,-31.60218309],[-60.72387296,-31.60194598],[-60.72426586,-31.60046628],[-60.72412478,-31.6002526],[-60.72377567,-31.60018309],[-60.72362304,-31.60027928],[-60.72353837,-31.60014869],[-60.7234404,-31.60010158],[-60.72308068,-31.59994749]]},"properties":{"layer":"Subcuencas","entity_type":"LWPOLYLINE","handle":"1799B6"}},{"type":"Feature","geometry":{"type":"LineString","coordinates":[[-60.71917458,-31.60261995],[-60.71898323,-31.60188259]]},"properties":{"layer":"Subcuencas","entity_type":"LWPOLYLINE","handle":"1799B7"}},{"type":"Feature","geometry":{"type":"LineString","coordinates":[[-60.71665782,-31.60179576],[-60.71658603,-31.60198869],[-60.71641693,-31.60202797],[-60.7163119,-31.60197746],[-60.71608805,-31.60202555],[-60.71597525,-31.6020106]]},"properties":{"layer":"Subcuencas","entity_type":"LWPOLYLINE","handle":"1799B8"}},{"type":"Feature","geometry":{"type":"LineString","coordinates":[[-60.71409998,-31.60373179],[-60.71435686,-31.60462176],[-60.7135529,-31.6047785],[-60.71324987,-31.60521923],[-60.7130398,-31.60539319]]},"properties":{"layer":"Subcuencas","entity_type":"LWPOLYLINE","handle":"1799B9"}},{"type":"Feature","geometry":{"type":"LineString","coordinates":[[-60.71435686,-31.60462176],[-60.71457626,-31.60535917],[-60.71424198,-31.60544021],[-60.71422222,-31.60560441]]},"properties":{"layer":"Subcuencas","entity_type":"LWPOLYLINE","handle":"1799BA"}},{"type":"Feature","geometry":{"type":"LineString","coordinates":[[-60.7112112,-31.60457205],[-60.71132127,-31.60498991],[-60.71176023,-31.60513585],[-60.71179111,-31.605226],[-60.71216135,-31.6052691],[-60.71250055,-31.60520269],[-60.71285652,-31.60535554],[-60.7130398,-31.60539319]]},"properties":{"layer":"Subcuencas","entity_type":"LWPOLYLINE","handle":"1799BB"}},{"type":"Feature","geometry":{"type":"LineString","coordinates":[[-60.70788698,-31.60501878],[-60.70725249,-31.6051597],[-60.70730697,-31.60537239],[-60.707037,-31.60562559],[-60.70628474,-31.6054299]]},"properties":{"layer":"Subcuencas","entity_type":"LWPOLYLINE","handle":"1799BC"}},{"type":"Feature","geometry":{"type":"LineString","coordinates":[[-60.70679053,-31.60286118],[-60.70683482,-31.60305283],[-60.70672233,-31.60315672],[-60.70680778,-31.6034725],[-60.70677056,-31.60354371],[-60.70691005,-31.60401409],[-60.70700852,-31.60405227],[-60.70713261,-31.60448402],[-60.70735244,-31.60459252],[-60.70743595,-31.60465015],[-60.70775743,-31.60458659]]},"properties":{"layer":"Subcuencas","entity_type":"LWPOLYLINE","handle":"1799BD"}},{"type":"Feature","geometry":{"type":"LineString","coordinates":[[-60.70337127,-31.60603481],[-60.70381319,-31.60594409],[-60.70387399,-31.60615194],[-60.70424305,-31.6062118],[-60.70455844,-31.60613691],[-60.70471489,-31.6059335],[-60.70504518,-31.60608922],[-60.70513086,-31.60612]]},"properties":{"layer":"Subcuencas","entity_type":"LWPOLYLINE","handle":"1799BE"}},{"type":"Feature","geometry":{"type":"LineString","coordinates":[[-60.69897647,-31.60307488],[-60.69825881,-31.60321749],[-60.69813728,-31.60283107]]},"properties":{"layer":"Subcuencas","entity_type":"LWPOLYLINE","handle":"1799BF"}},{"type":"Feature","geometry":{"type":"LineString","coordinates":[[-60.6923223,-31.61104544],[-60.69250717,-31.61100414],[-60.69289099,-31.61116267],[-60.69326636,-31.61108607],[-60.69348588,-31.61081528],[-60.69388131,-31.61072709],[-60.69409701,-31.61084637],[-60.69418615,-31.61109828],[-60.69426025,-31.61113229],[-60.69573599,-31.6107973],[-60.69587858,-31.6110145],[-60.69566454,-31.61111891],[-60.6955848,-31.61122834],[-60.69543246,-31.61150563],[-60.69546003,-31.611603],[-60.69443642,-31.61182326]]},"properties":{"layer":"Subcuencas","entity_type":"LWPOLYLINE","handle":"1799C0"}},{"type":"Feature","geometry":{"type":"LineString","coordinates":[[-60.69587858,-31.6110145],[-60.69614766,-31.61091724],[-60.69596368,-31.61055113],[-60.69587354,-31.6103258]]},"properties":{"layer":"Subcuencas","entity_type":"LWPOLYLINE","handle":"1799C1"}},{"type":"Feature","geometry":{"type":"LineString","coordinates":[[-60.69614766,-31.61091724],[-60.69647388,-31.61145295],[-60.69666942,-31.61156831],[-60.69690505,-31.6116588],[-60.69643694,-31.61190227],[-60.69652635,-31.61218859],[-60.69626495,-31.61224448],[-60.69614629,-31.61253766],[-60.69590038,-31.6128717],[-60.69572708,-31.61303899],[-60.69616242,-31.61380249],[-60.69667921,-31.61468587],[-60.697298,-31.61574077],[-60.69698818,-31.61584724]]},"properties":{"layer":"Subcuencas","entity_type":"LWPOLYLINE","handle":"1799C2"}},{"type":"Feature","geometry":{"type":"LineString","coordinates":[[-60.697298,-31.61574077],[-60.69752162,-31.61565924],[-60.69782841,-31.61538797],[-60.6978545,-31.61528458],[-60.69832142,-31.6148805],[-60.69852852,-31.61493632]]},"properties":{"layer":"Subcuencas","entity_type":"LWPOLYLINE","handle":"1799C3"}},{"type":"Feature","geometry":{"type":"LineString","coordinates":[[-60.69854031,-31.60956413],[-60.69841134,-31.60969308],[-60.69820257,-31.6104317],[-60.69792942,-31.61051965],[-60.69787225,-31.6108353],[-60.69785517,-31.61093913],[-60.69727292,-31.61108472],[-60.69722079,-31.61127827],[-60.69713792,-31.61133976],[-60.69705485,-31.61137581],[-60.69690505,-31.6116588]]},"properties":{"layer":"Subcuencas","entity_type":"LWPOLYLINE","handle":"1799C4"}},{"type":"Feature","geometry":{"type":"LineString","coordinates":[[-60.69652635,-31.61218859],[-60.69664405,-31.61216332],[-60.69675604,-31.61201521],[-60.69697002,-31.61197336],[-60.6971493,-31.61206902],[-60.69726717,-31.6119107],[-60.69743361,-31.61187928],[-60.69740252,-31.61170144],[-60.69755572,-31.61149207],[-60.69798367,-31.61140836],[-60.69806529,-31.61117904],[-60.69844566,-31.61110067],[-60.69862316,-31.61095728],[-60.69902203,-31.61096527],[-60.69916545,-31.61104078],[-60.69924912,-31.6110861],[-60.6992503,-31.61124376],[-60.69925053,-31.61127427],[-60.69982501,-31.6114141]]},"properties":{"layer":"Subcuencas","entity_type":"LWPOLYLINE","handle":"1799C5"}},{"type":"Feature","geometry":{"type":"LineString","coordinates":[[-60.69579329,-31.61315511],[-60.69609917,-31.61305871],[-60.69619228,-31.61303647],[-60.69635403,-31.61312253],[-60.6964231,-31.61328879],[-60.696965,-31.6131844],[-60.69771018,-31.61304992],[-60.69791929,-31.61266479],[-60.69823247,-31.61259063],[-60.69858184,-31.61282056],[-60.69874272,-31.6127907],[-60.69917244,-31.61242609],[-60.69940931,-31.61235234]]},"properties":{"layer":"Subcuencas","entity_type":"LWPOLYLINE","handle":"1799C6"}},{"type":"Feature","geometry":{"type":"LineString","coordinates":[[-60.6987318,-31.61439077],[-60.69772641,-31.61408875],[-60.69732276,-31.61454015],[-60.69695011,-31.61460014],[-60.69664821,-31.6139135],[-60.69644304,-31.61369002],[-60.69650159,-31.61358103],[-60.6964231,-31.61328879]]},"properties":{"layer":"Subcuencas","entity_type":"LWPOLYLINE","handle":"1799C7"}},{"type":"Feature","geometry":{"type":"LineString","coordinates":[[-60.69636006,-31.61414033],[-60.69670227,-31.61403645]]},"properties":{"layer":"Subcuencas","entity_type":"LWPOLYLINE","handle":"1799C8"}},{"type":"Feature","geometry":{"type":"LineString","coordinates":[[-60.70532252,-31.61424838],[-60.70533025,-31.61424669],[-60.70609981,-31.61411439],[-60.70639334,-31.61373287],[-60.7067189,-31.61366775],[-60.7069345,-31.61376154],[-60.70697265,-31.61390695],[-60.7076334,-31.61377666],[-60.70768676,-31.61397264],[-60.70790222,-31.61404743],[-60.70833864,-31.6139437],[-60.70854677,-31.61363676],[-60.7088501,-31.61357176],[-60.70909174,-31.61319052],[-60.70900081,-31.6129251],[-60.70856203,-31.61271609],[-60.70821429,-31.61278766],[-60.70795351,-31.61259916],[-60.70753172,-31.61267748],[-60.70730393,-31.612932],[-60.70688224,-31.61302298],[-60.70656203,-31.61281581],[-60.70651738,-31.61279073],[-60.70611412,-31.61286894],[-60.70589426,-31.61319307]]},"properties":{"layer":"Subcuencas","entity_type":"LWPOLYLINE","handle":"1799C9"}},{"type":"Feature","geometry":{"type":"LineString","coordinates":[[-60.70589426,-31.61319307],[-60.70513894,-31.61335228]]},"properties":{"layer":"Subcuencas","entity_type":"LWPOLYLINE","handle":"1799CA"}},{"type":"Feature","geometry":{"type":"MultiLineString","coordinates":[[[-60.70495505,-31.61245745],[-60.70557655,-31.61233373],[-60.70598571,-31.61254674],[-60.70645918,-31.61244282],[-60.70668662,-31.61214209]],[[-60.70668662,-31.61214209],[-60.70706395,-31.61206403],[-60.70726845,-31.61167034],[-60.70746087,-31.61163761],[-60.70761782,-31.61181403],[-60.70790068,-31.61198341],[-60.70844809,-31.61186008],[-60.70862454,-31.61167548],[-60.70882728,-31.61163637],[-60.70877426,-31.61148471],[-60.70867014,-31.61143463],[-60.7083278,-31.61124025],[-60.70773584,-31.61135117],[-60.70752755,-31.61124469],[-60.70721692,-31.61132238],[-60.70694919,-31.61119473],[-60.70691123,-31.61107464],[-60.706238,-31.61121766],[-60.7063065,-31.61145788],[-60.70620367,-31.61157875],[-60.70626486,-31.61183168],[-60.70668662,-31.61214209]]]},"properties":{"layer":"Subcuencas","entity_type":"LWPOLYLINE","handle":"1799CB"}},{"type":"Feature","geometry":{"type":"LineString","coordinates":[[-60.706238,-31.61121766],[-60.70617718,-31.61101351],[-60.70594676,-31.61091981],[-60.70587061,-31.61064797],[-60.70599519,-31.61046367],[-60.70595685,-31.61029293],[-60.70637848,-31.61019562],[-60.70843477,-31.60970936],[-60.70877656,-31.60963719],[-60.70839706,-31.6094266],[-60.70832822,-31.60914206],[-60.70865863,-31.60874134],[-60.70737138,-31.6090144],[-60.70709065,-31.60814603],[-60.7074893,-31.607699]]},"properties":{"layer":"Subcuencas","entity_type":"LWPOLYLINE","handle":"1799CC"}},{"type":"Feature","geometry":{"type":"LineString","coordinates":[[-60.70840195,-31.60782806],[-60.70865863,-31.60874134]]},"properties":{"layer":"Subcuencas","entity_type":"LWPOLYLINE","handle":"1799CD"}},{"type":"Feature","geometry":{"type":"LineString","coordinates":[[-60.70578489,-31.60718577],[-60.70590546,-31.60762285],[-60.70572787,-31.60780842],[-60.70589918,-31.60842713],[-60.70464187,-31.60866613],[-60.70461659,-31.60858716],[-60.70459467,-31.60854509],[-60.70288768,-31.60890258],[-60.70276564,-31.60908888],[-60.70242677,-31.60916985],[-60.70220861,-31.60904975],[-60.70156769,-31.60917985],[-60.70143345,-31.60938627],[-60.70099461,-31.60946935],[-60.70057673,-31.60935716]]},"properties":{"layer":"Subcuencas","entity_type":"LWPOLYLINE","handle":"1799CE"}},{"type":"Feature","geometry":{"type":"LineString","coordinates":[[-60.70109362,-31.60795561],[-60.70131707,-31.60802414],[-60.70151548,-31.60814435],[-60.70200258,-31.60807839],[-60.70214339,-31.60792467],[-60.70241451,-31.60786516],[-60.70284203,-31.60808432],[-60.70331042,-31.60799208],[-60.70386173,-31.60825802],[-60.70402889,-31.60832566],[-60.70427325,-31.60946662],[-60.70464266,-31.6109829],[-60.70487142,-31.61204677]]},"properties":{"layer":"Subcuencas","entity_type":"LWPOLYLINE","handle":"1799CF"}},{"type":"Feature","geometry":{"type":"LineString","coordinates":[[-60.70170922,-31.61075351],[-60.7017817,-31.61065888],[-60.7021637,-31.61019386],[-60.70197116,-31.60952723],[-60.70156546,-31.60960958],[-60.70145032,-31.609539],[-60.70130247,-31.60941107]]},"properties":{"layer":"Subcuencas","entity_type":"LWPOLYLINE","handle":"1799D0"}},{"type":"Feature","geometry":{"type":"LineString","coordinates":[[-60.7021637,-31.61019386],[-60.70273825,-31.61039545],[-60.70319578,-31.6102772],[-60.70339118,-31.60993784],[-60.70376564,-31.60985565],[-60.70419439,-31.61006695],[-60.70465186,-31.60993979],[-60.70487797,-31.60952903],[-60.70547286,-31.60938957],[-60.70562806,-31.60924627],[-60.7057633,-31.60921882],[-60.70554605,-31.60849426]]},"properties":{"layer":"Subcuencas","entity_type":"LWPOLYLINE","handle":"1799D1"}},{"type":"Feature","geometry":{"type":"LineString","coordinates":[[-60.70567625,-31.6089285],[-60.70723721,-31.60859939]]},"properties":{"layer":"Subcuencas","entity_type":"LWPOLYLINE","handle":"1799D2"}},{"type":"Feature","geometry":{"type":"LineString","coordinates":[[-60.70402889,-31.60832566],[-60.7038298,-31.60739647],[-60.7037033,-31.60693409]]},"properties":{"layer":"Subcuencas","entity_type":"LWPOLYLINE","handle":"1799D3"}},{"type":"Feature","geometry":{"type":"LineString","coordinates":[[-60.70547286,-31.60938957],[-60.70554161,-31.60959045],[-60.70568518,-31.60963046],[-60.70613036,-31.60955999],[-60.70630084,-31.61021354]]},"properties":{"layer":"Subcuencas","entity_type":"LWPOLYLINE","handle":"1799D4"}},{"type":"Feature","geometry":{"type":"LineString","coordinates":[[-60.70877656,-31.60963719],[-60.70850151,-31.60995774],[-60.70860752,-31.61036899],[-60.70904978,-31.61058114],[-60.70880794,-31.61097553],[-60.70889941,-31.61129833],[-60.70902608,-31.61136862],[-60.70904363,-31.61143553]]},"properties":{"layer":"Subcuencas","entity_type":"LWPOLYLINE","handle":"1799D5"}},{"type":"Feature","geometry":{"type":"LineString","coordinates":[[-60.70877426,-31.61148471],[-60.70904363,-31.61143553]]},"properties":{"layer":"Subcuencas","entity_type":"LWPOLYLINE","handle":"1799D6"}},{"type":"Feature","geometry":{"type":"LineString","coordinates":[[-60.70878663,-31.61148245],[-60.70878206,-31.61148192]]},"properties":{"layer":"Subcuencas","entity_type":"LWPOLYLINE","handle":"1799D7"}},{"type":"Feature","geometry":{"type":"LineString","coordinates":[[-60.70546637,-31.61521263],[-60.70628226,-31.61513113],[-60.70665425,-31.61530882],[-60.70732436,-31.61516816],[-60.70747801,-31.61561577],[-60.70757081,-31.61596618],[-60.70847223,-31.61594407],[-60.70851802,-31.61606825]]},"properties":{"layer":"Subcuencas","entity_type":"LWPOLYLINE","handle":"1799D8"}},{"type":"Feature","geometry":{"type":"LineString","coordinates":[[-60.70732436,-31.61516816],[-60.70697265,-31.61390695]]},"properties":{"layer":"Subcuencas","entity_type":"LWPOLYLINE","handle":"1799D9"}},{"type":"Feature","geometry":{"type":"LineString","coordinates":[[-60.70732436,-31.61516816],[-60.70799419,-31.61499158],[-60.70809704,-31.61534532],[-60.70840906,-31.61554045],[-60.70871953,-31.61553016],[-60.70897894,-31.61539178],[-60.70903871,-31.61534865],[-60.70933884,-31.61529563],[-60.70957697,-31.61499474],[-60.70948468,-31.6147128],[-60.70898201,-31.61447593],[-60.70868217,-31.61360774]]},"properties":{"layer":"Subcuencas","entity_type":"LWPOLYLINE","handle":"1799DA"}},{"type":"Feature","geometry":{"type":"LineString","coordinates":[[-60.70856914,-31.61553514],[-60.7086473,-31.61583207],[-60.70906292,-31.61605375],[-60.70922561,-31.61661611],[-60.70953341,-31.61677159],[-60.70957983,-31.6168281],[-60.70966725,-31.6168992],[-60.70996998,-31.61705907],[-60.71007123,-31.61693188],[-60.71027738,-31.61689144],[-60.71049738,-31.61759757],[-60.71076735,-31.61769774]]},"properties":{"layer":"Subcuencas","entity_type":"LWPOLYLINE","handle":"1799DB"}},{"type":"Feature","geometry":{"type":"LineString","coordinates":[[-60.71058739,-31.61773522],[-60.7104475,-31.6177585],[-60.7103367,-31.61797307],[-60.71010581,-31.61785209],[-60.70983032,-31.61791475],[-60.70968875,-31.61811639],[-60.70974121,-31.61829512],[-60.70907803,-31.61845163],[-60.70902059,-31.61829039],[-60.70868196,-31.61811325],[-60.70857414,-31.61804835],[-60.7078938,-31.61819843]]},"properties":{"layer":"Subcuencas","entity_type":"LWPOLYLINE","handle":"1799DC"}},{"type":"Feature","geometry":{"type":"LineString","coordinates":[[-60.70847223,-31.61594407],[-60.70855332,-31.61583196],[-60.7086473,-31.61583207]]},"properties":{"layer":"Subcuencas","entity_type":"LWPOLYLINE","handle":"1799DD"}},{"type":"Feature","geometry":{"type":"LineString","coordinates":[[-60.7095924,-31.61683832],[-60.70962161,-31.61674611],[-60.70978653,-31.61647892],[-60.70966079,-31.61604218],[-60.7097714,-31.6159436],[-60.71022366,-31.61597223],[-60.71067757,-31.61621889],[-60.71116548,-31.61614142],[-60.71133198,-31.61598475],[-60.71144567,-31.61596602],[-60.71165353,-31.61608263],[-60.71274179,-31.61604542],[-60.713267,-31.61607986],[-60.71319837,-31.61688081]]},"properties":{"layer":"Subcuencas","entity_type":"LWPOLYLINE","handle":"1799DE"}},{"type":"Feature","geometry":{"type":"LineString","coordinates":[[-60.713267,-31.61607986],[-60.71328562,-31.61589917]]},"properties":{"layer":"Subcuencas","entity_type":"LWPOLYLINE","handle":"1799DF"}},{"type":"Feature","geometry":{"type":"LineString","coordinates":[[-60.71328562,-31.61589917],[-60.71306819,-31.61582433],[-60.71262905,-31.61560252],[-60.71159392,-31.61562698],[-60.71152239,-31.61580803],[-60.71144567,-31.61596602]]},"properties":{"layer":"Subcuencas","entity_type":"LWPOLYLINE","handle":"1799E0"}},{"type":"Feature","geometry":{"type":"LineString","coordinates":[[-60.71159392,-31.61562698],[-60.71138159,-31.6155098],[-60.71125735,-31.61547065],[-60.71105472,-31.61471178],[-60.71085087,-31.61475029],[-60.71077233,-31.61496876],[-60.71087033,-31.61539182],[-60.71039715,-31.6154879],[-60.7103098,-31.61550707],[-60.71023643,-31.61544519],[-60.70971922,-31.61550413],[-60.70933884,-31.61529563]]},"properties":{"layer":"Subcuencas","entity_type":"LWPOLYLINE","handle":"1799E1"}},{"type":"Feature","geometry":{"type":"LineString","coordinates":[[-60.71077233,-31.61496876],[-60.71056708,-31.61482293],[-60.71047003,-31.61452446],[-60.71055671,-31.61441807],[-60.70971877,-31.61160145],[-60.70904363,-31.61143553]]},"properties":{"layer":"Subcuencas","entity_type":"LWPOLYLINE","handle":"1799E2"}},{"type":"Feature","geometry":{"type":"LineString","coordinates":[[-60.70856203,-31.61271609],[-60.70995977,-31.61241157]]},"properties":{"layer":"Subcuencas","entity_type":"LWPOLYLINE","handle":"1799E3"}},{"type":"Feature","geometry":{"type":"LineString","coordinates":[[-60.71105472,-31.61471178],[-60.7112993,-31.61465935],[-60.71148928,-31.61471436],[-60.71154145,-31.61486358],[-60.71156598,-31.61492573],[-60.71225759,-31.61479106],[-60.71239673,-31.61487127],[-60.71266601,-31.61480747],[-60.71273682,-31.61453298],[-60.7130478,-31.61420108],[-60.71323073,-31.61394492]]},"properties":{"layer":"Subcuencas","entity_type":"LWPOLYLINE","handle":"1799E4"}},{"type":"Feature","geometry":{"type":"LineString","coordinates":[[-60.71262905,-31.61560252],[-60.71276635,-31.61553699],[-60.71358981,-31.61548256],[-60.71399058,-31.61564352],[-60.71387821,-31.61585207]]},"properties":{"layer":"Subcuencas","entity_type":"LWPOLYLINE","handle":"1799E5"}},{"type":"Feature","geometry":{"type":"LineString","coordinates":[[-60.71399058,-31.61564352],[-60.71517768,-31.61356375],[-60.71538408,-31.61320658]]},"properties":{"layer":"Subcuencas","entity_type":"LWPOLYLINE","handle":"1799E6"}},{"type":"Feature","geometry":{"type":"LineString","coordinates":[[-60.71538408,-31.61320658],[-60.71510847,-31.61309385],[-60.71497181,-31.61333756],[-60.7143748,-31.61344681],[-60.71412602,-31.61332984],[-60.71368192,-31.6134133],[-60.71343685,-31.61378221],[-60.71323073,-31.61394492]]},"properties":{"layer":"Subcuencas","entity_type":"LWPOLYLINE","handle":"1799E7"}},{"type":"Feature","geometry":{"type":"LineString","coordinates":[[-60.71323073,-31.61394492],[-60.71342375,-31.61397663],[-60.7146372,-31.61451066]]},"properties":{"layer":"Subcuencas","entity_type":"LWPOLYLINE","handle":"1799E8"}},{"type":"Feature","geometry":{"type":"LineString","coordinates":[[-60.71412602,-31.61332984],[-60.71389354,-31.61248269],[-60.71338379,-31.61256029],[-60.71293616,-31.61256279],[-60.71287854,-31.61265656],[-60.71247824,-31.612746],[-60.71183048,-31.61289289],[-60.71020047,-31.61322062]]},"properties":{"layer":"Subcuencas","entity_type":"LWPOLYLINE","handle":"1799E9"}},{"type":"Feature","geometry":{"type":"LineString","coordinates":[[-60.71041165,-31.61393048],[-60.71121532,-31.61377899],[-60.71126787,-31.61397805],[-60.7126291,-31.61369636],[-60.71292934,-31.61386911],[-60.71311151,-31.61385563],[-60.71323073,-31.61394492]]},"properties":{"layer":"Subcuencas","entity_type":"LWPOLYLINE","handle":"1799EA"}},{"type":"Feature","geometry":{"type":"LineString","coordinates":[[-60.71389354,-31.61248269],[-60.71385852,-31.61238383],[-60.71413275,-31.61201476],[-60.7142071,-31.61191782],[-60.71407979,-31.61147624],[-60.71454566,-31.61138019],[-60.71463929,-31.61123015],[-60.71490136,-31.61117885]]},"properties":{"layer":"Subcuencas","entity_type":"LWPOLYLINE","handle":"1799EB"}},{"type":"Feature","geometry":{"type":"LineString","coordinates":[[-60.71542054,-31.60928471],[-60.71527829,-31.60879652],[-60.71478337,-31.6089052],[-60.71467345,-31.60883106],[-60.71410287,-31.60857884]]},"properties":{"layer":"Subcuencas","entity_type":"LWPOLYLINE","handle":"1799EC"}},{"type":"Feature","geometry":{"type":"LineString","coordinates":[[-60.71481388,-31.60890469],[-60.71486626,-31.60879017],[-60.71513689,-31.60834262],[-60.71552785,-31.60827353],[-60.71594722,-31.60850535],[-60.71632522,-31.60844747],[-60.71654475,-31.60814517],[-60.7165815,-31.60783274],[-60.71697195,-31.60769674],[-60.71764997,-31.60762272]]},"properties":{"layer":"Subcuencas","entity_type":"LWPOLYLINE","handle":"1799ED"}},{"type":"Feature","geometry":{"type":"LineString","coordinates":[[-60.72054722,-31.6088862],[-60.71980347,-31.60817145],[-60.7198797,-31.6079034],[-60.72017722,-31.60756279],[-60.72027887,-31.60720539],[-60.72052646,-31.60715939],[-60.72086736,-31.60736933],[-60.72106104,-31.60710062],[-60.72143911,-31.60705388],[-60.72162318,-31.60723125],[-60.72183015,-31.60699592],[-60.72205164,-31.60695006],[-60.72228738,-31.60706024],[-60.72234122,-31.6072718],[-60.723045,-31.60715631],[-60.72296438,-31.60685569],[-60.72313316,-31.60674323],[-60.72343285,-31.60668578],[-60.72383909,-31.60690649],[-60.72411174,-31.60672653],[-60.72490997,-31.60701193]]},"properties":{"layer":"Subcuencas","entity_type":"LWPOLYLINE","handle":"1799EE"}},{"type":"Feature","geometry":{"type":"LineString","coordinates":[[-60.72017722,-31.60756279],[-60.71931938,-31.60735586],[-60.71913655,-31.60779444],[-60.71862255,-31.60761803],[-60.71801034,-31.60866887]]},"properties":{"layer":"Subcuencas","entity_type":"LWPOLYLINE","handle":"1799EF"}},{"type":"Feature","geometry":{"type":"LineString","coordinates":[[-60.71862255,-31.60761803],[-60.71918372,-31.60666449],[-60.71882849,-31.60647556],[-60.71878685,-31.60626659],[-60.71804312,-31.60640602],[-60.71734587,-31.60653723],[-60.71697385,-31.60658705],[-60.71667332,-31.60624665],[-60.71642074,-31.60608895],[-60.71630561,-31.60564409],[-60.71605345,-31.60548607]]},"properties":{"layer":"Subcuencas","entity_type":"LWPOLYLINE","handle":"1799F0"}},{"type":"Feature","geometry":{"type":"LineString","coordinates":[[-60.71460781,-31.60586555],[-60.71462482,-31.60669568],[-60.71513689,-31.60834262]]},"properties":{"layer":"Subcuencas","entity_type":"LWPOLYLINE","handle":"1799F1"}},{"type":"Feature","geometry":{"type":"LineString","coordinates":[[-60.7194483,-31.61035007],[-60.71932722,-31.61075693],[-60.71905878,-31.61088423],[-60.71897671,-31.61117276],[-60.71910438,-31.61133407],[-60.71886971,-31.61217605]]},"properties":{"layer":"Subcuencas","entity_type":"LWPOLYLINE","handle":"1799F2"}},{"type":"Feature","geometry":{"type":"LineString","coordinates":[[-60.71850222,-31.61246967],[-60.71811144,-31.61236589],[-60.71800678,-31.6124565],[-60.71788126,-31.61257423],[-60.71773434,-31.61264885],[-60.71669309,-31.61287975],[-60.71650291,-31.6128088],[-60.7158351,-31.61282665],[-60.71556813,-31.61327764],[-60.71538408,-31.61320658]]},"properties":{"layer":"Subcuencas","entity_type":"LWPOLYLINE","handle":"1799F3"}},{"type":"Feature","geometry":{"type":"LineString","coordinates":[[-60.71886971,-31.61217605],[-60.71850222,-31.61246967]]},"properties":{"layer":"Subcuencas","entity_type":"LWPOLYLINE","handle":"1799F4"}},{"type":"Feature","geometry":{"type":"LineString","coordinates":[[-60.70865863,-31.60874134],[-60.71267675,-31.60795609]]},"properties":{"layer":"Subcuencas","entity_type":"LWPOLYLINE","handle":"1799F5"}},{"type":"Feature","geometry":{"type":"LineString","coordinates":[[-60.69940931,-31.61235234],[-60.69954267,-31.61216904]]},"properties":{"layer":"Subcuencas","entity_type":"LWPOLYLINE","handle":"1799F6"}},{"type":"Feature","geometry":{"type":"LineString","coordinates":[[-60.71410287,-31.60857884],[-60.7133646,-31.60828192],[-60.71323886,-31.6081756]]},"properties":{"layer":"Subcuencas","entity_type":"LWPOLYLINE","handle":"1799F7"}},{"type":"Feature","geometry":{"type":"LineString","coordinates":[[-60.71323886,-31.6081756],[-60.71334366,-31.60812192],[-60.71371474,-31.60763824],[-60.71483832,-31.60738238]]},"properties":{"layer":"Subcuencas","entity_type":"LWPOLYLINE","handle":"1799F8"}},{"type":"Feature","geometry":{"type":"LineString","coordinates":[[-60.71267675,-31.60795609],[-60.71295926,-31.60815231],[-60.71314699,-31.60819761],[-60.71323886,-31.6081756]]},"properties":{"layer":"Subcuencas","entity_type":"LWPOLYLINE","handle":"1799F9"}},{"type":"Feature","geometry":{"type":"LineString","coordinates":[[-60.71371474,-31.60763824],[-60.71339809,-31.60737375],[-60.71332002,-31.60722949],[-60.71290429,-31.60721865],[-60.7117152,-31.60672542],[-60.7115839,-31.60666696],[-60.71135659,-31.60589441]]},"properties":{"layer":"Subcuencas","entity_type":"LWPOLYLINE","handle":"1799FA"}},{"type":"Feature","geometry":{"type":"LineString","coordinates":[[-60.71764997,-31.60762272],[-60.71793773,-31.6076006],[-60.71816881,-31.60748454],[-60.71862255,-31.60761803]]},"properties":{"layer":"Subcuencas","entity_type":"LWPOLYLINE","handle":"1799FB"}},{"type":"Feature","geometry":{"type":"LineString","coordinates":[[-60.7165815,-31.60783274],[-60.7164322,-31.60739444],[-60.71654572,-31.60725066],[-60.71653304,-31.60674595],[-60.71697385,-31.60658705]]},"properties":{"layer":"Subcuencas","entity_type":"LWPOLYLINE","handle":"1799FC"}},{"type":"Feature","geometry":{"type":"LineString","coordinates":[[-60.72052641,-31.60630259],[-60.72070187,-31.60618859],[-60.72184444,-31.60526299],[-60.72164891,-31.60506068],[-60.72146127,-31.60473777],[-60.72144167,-31.60448173],[-60.72146622,-31.60423603],[-60.72154353,-31.6039719],[-60.72167947,-31.60369086]]},"properties":{"layer":"Subcuencas","entity_type":"LWPOLYLINE","handle":"1799FD"}},{"type":"Feature","geometry":{"type":"LineString","coordinates":[[-60.72052641,-31.60630259],[-60.72028129,-31.60635566],[-60.71944726,-31.60620435]]},"properties":{"layer":"Subcuencas","entity_type":"LWPOLYLINE","handle":"1799FE"}},{"type":"Feature","geometry":{"type":"LineString","coordinates":[[-60.71812851,-31.61012333],[-60.71803573,-31.61067227],[-60.71745302,-31.61080426],[-60.71689584,-31.61058213],[-60.71572826,-31.61261378]]},"properties":{"layer":"Subcuencas","entity_type":"LWPOLYLINE","handle":"1799FF"}},{"type":"Feature","geometry":{"type":"LineString","coordinates":[[-60.71689584,-31.61058213],[-60.71701074,-31.61037033]]},"properties":{"layer":"Subcuencas","entity_type":"LWPOLYLINE","handle":"179A00"}},{"type":"Feature","geometry":{"type":"LineString","coordinates":[[-60.71708269,-31.61026954],[-60.71757269,-31.6094574]]},"properties":{"layer":"Subcuencas","entity_type":"LWPOLYLINE","handle":"179A01"}},{"type":"Feature","geometry":{"type":"LineString","coordinates":[[-60.71801034,-31.60866887],[-60.71757269,-31.6094574],[-60.71774319,-31.60956795],[-60.71810138,-31.60998967],[-60.71812851,-31.61012333],[-60.71885971,-31.61017497],[-60.7194483,-31.61035007],[-60.7195764,-31.61003712],[-60.72029422,-31.6097075],[-60.72054885,-31.6088809],[-60.72247842,-31.60864698],[-60.72389027,-31.60846058]]},"properties":{"layer":"Subcuencas","entity_type":"LWPOLYLINE","handle":"179A02"}},{"type":"Feature","geometry":{"type":"LineString","coordinates":[[-60.71527829,-31.60879652],[-60.71617294,-31.60862015],[-60.71629825,-31.60880885],[-60.71665876,-31.60906307],[-60.71739481,-31.60898095],[-60.71776219,-31.60911598]]},"properties":{"layer":"Subcuencas","entity_type":"LWPOLYLINE","handle":"179A03"}},{"type":"Feature","geometry":{"type":"LineString","coordinates":[[-60.71739822,-31.60974657],[-60.71721946,-31.60966531],[-60.71682721,-31.61034385],[-60.71526938,-31.6106822],[-60.71519751,-31.61076216],[-60.71490136,-31.61117885]]},"properties":{"layer":"Subcuencas","entity_type":"LWPOLYLINE","handle":"179A04"}},{"type":"Feature","geometry":{"type":"LineString","coordinates":[[-60.71526938,-31.6106822],[-60.71514973,-31.61029041],[-60.71568985,-31.61018025],[-60.71542054,-31.60928471],[-60.71344033,-31.60965087],[-60.71322896,-31.60965766],[-60.71276806,-31.60973499],[-60.71248436,-31.60981755],[-60.71222978,-31.60989373],[-60.71153839,-31.61005332],[-60.71143647,-31.61007258]]},"properties":{"layer":"Subcuencas","entity_type":"LWPOLYLINE","handle":"179A05"}},{"type":"Feature","geometry":{"type":"LineString","coordinates":[[-60.71514973,-31.61029041],[-60.71459903,-31.61039887],[-60.71419455,-31.61073256],[-60.71382102,-31.61073056],[-60.71364385,-31.61073155],[-60.71366481,-31.6103407],[-60.71336703,-31.6102237],[-60.71320858,-31.6101673],[-60.71320248,-31.6096621]]},"properties":{"layer":"Subcuencas","entity_type":"LWPOLYLINE","handle":"179A06"}},{"type":"Feature","geometry":{"type":"LineString","coordinates":[[-60.71320858,-31.6101673],[-60.71301193,-31.61037708],[-60.71293059,-31.61038571],[-60.71259822,-31.61075703],[-60.71243084,-31.61078661],[-60.71195965,-31.61053555],[-60.71189224,-31.61048683],[-60.71128262,-31.61060888]]},"properties":{"layer":"Subcuencas","entity_type":"LWPOLYLINE","handle":"179A07"}},{"type":"Feature","geometry":{"type":"LineString","coordinates":[[-60.71128262,-31.61060888],[-60.71141218,-31.61064499],[-60.71166183,-31.61072952],[-60.7118188,-31.61121965],[-60.71168564,-31.61134055],[-60.71176897,-31.61159377],[-60.71222594,-31.61186248],[-60.71252724,-31.6118117],[-60.71299233,-31.61126082],[-60.71318923,-31.61114722],[-60.71338099,-31.61117479],[-60.71366969,-31.61135731],[-60.7137239,-31.6115575],[-60.71407979,-31.61147624]]},"properties":{"layer":"Subcuencas","entity_type":"LWPOLYLINE","handle":"179A08"}},{"type":"Feature","geometry":{"type":"LineString","coordinates":[[-60.7142071,-31.61191782],[-60.71431263,-31.61196171],[-60.71539544,-31.61253667],[-60.71563067,-31.6126139],[-60.71572172,-31.61262157]]},"properties":{"layer":"Subcuencas","entity_type":"LWPOLYLINE","handle":"179A09"}},{"type":"Feature","geometry":{"type":"LineString","coordinates":[[-60.71638334,-31.61147391],[-60.7166698,-31.61149757],[-60.71718134,-31.61137527],[-60.71730979,-31.61141934],[-60.71755537,-31.61154733],[-60.71762696,-31.61177085],[-60.7180223,-31.61168404],[-60.71847056,-31.61158697],[-60.71900357,-31.61169577]]},"properties":{"layer":"Subcuencas","entity_type":"LWPOLYLINE","handle":"179A0A"}},{"type":"Feature","geometry":{"type":"LineString","coordinates":[[-60.71685838,-31.61145248],[-60.71690682,-31.61172513],[-60.7168157,-31.61199435],[-60.7170395,-31.61280293]]},"properties":{"layer":"Subcuencas","entity_type":"LWPOLYLINE","handle":"179A0B"}},{"type":"Feature","geometry":{"type":"LineString","coordinates":[[-60.71775281,-31.61263947],[-60.71797015,-31.61293128],[-60.71789091,-31.61323029],[-60.71721318,-31.61370479],[-60.71671107,-31.61429975],[-60.71663007,-31.61436987],[-60.7166186,-31.61439279],[-60.71684651,-31.61519227]]},"properties":{"layer":"Subcuencas","entity_type":"LWPOLYLINE","handle":"179A0C"}},{"type":"Feature","geometry":{"type":"LineString","coordinates":[[-60.7103098,-31.61550707],[-60.71007851,-31.61565788],[-60.71006139,-31.61584837],[-60.71022366,-31.61597223]]},"properties":{"layer":"Subcuencas","entity_type":"LWPOLYLINE","handle":"179A0D"}},{"type":"Feature","geometry":{"type":"LineString","coordinates":[[-60.71307848,-31.60818108],[-60.71305445,-31.60838465],[-60.71298637,-31.60838503],[-60.71264277,-31.6087783],[-60.70877656,-31.60963719]]},"properties":{"layer":"Subcuencas","entity_type":"LWPOLYLINE","handle":"179A0E"}},{"type":"Feature","geometry":{"type":"LineString","coordinates":[[-60.71054407,-31.60924455],[-60.71048628,-31.60908328],[-60.7106584,-31.60892895],[-60.71056366,-31.6086783],[-60.71035834,-31.60853665],[-60.71031874,-31.60842112]]},"properties":{"layer":"Subcuencas","entity_type":"LWPOLYLINE","handle":"179A0F"}},{"type":"Feature","geometry":{"type":"LineString","coordinates":[[-60.7118276,-31.6089594],[-60.71178377,-31.60878785],[-60.71154815,-31.60873099],[-60.71147191,-31.60847228],[-60.71164404,-31.60831795],[-60.71160345,-31.60816585]]},"properties":{"layer":"Subcuencas","entity_type":"LWPOLYLINE","handle":"179A10"}},{"type":"Feature","geometry":{"type":"LineString","coordinates":[[-60.71054407,-31.60924455],[-60.7106066,-31.60944223],[-60.71073058,-31.60946798],[-60.7108706,-31.60997491],[-60.71055108,-31.61028075],[-60.71117207,-31.6105523],[-60.71128262,-31.61060888],[-60.71121648,-31.61069485],[-60.71079306,-31.61117474],[-60.71083759,-31.61133315],[-60.70971877,-31.61160145]]},"properties":{"layer":"Subcuencas","entity_type":"LWPOLYLINE","handle":"179A11"}},{"type":"Feature","geometry":{"type":"LineString","coordinates":[[-60.70904978,-31.61058114],[-60.71055108,-31.61028075],[-60.71143647,-31.61007258]]},"properties":{"layer":"Subcuencas","entity_type":"LWPOLYLINE","handle":"179A12"}},{"type":"Feature","geometry":{"type":"LineString","coordinates":[[-60.70997204,-31.6060525],[-60.71023571,-31.60697621],[-60.71036595,-31.60701251],[-60.71102404,-31.60728065],[-60.71127725,-31.6082296]]},"properties":{"layer":"Subcuencas","entity_type":"LWPOLYLINE","handle":"179A13"}},{"type":"Feature","geometry":{"type":"LineString","coordinates":[[-60.71899586,-31.6122538],[-60.71886971,-31.61217605],[-60.71910193,-31.61133072],[-60.71897831,-31.6111797],[-60.71905561,-31.61088106],[-60.71932408,-31.61075922],[-60.71958172,-31.61002694],[-60.72028343,-31.60971432],[-60.72054722,-31.6088862],[-60.723914,-31.60845756]]},"properties":{"layer":"Subcuencas","entity_type":"LWPOLYLINE","handle":"179A14"}},{"type":"Feature","geometry":{"type":"LineString","coordinates":[[-60.71926318,-31.60418246],[-60.71999488,-31.6040554],[-60.72028479,-31.60415099],[-60.7203856,-31.60426594],[-60.72052131,-31.60433549],[-60.72109617,-31.6033581]]},"properties":{"layer":"Subcuencas","entity_type":"LWPOLYLINE","handle":"179A15"}},{"type":"Feature","geometry":{"type":"LineString","coordinates":[[-60.72052131,-31.60433549],[-60.72033585,-31.60465892]]},"properties":{"layer":"Subcuencas","entity_type":"LWPOLYLINE","handle":"179A16"}},{"type":"Feature","geometry":{"type":"LineString","coordinates":[[-60.72030115,-31.60471921],[-60.71991976,-31.60537933],[-60.71918372,-31.60666449]]},"properties":{"layer":"Subcuencas","entity_type":"LWPOLYLINE","handle":"179A17"}},{"type":"Feature","geometry":{"type":"LineString","coordinates":[[-60.69786076,-31.61676766],[-60.69763973,-31.6173364],[-60.69781375,-31.61745],[-60.69781518,-31.61764091],[-60.69780242,-31.61817744],[-60.69783679,-31.6182918],[-60.69765356,-31.61844076],[-60.6974817,-31.6186183],[-60.69727243,-31.61902225],[-60.6973015,-31.61917483],[-60.69732505,-31.61933551],[-60.69737714,-31.61957864],[-60.6974087,-31.62006531],[-60.6974974,-31.6208702]]},"properties":{"layer":"Subcuencas","entity_type":"LWPOLYLINE","handle":"179A18"}},{"type":"Feature","geometry":{"type":"LineString","coordinates":[[-60.69763973,-31.6173364],[-60.69750125,-31.61730228]]},"properties":{"layer":"Subcuencas","entity_type":"LWPOLYLINE","handle":"179A19"}},{"type":"Feature","geometry":{"type":"LineString","coordinates":[[-60.69743025,-31.6186942],[-60.69687885,-31.61878145]]},"properties":{"layer":"Subcuencas","entity_type":"LWPOLYLINE","handle":"179A1A"}},{"type":"Feature","geometry":{"type":"LineString","coordinates":[[-60.71222594,-31.61186248],[-60.71188269,-31.6123315],[-60.71180606,-31.61243946],[-60.71193228,-31.61248839],[-60.71220403,-31.61257786],[-60.71227067,-31.61279307]]},"properties":{"layer":"Subcuencas","entity_type":"LWPOLYLINE","handle":"179A1B"}},{"type":"Feature","geometry":{"type":"LineString","coordinates":[[-60.71267675,-31.60795609],[-60.71289152,-31.60751598],[-60.71291033,-31.60728762],[-60.71290055,-31.60722055]]},"properties":{"layer":"Subcuencas","entity_type":"LWPOLYLINE","handle":"179A1C"}},{"type":"Feature","geometry":{"type":"LineString","coordinates":[[-60.71721318,-31.61370479],[-60.71668928,-31.61347709],[-60.71659013,-31.61317159],[-60.71669309,-31.61287975]]},"properties":{"layer":"Subcuencas","entity_type":"LWPOLYLINE","handle":"179A1D"}},{"type":"Feature","geometry":{"type":"LineString","coordinates":[[-60.71510847,-31.61309385],[-60.71490428,-31.61240286],[-60.71497076,-31.61231117]]},"properties":{"layer":"Subcuencas","entity_type":"LWPOLYLINE","handle":"179A1E"}},{"type":"Feature","geometry":{"type":"LineString","coordinates":[[-60.69686292,-31.61199431],[-60.69707007,-31.61271552],[-60.69720356,-31.61314135]]},"properties":{"layer":"Subcuencas","entity_type":"LWPOLYLINE","handle":"179A1F"}},{"type":"Feature","geometry":{"type":"LineString","coordinates":[[-60.71899586,-31.6122538],[-60.71865963,-31.61341271],[-60.71905135,-31.61466939]]},"properties":{"layer":"Subcuencas","entity_type":"LWPOLYLINE","handle":"179A20"}},{"type":"Feature","geometry":{"type":"LineString","coordinates":[[-60.69636006,-31.61414033],[-60.69584599,-31.61428712]]},"properties":{"layer":"Subcuencas","entity_type":"LWPOLYLINE","handle":"179A21"}},{"type":"Feature","geometry":{"type":"LineString","coordinates":[[-60.69718096,-31.61130783],[-60.69723849,-31.61133947],[-60.69755572,-31.61149207]]},"properties":{"layer":"Subcuencas","entity_type":"LWPOLYLINE","handle":"179A22"}},{"type":"Feature","geometry":{"type":"LineString","coordinates":[[-60.70010546,-31.61064274],[-60.69989357,-31.61122877]]},"properties":{"layer":"Subcuencas","entity_type":"LWPOLYLINE","handle":"179A23"}},{"type":"Feature","geometry":{"type":"LineString","coordinates":[[-60.72525628,-31.60610005],[-60.72629059,-31.60427705],[-60.72676698,-31.60343469],[-60.7264063,-31.60216699]]},"properties":{"layer":"Subcuencas","entity_type":"LWPOLYLINE","handle":"179A24"}},{"type":"Feature","geometry":{"type":"LineString","coordinates":[[-60.72525628,-31.60610005],[-60.72492446,-31.60700548]]},"properties":{"layer":"Subcuencas","entity_type":"LWPOLYLINE","handle":"179A25"}},{"type":"Feature","geometry":{"type":"LineString","coordinates":[[-60.72143911,-31.60705388],[-60.72160852,-31.6069124],[-60.72156718,-31.60668702],[-60.72135222,-31.60670362],[-60.72115176,-31.60668919],[-60.72086895,-31.60662464],[-60.72033038,-31.60646037],[-60.72028129,-31.60635566]]},"properties":{"layer":"Subcuencas","entity_type":"LWPOLYLINE","handle":"179A26"}},{"type":"Feature","geometry":{"type":"LineString","coordinates":[[-60.69351095,-31.58082952],[-60.69373497,-31.58091281]]},"properties":{"layer":"Subcuencas","entity_type":"LINE","handle":"179A27"}},{"type":"Feature","geometry":{"type":"LineString","coordinates":[[-60.69373497,-31.58091281],[-60.69398203,-31.58100951]]},"properties":{"layer":"Subcuencas","entity_type":"LINE","handle":"179A28"}},{"type":"Feature","geometry":{"type":"LineString","coordinates":[[-60.69398203,-31.58100951],[-60.69423258,-31.58111016]]},"properties":{"layer":"Subcuencas","entity_type":"LINE","handle":"179A29"}},{"type":"Feature","geometry":{"type":"LineString","coordinates":[[-60.69423258,-31.58111016],[-60.69448158,-31.58121272]]},"properties":{"layer":"Subcuencas","entity_type":"LINE","handle":"179A2A"}},{"type":"Feature","geometry":{"type":"LineString","coordinates":[[-60.69448158,-31.58121272],[-60.69472401,-31.5813151]]},"properties":{"layer":"Subcuencas","entity_type":"LINE","handle":"179A2B"}},{"type":"Feature","geometry":{"type":"LineString","coordinates":[[-60.69472401,-31.5813151],[-60.69495485,-31.58141527]]},"properties":{"layer":"Subcuencas","entity_type":"LINE","handle":"179A2C"}},{"type":"Feature","geometry":{"type":"LineString","coordinates":[[-60.69495485,-31.58141527],[-60.69516908,-31.58151116]]},"properties":{"layer":"Subcuencas","entity_type":"LINE","handle":"179A2D"}},{"type":"Feature","geometry":{"type":"LineString","coordinates":[[-60.69516908,-31.58151116],[-60.69536168,-31.58160072]]},"properties":{"layer":"Subcuencas","entity_type":"LINE","handle":"179A2E"}},{"type":"Feature","geometry":{"type":"LineString","coordinates":[[-60.69536168,-31.58160072],[-60.69552763,-31.58168188]]},"properties":{"layer":"Subcuencas","entity_type":"LINE","handle":"179A2F"}},{"type":"Feature","geometry":{"type":"LineString","coordinates":[[-60.69552763,-31.58168188],[-60.69566345,-31.5817532]]},"properties":{"layer":"Subcuencas","entity_type":"LINE","handle":"179A30"}},{"type":"Feature","geometry":{"type":"LineString","coordinates":[[-60.69566345,-31.5817532],[-60.69577186,-31.5818157]]},"properties":{"layer":"Subcuencas","entity_type":"LINE","handle":"179A31"}},{"type":"Feature","geometry":{"type":"LineString","coordinates":[[-60.69577186,-31.5818157],[-60.69585713,-31.58187099]]},"properties":{"layer":"Subcuencas","entity_type":"LINE","handle":"179A32"}},{"type":"Feature","geometry":{"type":"LineString","coordinates":[[-60.69585713,-31.58187099],[-60.69592352,-31.58192071]]},"properties":{"layer":"Subcuencas","entity_type":"LINE","handle":"179A33"}},{"type":"Feature","geometry":{"type":"LineString","coordinates":[[-60.69592352,-31.58192071],[-60.6959753,-31.58196648]]},"properties":{"layer":"Subcuencas","entity_type":"LINE","handle":"179A34"}},{"type":"Feature","geometry":{"type":"LineString","coordinates":[[-60.6959753,-31.58196648],[-60.69601674,-31.58200992]]},"properties":{"layer":"Subcuencas","entity_type":"LINE","handle":"179A35"}},{"type":"Feature","geometry":{"type":"LineString","coordinates":[[-60.69601674,-31.58200992],[-60.6960521,-31.58205266]]},"properties":{"layer":"Subcuencas","entity_type":"LINE","handle":"179A36"}},{"type":"Feature","geometry":{"type":"LineString","coordinates":[[-60.6960521,-31.58205266],[-60.69608565,-31.58209632]]},"properties":{"layer":"Subcuencas","entity_type":"LINE","handle":"179A37"}},{"type":"Feature","geometry":{"type":"LineString","coordinates":[[-60.69608565,-31.58209632],[-60.69612085,-31.58214244]]},"properties":{"layer":"Subcuencas","entity_type":"LINE","handle":"179A38"}},{"type":"Feature","geometry":{"type":"LineString","coordinates":[[-60.69612085,-31.58214244],[-60.69615798,-31.5821921]]},"properties":{"layer":"Subcuencas","entity_type":"LINE","handle":"179A39"}},{"type":"Feature","geometry":{"type":"LineString","coordinates":[[-60.69615798,-31.5821921],[-60.6961965,-31.58224633]]},"properties":{"layer":"Subcuencas","entity_type":"LINE","handle":"179A3A"}},{"type":"Feature","geometry":{"type":"LineString","coordinates":[[-60.6961965,-31.58224633],[-60.69623588,-31.58230611]]},"properties":{"layer":"Subcuencas","entity_type":"LINE","handle":"179A3B"}},{"type":"Feature","geometry":{"type":"LineString","coordinates":[[-60.69623588,-31.58230611],[-60.6962756,-31.58237246]]},"properties":{"layer":"Subcuencas","entity_type":"LINE","handle":"179A3C"}},{"type":"Feature","geometry":{"type":"LineString","coordinates":[[-60.6962756,-31.58237246],[-60.69630406,-31.58242571]]},"properties":{"layer":"Subcuencas","entity_type":"LINE","handle":"179A3D"}},{"type":"Feature","geometry":{"type":"LineString","coordinates":[[-60.67152465,-31.58073511],[-60.6722486,-31.58168665]]},"properties":{"layer":"Subcuencas","entity_type":"LINE","handle":"179A3E"}},{"type":"Feature","geometry":{"type":"LineString","coordinates":[[-60.6722486,-31.58168665],[-60.67327434,-31.58190573]]},"properties":{"layer":"Subcuencas","entity_type":"LINE","handle":"179A3F"}},{"type":"Feature","geometry":{"type":"LineString","coordinates":[[-60.67327434,-31.58190573],[-60.67454858,-31.5819888]]},"properties":{"layer":"Subcuencas","entity_type":"LINE","handle":"179A40"}},{"type":"Feature","geometry":{"type":"LineString","coordinates":[[-60.67454858,-31.5819888],[-60.67587478,-31.58199301]]},"properties":{"layer":"Subcuencas","entity_type":"LINE","handle":"179A41"}},{"type":"Feature","geometry":{"type":"LineString","coordinates":[[-60.67587478,-31.58199301],[-60.67714039,-31.58223746]]},"properties":{"layer":"Subcuencas","entity_type":"LINE","handle":"179A42"}},{"type":"Feature","geometry":{"type":"LineString","coordinates":[[-60.67714039,-31.58223746],[-60.67839073,-31.58264611]]},"properties":{"layer":"Subcuencas","entity_type":"LINE","handle":"179A43"}},{"type":"Feature","geometry":{"type":"LineString","coordinates":[[-60.6783585,-31.56760866],[-60.67836677,-31.5676757]]},"properties":{"layer":"Subcuencas","entity_type":"LINE","handle":"179A45"}},{"type":"Feature","geometry":{"type":"LineString","coordinates":[[-60.67836677,-31.5676757],[-60.67830303,-31.56870201]]},"properties":{"layer":"Subcuencas","entity_type":"LINE","handle":"179A46"}},{"type":"Feature","geometry":{"type":"LineString","coordinates":[[-60.67830303,-31.56870201],[-60.67834406,-31.56912379]]},"properties":{"layer":"Subcuencas","entity_type":"LINE","handle":"179A47"}},{"type":"Feature","geometry":{"type":"LineString","coordinates":[[-60.67834406,-31.56912379],[-60.67810535,-31.56937516]]},"properties":{"layer":"Subcuencas","entity_type":"LINE","handle":"179A48"}},{"type":"Feature","geometry":{"type":"LineString","coordinates":[[-60.67810535,-31.56937516],[-60.67789339,-31.56968348]]},"properties":{"layer":"Subcuencas","entity_type":"LINE","handle":"179A49"}},{"type":"Feature","geometry":{"type":"LineString","coordinates":[[-60.67789339,-31.56968348],[-60.67737736,-31.57066518]]},"properties":{"layer":"Subcuencas","entity_type":"LINE","handle":"179A4A"}},{"type":"Feature","geometry":{"type":"LineString","coordinates":[[-60.67737736,-31.57066518],[-60.67712549,-31.57097359]]},"properties":{"layer":"Subcuencas","entity_type":"LINE","handle":"179A4B"}},{"type":"Feature","geometry":{"type":"LineString","coordinates":[[-60.67712549,-31.57097359],[-60.67644833,-31.57138555]]},"properties":{"layer":"Subcuencas","entity_type":"LINE","handle":"179A4C"}},{"type":"Feature","geometry":{"type":"LineString","coordinates":[[-60.67644833,-31.57138555],[-60.67581133,-31.57190003]]},"properties":{"layer":"Subcuencas","entity_type":"LINE","handle":"179A4D"}},{"type":"Feature","geometry":{"type":"LineString","coordinates":[[-60.67581133,-31.57190003],[-60.67551929,-31.5721059]]},"properties":{"layer":"Subcuencas","entity_type":"LINE","handle":"179A4E"}},{"type":"Feature","geometry":{"type":"LineString","coordinates":[[-60.67551929,-31.5721059],[-60.67505526,-31.57265421]]},"properties":{"layer":"Subcuencas","entity_type":"LINE","handle":"179A4F"}},{"type":"Feature","geometry":{"type":"LineString","coordinates":[[-60.67505526,-31.57265421],[-60.67472447,-31.57329344]]},"properties":{"layer":"Subcuencas","entity_type":"LINE","handle":"179A50"}},{"type":"Feature","geometry":{"type":"LineString","coordinates":[[-60.67472447,-31.57329344],[-60.67463309,-31.57394355]]},"properties":{"layer":"Subcuencas","entity_type":"LINE","handle":"179A51"}},{"type":"Feature","geometry":{"type":"LineString","coordinates":[[-60.67463309,-31.57394355],[-60.67471488,-31.57469589]]},"properties":{"layer":"Subcuencas","entity_type":"LINE","handle":"179A52"}},{"type":"Feature","geometry":{"type":"LineString","coordinates":[[-60.67471488,-31.57469589],[-60.67486214,-31.57506043]]},"properties":{"layer":"Subcuencas","entity_type":"LINE","handle":"179A53"}},{"type":"Feature","geometry":{"type":"LineString","coordinates":[[-60.67486214,-31.57506043],[-60.67522214,-31.5754017]]},"properties":{"layer":"Subcuencas","entity_type":"LINE","handle":"179A54"}},{"type":"Feature","geometry":{"type":"LineString","coordinates":[[-60.67522214,-31.5754017],[-60.67562283,-31.57603933]]},"properties":{"layer":"Subcuencas","entity_type":"LINE","handle":"179A55"}},{"type":"Feature","geometry":{"type":"LineString","coordinates":[[-60.67562283,-31.57603933],[-60.67586457,-31.57691675]]},"properties":{"layer":"Subcuencas","entity_type":"LINE","handle":"179A56"}},{"type":"Feature","geometry":{"type":"LineString","coordinates":[[-60.67586457,-31.57691675],[-60.67598548,-31.57737256]]},"properties":{"layer":"Subcuencas","entity_type":"LINE","handle":"179A57"}},{"type":"Feature","geometry":{"type":"LineString","coordinates":[[-60.67598548,-31.57737256],[-60.67584033,-31.57780615]]},"properties":{"layer":"Subcuencas","entity_type":"LINE","handle":"179A58"}},{"type":"Feature","geometry":{"type":"LineString","coordinates":[[-60.67584033,-31.57780615],[-60.67580171,-31.57828511]]},"properties":{"layer":"Subcuencas","entity_type":"LINE","handle":"179A59"}},{"type":"Feature","geometry":{"type":"LineString","coordinates":[[-60.67580171,-31.57828511],[-60.67556324,-31.57863909]]},"properties":{"layer":"Subcuencas","entity_type":"LINE","handle":"179A5A"}},{"type":"Feature","geometry":{"type":"LineString","coordinates":[[-60.67556324,-31.57863909],[-60.67531129,-31.57892469]]},"properties":{"layer":"Subcuencas","entity_type":"LINE","handle":"179A5B"}},{"type":"Feature","geometry":{"type":"LineString","coordinates":[[-60.67531129,-31.57892469],[-60.67459443,-31.57943934]]},"properties":{"layer":"Subcuencas","entity_type":"LINE","handle":"179A5C"}},{"type":"Feature","geometry":{"type":"LineString","coordinates":[[-60.67459443,-31.57943934],[-60.67375741,-31.57978322]]},"properties":{"layer":"Subcuencas","entity_type":"LINE","handle":"179A5D"}},{"type":"Feature","geometry":{"type":"LineString","coordinates":[[-60.67375741,-31.57978322],[-60.67281371,-31.58002471]]},"properties":{"layer":"Subcuencas","entity_type":"LINE","handle":"179A5E"}},{"type":"Feature","geometry":{"type":"LineString","coordinates":[[-60.67281371,-31.58002471],[-60.67159063,-31.580244]]},"properties":{"layer":"Subcuencas","entity_type":"LINE","handle":"179A5F"}},{"type":"Feature","geometry":{"type":"LineString","coordinates":[[-60.68735419,-31.59035903],[-60.68768067,-31.58906315]]},"properties":{"layer":"Subcuencas","entity_type":"LINE","handle":"179A61"}},{"type":"Feature","geometry":{"type":"LineString","coordinates":[[-60.68768067,-31.58906315],[-60.68792563,-31.58791911]]},"properties":{"layer":"Subcuencas","entity_type":"LINE","handle":"179A62"}},{"type":"Feature","geometry":{"type":"LineString","coordinates":[[-60.68792563,-31.58791911],[-60.68777184,-31.58700407]]},"properties":{"layer":"Subcuencas","entity_type":"LINE","handle":"179A63"}},{"type":"Feature","geometry":{"type":"LineString","coordinates":[[-60.68777184,-31.58700407],[-60.68715283,-31.5856785]]},"properties":{"layer":"Subcuencas","entity_type":"LINE","handle":"179A64"}},{"type":"Feature","geometry":{"type":"LineString","coordinates":[[-60.68715283,-31.5856785],[-60.6869783,-31.58479949]]},"properties":{"layer":"Subcuencas","entity_type":"LINE","handle":"179A65"}},{"type":"Feature","geometry":{"type":"LineString","coordinates":[[-60.6869783,-31.58479949],[-60.68673127,-31.58263443]]},"properties":{"layer":"Subcuencas","entity_type":"LINE","handle":"179A66"}},{"type":"Feature","geometry":{"type":"LineString","coordinates":[[-60.68673127,-31.58263443],[-60.68655518,-31.58153992]]},"properties":{"layer":"Subcuencas","entity_type":"LINE","handle":"179A67"}},{"type":"Feature","geometry":{"type":"LineString","coordinates":[[-60.68655518,-31.58153992],[-60.68669749,-31.58089267]]},"properties":{"layer":"Subcuencas","entity_type":"LINE","handle":"179A68"}},{"type":"Feature","geometry":{"type":"LineString","coordinates":[[-60.68669749,-31.58089267],[-60.68689727,-31.58074329]]},"properties":{"layer":"Subcuencas","entity_type":"LINE","handle":"179A69"}},{"type":"Feature","geometry":{"type":"LineString","coordinates":[[-60.68920647,-31.5638395],[-60.68920481,-31.56383005],[-60.68919567,-31.56374926],[-60.68919153,-31.5636696],[-60.68919234,-31.56359222],[-60.6891982,-31.56351789],[-60.68920972,-31.56344565],[-60.68922764,-31.56337415],[-60.68925268,-31.563302],[-60.68928558,-31.56322785],[-60.68932708,-31.56315033],[-60.68937791,-31.56306806],[-60.6894388,-31.56297968],[-60.68951038,-31.56288315],[-60.68959275,-31.5627737],[-60.68968593,-31.5626459],[-60.6897899,-31.56249433],[-60.68990468,-31.56231354],[-60.69003025,-31.56209811],[-60.69016662,-31.5618426],[-60.69031379,-31.56154158],[-60.69047117,-31.5611923],[-60.69063581,-31.5608028],[-60.69080419,-31.56038381],[-60.69097277,-31.55994605],[-60.69113802,-31.55950024],[-60.69129641,-31.55905711],[-60.6914444,-31.55862738],[-60.69157846,-31.55822178],[-60.69169577,-31.55784875],[-60.69179634,-31.55750761],[-60.69188088,-31.55719539],[-60.69195009,-31.55690914],[-60.6920047,-31.55664588],[-60.69204542,-31.55640266],[-60.69207296,-31.55617651],[-60.69208803,-31.55596446],[-60.69209147,-31.55576381],[-60.69208468,-31.55557284],[-60.69206914,-31.55539013],[-60.69204638,-31.5552142],[-60.69201791,-31.55504362],[-60.69198523,-31.55487694],[-60.69194985,-31.55471271],[-60.69191328,-31.55454947],[-60.69187705,-31.55438605],[-60.69186365,-31.55432212]]},"properties":{"layer":"Subcuencas","entity_type":"LWPOLYLINE","handle":"179A6B"}},{"type":"Feature","geometry":{"type":"LineString","coordinates":[[-60.68920481,-31.56383005],[-60.6888552,-31.56469446]]},"properties":{"layer":"Subcuencas","entity_type":"LWPOLYLINE","handle":"179A6C"}},{"type":"Feature","geometry":{"type":"LineString","coordinates":[[-60.66631222,-31.56984291],[-60.66627045,-31.56986824]]},"properties":{"layer":"Subcuencas","entity_type":"LINE","handle":"179A6D"}},{"type":"Feature","geometry":{"type":"LineString","coordinates":[[-60.66627045,-31.56986824],[-60.66627136,-31.5702217]]},"properties":{"layer":"Subcuencas","entity_type":"LINE","handle":"179A6E"}},{"type":"Feature","geometry":{"type":"LineString","coordinates":[[-60.66627136,-31.5702217],[-60.66649817,-31.57050626]]},"properties":{"layer":"Subcuencas","entity_type":"LINE","handle":"179A6F"}},{"type":"Feature","geometry":{"type":"LineString","coordinates":[[-60.66649817,-31.57050626],[-60.66696452,-31.57084733]]},"properties":{"layer":"Subcuencas","entity_type":"LINE","handle":"179A70"}},{"type":"Feature","geometry":{"type":"LineString","coordinates":[[-60.66696452,-31.57084733],[-60.66735099,-31.57115436]]},"properties":{"layer":"Subcuencas","entity_type":"LINE","handle":"179A71"}},{"type":"Feature","geometry":{"type":"LineString","coordinates":[[-60.66735099,-31.57115436],[-60.66753823,-31.57156443]]},"properties":{"layer":"Subcuencas","entity_type":"LINE","handle":"179A72"}},{"type":"Feature","geometry":{"type":"LineString","coordinates":[[-60.66753823,-31.57156443],[-60.66751251,-31.57190655]]},"properties":{"layer":"Subcuencas","entity_type":"LINE","handle":"179A73"}},{"type":"Feature","geometry":{"type":"LineString","coordinates":[[-60.66751251,-31.57190655],[-60.66742032,-31.5722602]]},"properties":{"layer":"Subcuencas","entity_type":"LINE","handle":"179A74"}},{"type":"Feature","geometry":{"type":"LineString","coordinates":[[-60.66742032,-31.5722602],[-60.66739472,-31.57264792]]},"properties":{"layer":"Subcuencas","entity_type":"LINE","handle":"179A75"}},{"type":"Feature","geometry":{"type":"LineString","coordinates":[[-60.66739472,-31.57264792],[-60.66760845,-31.57301233]]},"properties":{"layer":"Subcuencas","entity_type":"LINE","handle":"179A76"}},{"type":"Feature","geometry":{"type":"LineString","coordinates":[[-60.66760845,-31.57301233],[-60.66824853,-31.57367227]]},"properties":{"layer":"Subcuencas","entity_type":"LINE","handle":"179A77"}},{"type":"Feature","geometry":{"type":"LineString","coordinates":[[-60.66824853,-31.57367227],[-60.66848898,-31.57408223]]},"properties":{"layer":"Subcuencas","entity_type":"LINE","handle":"179A78"}},{"type":"Feature","geometry":{"type":"LineString","coordinates":[[-60.66848898,-31.57408223],[-60.66867636,-31.57453791]]},"properties":{"layer":"Subcuencas","entity_type":"LINE","handle":"179A79"}},{"type":"Feature","geometry":{"type":"LineString","coordinates":[[-60.66867636,-31.57453791],[-60.66874503,-31.5753815]]},"properties":{"layer":"Subcuencas","entity_type":"LINE","handle":"179A7A"}},{"type":"Feature","geometry":{"type":"LineString","coordinates":[[-60.66874503,-31.5753815],[-60.66891914,-31.57584861]]},"properties":{"layer":"Subcuencas","entity_type":"LINE","handle":"179A7B"}},{"type":"Feature","geometry":{"type":"LineString","coordinates":[[-60.66891914,-31.57584861],[-60.66893341,-31.57622484]]},"properties":{"layer":"Subcuencas","entity_type":"LINE","handle":"179A7C"}},{"type":"Feature","geometry":{"type":"LineString","coordinates":[[-60.66893341,-31.57622484],[-60.66902743,-31.5765781]]},"properties":{"layer":"Subcuencas","entity_type":"LINE","handle":"179A7D"}},{"type":"Feature","geometry":{"type":"LineString","coordinates":[[-60.66902743,-31.5765781],[-60.66901516,-31.57697719]]},"properties":{"layer":"Subcuencas","entity_type":"LINE","handle":"179A7E"}},{"type":"Feature","geometry":{"type":"LineString","coordinates":[[-60.66901516,-31.57697719],[-60.66913569,-31.57729618]]},"properties":{"layer":"Subcuencas","entity_type":"LINE","handle":"179A7F"}},{"type":"Feature","geometry":{"type":"LineString","coordinates":[[-60.66913569,-31.57729618],[-60.66908319,-31.57756994]]},"properties":{"layer":"Subcuencas","entity_type":"LINE","handle":"179A80"}},{"type":"Feature","geometry":{"type":"LineString","coordinates":[[-60.66908319,-31.57756994],[-60.66920381,-31.57792314]]},"properties":{"layer":"Subcuencas","entity_type":"LINE","handle":"179A81"}},{"type":"Feature","geometry":{"type":"LineString","coordinates":[[-60.68308479,-31.5675964],[-60.6846297,-31.56850016]]},"properties":{"layer":"Subcuencas","entity_type":"LINE","handle":"179A82"}},{"type":"Feature","geometry":{"type":"LineString","coordinates":[[-60.6846297,-31.56850016],[-60.6852708,-31.56907145]]},"properties":{"layer":"Subcuencas","entity_type":"LINE","handle":"179A83"}},{"type":"Feature","geometry":{"type":"LineString","coordinates":[[-60.6852708,-31.56907145],[-60.68581462,-31.57085321]]},"properties":{"layer":"Subcuencas","entity_type":"LINE","handle":"179A84"}},{"type":"Feature","geometry":{"type":"LineString","coordinates":[[-60.68581462,-31.57085321],[-60.68661524,-31.5738738]]},"properties":{"layer":"Subcuencas","entity_type":"LINE","handle":"179A85"}},{"type":"Feature","geometry":{"type":"LineString","coordinates":[[-60.68661524,-31.5738738],[-60.68675989,-31.5742965]]},"properties":{"layer":"Subcuencas","entity_type":"LINE","handle":"179A86"}},{"type":"Feature","geometry":{"type":"LineString","coordinates":[[-60.68675989,-31.5742965],[-60.69003976,-31.57721236]]},"properties":{"layer":"Subcuencas","entity_type":"LINE","handle":"179A87"}},{"type":"Feature","geometry":{"type":"LineString","coordinates":[[-60.69003976,-31.57721236],[-60.68928309,-31.57775068]]},"properties":{"layer":"Subcuencas","entity_type":"LINE","handle":"179A88"}},{"type":"Feature","geometry":{"type":"LineString","coordinates":[[-60.68928309,-31.57775068],[-60.68819735,-31.57887209]]},"properties":{"layer":"Subcuencas","entity_type":"LINE","handle":"179A89"}},{"type":"Feature","geometry":{"type":"LineString","coordinates":[[-60.68819735,-31.57887209],[-60.6872084,-31.5801078]]},"properties":{"layer":"Subcuencas","entity_type":"LINE","handle":"179A8A"}},{"type":"Feature","geometry":{"type":"LineString","coordinates":[[-60.6872084,-31.5801078],[-60.68689727,-31.58074329]]},"properties":{"layer":"Subcuencas","entity_type":"LINE","handle":"179A8B"}},{"type":"Feature","geometry":{"type":"LineString","coordinates":[[-60.69200183,-31.57641852],[-60.69206376,-31.57692694]]},"properties":{"layer":"Subcuencas","entity_type":"LINE","handle":"179A8C"}},{"type":"Feature","geometry":{"type":"LineString","coordinates":[[-60.69206376,-31.57692694],[-60.69205014,-31.57768165]]},"properties":{"layer":"Subcuencas","entity_type":"LINE","handle":"179A8D"}},{"type":"Feature","geometry":{"type":"LineString","coordinates":[[-60.69205014,-31.57768165],[-60.69175034,-31.57866758]]},"properties":{"layer":"Subcuencas","entity_type":"LINE","handle":"179A8E"}},{"type":"Feature","geometry":{"type":"LineString","coordinates":[[-60.69175034,-31.57866758],[-60.69152307,-31.57907894]]},"properties":{"layer":"Subcuencas","entity_type":"LINE","handle":"179A8F"}},{"type":"Feature","geometry":{"type":"LineString","coordinates":[[-60.69152307,-31.57907894],[-60.69119886,-31.57935959]]},"properties":{"layer":"Subcuencas","entity_type":"LINE","handle":"179A90"}},{"type":"Feature","geometry":{"type":"LineString","coordinates":[[-60.69119886,-31.57935959],[-60.68967064,-31.58005531]]},"properties":{"layer":"Subcuencas","entity_type":"LINE","handle":"179A91"}},{"type":"Feature","geometry":{"type":"LineString","coordinates":[[-60.69200183,-31.57641852],[-60.69200339,-31.57641476]]},"properties":{"layer":"Subcuencas","entity_type":"LINE","handle":"179A92"}},{"type":"Feature","geometry":{"type":"LineString","coordinates":[[-60.69200339,-31.57641476],[-60.69204298,-31.57630508]]},"properties":{"layer":"Subcuencas","entity_type":"LINE","handle":"179A93"}},{"type":"Feature","geometry":{"type":"LineString","coordinates":[[-60.69204298,-31.57630508],[-60.6920786,-31.57619398]]},"properties":{"layer":"Subcuencas","entity_type":"LINE","handle":"179A94"}},{"type":"Feature","geometry":{"type":"LineString","coordinates":[[-60.6920786,-31.57619398],[-60.69211222,-31.57608006]]},"properties":{"layer":"Subcuencas","entity_type":"LINE","handle":"179A95"}},{"type":"Feature","geometry":{"type":"LineString","coordinates":[[-60.69211222,-31.57608006],[-60.69214536,-31.57596229]]},"properties":{"layer":"Subcuencas","entity_type":"LINE","handle":"179A96"}},{"type":"Feature","geometry":{"type":"LineString","coordinates":[[-60.69214536,-31.57596229],[-60.69217769,-31.57584103]]},"properties":{"layer":"Subcuencas","entity_type":"LINE","handle":"179A97"}},{"type":"Feature","geometry":{"type":"LineString","coordinates":[[-60.69217769,-31.57584103],[-60.69220844,-31.575717]]},"properties":{"layer":"Subcuencas","entity_type":"LINE","handle":"179A98"}},{"type":"Feature","geometry":{"type":"LineString","coordinates":[[-60.69220844,-31.575717],[-60.69223683,-31.57559091]]},"properties":{"layer":"Subcuencas","entity_type":"LINE","handle":"179A99"}},{"type":"Feature","geometry":{"type":"LineString","coordinates":[[-60.69223683,-31.57559091],[-60.69226208,-31.57546349]]},"properties":{"layer":"Subcuencas","entity_type":"LINE","handle":"179A9A"}},{"type":"Feature","geometry":{"type":"LineString","coordinates":[[-60.69226208,-31.57546349],[-60.69228342,-31.57533544]]},"properties":{"layer":"Subcuencas","entity_type":"LINE","handle":"179A9B"}},{"type":"Feature","geometry":{"type":"LineString","coordinates":[[-60.69228342,-31.57533544],[-60.69230008,-31.5752075]]},"properties":{"layer":"Subcuencas","entity_type":"LINE","handle":"179A9C"}},{"type":"Feature","geometry":{"type":"LineString","coordinates":[[-60.69230008,-31.5752075],[-60.69231128,-31.57508038]]},"properties":{"layer":"Subcuencas","entity_type":"LINE","handle":"179A9D"}},{"type":"Feature","geometry":{"type":"LineString","coordinates":[[-60.69231128,-31.57508038],[-60.69231652,-31.57495473]]},"properties":{"layer":"Subcuencas","entity_type":"LINE","handle":"179A9E"}},{"type":"Feature","geometry":{"type":"LineString","coordinates":[[-60.69231652,-31.57495473],[-60.69231644,-31.57483093]]},"properties":{"layer":"Subcuencas","entity_type":"LINE","handle":"179A9F"}},{"type":"Feature","geometry":{"type":"LineString","coordinates":[[-60.69231644,-31.57483093],[-60.69231193,-31.57470932]]},"properties":{"layer":"Subcuencas","entity_type":"LINE","handle":"179AA0"}},{"type":"Feature","geometry":{"type":"LineString","coordinates":[[-60.69231193,-31.57470932],[-60.69230391,-31.5745902]]},"properties":{"layer":"Subcuencas","entity_type":"LINE","handle":"179AA1"}},{"type":"Feature","geometry":{"type":"LineString","coordinates":[[-60.69230391,-31.5745902],[-60.69229328,-31.5744739]]},"properties":{"layer":"Subcuencas","entity_type":"LINE","handle":"179AA2"}},{"type":"Feature","geometry":{"type":"LineString","coordinates":[[-60.69229328,-31.5744739],[-60.69228096,-31.57436074]]},"properties":{"layer":"Subcuencas","entity_type":"LINE","handle":"179AA3"}},{"type":"Feature","geometry":{"type":"LineString","coordinates":[[-60.69228096,-31.57436074],[-60.69226784,-31.57425105]]},"properties":{"layer":"Subcuencas","entity_type":"LINE","handle":"179AA4"}},{"type":"Feature","geometry":{"type":"LineString","coordinates":[[-60.69226784,-31.57425105],[-60.69225485,-31.57414514]]},"properties":{"layer":"Subcuencas","entity_type":"LINE","handle":"179AA5"}},{"type":"Feature","geometry":{"type":"LineString","coordinates":[[-60.69225485,-31.57414514],[-60.69224281,-31.57404313]]},"properties":{"layer":"Subcuencas","entity_type":"LINE","handle":"179AA6"}},{"type":"Feature","geometry":{"type":"LineString","coordinates":[[-60.69224281,-31.57404313],[-60.69223229,-31.57394436]]},"properties":{"layer":"Subcuencas","entity_type":"LINE","handle":"179AA7"}},{"type":"Feature","geometry":{"type":"LineString","coordinates":[[-60.69223229,-31.57394436],[-60.69222376,-31.57384796]]},"properties":{"layer":"Subcuencas","entity_type":"LINE","handle":"179AA8"}},{"type":"Feature","geometry":{"type":"LineString","coordinates":[[-60.69222376,-31.57384796],[-60.69221771,-31.57375306]]},"properties":{"layer":"Subcuencas","entity_type":"LINE","handle":"179AA9"}},{"type":"Feature","geometry":{"type":"LineString","coordinates":[[-60.69221771,-31.57375306],[-60.69221462,-31.5736588]]},"properties":{"layer":"Subcuencas","entity_type":"LINE","handle":"179AAA"}},{"type":"Feature","geometry":{"type":"LineString","coordinates":[[-60.69221462,-31.5736588],[-60.69221499,-31.57356431]]},"properties":{"layer":"Subcuencas","entity_type":"LINE","handle":"179AAB"}},{"type":"Feature","geometry":{"type":"LineString","coordinates":[[-60.69221499,-31.57356431],[-60.69221929,-31.57346871]]},"properties":{"layer":"Subcuencas","entity_type":"LINE","handle":"179AAC"}},{"type":"Feature","geometry":{"type":"LineString","coordinates":[[-60.69221929,-31.57346871],[-60.692228,-31.57337115]]},"properties":{"layer":"Subcuencas","entity_type":"LINE","handle":"179AAD"}},{"type":"Feature","geometry":{"type":"LineString","coordinates":[[-60.692228,-31.57337115],[-60.69224149,-31.57327093]]},"properties":{"layer":"Subcuencas","entity_type":"LINE","handle":"179AAE"}},{"type":"Feature","geometry":{"type":"LineString","coordinates":[[-60.69224149,-31.57327093],[-60.6922596,-31.57316802]]},"properties":{"layer":"Subcuencas","entity_type":"LINE","handle":"179AAF"}},{"type":"Feature","geometry":{"type":"LineString","coordinates":[[-60.6922596,-31.57316802],[-60.69228203,-31.57306256]]},"properties":{"layer":"Subcuencas","entity_type":"LINE","handle":"179AB0"}},{"type":"Feature","geometry":{"type":"LineString","coordinates":[[-60.69228203,-31.57306256],[-60.69230851,-31.57295469]]},"properties":{"layer":"Subcuencas","entity_type":"LINE","handle":"179AB1"}},{"type":"Feature","geometry":{"type":"LineString","coordinates":[[-60.69230851,-31.57295469],[-60.69233875,-31.57284455]]},"properties":{"layer":"Subcuencas","entity_type":"LINE","handle":"179AB2"}},{"type":"Feature","geometry":{"type":"LineString","coordinates":[[-60.69233875,-31.57284455],[-60.69237246,-31.5727323]]},"properties":{"layer":"Subcuencas","entity_type":"LINE","handle":"179AB3"}},{"type":"Feature","geometry":{"type":"LineString","coordinates":[[-60.69237246,-31.5727323],[-60.69240935,-31.57261806]]},"properties":{"layer":"Subcuencas","entity_type":"LINE","handle":"179AB4"}},{"type":"Feature","geometry":{"type":"LineString","coordinates":[[-60.69240935,-31.57261806],[-60.69244915,-31.57250198]]},"properties":{"layer":"Subcuencas","entity_type":"LINE","handle":"179AB5"}},{"type":"Feature","geometry":{"type":"LineString","coordinates":[[-60.69244915,-31.57250198],[-60.69249164,-31.57238438]]},"properties":{"layer":"Subcuencas","entity_type":"LINE","handle":"179AB6"}},{"type":"Feature","geometry":{"type":"LineString","coordinates":[[-60.69249164,-31.57238438],[-60.69253696,-31.57226627]]},"properties":{"layer":"Subcuencas","entity_type":"LINE","handle":"179AB7"}},{"type":"Feature","geometry":{"type":"LineString","coordinates":[[-60.69253696,-31.57226627],[-60.69258531,-31.57214885]]},"properties":{"layer":"Subcuencas","entity_type":"LINE","handle":"179AB8"}},{"type":"Feature","geometry":{"type":"LineString","coordinates":[[-60.69258531,-31.57214885],[-60.69263693,-31.5720333]]},"properties":{"layer":"Subcuencas","entity_type":"LINE","handle":"179AB9"}},{"type":"Feature","geometry":{"type":"LineString","coordinates":[[-60.69263693,-31.5720333],[-60.69269201,-31.57192082]]},"properties":{"layer":"Subcuencas","entity_type":"LINE","handle":"179ABA"}},{"type":"Feature","geometry":{"type":"LineString","coordinates":[[-60.69269201,-31.57192082],[-60.69275078,-31.5718126]]},"properties":{"layer":"Subcuencas","entity_type":"LINE","handle":"179ABB"}},{"type":"Feature","geometry":{"type":"LineString","coordinates":[[-60.69275078,-31.5718126],[-60.69281344,-31.57170983]]},"properties":{"layer":"Subcuencas","entity_type":"LINE","handle":"179ABC"}},{"type":"Feature","geometry":{"type":"LineString","coordinates":[[-60.69281344,-31.57170983],[-60.69288021,-31.57161371]]},"properties":{"layer":"Subcuencas","entity_type":"LINE","handle":"179ABD"}},{"type":"Feature","geometry":{"type":"LineString","coordinates":[[-60.69288021,-31.57161371],[-60.69295139,-31.57152502]]},"properties":{"layer":"Subcuencas","entity_type":"LINE","handle":"179ABE"}},{"type":"Feature","geometry":{"type":"LineString","coordinates":[[-60.69295139,-31.57152502],[-60.6930276,-31.57144298]]},"properties":{"layer":"Subcuencas","entity_type":"LINE","handle":"179ABF"}},{"type":"Feature","geometry":{"type":"LineString","coordinates":[[-60.6930276,-31.57144298],[-60.69310953,-31.57136642]]},"properties":{"layer":"Subcuencas","entity_type":"LINE","handle":"179AC0"}},{"type":"Feature","geometry":{"type":"LineString","coordinates":[[-60.69310953,-31.57136642],[-60.69319789,-31.57129417]]},"properties":{"layer":"Subcuencas","entity_type":"LINE","handle":"179AC1"}},{"type":"Feature","geometry":{"type":"LineString","coordinates":[[-60.69319789,-31.57129417],[-60.69329339,-31.57122503]]},"properties":{"layer":"Subcuencas","entity_type":"LINE","handle":"179AC2"}},{"type":"Feature","geometry":{"type":"LineString","coordinates":[[-60.69329339,-31.57122503],[-60.69339672,-31.57115783]]},"properties":{"layer":"Subcuencas","entity_type":"LINE","handle":"179AC3"}},{"type":"Feature","geometry":{"type":"LineString","coordinates":[[-60.69339672,-31.57115783],[-60.69350858,-31.57109139]]},"properties":{"layer":"Subcuencas","entity_type":"LINE","handle":"179AC4"}},{"type":"Feature","geometry":{"type":"LineString","coordinates":[[-60.69350858,-31.57109139],[-60.69362969,-31.57102454]]},"properties":{"layer":"Subcuencas","entity_type":"LINE","handle":"179AC5"}},{"type":"Feature","geometry":{"type":"LineString","coordinates":[[-60.69362969,-31.57102454],[-60.69376023,-31.57095614]]},"properties":{"layer":"Subcuencas","entity_type":"LINE","handle":"179AC6"}},{"type":"Feature","geometry":{"type":"LineString","coordinates":[[-60.69376023,-31.57095614],[-60.69389842,-31.57088525]]},"properties":{"layer":"Subcuencas","entity_type":"LINE","handle":"179AC7"}},{"type":"Feature","geometry":{"type":"LineString","coordinates":[[-60.69389842,-31.57088525],[-60.69404198,-31.57081096]]},"properties":{"layer":"Subcuencas","entity_type":"LINE","handle":"179AC8"}},{"type":"Feature","geometry":{"type":"LineString","coordinates":[[-60.69404198,-31.57081096],[-60.6941886,-31.57073238]]},"properties":{"layer":"Subcuencas","entity_type":"LINE","handle":"179AC9"}},{"type":"Feature","geometry":{"type":"LineString","coordinates":[[-60.6941886,-31.57073238],[-60.69433601,-31.57064861]]},"properties":{"layer":"Subcuencas","entity_type":"LINE","handle":"179ACA"}},{"type":"Feature","geometry":{"type":"LineString","coordinates":[[-60.69433601,-31.57064861],[-60.69448191,-31.57055873]]},"properties":{"layer":"Subcuencas","entity_type":"LINE","handle":"179ACB"}},{"type":"Feature","geometry":{"type":"LineString","coordinates":[[-60.69448191,-31.57055873],[-60.69462401,-31.57046186]]},"properties":{"layer":"Subcuencas","entity_type":"LINE","handle":"179ACC"}},{"type":"Feature","geometry":{"type":"LineString","coordinates":[[-60.69462401,-31.57046186],[-60.69476002,-31.5703571]]},"properties":{"layer":"Subcuencas","entity_type":"LINE","handle":"179ACD"}},{"type":"Feature","geometry":{"type":"LineString","coordinates":[[-60.69476002,-31.5703571],[-60.69488813,-31.57024387]]},"properties":{"layer":"Subcuencas","entity_type":"LINE","handle":"179ACE"}},{"type":"Feature","geometry":{"type":"LineString","coordinates":[[-60.69488813,-31.57024387],[-60.69500838,-31.57012294]]},"properties":{"layer":"Subcuencas","entity_type":"LINE","handle":"179ACF"}},{"type":"Feature","geometry":{"type":"LineString","coordinates":[[-60.69500838,-31.57012294],[-60.69512127,-31.56999543]]},"properties":{"layer":"Subcuencas","entity_type":"LINE","handle":"179AD0"}},{"type":"Feature","geometry":{"type":"LineString","coordinates":[[-60.69512127,-31.56999543],[-60.69522734,-31.56986242]]},"properties":{"layer":"Subcuencas","entity_type":"LINE","handle":"179AD1"}},{"type":"Feature","geometry":{"type":"LineString","coordinates":[[-60.69522734,-31.56986242],[-60.69532708,-31.56972503]]},"properties":{"layer":"Subcuencas","entity_type":"LINE","handle":"179AD2"}},{"type":"Feature","geometry":{"type":"LineString","coordinates":[[-60.69532708,-31.56972503],[-60.69542101,-31.56958435]]},"properties":{"layer":"Subcuencas","entity_type":"LINE","handle":"179AD3"}},{"type":"Feature","geometry":{"type":"LineString","coordinates":[[-60.69542101,-31.56958435],[-60.69550965,-31.5694415]]},"properties":{"layer":"Subcuencas","entity_type":"LINE","handle":"179AD4"}},{"type":"Feature","geometry":{"type":"LineString","coordinates":[[-60.69550965,-31.5694415],[-60.69559351,-31.56929756]]},"properties":{"layer":"Subcuencas","entity_type":"LINE","handle":"179AD5"}},{"type":"Feature","geometry":{"type":"LineString","coordinates":[[-60.69559351,-31.56929756],[-60.69567323,-31.56915356]]},"properties":{"layer":"Subcuencas","entity_type":"LINE","handle":"179AD6"}},{"type":"Feature","geometry":{"type":"LineString","coordinates":[[-60.69567323,-31.56915356],[-60.69574995,-31.56901017]]},"properties":{"layer":"Subcuencas","entity_type":"LINE","handle":"179AD7"}},{"type":"Feature","geometry":{"type":"LineString","coordinates":[[-60.69574995,-31.56901017],[-60.69582494,-31.56886798]]},"properties":{"layer":"Subcuencas","entity_type":"LINE","handle":"179AD8"}},{"type":"Feature","geometry":{"type":"LineString","coordinates":[[-60.69582494,-31.56886798],[-60.69589948,-31.56872758]]},"properties":{"layer":"Subcuencas","entity_type":"LINE","handle":"179AD9"}},{"type":"Feature","geometry":{"type":"LineString","coordinates":[[-60.69589948,-31.56872758],[-60.69597484,-31.56858955]]},"properties":{"layer":"Subcuencas","entity_type":"LINE","handle":"179ADA"}},{"type":"Feature","geometry":{"type":"LineString","coordinates":[[-60.69597484,-31.56858955],[-60.69605228,-31.56845448]]},"properties":{"layer":"Subcuencas","entity_type":"LINE","handle":"179ADB"}},{"type":"Feature","geometry":{"type":"LineString","coordinates":[[-60.69605228,-31.56845448],[-60.69613307,-31.56832296]]},"properties":{"layer":"Subcuencas","entity_type":"LINE","handle":"179ADC"}},{"type":"Feature","geometry":{"type":"LineString","coordinates":[[-60.69613307,-31.56832296],[-60.69621849,-31.56819559]]},"properties":{"layer":"Subcuencas","entity_type":"LINE","handle":"179ADD"}},{"type":"Feature","geometry":{"type":"LineString","coordinates":[[-60.69621849,-31.56819559],[-60.6963068,-31.56807214]]},"properties":{"layer":"Subcuencas","entity_type":"LINE","handle":"179ADE"}},{"type":"Feature","geometry":{"type":"LineString","coordinates":[[-60.6963068,-31.56807214],[-60.69638424,-31.56794925]]},"properties":{"layer":"Subcuencas","entity_type":"LINE","handle":"179ADF"}},{"type":"Feature","geometry":{"type":"LineString","coordinates":[[-60.69638424,-31.56794925],[-60.69643403,-31.56782274]]},"properties":{"layer":"Subcuencas","entity_type":"LINE","handle":"179AE0"}},{"type":"Feature","geometry":{"type":"LineString","coordinates":[[-60.69643403,-31.56782274],[-60.69643942,-31.56768843]]},"properties":{"layer":"Subcuencas","entity_type":"LINE","handle":"179AE1"}},{"type":"Feature","geometry":{"type":"LineString","coordinates":[[-60.69643942,-31.56768843],[-60.69638363,-31.56754216]]},"properties":{"layer":"Subcuencas","entity_type":"LINE","handle":"179AE2"}},{"type":"Feature","geometry":{"type":"LineString","coordinates":[[-60.69638363,-31.56754216],[-60.69630672,-31.56744875]]},"properties":{"layer":"Subcuencas","entity_type":"LINE","handle":"179AE3"}},{"type":"Feature","geometry":{"type":"LineString","coordinates":[[-60.68967064,-31.58005531],[-60.69155584,-31.58116241]]},"properties":{"layer":"Subcuencas","entity_type":"LINE","handle":"179AE4"}},{"type":"Feature","geometry":{"type":"LineString","coordinates":[[-60.69155584,-31.58116241],[-60.69263968,-31.58096328]]},"properties":{"layer":"Subcuencas","entity_type":"LINE","handle":"179AE5"}},{"type":"Feature","geometry":{"type":"LineString","coordinates":[[-60.69263968,-31.58096328],[-60.69351095,-31.58082952]]},"properties":{"layer":"Subcuencas","entity_type":"LINE","handle":"179AE6"}},{"type":"Feature","geometry":{"type":"LineString","coordinates":[[-60.69630406,-31.58242571],[-60.69695865,-31.58228468]]},"properties":{"layer":"Subcuencas","entity_type":"LINE","handle":"179AE7"}},{"type":"Feature","geometry":{"type":"LineString","coordinates":[[-60.69695865,-31.58228468],[-60.69927828,-31.58176747]]},"properties":{"layer":"Subcuencas","entity_type":"LINE","handle":"179AE8"}},{"type":"Feature","geometry":{"type":"LineString","coordinates":[[-60.69927828,-31.58176747],[-60.69983079,-31.58175371]]},"properties":{"layer":"Subcuencas","entity_type":"LINE","handle":"179AE9"}},{"type":"Feature","geometry":{"type":"LineString","coordinates":[[-60.69983079,-31.58175371],[-60.7002718,-31.58194452]]},"properties":{"layer":"Subcuencas","entity_type":"LINE","handle":"179AEA"}},{"type":"Feature","geometry":{"type":"LineString","coordinates":[[-60.7002718,-31.58194452],[-60.70038675,-31.58220153]]},"properties":{"layer":"Subcuencas","entity_type":"LINE","handle":"179AEB"}},{"type":"Feature","geometry":{"type":"LineString","coordinates":[[-60.70038675,-31.58220153],[-60.70132466,-31.58501529]]},"properties":{"layer":"Subcuencas","entity_type":"LINE","handle":"179AEC"}},{"type":"Feature","geometry":{"type":"LineString","coordinates":[[-60.70132466,-31.58501529],[-60.70112051,-31.58543018]]},"properties":{"layer":"Subcuencas","entity_type":"LINE","handle":"179AED"}},{"type":"Feature","geometry":{"type":"LineString","coordinates":[[-60.70112051,-31.58543018],[-60.69986475,-31.58613765]]},"properties":{"layer":"Subcuencas","entity_type":"LINE","handle":"179AEE"}},{"type":"Feature","geometry":{"type":"LineString","coordinates":[[-60.68662568,-31.58197811],[-60.68487732,-31.58243235]]},"properties":{"layer":"Subcuencas","entity_type":"LINE","handle":"179AEF"}},{"type":"Feature","geometry":{"type":"LineString","coordinates":[[-60.68487732,-31.58243235],[-60.68344985,-31.58308809]]},"properties":{"layer":"Subcuencas","entity_type":"LINE","handle":"179AF0"}},{"type":"Feature","geometry":{"type":"LineString","coordinates":[[-60.68344985,-31.58308809],[-60.68217602,-31.58363498]]},"properties":{"layer":"Subcuencas","entity_type":"LINE","handle":"179AF1"}},{"type":"Feature","geometry":{"type":"LineString","coordinates":[[-60.68217602,-31.58363498],[-60.68064525,-31.58360714]]},"properties":{"layer":"Subcuencas","entity_type":"LINE","handle":"179AF2"}},{"type":"Feature","geometry":{"type":"LineString","coordinates":[[-60.68064525,-31.58360714],[-60.6787155,-31.58277727]]},"properties":{"layer":"Subcuencas","entity_type":"LINE","handle":"179AF3"}},{"type":"Feature","geometry":{"type":"LineString","coordinates":[[-60.6787155,-31.58277727],[-60.67839073,-31.58264611]]},"properties":{"layer":"Subcuencas","entity_type":"LINE","handle":"179AF4"}},{"type":"Feature","geometry":{"type":"LineString","coordinates":[[-60.69984957,-31.58613232],[-60.69757177,-31.58669863],[-60.69737293,-31.58673989],[-60.69820466,-31.58998394]]},"properties":{"layer":"Subcuencas","entity_type":"LWPOLYLINE","handle":"179AF5"}},{"type":"Feature","geometry":{"type":"LineString","coordinates":[[-60.69630672,-31.56744875],[-60.69948372,-31.56787242]]},"properties":{"layer":"Subcuencas","entity_type":"LINE","handle":"179AF6"}},{"type":"Feature","geometry":{"type":"LineString","coordinates":[[-60.69948372,-31.56787242],[-60.70124912,-31.56772028]]},"properties":{"layer":"Subcuencas","entity_type":"LINE","handle":"179AF7"}},{"type":"Feature","geometry":{"type":"LineString","coordinates":[[-60.70124912,-31.56772028],[-60.70396034,-31.56817438]]},"properties":{"layer":"Subcuencas","entity_type":"LINE","handle":"179AF8"}},{"type":"Feature","geometry":{"type":"LineString","coordinates":[[-60.70396034,-31.56817438],[-60.70454719,-31.56832205]]},"properties":{"layer":"Subcuencas","entity_type":"LINE","handle":"179AF9"}},{"type":"Feature","geometry":{"type":"LineString","coordinates":[[-60.67753261,-31.59088117],[-60.67598251,-31.59000795],[-60.67523519,-31.58963754],[-60.67404906,-31.58915713],[-60.67242548,-31.58875389],[-60.67226239,-31.58866371]]},"properties":{"layer":"Subcuencas","entity_type":"LWPOLYLINE","handle":"179AFA"}},{"type":"Feature","geometry":{"type":"LineString","coordinates":[[-60.67226239,-31.58866371],[-60.67492932,-31.58739018],[-60.67663357,-31.58683525],[-60.67714519,-31.58568991],[-60.67857793,-31.58481156]]},"properties":{"layer":"Subcuencas","entity_type":"LWPOLYLINE","handle":"179AFB"}},{"type":"Feature","geometry":{"type":"LineString","coordinates":[[-60.67901151,-31.57527665],[-60.67924621,-31.57545595],[-60.67987197,-31.57548408],[-60.68417242,-31.57481631],[-60.68454165,-31.57498734],[-60.68698442,-31.57451875]]},"properties":{"layer":"Subcuencas","entity_type":"LWPOLYLINE","handle":"179AFC"}},{"type":"Feature","geometry":{"type":"LineString","coordinates":[[-60.68431443,-31.56831573],[-60.6859825,-31.56856494],[-60.68741508,-31.56861166],[-60.68846575,-31.56866042],[-60.68935999,-31.5687549],[-60.68964083,-31.56864612],[-60.6898217,-31.56842811],[-60.69051785,-31.56815306],[-60.69154829,-31.56797675],[-60.69247936,-31.56728912],[-60.69353881,-31.56564157]]},"properties":{"layer":"Subcuencas","entity_type":"LWPOLYLINE","handle":"179AFD"}},{"type":"Feature","geometry":{"type":"LineString","coordinates":[[-60.68949815,-31.56909947],[-60.69081411,-31.5692282],[-60.6924105,-31.56914895],[-60.69394939,-31.56874047],[-60.69643469,-31.56767604]]},"properties":{"layer":"Subcuencas","entity_type":"LWPOLYLINE","handle":"179AFE"}},{"type":"Feature","geometry":{"type":"LineString","coordinates":[[-60.70790708,-31.56455262],[-60.7065411,-31.5604456]]},"properties":{"layer":"Subcuencas","entity_type":"LWPOLYLINE","handle":"179AFF"}},{"type":"Feature","geometry":{"type":"LineString","coordinates":[[-60.70717907,-31.56500698],[-60.70798126,-31.56482901],[-60.70790708,-31.56455262]]},"properties":{"layer":"Subcuencas","entity_type":"LWPOLYLINE","handle":"179B00"}},{"type":"Feature","geometry":{"type":"LineString","coordinates":[[-60.70798126,-31.56482901],[-60.7087435,-31.56484303]]},"properties":{"layer":"Subcuencas","entity_type":"LINE","handle":"179B01"}},{"type":"Feature","geometry":{"type":"LineString","coordinates":[[-60.7087435,-31.56484303],[-60.70959463,-31.5649204]]},"properties":{"layer":"Subcuencas","entity_type":"LINE","handle":"179B02"}},{"type":"Feature","geometry":{"type":"LineString","coordinates":[[-60.70959463,-31.5649204],[-60.71026751,-31.56501049]]},"properties":{"layer":"Subcuencas","entity_type":"LINE","handle":"179B03"}},{"type":"Feature","geometry":{"type":"LineString","coordinates":[[-60.71026751,-31.56501049],[-60.71264945,-31.56560707]]},"properties":{"layer":"Subcuencas","entity_type":"LINE","handle":"179B04"}},{"type":"Feature","geometry":{"type":"LineString","coordinates":[[-60.71264945,-31.56560707],[-60.7138194,-31.56611656]]},"properties":{"layer":"Subcuencas","entity_type":"LINE","handle":"179B05"}},{"type":"Feature","geometry":{"type":"LineString","coordinates":[[-60.7138194,-31.56611656],[-60.71412766,-31.56628489]]},"properties":{"layer":"Subcuencas","entity_type":"LINE","handle":"179B06"}},{"type":"Feature","geometry":{"type":"LineString","coordinates":[[-60.71412766,-31.56628489],[-60.71455237,-31.56631008]]},"properties":{"layer":"Subcuencas","entity_type":"LINE","handle":"179B07"}},{"type":"Feature","geometry":{"type":"LineString","coordinates":[[-60.70717907,-31.56500698],[-60.70682957,-31.56519382],[-60.70672451,-31.56562655],[-60.70674664,-31.56616661],[-60.7068779,-31.56681411],[-60.70680041,-31.56714266]]},"properties":{"layer":"Subcuencas","entity_type":"LWPOLYLINE","handle":"179B08"}},{"type":"Feature","geometry":{"type":"LineString","coordinates":[[-60.69802102,-31.57253122],[-60.69893624,-31.57230844],[-60.69992831,-31.57129513],[-60.70062786,-31.57024068],[-60.70102034,-31.56925584],[-60.70126722,-31.56772331]]},"properties":{"layer":"Subcuencas","entity_type":"LWPOLYLINE","handle":"179B09"}},{"type":"Feature","geometry":{"type":"LineString","coordinates":[[-60.69802102,-31.57253122],[-60.69689818,-31.57278189],[-60.69659036,-31.57171542],[-60.69548781,-31.56947669]]},"properties":{"layer":"Subcuencas","entity_type":"LWPOLYLINE","handle":"179B0A"}},{"type":"Feature","geometry":{"type":"LineString","coordinates":[[-60.69689818,-31.57278189],[-60.69741007,-31.57440267],[-60.69846764,-31.57546504],[-60.69984252,-31.5776028]]},"properties":{"layer":"Subcuencas","entity_type":"LWPOLYLINE","handle":"179B0B"}},{"type":"Feature","geometry":{"type":"LineString","coordinates":[[-60.69984252,-31.5776028],[-60.69924116,-31.58039487],[-60.6955784,-31.58167666]]},"properties":{"layer":"Subcuencas","entity_type":"LWPOLYLINE","handle":"179B0C"}},{"type":"Feature","geometry":{"type":"LineString","coordinates":[[-60.69630406,-31.58242571],[-60.69570992,-31.58298536],[-60.69159834,-31.58391223],[-60.69129604,-31.58441518],[-60.69129612,-31.58473687],[-60.69072625,-31.58515139]]},"properties":{"layer":"Subcuencas","entity_type":"LWPOLYLINE","handle":"179B0D"}},{"type":"Feature","geometry":{"type":"LineString","coordinates":[[-60.69072625,-31.58515139],[-60.68720019,-31.58579016]]},"properties":{"layer":"Subcuencas","entity_type":"LWPOLYLINE","handle":"179B0E"}},{"type":"Feature","geometry":{"type":"LineString","coordinates":[[-60.69072625,-31.58515139],[-60.69337545,-31.58648251],[-60.69448571,-31.5864117],[-60.69542877,-31.58632384],[-60.6961556,-31.58644397],[-60.69737293,-31.58673989]]},"properties":{"layer":"Subcuencas","entity_type":"LWPOLYLINE","handle":"179B0F"}},{"type":"Feature","geometry":{"type":"LineString","coordinates":[[-60.69737293,-31.58673989],[-60.69343636,-31.58848556],[-60.69208458,-31.59044104],[-60.69100517,-31.59022758],[-60.68980763,-31.59049727]]},"properties":{"layer":"Subcuencas","entity_type":"LWPOLYLINE","handle":"179B10"}},{"type":"Feature","geometry":{"type":"LineString","coordinates":[[-60.69208458,-31.59044104],[-60.69331485,-31.59168347],[-60.6943212,-31.59149252]]},"properties":{"layer":"Subcuencas","entity_type":"LWPOLYLINE","handle":"179B11"}},{"type":"Feature","geometry":{"type":"LineString","coordinates":[[-60.69983263,-31.58613653],[-60.70318092,-31.58792421],[-60.70331943,-31.58846683]]},"properties":{"layer":"Subcuencas","entity_type":"LWPOLYLINE","handle":"179B12"}},{"type":"Feature","geometry":{"type":"LineString","coordinates":[[-60.69983263,-31.58613653],[-60.70101118,-31.5899294]]},"properties":{"layer":"Subcuencas","entity_type":"LWPOLYLINE","handle":"179B13"}},{"type":"Feature","geometry":{"type":"LineString","coordinates":[[-60.69536732,-31.59125227],[-60.69442292,-31.58804809]]},"properties":{"layer":"Subcuencas","entity_type":"LWPOLYLINE","handle":"179B14"}},{"type":"Feature","geometry":{"type":"LineString","coordinates":[[-60.69429167,-31.59149812],[-60.69342275,-31.58850525]]},"properties":{"layer":"Subcuencas","entity_type":"LWPOLYLINE","handle":"179B15"}},{"type":"Feature","geometry":{"type":"LineString","coordinates":[[-60.69984252,-31.5776028],[-60.70058828,-31.57696994],[-60.70378738,-31.57571098],[-60.70493478,-31.57558917],[-60.70631923,-31.57555266],[-60.70831093,-31.57542616],[-60.70962389,-31.57487036]]},"properties":{"layer":"Subcuencas","entity_type":"LWPOLYLINE","handle":"179B16"}},{"type":"Feature","geometry":{"type":"LineString","coordinates":[[-60.7102403,-31.57536812],[-60.70962389,-31.57487036],[-60.70859719,-31.57308614]]},"properties":{"layer":"Subcuencas","entity_type":"LWPOLYLINE","handle":"179B17"}},{"type":"Feature","geometry":{"type":"LineString","coordinates":[[-60.7102403,-31.57536812],[-60.71090478,-31.57453997],[-60.71086619,-31.57390505],[-60.71106619,-31.57355751],[-60.71328266,-31.57317364]]},"properties":{"layer":"Subcuencas","entity_type":"LWPOLYLINE","handle":"179B18"}},{"type":"Feature","geometry":{"type":"LineString","coordinates":[[-60.7102403,-31.57536812],[-60.70000924,-31.57772183],[-60.69984252,-31.5776028]]},"properties":{"layer":"Subcuencas","entity_type":"LWPOLYLINE","handle":"179B19"}},{"type":"Feature","geometry":{"type":"LineString","coordinates":[[-60.71020925,-31.57536792],[-60.70946693,-31.57644159],[-60.70972805,-31.5797024],[-60.71096995,-31.58083063]]},"properties":{"layer":"Subcuencas","entity_type":"LWPOLYLINE","handle":"179B1A"}},{"type":"Feature","geometry":{"type":"LineString","coordinates":[[-60.70537617,-31.5764971],[-60.70458226,-31.57811418],[-60.70345045,-31.5803145],[-60.70231468,-31.58199517],[-60.70157159,-31.58267986],[-60.70062941,-31.58288328]]},"properties":{"layer":"Subcuencas","entity_type":"LWPOLYLINE","handle":"179B1B"}},{"type":"Feature","geometry":{"type":"LineString","coordinates":[[-60.70157159,-31.58267986],[-60.70337653,-31.58396387],[-60.7044896,-31.58375565],[-60.70520518,-31.58458892],[-60.70555164,-31.58574179],[-60.70626268,-31.58596881],[-60.70821886,-31.58558268],[-60.70892524,-31.58580396]]},"properties":{"layer":"Subcuencas","entity_type":"LWPOLYLINE","handle":"179B1C"}},{"type":"Feature","geometry":{"type":"LineString","coordinates":[[-60.70555164,-31.58574179],[-60.70368939,-31.58616894],[-60.70389987,-31.58691283],[-60.70373411,-31.58760368],[-60.70318092,-31.58792421]]},"properties":{"layer":"Subcuencas","entity_type":"LWPOLYLINE","handle":"179B1D"}},{"type":"Feature","geometry":{"type":"LineString","coordinates":[[-60.70395956,-31.58611487],[-60.70459144,-31.58817452]]},"properties":{"layer":"Subcuencas","entity_type":"LWPOLYLINE","handle":"179B1E"}},{"type":"Feature","geometry":{"type":"LineString","coordinates":[[-60.70514684,-31.58583464],[-60.70592185,-31.5882776]]},"properties":{"layer":"Subcuencas","entity_type":"LWPOLYLINE","handle":"179B1F"}},{"type":"Feature","geometry":{"type":"LineString","coordinates":[[-60.71669848,-31.58360998],[-60.71662991,-31.58216348],[-60.71595862,-31.58110907],[-60.71552306,-31.58026092],[-60.71538873,-31.57875667],[-60.7159154,-31.57801872],[-60.71582522,-31.57693423],[-60.7158196,-31.57619925],[-60.7157695,-31.57571527],[-60.7171006,-31.57542983],[-60.71718052,-31.5752487],[-60.71869025,-31.57493445],[-60.71901318,-31.57464077],[-60.72185906,-31.57406878],[-60.72184785,-31.57399214]]},"properties":{"layer":"Subcuencas","entity_type":"LWPOLYLINE","handle":"179B20"}},{"type":"Feature","geometry":{"type":"LineString","coordinates":[[-60.72185906,-31.57406878],[-60.72261321,-31.58082224],[-60.72315461,-31.58101349],[-60.72315536,-31.58111064],[-60.72270389,-31.58152611],[-60.72284253,-31.58214159]]},"properties":{"layer":"Subcuencas","entity_type":"LWPOLYLINE","handle":"179B21"}},{"type":"Feature","geometry":{"type":"LineString","coordinates":[[-60.72016771,-31.57440873],[-60.7202435,-31.57568154],[-60.71967839,-31.57609764],[-60.71973839,-31.57651021],[-60.71934134,-31.5766096],[-60.71946227,-31.5775562],[-60.71926486,-31.57775162],[-60.71912316,-31.577801],[-60.71884125,-31.57809405],[-60.71898185,-31.58160289],[-60.7192675,-31.58179559],[-60.7192445,-31.5825001],[-60.7198158,-31.58288551],[-60.71985401,-31.58349784]]},"properties":{"layer":"Subcuencas","entity_type":"LWPOLYLINE","handle":"179B22"}},{"type":"Feature","geometry":{"type":"LineString","coordinates":[[-60.71583044,-31.57699709],[-60.71513456,-31.5775586],[-60.71414115,-31.57770989],[-60.71337303,-31.57759273],[-60.71242103,-31.5770712]]},"properties":{"layer":"Subcuencas","entity_type":"LWPOLYLINE","handle":"179B23"}},{"type":"Feature","geometry":{"type":"LineString","coordinates":[[-60.7102403,-31.57536812],[-60.71271063,-31.57594535]]},"properties":{"layer":"Subcuencas","entity_type":"LWPOLYLINE","handle":"179B24"}},{"type":"Feature","geometry":{"type":"LineString","coordinates":[[-60.67934253,-31.56680113],[-60.67871887,-31.58276871]]},"properties":{"layer":"Subcuencas","entity_type":"LWPOLYLINE","handle":"179B25"}},{"type":"Feature","geometry":{"type":"MultiLineString","coordinates":[[[-60.67901151,-31.57527665],[-60.67884774,-31.5749013],[-60.67870672,-31.57459358],[-60.67858465,-31.57434466],[-60.6784777,-31.57414573],[-60.67845669210461,-31.57411107773349]],[[-60.67845669210461,-31.57411107773349],[-60.67838204,-31.57398794],[-60.67829384,-31.57386249],[-60.6782093,-31.57376053],[-60.67812457,-31.57367324],[-60.67803648,-31.57359319],[-60.67794437,-31.57351849],[-60.67784822,-31.57344861],[-60.67774802,-31.57338307],[-60.67764374,-31.57332135],[-60.67753537,-31.57326295],[-60.6774229,-31.57320736],[-60.67730629,-31.57315407],[-60.67718585,-31.57310264],[-60.67717363684125,-31.573097687267083]],[[-60.67717363684125,-31.573097687267083],[-60.67706312,-31.57305287],[-60.67693993,-31.57300461],[-60.67681813,-31.57295771],[-60.6768110610695,-31.572954985584694]],[[-60.6768110610695,-31.572954985584694],[-60.67669958,-31.57291202],[-60.67658613,-31.57286741],[-60.67647961,-31.57282372],[-60.67638187,-31.57278081],[-60.67629397,-31.57273758],[-60.67621377,-31.57268909],[-60.67613834,-31.57262944],[-60.67606473,-31.57255273],[-60.67599002,-31.57245308],[-60.67591127,-31.57232457],[-60.67582556,-31.57216131],[-60.67572993,-31.57195741]],[[-60.67572993,-31.57195741],[-60.6771258868805,-31.57305997310435]],[[-60.6771258868805,-31.57305997310435],[-60.67717363684125,-31.573097687267083]],[[-60.67717363684125,-31.573097687267083],[-60.67845669210461,-31.57411107773349]],[[-60.67845669210461,-31.57411107773349],[-60.67854103,-31.57417769],[-60.67816725,-31.57361087],[-60.67735051,-31.57313488],[-60.6771258868805,-31.57305997310435]],[[-60.6771258868805,-31.57305997310435],[-60.6768110610695,-31.572954985584694]],[[-60.6768110610695,-31.572954985584694],[-60.67626846,-31.57277404],[-60.67600075,-31.57256058],[-60.67572993,-31.57195741]]]},"properties":{"layer":"Subcuencas","entity_type":"POLYLINE","handle":"179B26"}},{"type":"Feature","geometry":{"type":"LineString","coordinates":[[-60.67901151,-31.57527665],[-60.67908286,-31.57494891],[-60.6793049,-31.57475073],[-60.67976454,-31.57457517],[-60.68023816,-31.57439953],[-60.68035492,-31.57413027],[-60.68049342,-31.57328605],[-60.68058026,-31.57247715],[-60.68074478,-31.57214984],[-60.68210982,-31.57115975],[-60.68229479,-31.57109536],[-60.6852708,-31.56907145]]},"properties":{"layer":"Subcuencas","entity_type":"LWPOLYLINE","handle":"179B50"}},{"type":"Feature","geometry":{"type":"LineString","coordinates":[[-60.69003976,-31.57721236],[-60.69222129,-31.57565992]]},"properties":{"layer":"Subcuencas","entity_type":"LWPOLYLINE","handle":"179B51"}},{"type":"Feature","geometry":{"type":"LineString","coordinates":[[-60.68694137,-31.58066946],[-60.68792785,-31.58047559],[-60.68863643,-31.58031601],[-60.68920501,-31.58017375]]},"properties":{"layer":"Subcuencas","entity_type":"LWPOLYLINE","handle":"179B52"}},{"type":"Feature","geometry":{"type":"LineString","coordinates":[[-60.69630672,-31.56744875],[-60.69694545,-31.5661868]]},"properties":{"layer":"Subcuencas","entity_type":"LWPOLYLINE","handle":"179B53"}},{"type":"Feature","geometry":{"type":"LineString","coordinates":[[-60.70157159,-31.58267986],[-60.71109467,-31.58080609]]},"properties":{"layer":"Subcuencas","entity_type":"LWPOLYLINE","handle":"179B54"}},{"type":"Feature","geometry":{"type":"LineString","coordinates":[[-60.67659225,-31.59973756],[-60.67818162,-31.59940787],[-60.6786666,-31.59931456]]},"properties":{"layer":"Subcuencas","entity_type":"LWPOLYLINE","handle":"179B55"}},{"type":"Feature","geometry":{"type":"LineString","coordinates":[[-60.68178155,-31.60008116],[-60.68127065,-31.59988006],[-60.68104385,-31.59992499],[-60.68088316,-31.60015476]]},"properties":{"layer":"Subcuencas","entity_type":"LWPOLYLINE","handle":"179B56"}},{"type":"Feature","geometry":{"type":"LineString","coordinates":[[-60.67987578,-31.60015466],[-60.67961847,-31.60054745],[-60.68009099,-31.60085786],[-60.68013183,-31.60100823],[-60.67952001,-31.60198785],[-60.67863065,-31.60150196],[-60.67854318,-31.60118669]]},"properties":{"layer":"Subcuencas","entity_type":"LWPOLYLINE","handle":"179B57"}},{"type":"Feature","geometry":{"type":"LineString","coordinates":[[-60.67659225,-31.59973756],[-60.67686412,-31.60064183],[-60.67690485,-31.60077763],[-60.67751974,-31.60100268]]},"properties":{"layer":"Subcuencas","entity_type":"LWPOLYLINE","handle":"179B58"}},{"type":"Feature","geometry":{"type":"LineString","coordinates":[[-60.67751974,-31.60100268],[-60.67764285,-31.60153635],[-60.6777648,-31.60190974],[-60.67824935,-31.60216947],[-60.67829594,-31.60232953]]},"properties":{"layer":"Subcuencas","entity_type":"LWPOLYLINE","handle":"179B59"}},{"type":"Feature","geometry":{"type":"LineString","coordinates":[[-60.6754265,-31.59996726],[-60.67531227,-31.5996251],[-60.67525349,-31.59934853],[-60.67517667,-31.59893119],[-60.67516293,-31.59860095],[-60.67517109,-31.59815887],[-60.6752195,-31.59778458],[-60.67527985,-31.59749281],[-60.67535731,-31.59721066],[-60.67547295,-31.59689186]]},"properties":{"layer":"Subcuencas","entity_type":"LWPOLYLINE","handle":"179B5A"}},{"type":"Feature","geometry":{"type":"LineString","coordinates":[[-60.6777648,-31.60190974],[-60.67795283,-31.60163529],[-60.67863065,-31.60150196]]},"properties":{"layer":"Subcuencas","entity_type":"LWPOLYLINE","handle":"179B5B"}},{"type":"Feature","geometry":{"type":"LineString","coordinates":[[-60.67901232,-31.60483379],[-60.67930338,-31.60476574],[-60.6794101,-31.60474023],[-60.67965057,-31.6043981],[-60.67928925,-31.60415894],[-60.67917946,-31.60376048],[-60.67963132,-31.6030847],[-60.67953184,-31.60276932],[-60.67906399,-31.6025806],[-60.67951214,-31.60198355]]},"properties":{"layer":"Subcuencas","entity_type":"LWPOLYLINE","handle":"179B5C"}},{"type":"Feature","geometry":{"type":"LineString","coordinates":[[-60.67901232,-31.60483379],[-60.67907244,-31.60508287]]},"properties":{"layer":"Subcuencas","entity_type":"LWPOLYLINE","handle":"179B5D"}},{"type":"Feature","geometry":{"type":"LineString","coordinates":[[-60.67946044,-31.60489778],[-60.68085725,-31.60461614],[-60.68092667,-31.60480697]]},"properties":{"layer":"Subcuencas","entity_type":"LWPOLYLINE","handle":"179B5E"}},{"type":"Feature","geometry":{"type":"LineString","coordinates":[[-60.68114536,-31.60744016],[-60.68120829,-31.60767486]]},"properties":{"layer":"Subcuencas","entity_type":"LWPOLYLINE","handle":"179B5F"}},{"type":"Feature","geometry":{"type":"LineString","coordinates":[[-60.67892113,-31.60689709],[-60.67891299,-31.6069123]]},"properties":{"layer":"Subcuencas","entity_type":"LWPOLYLINE","handle":"179B60"}},{"type":"Feature","geometry":{"type":"LineString","coordinates":[[-60.68172003,-31.60636197],[-60.68248248,-31.60621537],[-60.68256197,-31.60652865],[-60.68291965,-31.6066093],[-60.68320869,-31.60654171],[-60.68321693,-31.60654371]]},"properties":{"layer":"Subcuencas","entity_type":"LWPOLYLINE","handle":"179B61"}},{"type":"Feature","geometry":{"type":"LineString","coordinates":[[-60.69074933,-31.60344827],[-60.68947103,-31.6037507],[-60.68905679,-31.603852],[-60.68801213,-31.60406208]]},"properties":{"layer":"Subcuencas","entity_type":"LWPOLYLINE","handle":"179B62"}},{"type":"Feature","geometry":{"type":"LineString","coordinates":[[-60.68801213,-31.60406208],[-60.68739588,-31.60372061],[-60.68762616,-31.60332732]]},"properties":{"layer":"Subcuencas","entity_type":"LWPOLYLINE","handle":"179B63"}},{"type":"Feature","geometry":{"type":"LineString","coordinates":[[-60.68413565,-31.60061775],[-60.68466736,-31.60085873],[-60.68469856,-31.60101914],[-60.68440134,-31.60144464],[-60.68435164,-31.60150635]]},"properties":{"layer":"Subcuencas","entity_type":"LWPOLYLINE","handle":"179B64"}},{"type":"Feature","geometry":{"type":"LineString","coordinates":[[-60.68666371,-31.60483665],[-60.68761556,-31.60460031],[-60.68801213,-31.60406208]]},"properties":{"layer":"Subcuencas","entity_type":"LWPOLYLINE","handle":"179B65"}},{"type":"Feature","geometry":{"type":"LineString","coordinates":[[-60.68761556,-31.60460031],[-60.68745217,-31.60484526],[-60.68753004,-31.60522379],[-60.68759176,-31.60544826]]},"properties":{"layer":"Subcuencas","entity_type":"LWPOLYLINE","handle":"179B66"}},{"type":"Feature","geometry":{"type":"LineString","coordinates":[[-60.68381525,-31.6061134],[-60.68395406,-31.60665549]]},"properties":{"layer":"Subcuencas","entity_type":"LWPOLYLINE","handle":"179B67"}},{"type":"Feature","geometry":{"type":"LineString","coordinates":[[-60.68247698,-31.60621642],[-60.68187402,-31.60431167],[-60.68175089,-31.60390126],[-60.68162086,-31.60357438],[-60.68147409,-31.60300995],[-60.68114956,-31.60278045],[-60.68063966,-31.60287309],[-60.68036747,-31.60364529],[-60.68040622,-31.60381208],[-60.68072395,-31.60413796],[-60.68085725,-31.60461614]]},"properties":{"layer":"Subcuencas","entity_type":"LWPOLYLINE","handle":"179B68"}},{"type":"Feature","geometry":{"type":"LineString","coordinates":[[-60.68099682,-31.60246528],[-60.68054418,-31.60254946],[-60.67952001,-31.60198785]]},"properties":{"layer":"Subcuencas","entity_type":"LWPOLYLINE","handle":"179B69"}},{"type":"Feature","geometry":{"type":"LineString","coordinates":[[-60.68147409,-31.60300995],[-60.6820235,-31.60318685],[-60.68221848,-31.6031537],[-60.68254929,-31.60281621]]},"properties":{"layer":"Subcuencas","entity_type":"LWPOLYLINE","handle":"179B6A"}},{"type":"Feature","geometry":{"type":"LineString","coordinates":[[-60.68284097,-31.60368817],[-60.68241072,-31.6037757],[-60.68211082,-31.6038351],[-60.68175678,-31.60392087]]},"properties":{"layer":"Subcuencas","entity_type":"LWPOLYLINE","handle":"179B6B"}},{"type":"Feature","geometry":{"type":"LineString","coordinates":[[-60.68310283,-31.6031547],[-60.68357385,-31.60306646],[-60.68440574,-31.6028822],[-60.68521511,-31.60269806],[-60.68466447,-31.602335],[-60.68530162,-31.60220957],[-60.68636586,-31.60197911],[-60.68677814,-31.60189984],[-60.68714331,-31.60153827],[-60.68733814,-31.60149228],[-60.68788229,-31.60162107]]},"properties":{"layer":"Subcuencas","entity_type":"LWPOLYLINE","handle":"179B6C"}},{"type":"Feature","geometry":{"type":"LineString","coordinates":[[-60.68788229,-31.60162107],[-60.68826486,-31.60195605],[-60.68831117,-31.60212918],[-60.68813973,-31.60259578]]},"properties":{"layer":"Subcuencas","entity_type":"LWPOLYLINE","handle":"179B6D"}},{"type":"Feature","geometry":{"type":"LineString","coordinates":[[-60.68739588,-31.60372061],[-60.68702649,-31.60403041],[-60.68678666,-31.60408307],[-60.68647138,-31.60420824]]},"properties":{"layer":"Subcuencas","entity_type":"LWPOLYLINE","handle":"179B6E"}},{"type":"Feature","geometry":{"type":"LineString","coordinates":[[-60.68568818,-31.60212586],[-60.68552984,-31.60159831],[-60.68545238,-31.60127124],[-60.6851246,-31.60161333],[-60.68494473,-31.60165282],[-60.68435164,-31.60150635]]},"properties":{"layer":"Subcuencas","entity_type":"LWPOLYLINE","handle":"179B6F"}},{"type":"Feature","geometry":{"type":"LineString","coordinates":[[-60.68545238,-31.60127124],[-60.68572635,-31.60075605],[-60.68568028,-31.60061503],[-60.68519002,-31.60029659],[-60.68506616,-31.59978354],[-60.68494264,-31.59931544],[-60.68530058,-31.59899245],[-60.68548049,-31.59895937],[-60.68563792,-31.59893284],[-60.68553767,-31.59856736],[-60.68577513,-31.59819364],[-60.68565212,-31.59779618],[-60.68556781,-31.59755904],[-60.68549875,-31.59735392]]},"properties":{"layer":"Subcuencas","entity_type":"LWPOLYLINE","handle":"179B70"}},{"type":"Feature","geometry":{"type":"LineString","coordinates":[[-60.68564731,-31.59778265],[-60.68312737,-31.59833233]]},"properties":{"layer":"Subcuencas","entity_type":"LWPOLYLINE","handle":"179B71"}},{"type":"Feature","geometry":{"type":"LineString","coordinates":[[-60.68563792,-31.59893284],[-60.68599977,-31.59914281],[-60.68704226,-31.59893427]]},"properties":{"layer":"Subcuencas","entity_type":"LWPOLYLINE","handle":"179B72"}},{"type":"Feature","geometry":{"type":"LineString","coordinates":[[-60.68599977,-31.59914281],[-60.68623154,-31.60004056],[-60.68625462,-31.6001175]]},"properties":{"layer":"Subcuencas","entity_type":"LWPOLYLINE","handle":"179B73"}},{"type":"Feature","geometry":{"type":"LineString","coordinates":[[-60.68756466,-31.60067839],[-60.68810727,-31.60094231],[-60.68833963,-31.60089611]]},"properties":{"layer":"Subcuencas","entity_type":"LWPOLYLINE","handle":"179B74"}},{"type":"Feature","geometry":{"type":"LineString","coordinates":[[-60.6879215,-31.59776551],[-60.68915957,-31.59753058],[-60.68976226,-31.5976677],[-60.68993523,-31.59763557]]},"properties":{"layer":"Subcuencas","entity_type":"LWPOLYLINE","handle":"179B75"}},{"type":"Feature","geometry":{"type":"LineString","coordinates":[[-60.68993523,-31.59763557],[-60.69045656,-31.59723102]]},"properties":{"layer":"Subcuencas","entity_type":"LWPOLYLINE","handle":"179B76"}},{"type":"Feature","geometry":{"type":"LineString","coordinates":[[-60.68773414,-31.59853428],[-60.68817452,-31.59870572],[-60.69039518,-31.59819461],[-60.69078001,-31.59845769],[-60.69085288,-31.5984495]]},"properties":{"layer":"Subcuencas","entity_type":"LWPOLYLINE","handle":"179B77"}},{"type":"Feature","geometry":{"type":"LineString","coordinates":[[-60.68756466,-31.60067839],[-60.6874186,-31.60024489],[-60.68713202,-31.59933006],[-60.68704226,-31.59893427],[-60.68731015,-31.59861912],[-60.68762812,-31.59855137],[-60.68773414,-31.59853428],[-60.68765446,-31.59819623],[-60.6879215,-31.59776551],[-60.68734111,-31.59757875],[-60.68700391,-31.59765486],[-60.68694438,-31.59743228],[-60.68676989,-31.5973259],[-60.68650808,-31.59715394],[-60.68680455,-31.5967891],[-60.68710397,-31.59672829],[-60.68712979,-31.59672262]]},"properties":{"layer":"Subcuencas","entity_type":"LWPOLYLINE","handle":"179B78"}},{"type":"Feature","geometry":{"type":"LineString","coordinates":[[-60.68125123,-31.60212221],[-60.68174926,-31.6023079],[-60.68196911,-31.60226293],[-60.68229487,-31.60190552]]},"properties":{"layer":"Subcuencas","entity_type":"LWPOLYLINE","handle":"179B79"}},{"type":"Feature","geometry":{"type":"LineString","coordinates":[[-60.68154265,-31.6048807],[-60.68199793,-31.60478996]]},"properties":{"layer":"Subcuencas","entity_type":"LWPOLYLINE","handle":"179B7A"}},{"type":"Feature","geometry":{"type":"LineString","coordinates":[[-60.67299492,-31.60023238],[-60.67077919,-31.60064569]]},"properties":{"layer":"Subcuencas","entity_type":"LWPOLYLINE","handle":"179B7B"}},{"type":"Feature","geometry":{"type":"LineString","coordinates":[[-60.67363459,-31.5988708],[-60.67364167,-31.59886849]]},"properties":{"layer":"Subcuencas","entity_type":"LWPOLYLINE","handle":"179B7C"}},{"type":"Feature","geometry":{"type":"LineString","coordinates":[[-60.67068828,-31.60211051],[-60.67143601,-31.6011609],[-60.67162881,-31.60112986],[-60.67214794,-31.60133729],[-60.67320812,-31.60113656],[-60.67358256,-31.60074431],[-60.67376664,-31.60072082]]},"properties":{"layer":"Subcuencas","entity_type":"LWPOLYLINE","handle":"179B7D"}},{"type":"Feature","geometry":{"type":"LineString","coordinates":[[-60.67636794,-31.60269921],[-60.67669296,-31.60361134]]},"properties":{"layer":"Subcuencas","entity_type":"LWPOLYLINE","handle":"179B7E"}},{"type":"Feature","geometry":{"type":"LineString","coordinates":[[-60.6769113,-31.60429719],[-60.67668294,-31.60362501]]},"properties":{"layer":"Subcuencas","entity_type":"LWPOLYLINE","handle":"179B7F"}},{"type":"Feature","geometry":{"type":"LineString","coordinates":[[-60.67471632,-31.60254738],[-60.67346033,-31.59810898],[-60.67296214,-31.59648835]]},"properties":{"layer":"Subcuencas","entity_type":"LWPOLYLINE","handle":"179B80"}},{"type":"Feature","geometry":{"type":"LineString","coordinates":[[-60.68733121,-31.60657169],[-60.68714471,-31.60581023]]},"properties":{"layer":"Subcuencas","entity_type":"LWPOLYLINE","handle":"179B81"}},{"type":"Feature","geometry":{"type":"LineString","coordinates":[[-60.67284494,-31.59696517],[-60.67260213,-31.59662018],[-60.67240006,-31.59666452],[-60.67213762,-31.59710957]]},"properties":{"layer":"Subcuencas","entity_type":"LWPOLYLINE","handle":"179B82"}},{"type":"Feature","geometry":{"type":"LineString","coordinates":[[-60.67516342,-31.5986127],[-60.67516461,-31.5986127]]},"properties":{"layer":"Subcuencas","entity_type":"LWPOLYLINE","handle":"179B83"}},{"type":"Feature","geometry":{"type":"LineString","coordinates":[[-60.68311051,-31.60657724],[-60.68332437,-31.6073118]]},"properties":{"layer":"Subcuencas","entity_type":"LWPOLYLINE","handle":"179B84"}},{"type":"Feature","geometry":{"type":"LineString","coordinates":[[-60.67444401,-31.60305258],[-60.67416883,-31.60309935],[-60.6737117,-31.60289328],[-60.67342841,-31.60328455],[-60.67310032,-31.60334067],[-60.67262173,-31.60309844],[-60.6723281,-31.60352603],[-60.67206352,-31.60357274],[-60.67155301,-31.60331255],[-60.67130189,-31.60375804],[-60.67101605,-31.6037958]]},"properties":{"layer":"Subcuencas","entity_type":"LWPOLYLINE","handle":"179B85"}},{"type":"Feature","geometry":{"type":"LineString","coordinates":[[-60.69272002,-31.6056065],[-60.69250585,-31.60547827],[-60.69233234,-31.60537378],[-60.69214958,-31.60482814],[-60.69206577,-31.6043631],[-60.69194119,-31.60430201],[-60.69187835,-31.60406374],[-60.6919561,-31.60395893],[-60.69176321,-31.60324415],[-60.69074933,-31.60344827]]},"properties":{"layer":"Subcuencas","entity_type":"LWPOLYLINE","handle":"179B86"}},{"type":"Feature","geometry":{"type":"LineString","coordinates":[[-60.69176321,-31.60324415],[-60.69365878,-31.60282251]]},"properties":{"layer":"Subcuencas","entity_type":"LWPOLYLINE","handle":"179B87"}},{"type":"Feature","geometry":{"type":"LineString","coordinates":[[-60.69096739,-31.6051213],[-60.69105166,-31.60546154],[-60.69094241,-31.60564388],[-60.69054309,-31.60571874],[-60.69015875,-31.60551726],[-60.68992284,-31.60583115],[-60.68948954,-31.60591346],[-60.68907995,-31.60574846],[-60.68899653,-31.60548241]]},"properties":{"layer":"Subcuencas","entity_type":"LWPOLYLINE","handle":"179B88"}},{"type":"Feature","geometry":{"type":"LineString","coordinates":[[-60.69096739,-31.6051213],[-60.69214958,-31.60482814]]},"properties":{"layer":"Subcuencas","entity_type":"LWPOLYLINE","handle":"179B89"}},{"type":"Feature","geometry":{"type":"LineString","coordinates":[[-60.68576276,-31.60606571],[-60.68562064,-31.6060971],[-60.6854188,-31.60641806],[-60.68512146,-31.60647782],[-60.68480508,-31.60626141],[-60.6844567,-31.60632144],[-60.68419503,-31.60660638],[-60.68360885,-31.60672584],[-60.68321693,-31.60654371]]},"properties":{"layer":"Subcuencas","entity_type":"LWPOLYLINE","handle":"179B8A"}},{"type":"Feature","geometry":{"type":"LineString","coordinates":[[-60.68576276,-31.60606571],[-60.6883843,-31.60558104],[-60.68899653,-31.60548241]]},"properties":{"layer":"Subcuencas","entity_type":"LWPOLYLINE","handle":"179B8B"}},{"type":"Feature","geometry":{"type":"LineString","coordinates":[[-60.68759176,-31.60544826],[-60.68766953,-31.60571319]]},"properties":{"layer":"Subcuencas","entity_type":"LWPOLYLINE","handle":"179B8C"}},{"type":"Feature","geometry":{"type":"LineString","coordinates":[[-60.68647138,-31.60420824],[-60.68618475,-31.60401946],[-60.68607037,-31.60418646],[-60.6855843,-31.60428266],[-60.68544124,-31.60385707],[-60.68492479,-31.60395863],[-60.6850171,-31.60426439]]},"properties":{"layer":"Subcuencas","entity_type":"LWPOLYLINE","handle":"179B8D"}},{"type":"Feature","geometry":{"type":"LineString","coordinates":[[-60.68647138,-31.60420824],[-60.68666371,-31.60483665],[-60.68598909,-31.60499443],[-60.68582325,-31.6049054],[-60.68455631,-31.60518552]]},"properties":{"layer":"Subcuencas","entity_type":"LWPOLYLINE","handle":"179B8E"}},{"type":"Feature","geometry":{"type":"LineString","coordinates":[[-60.68544124,-31.60385707],[-60.68534113,-31.6034817],[-60.68455906,-31.60303874],[-60.68444445,-31.60304253]]},"properties":{"layer":"Subcuencas","entity_type":"LWPOLYLINE","handle":"179B8F"}},{"type":"Feature","geometry":{"type":"LineString","coordinates":[[-60.68404619,-31.6040143],[-60.68408019,-31.6041176],[-60.68447514,-31.60404269],[-60.68449166,-31.60410845]]},"properties":{"layer":"Subcuencas","entity_type":"LWPOLYLINE","handle":"179B90"}},{"type":"Feature","geometry":{"type":"LineString","coordinates":[[-60.68449166,-31.60410845],[-60.68454992,-31.60412076],[-60.68458877,-31.60430036],[-60.68465779,-31.60449905],[-60.68483004,-31.60458442]]},"properties":{"layer":"Subcuencas","entity_type":"LWPOLYLINE","handle":"179B91"}},{"type":"Feature","geometry":{"type":"LineString","coordinates":[[-60.68495431,-31.60326261],[-60.68523064,-31.60276862]]},"properties":{"layer":"Subcuencas","entity_type":"LWPOLYLINE","handle":"179B92"}},{"type":"Feature","geometry":{"type":"LineString","coordinates":[[-60.68444445,-31.60304253],[-60.68424961,-31.60308852],[-60.68389953,-31.60346284],[-60.68404619,-31.6040143]]},"properties":{"layer":"Subcuencas","entity_type":"LWPOLYLINE","handle":"179B93"}},{"type":"Feature","geometry":{"type":"LineString","coordinates":[[-60.68523064,-31.60276862],[-60.68521511,-31.60269806]]},"properties":{"layer":"Subcuencas","entity_type":"LWPOLYLINE","handle":"179B94"}},{"type":"Feature","geometry":{"type":"LineString","coordinates":[[-60.69052394,-31.60350159],[-60.69035164,-31.60294832],[-60.69012524,-31.60281774],[-60.6900157,-31.60244319],[-60.69023873,-31.60211754],[-60.69041647,-31.60208616],[-60.6901371,-31.60115485],[-60.6908119,-31.60100628],[-60.690946,-31.60149223],[-60.69200012,-31.60124319],[-60.69216652,-31.60128284],[-60.69266691,-31.60156402],[-60.69303148,-31.60112607],[-60.69311097,-31.60099475]]},"properties":{"layer":"Subcuencas","entity_type":"LWPOLYLINE","handle":"179B95"}},{"type":"Feature","geometry":{"type":"LineString","coordinates":[[-60.69040167,-31.60310897],[-60.68949986,-31.60328651],[-60.68908304,-31.60307584],[-60.68866838,-31.60315919],[-60.68842168,-31.6034951],[-60.68798091,-31.60325414],[-60.68762616,-31.60332732]]},"properties":{"layer":"Subcuencas","entity_type":"LWPOLYLINE","handle":"179B96"}},{"type":"Feature","geometry":{"type":"LineString","coordinates":[[-60.68813973,-31.60259578],[-60.68852777,-31.60278163],[-60.68893248,-31.60269689],[-60.68918053,-31.60230754]]},"properties":{"layer":"Subcuencas","entity_type":"LWPOLYLINE","handle":"179B97"}},{"type":"Feature","geometry":{"type":"LineString","coordinates":[[-60.69023873,-31.60211754],[-60.68918053,-31.60230754]]},"properties":{"layer":"Subcuencas","entity_type":"LWPOLYLINE","handle":"179B98"}},{"type":"Feature","geometry":{"type":"LineString","coordinates":[[-60.6901371,-31.60115485],[-60.6895892,-31.60102417],[-60.68947495,-31.60067488],[-60.68981633,-31.60027541],[-60.69117277,-31.59997383],[-60.6910393,-31.59954276],[-60.69464767,-31.59873867]]},"properties":{"layer":"Subcuencas","entity_type":"LWPOLYLINE","handle":"179B99"}},{"type":"Feature","geometry":{"type":"LineString","coordinates":[[-60.6910393,-31.59954276],[-60.69099432,-31.59937365],[-60.69070485,-31.59924002],[-60.69067617,-31.59913679],[-60.69101697,-31.5990715],[-60.69082786,-31.59845231],[-60.69137511,-31.59769245],[-60.69133159,-31.59751939],[-60.69470264,-31.59680181]]},"properties":{"layer":"Subcuencas","entity_type":"LWPOLYLINE","handle":"179B9A"}},{"type":"Feature","geometry":{"type":"LineString","coordinates":[[-60.69133159,-31.59751939],[-60.6912907,-31.59736076],[-60.6910798,-31.59740523],[-60.6906896,-31.59719794],[-60.69094019,-31.59680667],[-60.69084507,-31.59651114],[-60.69067312,-31.59645216],[-60.69030185,-31.59651915],[-60.69024966,-31.59631726],[-60.68882393,-31.59661378],[-60.68827343,-31.59643623],[-60.68791061,-31.59650317],[-60.68763946,-31.59685844],[-60.6871734,-31.59667321],[-60.68709513,-31.59637036],[-60.68761348,-31.59562171],[-60.68755291,-31.59542708],[-60.69133699,-31.59458802]]},"properties":{"layer":"Subcuencas","entity_type":"LWPOLYLINE","handle":"179B9B"}},{"type":"Feature","geometry":{"type":"LineString","coordinates":[[-60.69159633,-31.59553405],[-60.69165563,-31.59574938],[-60.69145483,-31.59601763],[-60.69141783,-31.59606286],[-60.69024966,-31.59631726]]},"properties":{"layer":"Subcuencas","entity_type":"LWPOLYLINE","handle":"179B9C"}},{"type":"Feature","geometry":{"type":"LineString","coordinates":[[-60.68772912,-31.59538801],[-60.68716038,-31.59340469],[-60.68740365,-31.59302762],[-60.68678778,-31.59099942]]},"properties":{"layer":"Subcuencas","entity_type":"LWPOLYLINE","handle":"179B9D"}},{"type":"Feature","geometry":{"type":"LineString","coordinates":[[-60.68755291,-31.59542708],[-60.68562067,-31.59585859]]},"properties":{"layer":"Subcuencas","entity_type":"LWPOLYLINE","handle":"179B9E"}},{"type":"Feature","geometry":{"type":"LineString","coordinates":[[-60.68562067,-31.59585859],[-60.685368,-31.59495318],[-60.6852447,-31.59491442],[-60.68467393,-31.59466779],[-60.68494821,-31.59432463],[-60.68483711,-31.59385213],[-60.684405,-31.59363899],[-60.68383672,-31.59162617],[-60.68395693,-31.59111727]]},"properties":{"layer":"Subcuencas","entity_type":"LWPOLYLINE","handle":"179B9F"}},{"type":"Feature","geometry":{"type":"LineString","coordinates":[[-60.68562067,-31.59585859],[-60.68552907,-31.59594978],[-60.68520991,-31.59646401],[-60.68483932,-31.59625573],[-60.68437869,-31.59635019],[-60.68415015,-31.59664053],[-60.68377985,-31.59647167],[-60.68336535,-31.59656588],[-60.68310595,-31.59684324],[-60.68256575,-31.59657016],[-60.6824311,-31.59659495],[-60.68238161,-31.59662371],[-60.68221581,-31.59708455],[-60.68099439,-31.59733656]]},"properties":{"layer":"Subcuencas","entity_type":"LWPOLYLINE","handle":"179BA0"}},{"type":"Feature","geometry":{"type":"LineString","coordinates":[[-60.67547295,-31.59689186],[-60.67577746,-31.59593158],[-60.6760436,-31.59523167]]},"properties":{"layer":"Subcuencas","entity_type":"LWPOLYLINE","handle":"179BA1"}},{"type":"Feature","geometry":{"type":"LineString","coordinates":[[-60.67292616,-31.59601765],[-60.67296214,-31.59648835]]},"properties":{"layer":"Subcuencas","entity_type":"LWPOLYLINE","handle":"179BA2"}},{"type":"Feature","geometry":{"type":"LineString","coordinates":[[-60.67563321,-31.59638649],[-60.67530856,-31.59630043],[-60.67515252,-31.59646001],[-60.67499437,-31.59632651],[-60.67468044,-31.59638923],[-60.67462452,-31.5965605],[-60.6744377,-31.59641494],[-60.67398096,-31.59649062],[-60.67371201,-31.59684619]]},"properties":{"layer":"Subcuencas","entity_type":"LWPOLYLINE","handle":"179BA3"}},{"type":"Feature","geometry":{"type":"LineString","coordinates":[[-60.67213762,-31.59710957],[-60.67153494,-31.59674775],[-60.67143473,-31.59672385],[-60.67037,-31.59693226],[-60.67010634,-31.5968041],[-60.66794695,-31.59718177],[-60.66771909,-31.59631841]]},"properties":{"layer":"Subcuencas","entity_type":"LWPOLYLINE","handle":"179BA4"}},{"type":"Feature","geometry":{"type":"LineString","coordinates":[[-60.66635214,-31.59658765],[-60.66676779,-31.59815269],[-60.6671984,-31.59841911],[-60.6675837,-31.59834382]]},"properties":{"layer":"Subcuencas","entity_type":"LWPOLYLINE","handle":"179BA5"}},{"type":"Feature","geometry":{"type":"LineString","coordinates":[[-60.66476488,-31.60041936],[-60.66561094,-31.60025424],[-60.66573851,-31.60010703],[-60.66599364,-31.59981261],[-60.66635045,-31.59974969],[-60.66652263,-31.59984649],[-60.66686507,-31.59977143],[-60.66701119,-31.60022251],[-60.66738386,-31.60037933],[-60.66712908,-31.6007226],[-60.66677243,-31.60080994],[-60.66629921,-31.60058038],[-60.66651976,-31.60144992],[-60.66630819,-31.60184181],[-60.66639628,-31.60217108],[-60.66682146,-31.60241679]]},"properties":{"layer":"Subcuencas","entity_type":"LWPOLYLINE","handle":"179BA6"}},{"type":"Feature","geometry":{"type":"LineString","coordinates":[[-60.66667608,-31.59981285],[-60.66656231,-31.59939805],[-60.66698859,-31.5990089],[-60.66720231,-31.59896728],[-60.66743173,-31.599076],[-60.66780274,-31.59900078],[-60.66800112,-31.59876409],[-60.67028442,-31.59832471],[-60.67056812,-31.59803013]]},"properties":{"layer":"Subcuencas","entity_type":"LWPOLYLINE","handle":"179BA7"}},{"type":"Feature","geometry":{"type":"LineString","coordinates":[[-60.66676779,-31.59815269],[-60.66664034,-31.59831573],[-60.66680214,-31.59896213],[-60.66692248,-31.59907609]]},"properties":{"layer":"Subcuencas","entity_type":"LWPOLYLINE","handle":"179BA8"}},{"type":"Feature","geometry":{"type":"LineString","coordinates":[[-60.67041695,-31.60119035],[-60.67030446,-31.60112239],[-60.66978835,-31.60089307],[-60.6695102,-31.59996641],[-60.66977944,-31.59964748],[-60.66966224,-31.59924509],[-60.6694329,-31.5991486],[-60.66960289,-31.5989401],[-60.66951506,-31.59864747],[-60.66928017,-31.59851797]]},"properties":{"layer":"Subcuencas","entity_type":"LWPOLYLINE","handle":"179BA9"}},{"type":"Feature","geometry":{"type":"LineString","coordinates":[[-60.67041695,-31.60119035],[-60.67077919,-31.60064569],[-60.67102748,-31.6003126],[-60.670925,-31.5999712],[-60.67118169,-31.59989657],[-60.67099067,-31.59916485],[-60.67106115,-31.59903014],[-60.67123088,-31.59878501],[-60.67083548,-31.59745113],[-60.67057754,-31.59735117]]},"properties":{"layer":"Subcuencas","entity_type":"LWPOLYLINE","handle":"179BAA"}},{"type":"Feature","geometry":{"type":"LineString","coordinates":[[-60.67083548,-31.59745113],[-60.67056812,-31.59803013]]},"properties":{"layer":"Subcuencas","entity_type":"LWPOLYLINE","handle":"179BAB"}},{"type":"Feature","geometry":{"type":"LineString","coordinates":[[-60.67596701,-31.6044872],[-60.6755283,-31.60334719],[-60.67520204,-31.60317038],[-60.67507179,-31.60281401],[-60.67526724,-31.6025551],[-60.67490616,-31.60237847],[-60.67482245,-31.60203679],[-60.67519134,-31.6016877],[-60.67469063,-31.60146222],[-60.67459564,-31.60116517],[-60.67487151,-31.60079281],[-60.67442898,-31.60058686],[-60.67432209,-31.6002502],[-60.67463295,-31.59990141],[-60.67416707,-31.59967575],[-60.67409036,-31.59937178]]},"properties":{"layer":"Subcuencas","entity_type":"LWPOLYLINE","handle":"179BAC"}},{"type":"Feature","geometry":{"type":"LineString","coordinates":[[-60.67367366,-31.59886288],[-60.67294362,-31.59901081],[-60.67247256,-31.59967782],[-60.67253282,-31.59998791],[-60.67299492,-31.60023238]]},"properties":{"layer":"Subcuencas","entity_type":"LWPOLYLINE","handle":"179BAD"}},{"type":"Feature","geometry":{"type":"LineString","coordinates":[[-60.67109134,-31.59831428],[-60.67337633,-31.59783574]]},"properties":{"layer":"Subcuencas","entity_type":"LWPOLYLINE","handle":"179BAE"}},{"type":"Feature","geometry":{"type":"LineString","coordinates":[[-60.67361153,-31.5986433],[-60.67481725,-31.59841868],[-60.67516577,-31.59844703]]},"properties":{"layer":"Subcuencas","entity_type":"LWPOLYLINE","handle":"179BAF"}},{"type":"Feature","geometry":{"type":"LineString","coordinates":[[-60.67409036,-31.59937178],[-60.67474854,-31.59854798],[-60.67481725,-31.59841868]]},"properties":{"layer":"Subcuencas","entity_type":"LWPOLYLINE","handle":"179BB0"}},{"type":"Feature","geometry":{"type":"LineString","coordinates":[[-60.67444401,-31.60305258],[-60.67453713,-31.6030321],[-60.67444185,-31.60269537],[-60.67473165,-31.60264425],[-60.67471632,-31.60254738]]},"properties":{"layer":"Subcuencas","entity_type":"LWPOLYLINE","handle":"179BB1"}},{"type":"Feature","geometry":{"type":"LineString","coordinates":[[-60.6750167,-31.60243255],[-60.67470073,-31.60249229]]},"properties":{"layer":"Subcuencas","entity_type":"LWPOLYLINE","handle":"179BB2"}},{"type":"Feature","geometry":{"type":"LineString","coordinates":[[-60.67376664,-31.60072082],[-60.67386593,-31.60070329],[-60.67411438,-31.60042031],[-60.67436149,-31.6003743]]},"properties":{"layer":"Subcuencas","entity_type":"LWPOLYLINE","handle":"179BB3"}},{"type":"Feature","geometry":{"type":"LineString","coordinates":[[-60.67514619,-31.60301758],[-60.67606682,-31.60274975],[-60.67636794,-31.60269921]]},"properties":{"layer":"Subcuencas","entity_type":"LWPOLYLINE","handle":"179BB4"}},{"type":"Feature","geometry":{"type":"LineString","coordinates":[[-60.67648132,-31.60267197],[-60.67655409,-31.60254637],[-60.67681382,-31.60207113],[-60.6772103,-31.60230998],[-60.67755752,-31.60223585],[-60.6777648,-31.60190974]]},"properties":{"layer":"Subcuencas","entity_type":"LWPOLYLINE","handle":"179BB5"}},{"type":"Feature","geometry":{"type":"LineString","coordinates":[[-60.67648132,-31.60267197],[-60.67636794,-31.60269921],[-60.67604886,-31.60176339],[-60.67571844,-31.60082763],[-60.6754265,-31.59996726]]},"properties":{"layer":"Subcuencas","entity_type":"LWPOLYLINE","handle":"179BB6"}},{"type":"Feature","geometry":{"type":"LineString","coordinates":[[-60.67829594,-31.60232953],[-60.67832689,-31.6024403],[-60.6781063,-31.60277499],[-60.67787366,-31.60282724],[-60.67839075,-31.60465678],[-60.67855777,-31.60462186],[-60.67901232,-31.60483379]]},"properties":{"layer":"Subcuencas","entity_type":"LWPOLYLINE","handle":"179BB7"}},{"type":"Feature","geometry":{"type":"LineString","coordinates":[[-60.67907244,-31.60508287],[-60.67910301,-31.60520882],[-60.67813815,-31.60542939],[-60.6780132,-31.60558266],[-60.67738829,-31.60572211],[-60.67772056,-31.60579067],[-60.67807857,-31.60590547],[-60.67842259,-31.60698982],[-60.68031535,-31.60663776]]},"properties":{"layer":"Subcuencas","entity_type":"LWPOLYLINE","handle":"179BB8"}},{"type":"Feature","geometry":{"type":"LineString","coordinates":[[-60.67890939,-31.60689928],[-60.67899137,-31.60719592],[-60.67822926,-31.60818965]]},"properties":{"layer":"Subcuencas","entity_type":"LWPOLYLINE","handle":"179BB9"}},{"type":"Feature","geometry":{"type":"LineString","coordinates":[[-60.68031807,-31.60664746],[-60.67990898,-31.60518649],[-60.67948965,-31.60498921],[-60.6794101,-31.60474023]]},"properties":{"layer":"Subcuencas","entity_type":"LWPOLYLINE","handle":"179BBA"}},{"type":"Feature","geometry":{"type":"LineString","coordinates":[[-60.67659225,-31.59973756],[-60.67647247,-31.59967341],[-60.67596494,-31.5993851],[-60.67572815,-31.59975009],[-60.6753756,-31.59981479]]},"properties":{"layer":"Subcuencas","entity_type":"LWPOLYLINE","handle":"179BBB"}},{"type":"Feature","geometry":{"type":"LineString","coordinates":[[-60.67659225,-31.59973756],[-60.67665488,-31.59964671],[-60.67679879,-31.5994768],[-60.67666644,-31.59942113],[-60.67657147,-31.5990608],[-60.67665031,-31.59901528],[-60.67728274,-31.59888789],[-60.67714786,-31.59848267],[-60.67671131,-31.59832712],[-60.67714378,-31.5979189],[-60.67669835,-31.59653432],[-60.67605209,-31.59657157],[-60.67563321,-31.59638649]]},"properties":{"layer":"Subcuencas","entity_type":"LWPOLYLINE","handle":"179BBC"}},{"type":"Feature","geometry":{"type":"LineString","coordinates":[[-60.68092667,-31.60480697],[-60.68120224,-31.60474954],[-60.68150225,-31.6048921],[-60.68110029,-31.60544745],[-60.68129225,-31.60608663],[-60.68166558,-31.60618305]]},"properties":{"layer":"Subcuencas","entity_type":"LWPOLYLINE","handle":"179BBD"}},{"type":"Feature","geometry":{"type":"LineString","coordinates":[[-60.68117122,-31.60568364],[-60.68116638,-31.60569522],[-60.68117816,-31.60570673]]},"properties":{"layer":"Subcuencas","entity_type":"LWPOLYLINE","handle":"179BBE"}},{"type":"Feature","geometry":{"type":"LineString","coordinates":[[-60.68166558,-31.60618305],[-60.68177527,-31.60656488]]},"properties":{"layer":"Subcuencas","entity_type":"LWPOLYLINE","handle":"179BBF"}},{"type":"Feature","geometry":{"type":"LineString","coordinates":[[-60.68177527,-31.60656488],[-60.68153897,-31.60689701],[-60.68159448,-31.60717109],[-60.68131491,-31.60740698]]},"properties":{"layer":"Subcuencas","entity_type":"LWPOLYLINE","handle":"179BC0"}},{"type":"Feature","geometry":{"type":"LineString","coordinates":[[-60.68131491,-31.60740698],[-60.68096553,-31.60747535],[-60.68048739,-31.60721187],[-60.68031807,-31.60664746]]},"properties":{"layer":"Subcuencas","entity_type":"LWPOLYLINE","handle":"179BC1"}},{"type":"Feature","geometry":{"type":"LineString","coordinates":[[-60.68373731,-31.60613051],[-60.68344598,-31.60605227],[-60.6833229,-31.60568709],[-60.68349249,-31.6055088]]},"properties":{"layer":"Subcuencas","entity_type":"LWPOLYLINE","handle":"179BC2"}},{"type":"Feature","geometry":{"type":"LineString","coordinates":[[-60.68373731,-31.60613051],[-60.68388724,-31.60609759],[-60.68406468,-31.60571769],[-60.68510683,-31.60550657],[-60.68457932,-31.60524606],[-60.68452573,-31.60510504],[-60.6850171,-31.60426439]]},"properties":{"layer":"Subcuencas","entity_type":"LWPOLYLINE","handle":"179BC3"}},{"type":"Feature","geometry":{"type":"LineString","coordinates":[[-60.68254929,-31.60281621],[-60.68307683,-31.60308316],[-60.68311559,-31.60324994],[-60.68284097,-31.60368817],[-60.68312872,-31.60504829],[-60.68342299,-31.60524583],[-60.68349249,-31.6055088]]},"properties":{"layer":"Subcuencas","entity_type":"LWPOLYLINE","handle":"179BC4"}},{"type":"Feature","geometry":{"type":"LineString","coordinates":[[-60.68435164,-31.60150635],[-60.68335059,-31.60170483]]},"properties":{"layer":"Subcuencas","entity_type":"LWPOLYLINE","handle":"179BC5"}},{"type":"Feature","geometry":{"type":"LineString","coordinates":[[-60.68335059,-31.60170483],[-60.68283996,-31.60149154],[-60.68268252,-31.60152449],[-60.68229487,-31.60190552]]},"properties":{"layer":"Subcuencas","entity_type":"LWPOLYLINE","handle":"179BC6"}},{"type":"Feature","geometry":{"type":"LineString","coordinates":[[-60.68125123,-31.60212221],[-60.68099876,-31.60246267]]},"properties":{"layer":"Subcuencas","entity_type":"LWPOLYLINE","handle":"179BC7"}},{"type":"Feature","geometry":{"type":"LineString","coordinates":[[-60.68054418,-31.60254946],[-60.68063966,-31.60287309]]},"properties":{"layer":"Subcuencas","entity_type":"LWPOLYLINE","handle":"179BC8"}},{"type":"Feature","geometry":{"type":"LineString","coordinates":[[-60.68201654,-31.60092039],[-60.68092066,-31.60116929],[-60.68066914,-31.60153646],[-60.68030279,-31.60161146],[-60.67985595,-31.60144996]]},"properties":{"layer":"Subcuencas","entity_type":"LWPOLYLINE","handle":"179BC9"}},{"type":"Feature","geometry":{"type":"LineString","coordinates":[[-60.68088316,-31.60015476],[-60.6809553,-31.60041457],[-60.680461,-31.60050867],[-60.68038616,-31.60022501]]},"properties":{"layer":"Subcuencas","entity_type":"LWPOLYLINE","handle":"179BCA"}},{"type":"Feature","geometry":{"type":"LineString","coordinates":[[-60.68038616,-31.60022501],[-60.68015359,-31.60009489],[-60.67995514,-31.60013481],[-60.67987578,-31.60015466]]},"properties":{"layer":"Subcuencas","entity_type":"LWPOLYLINE","handle":"179BCB"}},{"type":"Feature","geometry":{"type":"LineString","coordinates":[[-60.67961847,-31.60054745],[-60.67901391,-31.60019626],[-60.67876657,-31.59929443],[-60.67866562,-31.59931475]]},"properties":{"layer":"Subcuencas","entity_type":"LWPOLYLINE","handle":"179BCC"}},{"type":"Feature","geometry":{"type":"LineString","coordinates":[[-60.67876657,-31.59929443],[-60.67933107,-31.59965726],[-60.67959621,-31.59932431],[-60.67995681,-31.59924237],[-60.6801805,-31.5994641]]},"properties":{"layer":"Subcuencas","entity_type":"LWPOLYLINE","handle":"179BCD"}},{"type":"Feature","geometry":{"type":"LineString","coordinates":[[-60.6801805,-31.5994641],[-60.68154624,-31.59919895],[-60.6818077,-31.59878876]]},"properties":{"layer":"Subcuencas","entity_type":"LWPOLYLINE","handle":"179BCE"}},{"type":"Feature","geometry":{"type":"LineString","coordinates":[[-60.67854318,-31.60118669],[-60.6785117,-31.60104492],[-60.67896106,-31.600288],[-60.67901391,-31.60019626]]},"properties":{"layer":"Subcuencas","entity_type":"LWPOLYLINE","handle":"179BCF"}},{"type":"Feature","geometry":{"type":"LineString","coordinates":[[-60.67876657,-31.59929443],[-60.67884598,-31.59917629],[-60.67913787,-31.59884321],[-60.6791102,-31.5987176],[-60.67930862,-31.59840787],[-60.67919833,-31.59795808]]},"properties":{"layer":"Subcuencas","entity_type":"LWPOLYLINE","handle":"179BD0"}},{"type":"Feature","geometry":{"type":"LineString","coordinates":[[-60.68221581,-31.59708455],[-60.68250071,-31.59733118],[-60.68259693,-31.59768507],[-60.68234535,-31.59804081],[-60.68274816,-31.59824444],[-60.68283088,-31.59858005],[-60.68256592,-31.59893587],[-60.68213618,-31.59870952],[-60.6818077,-31.59878876]]},"properties":{"layer":"Subcuencas","entity_type":"LWPOLYLINE","handle":"179BD1"}},{"type":"Feature","geometry":{"type":"LineString","coordinates":[[-60.68234698,-31.59803851],[-60.68235842,-31.59804372]]},"properties":{"layer":"Subcuencas","entity_type":"LWPOLYLINE","handle":"179BD2"}},{"type":"Feature","geometry":{"type":"LineString","coordinates":[[-60.68259693,-31.59768507],[-60.68298431,-31.59760749],[-60.68340635,-31.59783278]]},"properties":{"layer":"Subcuencas","entity_type":"LWPOLYLINE","handle":"179BD3"}},{"type":"Feature","geometry":{"type":"LineString","coordinates":[[-60.68340635,-31.59783278],[-60.68316325,-31.59817791],[-60.68310798,-31.59825461],[-60.68314249,-31.59839292],[-60.68363022,-31.59867684],[-60.68352761,-31.59915016],[-60.68356784,-31.59930754],[-60.68390552,-31.59968299],[-60.68402062,-31.60015515],[-60.68413565,-31.60061775],[-60.68381984,-31.60094417],[-60.68364152,-31.60098811],[-60.68310964,-31.60077606],[-60.68277753,-31.60116465],[-60.68257131,-31.60120873],[-60.68212302,-31.60097712],[-60.68201654,-31.60092039],[-60.68178155,-31.60008116],[-60.68200181,-31.59966451],[-60.68195028,-31.5994881],[-60.68154624,-31.59919895]]},"properties":{"layer":"Subcuencas","entity_type":"LWPOLYLINE","handle":"179BD4"}},{"type":"Feature","geometry":{"type":"LineString","coordinates":[[-60.68549875,-31.59735392],[-60.6856985,-31.59704307],[-60.6861794,-31.59694903],[-60.68650808,-31.59715394]]},"properties":{"layer":"Subcuencas","entity_type":"LWPOLYLINE","handle":"179BD5"}},{"type":"Feature","geometry":{"type":"LineString","coordinates":[[-60.68625462,-31.6001175],[-60.68601754,-31.6004184],[-60.68554181,-31.60052509]]},"properties":{"layer":"Subcuencas","entity_type":"LWPOLYLINE","handle":"179BD6"}},{"type":"Feature","geometry":{"type":"LineString","coordinates":[[-60.68726063,-31.60115878],[-60.68695992,-31.60122502],[-60.6868391,-31.60116851],[-60.68668843,-31.60068917],[-60.68679461,-31.60057427],[-60.68669904,-31.60031185],[-60.68625462,-31.6001175]]},"properties":{"layer":"Subcuencas","entity_type":"LWPOLYLINE","handle":"179BD7"}},{"type":"Feature","geometry":{"type":"LineString","coordinates":[[-60.68726063,-31.60115878],[-60.68756466,-31.60067839]]},"properties":{"layer":"Subcuencas","entity_type":"LWPOLYLINE","handle":"179BD8"}},{"type":"Feature","geometry":{"type":"LineString","coordinates":[[-60.68833963,-31.60089611],[-60.68846103,-31.60087397],[-60.68867255,-31.60052987],[-60.6891156,-31.60074469],[-60.68947495,-31.60067488]]},"properties":{"layer":"Subcuencas","entity_type":"LWPOLYLINE","handle":"179BD9"}},{"type":"Feature","geometry":{"type":"LineString","coordinates":[[-60.6906896,-31.59719794],[-60.69045656,-31.59723102]]},"properties":{"layer":"Subcuencas","entity_type":"LWPOLYLINE","handle":"179BDA"}},{"type":"Feature","geometry":{"type":"LineString","coordinates":[[-60.67669835,-31.59653432],[-60.67862212,-31.59616362],[-60.67890378,-31.59626501],[-60.67917829,-31.59722386],[-60.67912553,-31.59732703],[-60.67884726,-31.59769434],[-60.6789021,-31.59787697],[-60.67919833,-31.59795808]]},"properties":{"layer":"Subcuencas","entity_type":"LWPOLYLINE","handle":"179BDB"}},{"type":"Feature","geometry":{"type":"LineString","coordinates":[[-60.67917829,-31.59722386],[-60.68030013,-31.59696638],[-60.68046115,-31.59703412],[-60.68099439,-31.59733656]]},"properties":{"layer":"Subcuencas","entity_type":"LWPOLYLINE","handle":"179BDC"}},{"type":"Feature","geometry":{"type":"LineString","coordinates":[[-60.67890378,-31.59626501],[-60.67911752,-31.5962228],[-60.67959269,-31.59533999],[-60.67940019,-31.59462078],[-60.67880996,-31.59439527],[-60.67868742,-31.59409868],[-60.67666163,-31.59344043]]},"properties":{"layer":"Subcuencas","entity_type":"LWPOLYLINE","handle":"179BDD"}},{"type":"Feature","geometry":{"type":"LineString","coordinates":[[-60.68059375,-31.60271748],[-60.67958518,-31.60293841]]},"properties":{"layer":"Subcuencas","entity_type":"LWPOLYLINE","handle":"179BDE"}},{"type":"Feature","geometry":{"type":"LineString","coordinates":[[-60.6887238,-31.5985793],[-60.68890059,-31.59931166],[-60.68907477,-31.59991082],[-60.68930455,-31.60070798]]},"properties":{"layer":"Subcuencas","entity_type":"LWPOLYLINE","handle":"179BDF"}},{"type":"Feature","geometry":{"type":"LineString","coordinates":[[-60.67037,-31.59693226],[-60.67044402,-31.59685816],[-60.67080441,-31.59646118],[-60.67292616,-31.59601765]]},"properties":{"layer":"Subcuencas","entity_type":"LWPOLYLINE","handle":"179BE0"}},{"type":"Feature","geometry":{"type":"LineString","coordinates":[[-60.67257631,-31.59609079],[-60.67244115,-31.59561303],[-60.67243213,-31.59550725],[-60.67267306,-31.59534254]]},"properties":{"layer":"Subcuencas","entity_type":"LWPOLYLINE","handle":"179BE1"}},{"type":"Feature","geometry":{"type":"LineString","coordinates":[[-60.67371201,-31.59684619],[-60.67315767,-31.59652641],[-60.67309118,-31.59646327],[-60.6729549,-31.59639362]]},"properties":{"layer":"Subcuencas","entity_type":"LWPOLYLINE","handle":"179BE2"}},{"type":"Feature","geometry":{"type":"LineString","coordinates":[[-60.67309804,-31.59693044],[-60.67284494,-31.59696517]]},"properties":{"layer":"Subcuencas","entity_type":"LWPOLYLINE","handle":"179BE3"}},{"type":"Feature","geometry":{"type":"LineString","coordinates":[[-60.67083548,-31.59745113],[-60.66982028,-31.59762886],[-60.66967775,-31.59757645],[-60.66784975,-31.59790493],[-60.6675837,-31.59834382]]},"properties":{"layer":"Subcuencas","entity_type":"LWPOLYLINE","handle":"179BE4"}},{"type":"Feature","geometry":{"type":"LineString","coordinates":[[-60.67057754,-31.59735117],[-60.67044667,-31.59725922],[-60.67037,-31.59693226]]},"properties":{"layer":"Subcuencas","entity_type":"LWPOLYLINE","handle":"179BE5"}},{"type":"Feature","geometry":{"type":"LineString","coordinates":[[-60.68797636,-31.60087864],[-60.68810723,-31.60132578],[-60.68788229,-31.60162107]]},"properties":{"layer":"Subcuencas","entity_type":"LWPOLYLINE","handle":"179BE6"}},{"type":"Feature","geometry":{"type":"LineString","coordinates":[[-60.67228636,-31.61461357],[-60.6721189,-31.61501805],[-60.67239144,-31.61522834],[-60.67278731,-31.61535858],[-60.67306066,-31.61568134],[-60.67302266,-31.61578079],[-60.6732642,-31.61598724],[-60.67397769,-31.61613565],[-60.67467327,-31.61702119],[-60.6753175,-31.6169053],[-60.67544412,-31.61728177],[-60.67499757,-31.61764141]]},"properties":{"layer":"Subcuencas","entity_type":"LWPOLYLINE","handle":"179BE7"}},{"type":"Feature","geometry":{"type":"LineString","coordinates":[[-60.67306066,-31.61568134],[-60.67344296,-31.6156083],[-60.67406723,-31.61482141],[-60.67412223,-31.61474197],[-60.67414059,-31.61471813],[-60.6751858,-31.6144989]]},"properties":{"layer":"Subcuencas","entity_type":"LWPOLYLINE","handle":"179BE8"}},{"type":"Feature","geometry":{"type":"LineString","coordinates":[[-60.6751858,-31.6144989],[-60.67530649,-31.61453549],[-60.67580888,-31.61483361],[-60.67691888,-31.6146061],[-60.67721435,-31.6142167],[-60.67736233,-31.61418425],[-60.67731475,-31.61401037],[-60.67867617,-31.61371028],[-60.67864307,-31.61297836],[-60.67863836,-31.61232934],[-60.67863452,-31.61179905],[-60.67868444,-31.61101998],[-60.67870088,-31.61084216]]},"properties":{"layer":"Subcuencas","entity_type":"LWPOLYLINE","handle":"179BE9"}},{"type":"Feature","geometry":{"type":"LineString","coordinates":[[-60.67864153,-31.61276622],[-60.67597611,-31.61335922]]},"properties":{"layer":"Subcuencas","entity_type":"LWPOLYLINE","handle":"179BEA"}},{"type":"Feature","geometry":{"type":"LineString","coordinates":[[-60.67608804,-31.61372401],[-60.67766423,-31.61340462],[-60.67836649,-31.61377855]]},"properties":{"layer":"Subcuencas","entity_type":"LWPOLYLINE","handle":"179BEB"}},{"type":"Feature","geometry":{"type":"LineString","coordinates":[[-60.67637596,-31.61471738],[-60.67667129,-31.61572423],[-60.67673545,-31.61562891],[-60.67690058,-31.61540641],[-60.67732607,-31.61531709],[-60.67749338,-31.61539535],[-60.67811322,-31.61528125],[-60.6782341,-31.61534393],[-60.67826258,-31.61543876],[-60.67897489,-31.61530042],[-60.67888899,-31.61495261],[-60.67881212,-31.61457309],[-60.67873463,-31.61410651],[-60.67867617,-31.61371028]]},"properties":{"layer":"Subcuencas","entity_type":"LWPOLYLINE","handle":"179BEC"}},{"type":"Feature","geometry":{"type":"LineString","coordinates":[[-60.67897489,-31.61530042],[-60.67920403,-31.61623944],[-60.6794798,-31.61721945],[-60.67985779,-31.61841011]]},"properties":{"layer":"Subcuencas","entity_type":"LWPOLYLINE","handle":"179BED"}},{"type":"Feature","geometry":{"type":"LineString","coordinates":[[-60.67990259,-31.61857535],[-60.67972155,-31.61861513],[-60.67992157,-31.61936913],[-60.67982905,-31.61938545],[-60.6791444,-31.61950782],[-60.67869104,-31.61958938],[-60.67766454,-31.6198402],[-60.6773906,-31.61990987]]},"properties":{"layer":"Subcuencas","entity_type":"LWPOLYLINE","handle":"179BEE"}},{"type":"Feature","geometry":{"type":"LineString","coordinates":[[-60.67952761,-31.61739641],[-60.678769,-31.61756671],[-60.67835278,-31.61765598],[-60.67818207,-31.61711075],[-60.67808921,-31.61707958],[-60.67780089,-31.61692281],[-60.67740313,-31.61700407],[-60.67706821,-31.61680797],[-60.67697529,-31.61676888],[-60.67667129,-31.61572423]]},"properties":{"layer":"Subcuencas","entity_type":"LWPOLYLINE","handle":"179BEF"}},{"type":"Feature","geometry":{"type":"LineString","coordinates":[[-60.67667129,-31.61572423],[-60.67660642,-31.61572135],[-60.67584797,-31.61588367],[-60.6754688,-31.61597274],[-60.67552569,-31.61615449],[-60.67513714,-31.61622778],[-60.6753175,-31.6169053]]},"properties":{"layer":"Subcuencas","entity_type":"LWPOLYLINE","handle":"179BF0"}},{"type":"Feature","geometry":{"type":"LineString","coordinates":[[-60.677684,-31.61536026],[-60.67785893,-31.61598382],[-60.67796106,-31.61601494],[-60.67829586,-31.61619521],[-60.67857342,-31.61614625],[-60.67887054,-31.61623965],[-60.67891829,-31.61643727],[-60.67875345,-31.61669935],[-60.67902301,-31.61682456],[-60.6791081,-31.61706156],[-60.6789241,-31.61723667],[-60.67917473,-31.61730657],[-60.67927703,-31.61736143],[-60.67935048,-31.61743618]]},"properties":{"layer":"Subcuencas","entity_type":"LWPOLYLINE","handle":"179BF1"}},{"type":"Feature","geometry":{"type":"LineString","coordinates":[[-60.6965425,-31.61815479],[-60.69552994,-31.61834714],[-60.69548047,-31.61818253],[-60.69518019,-31.61802752],[-60.69510257,-31.61797023],[-60.69440888,-31.61811416],[-60.69435166,-31.61820516],[-60.69373089,-31.61907419],[-60.6934185,-31.61913973]]},"properties":{"layer":"Subcuencas","entity_type":"LWPOLYLINE","handle":"179BF2"}},{"type":"Feature","geometry":{"type":"LineString","coordinates":[[-60.69658393,-31.6164397],[-60.69344478,-31.61562551],[-60.68972666,-31.61466954],[-60.68712599,-31.61397952],[-60.68611596,-31.61374586],[-60.68568135,-31.61369048],[-60.68521804,-31.61366824],[-60.68470666,-31.61367098],[-60.68419571,-31.61373143],[-60.6836947,-31.61383304],[-60.68302653,-31.61403449],[-60.68250719,-31.61426811],[-60.68205539,-31.61450136],[-60.68152754,-31.61489167],[-60.68101011,-31.6153891],[-60.68065233,-31.61581554],[-60.68029934,-31.6163698],[-60.68010019,-31.61684904],[-60.67995882,-31.61731148],[-60.67986553,-31.61775219],[-60.67982963,-31.61812338],[-60.67985779,-31.61841011]]},"properties":{"layer":"Subcuencas","entity_type":"LWPOLYLINE","handle":"179BF3"}},{"type":"Feature","geometry":{"type":"LineString","coordinates":[[-60.6819551,-31.61791332],[-60.68140713,-31.61611158],[-60.6814931,-31.61599244],[-60.68172191,-31.61561197],[-60.68158254,-31.61502492],[-60.68172823,-31.61473047],[-60.68240677,-31.61558114],[-60.68312753,-31.61650066],[-60.68390585,-31.61749929]]},"properties":{"layer":"Subcuencas","entity_type":"LWPOLYLINE","handle":"179BF4"}},{"type":"Feature","geometry":{"type":"LineString","coordinates":[[-60.68560655,-31.61889284],[-60.68582728,-31.61885388],[-60.68606566,-31.61846511],[-60.68648215,-31.61867722],[-60.68682903,-31.6186094],[-60.68707736,-31.6182618],[-60.68759022,-31.61845691],[-60.68788892,-31.61839759],[-60.68817584,-31.61804978],[-60.68863068,-31.6182287],[-60.68899686,-31.61816077],[-60.68924536,-31.6178379],[-60.68979694,-31.61804928],[-60.68987431,-31.61807359],[-60.68996079,-31.61802366],[-60.69014254,-31.61780832],[-60.69025178,-31.6182282],[-60.69060079,-31.61844891],[-60.69027564,-31.6188464],[-60.6903648,-31.6191592],[-60.6907443,-31.61935702]]},"properties":{"layer":"Subcuencas","entity_type":"LWPOLYLINE","handle":"179BF5"}},{"type":"Feature","geometry":{"type":"LineString","coordinates":[[-60.69440888,-31.61811416],[-60.69428971,-31.61804966],[-60.69374734,-31.61778054],[-60.69402435,-31.6173998],[-60.6939448,-31.61708287],[-60.69350926,-31.61690385],[-60.69374797,-31.61656454],[-60.69363939,-31.61623535],[-60.69323266,-31.61603806],[-60.69295529,-31.61636934],[-60.69257965,-31.61646207],[-60.69172714,-31.616005],[-60.69135138,-31.61608124],[-60.69112255,-31.61645348],[-60.69083205,-31.61631489],[-60.6902828,-31.61641679],[-60.6900627,-31.61666532],[-60.69025077,-31.61730737],[-60.69029034,-31.61743906],[-60.69044527,-31.61751243],[-60.69014254,-31.61780832]]},"properties":{"layer":"Subcuencas","entity_type":"LWPOLYLINE","handle":"179BF6"}},{"type":"Feature","geometry":{"type":"LineString","coordinates":[[-60.69459502,-31.61807554],[-60.69454929,-31.61792214],[-60.69469262,-31.61773174],[-60.6945742,-31.61737787],[-60.69436131,-31.61729659],[-60.69426292,-31.61704154],[-60.69456903,-31.6166813],[-60.69410435,-31.61647771],[-60.69400541,-31.61614847],[-60.69420382,-31.61557853],[-60.69402975,-31.61552675],[-60.69384177,-31.61490119],[-60.69441007,-31.61476619],[-60.69437049,-31.6146345],[-60.69457152,-31.61441905],[-60.69489897,-31.61433483],[-60.6951218,-31.61445728],[-60.69516138,-31.61458897],[-60.69588068,-31.61442622]]},"properties":{"layer":"Subcuencas","entity_type":"LWPOLYLINE","handle":"179BF7"}},{"type":"Feature","geometry":{"type":"LineString","coordinates":[[-60.69680502,-31.6180515],[-60.69667281,-31.6176212],[-60.69635483,-31.61768065],[-60.69628692,-31.61763155],[-60.69597698,-31.6174766],[-60.69566012,-31.61639006],[-60.69572887,-31.61621794]]},"properties":{"layer":"Subcuencas","entity_type":"LWPOLYLINE","handle":"179BF8"}},{"type":"Feature","geometry":{"type":"LineString","coordinates":[[-60.69323266,-31.61603806],[-60.6933908,-31.61560853]]},"properties":{"layer":"Subcuencas","entity_type":"LWPOLYLINE","handle":"179BF9"}},{"type":"Feature","geometry":{"type":"LineString","coordinates":[[-60.69214002,-31.61622637],[-60.69187633,-31.61660685],[-60.69195547,-31.61687025],[-60.69238179,-31.61710702],[-60.69213379,-31.61749586],[-60.69179675,-31.61758837],[-60.69132218,-31.61735185],[-60.69112138,-31.61760027],[-60.69122073,-31.61798722],[-60.6916853,-31.61817677],[-60.69136004,-31.61855778],[-60.69144956,-31.61892005],[-60.69169475,-31.61907758]]},"properties":{"layer":"Subcuencas","entity_type":"LWPOLYLINE","handle":"179BFA"}},{"type":"Feature","geometry":{"type":"LineString","coordinates":[[-60.6900627,-31.61666532],[-60.68897677,-31.61690008],[-60.68870257,-31.61724308],[-60.68879733,-31.6175841],[-60.68880816,-31.61766285],[-60.68924536,-31.6178379]]},"properties":{"layer":"Subcuencas","entity_type":"LWPOLYLINE","handle":"179BFB"}},{"type":"Feature","geometry":{"type":"LineString","coordinates":[[-60.69113813,-31.61503246],[-60.69104542,-31.61528465],[-60.6908012,-31.61552241],[-60.6902867,-31.61524497],[-60.69018389,-31.61520174],[-60.69052035,-31.61637272]]},"properties":{"layer":"Subcuencas","entity_type":"LWPOLYLINE","handle":"179BFC"}},{"type":"Feature","geometry":{"type":"LineString","coordinates":[[-60.69018389,-31.61520174],[-60.69008147,-31.61521105],[-60.68894562,-31.61545362],[-60.68898778,-31.61561102],[-60.68842958,-31.61635837],[-60.68812263,-31.61643008],[-60.68765931,-31.61614359],[-60.68736551,-31.6166093],[-60.68704832,-31.61668106],[-60.68661273,-31.61640318],[-60.68631854,-31.61681634],[-60.68598091,-31.61689696],[-60.68554661,-31.6166541],[-60.68530334,-31.6170232],[-60.68487366,-31.61713059],[-60.68436993,-31.61692312],[-60.68414708,-31.61728335],[-60.68434386,-31.61756252],[-60.68476556,-31.61776427],[-60.68505015,-31.61743873],[-60.6853571,-31.61736703],[-60.68578903,-31.61756612],[-60.68609399,-31.61722296],[-60.68643169,-31.61715109],[-60.68681263,-31.61738548],[-60.68792808,-31.6171518],[-60.68819191,-31.61679134],[-60.68856029,-31.61671054],[-60.68897677,-31.61690008]]},"properties":{"layer":"Subcuencas","entity_type":"LWPOLYLINE","handle":"179BFD"}},{"type":"Feature","geometry":{"type":"LineString","coordinates":[[-60.68424092,-31.61741648],[-60.68390585,-31.61749929]]},"properties":{"layer":"Subcuencas","entity_type":"LWPOLYLINE","handle":"179BFE"}},{"type":"Feature","geometry":{"type":"LineString","coordinates":[[-60.6850877,-31.61707709],[-60.68486758,-31.6163013],[-60.68493862,-31.6162046],[-60.68525285,-31.61572744],[-60.6848828,-31.61558055],[-60.68477762,-31.61521332],[-60.68501069,-31.61485044],[-60.68456847,-31.61464264],[-60.68447399,-31.61433665],[-60.68476868,-31.61399182],[-60.68468252,-31.61367384]]},"properties":{"layer":"Subcuencas","entity_type":"LWPOLYLINE","handle":"179BFF"}},{"type":"Feature","geometry":{"type":"LineString","coordinates":[[-60.68708751,-31.61397185],[-60.68697352,-31.61417263],[-60.68708915,-31.61456608],[-60.68709959,-31.61459229],[-60.68693587,-31.6146282],[-60.68681392,-31.61476897],[-60.68690847,-31.61508371],[-60.68738132,-31.61527382],[-60.68706723,-31.6157685],[-60.68701663,-31.61585634],[-60.68700671,-31.61590018],[-60.68724112,-31.61663744]]},"properties":{"layer":"Subcuencas","entity_type":"LWPOLYLINE","handle":"179C00"}},{"type":"Feature","geometry":{"type":"LineString","coordinates":[[-60.68894562,-31.61545362],[-60.68889813,-31.61526825],[-60.68843546,-31.61506933],[-60.6881846,-31.61440515],[-60.68824709,-31.61427698]]},"properties":{"layer":"Subcuencas","entity_type":"LWPOLYLINE","handle":"179C01"}},{"type":"Feature","geometry":{"type":"LineString","coordinates":[[-60.68436993,-31.61692312],[-60.68402095,-31.61672369],[-60.68389613,-31.61635443],[-60.68354144,-31.61643221],[-60.68327203,-31.61602578],[-60.68338165,-31.61583548],[-60.68329069,-31.61554192],[-60.68279989,-31.61522204],[-60.68259506,-31.61453737],[-60.68245085,-31.6142972]]},"properties":{"layer":"Subcuencas","entity_type":"LWPOLYLINE","handle":"179C02"}},{"type":"Feature","geometry":{"type":"LineString","coordinates":[[-60.68171823,-31.61475066],[-60.68130478,-31.61419329],[-60.68002381,-31.61253454],[-60.67938512,-31.61171937],[-60.67950585,-31.61152902],[-60.67958147,-31.61124124],[-60.67943523,-31.61097642],[-60.67893473,-31.61084629],[-60.67870088,-31.61084216]]},"properties":{"layer":"Subcuencas","entity_type":"LWPOLYLINE","handle":"179C03"}},{"type":"Feature","geometry":{"type":"LineString","coordinates":[[-60.67958147,-31.61124124],[-60.67988215,-31.61137244],[-60.68017036,-31.61131399],[-60.68041174,-31.6109238],[-60.68149837,-31.61074727],[-60.68124575,-31.61111855],[-60.68134807,-31.61144999],[-60.68178266,-31.61167533],[-60.68145274,-31.61210393],[-60.68140862,-31.61214211],[-60.6815004,-31.6125495],[-60.68174434,-31.61251025],[-60.68177877,-31.61266465],[-60.68196817,-31.61275849],[-60.68182504,-31.61292051],[-60.68190489,-31.61321413],[-60.68230625,-31.61344913],[-60.68203143,-31.61382053],[-60.68172115,-31.61389807],[-60.68153195,-31.61383268],[-60.68144468,-31.61404464],[-60.68126845,-31.61414626]]},"properties":{"layer":"Subcuencas","entity_type":"LWPOLYLINE","handle":"179C04"}},{"type":"Feature","geometry":{"type":"LineString","coordinates":[[-60.69344743,-31.60770406],[-60.69281434,-31.60783716],[-60.69270277,-31.60776188],[-60.6921571,-31.6075277],[-60.69181349,-31.60759596],[-60.69159401,-31.60793863],[-60.69121723,-31.60802604],[-60.69083786,-31.6077625],[-60.69049739,-31.60825758],[-60.69042024,-31.60833388],[-60.6898772,-31.60845533],[-60.68999156,-31.60891002],[-60.69057103,-31.60921042],[-60.69067142,-31.60927627],[-60.6912034,-31.60915957],[-60.69108917,-31.60872386],[-60.69237492,-31.60846079],[-60.69290915,-31.6086476],[-60.69320836,-31.60857958],[-60.69326267,-31.60841803],[-60.69358578,-31.60857753],[-60.69378053,-31.60858834]]},"properties":{"layer":"Subcuencas","entity_type":"LWPOLYLINE","handle":"179C05"}},{"type":"Feature","geometry":{"type":"LineString","coordinates":[[-60.68814043,-31.60645383],[-60.68834255,-31.60717838]]},"properties":{"layer":"Subcuencas","entity_type":"LWPOLYLINE","handle":"179C06"}},{"type":"Feature","geometry":{"type":"LineString","coordinates":[[-60.68884493,-31.60756458],[-60.68894727,-31.60789602],[-60.68841986,-31.60863299],[-60.68806521,-31.60871079],[-60.68760828,-31.60846663],[-60.68723498,-31.60902828],[-60.68710135,-31.60897209],[-60.68656679,-31.60873782],[-60.68689611,-31.60823332],[-60.68698408,-31.60811902],[-60.68682812,-31.60804398],[-60.68644925,-31.60784682],[-60.68631625,-31.60787599],[-60.68622515,-31.60756346],[-60.68723374,-31.60734936],[-60.68730202,-31.60757664],[-60.68750245,-31.60766093],[-60.68831151,-31.60748584],[-60.68837679,-31.60730526]]},"properties":{"layer":"Subcuencas","entity_type":"LWPOLYLINE","handle":"179C07"}},{"type":"Feature","geometry":{"type":"LineString","coordinates":[[-60.68834255,-31.60717838],[-60.68837679,-31.60730526],[-60.68854427,-31.60743715],[-60.68884493,-31.60756458]]},"properties":{"layer":"Subcuencas","entity_type":"LWPOLYLINE","handle":"179C08"}},{"type":"Feature","geometry":{"type":"LineString","coordinates":[[-60.68999156,-31.60891002],[-60.68965777,-31.60940788],[-60.68961413,-31.60951245],[-60.68950257,-31.60943717],[-60.68896779,-31.60917446],[-60.68867087,-31.60955548],[-60.68875088,-31.60986807],[-60.68969778,-31.61031826],[-60.69000804,-31.61024071],[-60.69063447,-31.60938363],[-60.69067981,-31.60927657]]},"properties":{"layer":"Subcuencas","entity_type":"LWPOLYLINE","handle":"179C09"}},{"type":"Feature","geometry":{"type":"LineString","coordinates":[[-60.69030029,-31.60984085],[-60.69073942,-31.61006601],[-60.69080833,-31.61037866],[-60.69055596,-31.61077842],[-60.69159759,-31.61052616],[-60.6920655,-31.61075127],[-60.69223997,-31.61072382]]},"properties":{"layer":"Subcuencas","entity_type":"LWPOLYLINE","handle":"179C0A"}},{"type":"Feature","geometry":{"type":"LineString","coordinates":[[-60.69227806,-31.61085575],[-60.691579,-31.61101377],[-60.68908505,-31.61152998],[-60.68897362,-31.61147367],[-60.68843855,-31.61117302],[-60.68816369,-31.61153494],[-60.68774741,-31.61162636],[-60.68735236,-31.61140652],[-60.68769306,-31.61093989],[-60.68777014,-31.61085411],[-60.69077127,-31.61021054]]},"properties":{"layer":"Subcuencas","entity_type":"LWPOLYLINE","handle":"179C0B"}},{"type":"Feature","geometry":{"type":"LineString","coordinates":[[-60.68921723,-31.61008979],[-60.68892168,-31.61044951],[-60.68877765,-31.61048823],[-60.68856108,-31.60972108],[-60.68842746,-31.60966488],[-60.68792597,-31.60940012],[-60.68683972,-31.60962413],[-60.68709055,-31.6105239],[-60.68776081,-31.61085421]]},"properties":{"layer":"Subcuencas","entity_type":"LWPOLYLINE","handle":"179C0C"}},{"type":"Feature","geometry":{"type":"LineString","coordinates":[[-60.68961413,-31.60951245],[-60.68932983,-31.60859296],[-60.68922951,-31.60853659],[-60.6886695,-31.60828416]]},"properties":{"layer":"Subcuencas","entity_type":"LWPOLYLINE","handle":"179C0D"}},{"type":"Feature","geometry":{"type":"LineString","coordinates":[[-60.68683972,-31.60962413],[-60.68723498,-31.60902828]]},"properties":{"layer":"Subcuencas","entity_type":"LWPOLYLINE","handle":"179C0E"}},{"type":"Feature","geometry":{"type":"LineString","coordinates":[[-60.68683972,-31.60962413],[-60.68627427,-31.60971921],[-60.68613758,-31.60924567],[-60.6860596,-31.60920815],[-60.68552483,-31.60894543],[-60.68576605,-31.60853626],[-60.68567496,-31.60822372],[-60.68522592,-31.60799567],[-60.6850778,-31.60747476],[-60.68464364,-31.60730635],[-60.68429995,-31.60736511],[-60.68412401,-31.6075937],[-60.68379142,-31.60765239],[-60.68354589,-31.60747348],[-60.68337967,-31.60751232]]},"properties":{"layer":"Subcuencas","entity_type":"LWPOLYLINE","handle":"179C0F"}},{"type":"Feature","geometry":{"type":"LineString","coordinates":[[-60.68333536,-31.6073105],[-60.68337967,-31.60751232],[-60.68377774,-31.60881918],[-60.68387813,-31.60888504],[-60.68472496,-31.60931684],[-60.68537891,-31.60918053],[-60.68552483,-31.60894543]]},"properties":{"layer":"Subcuencas","entity_type":"LWPOLYLINE","handle":"179C10"}},{"type":"Feature","geometry":{"type":"LineString","coordinates":[[-60.68622515,-31.60756346],[-60.68516679,-31.60778773]]},"properties":{"layer":"Subcuencas","entity_type":"LWPOLYLINE","handle":"179C11"}},{"type":"Feature","geometry":{"type":"LineString","coordinates":[[-60.68377774,-31.60881918],[-60.6837008,-31.60892393],[-60.68354369,-31.60914669],[-60.68327762,-31.60919554],[-60.68360778,-31.61032255],[-60.68417565,-31.61055664],[-60.68429831,-31.61063187],[-60.68454908,-31.61152591],[-60.68464829,-31.61143052],[-60.68524162,-31.61059262],[-60.68513963,-31.6103086],[-60.68469414,-31.6101118],[-60.68495778,-31.60973097],[-60.68490075,-31.60952259],[-60.68510014,-31.60946461],[-60.6850391,-31.60925136]]},"properties":{"layer":"Subcuencas","entity_type":"LWPOLYLINE","handle":"179C12"}},{"type":"Feature","geometry":{"type":"LineString","coordinates":[[-60.68709055,-31.6105239],[-60.68674326,-31.61100192],[-60.68668839,-31.61108758],[-60.68657696,-31.61103127],[-60.68603094,-31.61074964],[-60.68595428,-31.61089233],[-60.68510078,-31.61106765],[-60.68496077,-31.61098924]]},"properties":{"layer":"Subcuencas","entity_type":"LWPOLYLINE","handle":"179C13"}},{"type":"Feature","geometry":{"type":"LineString","coordinates":[[-60.69144281,-31.61182507],[-60.69120903,-31.61187415],[-60.69079669,-31.61165821],[-60.69056595,-31.61198197],[-60.69018915,-31.61206937],[-60.68974379,-31.61189156],[-60.68950195,-31.61221537],[-60.68911405,-31.61230283],[-60.68871303,-31.61211528],[-60.68843795,-31.61244876],[-60.68798344,-31.61253658],[-60.68758235,-31.61233954],[-60.68784591,-31.61194922],[-60.68774741,-31.61162636]]},"properties":{"layer":"Subcuencas","entity_type":"LWPOLYLINE","handle":"179C14"}},{"type":"Feature","geometry":{"type":"LineString","coordinates":[[-60.69153846,-31.61219507],[-60.69202288,-31.61384272],[-60.6921365,-31.61389516],[-60.69267117,-31.61413888],[-60.69289924,-31.61495339],[-60.69299901,-31.61493388],[-60.69321934,-31.61470503],[-60.69354078,-31.61463689],[-60.6937744,-31.61470202],[-60.69384177,-31.61490119]]},"properties":{"layer":"Subcuencas","entity_type":"LWPOLYLINE","handle":"179C15"}},{"type":"Feature","geometry":{"type":"LineString","coordinates":[[-60.69148843,-31.61200153],[-60.68934719,-31.61245521],[-60.68929239,-31.61255037],[-60.6889403,-31.61297911],[-60.68941953,-31.61323263],[-60.689511,-31.61359259],[-60.68922489,-31.61393561],[-60.68927048,-31.61409662],[-60.68922782,-31.61433398],[-60.68916399,-31.61452025]]},"properties":{"layer":"Subcuencas","entity_type":"LWPOLYLINE","handle":"179C16"}},{"type":"Feature","geometry":{"type":"LineString","coordinates":[[-60.6889403,-31.61297911],[-60.68856141,-31.61278196],[-60.68814013,-31.61286011],[-60.68795407,-31.61322156],[-60.68735566,-31.61336707],[-60.68726672,-31.61334858],[-60.68691079,-31.61325564],[-60.68709818,-31.6130744],[-60.68700735,-31.61279981],[-60.68653938,-31.61256519],[-60.68627588,-31.612965],[-60.68598774,-31.61303295],[-60.685531,-31.61281723],[-60.68530357,-31.61207859]]},"properties":{"layer":"Subcuencas","entity_type":"LWPOLYLINE","handle":"179C17"}},{"type":"Feature","geometry":{"type":"LineString","coordinates":[[-60.685531,-31.61281723],[-60.68578203,-31.61369579]]},"properties":{"layer":"Subcuencas","entity_type":"LWPOLYLINE","handle":"179C18"}},{"type":"Feature","geometry":{"type":"LineString","coordinates":[[-60.68530357,-31.61207859],[-60.68559177,-31.61202013],[-60.6857587,-31.61207614],[-60.68599147,-31.61202747],[-60.68605745,-31.61194174],[-60.68665603,-31.61182189],[-60.68657596,-31.61149981],[-60.68728543,-31.6113632],[-60.68735236,-31.61140652]]},"properties":{"layer":"Subcuencas","entity_type":"LWPOLYLINE","handle":"179C19"}},{"type":"Feature","geometry":{"type":"LineString","coordinates":[[-60.68196817,-31.61275849],[-60.68239144,-31.61266996],[-60.68252931,-31.61275451],[-60.68280349,-31.6127104],[-60.6829646,-31.61256028],[-60.68275179,-31.61246547],[-60.68268785,-31.61225258],[-60.68278689,-31.61214544],[-60.68306092,-31.61208001],[-60.68288157,-31.61144128],[-60.68255966,-31.61178417],[-60.68219845,-31.61187139],[-60.68178266,-31.61167533]]},"properties":{"layer":"Subcuencas","entity_type":"LWPOLYLINE","handle":"179C1A"}},{"type":"Feature","geometry":{"type":"LineString","coordinates":[[-60.68288157,-31.61144128],[-60.68321919,-31.61154187],[-60.68363031,-31.61145438],[-60.68386526,-31.61116527],[-60.68454908,-31.61152591]]},"properties":{"layer":"Subcuencas","entity_type":"LWPOLYLINE","handle":"179C1B"}},{"type":"Feature","geometry":{"type":"LineString","coordinates":[[-60.68530357,-31.61207859],[-60.68497041,-31.61214019],[-60.6849088,-31.61224714],[-60.68478427,-31.61227979],[-60.68468211,-31.6119605],[-60.68430702,-31.61185589],[-60.68447998,-31.61162042],[-60.68454908,-31.61152591]]},"properties":{"layer":"Subcuencas","entity_type":"LWPOLYLINE","handle":"179C1C"}},{"type":"Feature","geometry":{"type":"LineString","coordinates":[[-60.68344049,-31.61148522],[-60.68298286,-31.60993327],[-60.68305826,-31.6100075]]},"properties":{"layer":"Subcuencas","entity_type":"LWPOLYLINE","handle":"179C1D"}},{"type":"Feature","geometry":{"type":"LineString","coordinates":[[-60.68305826,-31.6100075],[-60.68360778,-31.61032255]]},"properties":{"layer":"Subcuencas","entity_type":"LWPOLYLINE","handle":"179C1E"}},{"type":"Feature","geometry":{"type":"LineString","coordinates":[[-60.68317941,-31.61063984],[-60.68288862,-31.61069823],[-60.68211219,-31.61030791],[-60.6817633,-31.61037374],[-60.68149837,-31.61074727]]},"properties":{"layer":"Subcuencas","entity_type":"LWPOLYLINE","handle":"179C1F"}},{"type":"Feature","geometry":{"type":"LineString","coordinates":[[-60.68196157,-31.61033633],[-60.68191147,-31.61015972],[-60.68198563,-31.61006337],[-60.68215859,-31.6098279],[-60.68238286,-31.60978406],[-60.68226754,-31.60936888],[-60.68190619,-31.60943478],[-60.68179343,-31.60937141],[-60.68155669,-31.60941532],[-60.68098812,-31.61015399],[-60.68107801,-31.61050533],[-60.68149837,-31.61074727]]},"properties":{"layer":"Subcuencas","entity_type":"LWPOLYLINE","handle":"179C20"}},{"type":"Feature","geometry":{"type":"LineString","coordinates":[[-60.68125053,-31.60981307],[-60.68077357,-31.60810498],[-60.68100923,-31.60791182],[-60.68125837,-31.60785719],[-60.68122731,-31.60768754]]},"properties":{"layer":"Subcuencas","entity_type":"LWPOLYLINE","handle":"179C21"}},{"type":"Feature","geometry":{"type":"LineString","coordinates":[[-60.68126845,-31.61414626],[-60.68098838,-31.61410774],[-60.68027355,-31.61388839],[-60.68012399,-31.61404368],[-60.67948197,-31.61416727],[-60.67927033,-31.61407398],[-60.67874226,-31.61415243]]},"properties":{"layer":"Subcuencas","entity_type":"LWPOLYLINE","handle":"179C22"}},{"type":"Feature","geometry":{"type":"LineString","coordinates":[[-60.68148463,-31.61254204],[-60.68075694,-31.61267387],[-60.68000556,-31.61295254],[-60.67972392,-31.61290253],[-60.67967269,-31.61276547],[-60.67937072,-31.61268125],[-60.67928,-31.61263881],[-60.67864153,-31.61276622]]},"properties":{"layer":"Subcuencas","entity_type":"LWPOLYLINE","handle":"179C23"}},{"type":"Feature","geometry":{"type":"LineString","coordinates":[[-60.68232086,-31.60956084],[-60.68332538,-31.60935855]]},"properties":{"layer":"Subcuencas","entity_type":"LWPOLYLINE","handle":"179C24"}},{"type":"Feature","geometry":{"type":"LineString","coordinates":[[-60.69289924,-31.61495339],[-60.69246892,-31.61483278],[-60.69215583,-31.61489699],[-60.69202972,-31.61525515]]},"properties":{"layer":"Subcuencas","entity_type":"LWPOLYLINE","handle":"179C25"}},{"type":"Feature","geometry":{"type":"LineString","coordinates":[[-60.68842958,-31.61635837],[-60.68847359,-31.61651362],[-60.68856029,-31.61671054]]},"properties":{"layer":"Subcuencas","entity_type":"LWPOLYLINE","handle":"179C26"}},{"type":"Feature","geometry":{"type":"LineString","coordinates":[[-60.67493191,-31.61435309],[-60.67452543,-31.61413038],[-60.67554294,-31.61392477],[-60.67562562,-31.61382935],[-60.67608804,-31.61372401],[-60.67597611,-31.61335922]]},"properties":{"layer":"Subcuencas","entity_type":"LWPOLYLINE","handle":"179C27"}},{"type":"Feature","geometry":{"type":"LineString","coordinates":[[-60.67493191,-31.61435309],[-60.67496873,-31.61449704],[-60.6751858,-31.6144989]]},"properties":{"layer":"Subcuencas","entity_type":"LWPOLYLINE","handle":"179C28"}},{"type":"Feature","geometry":{"type":"LineString","coordinates":[[-60.67167097,-31.61314526],[-60.6720415,-31.61265159],[-60.67184479,-31.6119724],[-60.67259172,-31.61180456],[-60.67296217,-31.61130268],[-60.67287359,-31.61098848],[-60.67240832,-31.61071808]]},"properties":{"layer":"Subcuencas","entity_type":"LWPOLYLINE","handle":"179C29"}},{"type":"Feature","geometry":{"type":"LineString","coordinates":[[-60.66842337,-31.6117029],[-60.66868846,-31.61187098],[-60.66878701,-31.61223927],[-60.66933306,-31.61214625],[-60.67004603,-31.61259327],[-60.6702964,-31.61273128],[-60.67127838,-31.61323748],[-60.67167097,-31.61314526],[-60.67173181,-31.61346943]]},"properties":{"layer":"Subcuencas","entity_type":"LWPOLYLINE","handle":"179C2A"}},{"type":"Feature","geometry":{"type":"LineString","coordinates":[[-60.67492886,-31.61358708],[-60.67441757,-31.61175395],[-60.67448399,-31.61165364],[-60.67482607,-31.61120927],[-60.6752495,-31.61140373],[-60.67559425,-31.61132814],[-60.67616448,-31.6106023],[-60.67632598,-31.61055776]]},"properties":{"layer":"Subcuencas","entity_type":"LWPOLYLINE","handle":"179C2B"}},{"type":"Feature","geometry":{"type":"LineString","coordinates":[[-60.67195192,-31.61517026],[-60.67101934,-31.61443204],[-60.6710763,-31.61434979],[-60.67118957,-31.61409514],[-60.67111096,-31.61383329],[-60.67138699,-31.61353681],[-60.67173181,-31.61346943],[-60.67259815,-31.61389923],[-60.67293331,-31.6138237],[-60.67318957,-31.61344536],[-60.67375769,-31.61375379],[-60.67389307,-31.61381275]]},"properties":{"layer":"Subcuencas","entity_type":"LWPOLYLINE","handle":"179C2C"}},{"type":"Feature","geometry":{"type":"LineString","coordinates":[[-60.67025276,-31.60637116],[-60.67011917,-31.60584857],[-60.66991825,-31.60567005],[-60.67015727,-31.60530068],[-60.67004957,-31.60493312],[-60.66966808,-31.60470409]]},"properties":{"layer":"Subcuencas","entity_type":"LWPOLYLINE","handle":"179C2D"}},{"type":"Feature","geometry":{"type":"LineString","coordinates":[[-60.6686306,-31.60489357],[-60.66795432,-31.6045552],[-60.66636187,-31.60487051]]},"properties":{"layer":"Subcuencas","entity_type":"LWPOLYLINE","handle":"179C2E"}},{"type":"Feature","geometry":{"type":"LineString","coordinates":[[-60.67274152,-31.60554877],[-60.67380236,-31.60533594],[-60.67385956,-31.60522232],[-60.67418775,-31.60475742],[-60.67499691,-31.60460478]]},"properties":{"layer":"Subcuencas","entity_type":"LWPOLYLINE","handle":"179C2F"}},{"type":"Feature","geometry":{"type":"LineString","coordinates":[[-60.67236289,-31.60414169],[-60.6724935,-31.6046254],[-60.67261823,-31.60468141],[-60.67316732,-31.6049689],[-60.67278949,-31.60544541],[-60.67274047,-31.60554483],[-60.67296453,-31.60638856],[-60.67308092,-31.60643753],[-60.67361918,-31.60664066]]},"properties":{"layer":"Subcuencas","entity_type":"LWPOLYLINE","handle":"179C30"}},{"type":"Feature","geometry":{"type":"LineString","coordinates":[[-60.66833509,-31.60529454],[-60.6686306,-31.60489357],[-60.66900498,-31.60508992],[-60.66944353,-31.60498847],[-60.66999386,-31.6042915],[-60.67028353,-31.60423332],[-60.67073296,-31.60449301],[-60.67103697,-31.60412312],[-60.67121078,-31.60409352]]},"properties":{"layer":"Subcuencas","entity_type":"LWPOLYLINE","handle":"179C31"}},{"type":"Feature","geometry":{"type":"LineString","coordinates":[[-60.67579551,-31.60857265],[-60.67540953,-31.60913283],[-60.67508516,-31.60897873],[-60.67453056,-31.60908081],[-60.67433353,-31.60934391],[-60.67224155,-31.60981739],[-60.66900549,-31.61049306],[-60.66860988,-31.61108818]]},"properties":{"layer":"Subcuencas","entity_type":"LWPOLYLINE","handle":"179C32"}},{"type":"Feature","geometry":{"type":"LineString","coordinates":[[-60.67573531,-31.6049912],[-60.67576994,-31.6050961],[-60.67620148,-31.60517173],[-60.67638663,-31.60556028],[-60.67620624,-31.60583037],[-60.6763324,-31.60608468],[-60.6774058,-31.60666395],[-60.6776847,-31.60661241]]},"properties":{"layer":"Subcuencas","entity_type":"LWPOLYLINE","handle":"179C33"}},{"type":"Feature","geometry":{"type":"LineString","coordinates":[[-60.67560054,-31.60629801],[-60.6763324,-31.60608468]]},"properties":{"layer":"Subcuencas","entity_type":"LWPOLYLINE","handle":"179C34"}},{"type":"Feature","geometry":{"type":"LineString","coordinates":[[-60.67305469,-31.60676858],[-60.67322687,-31.60736953],[-60.67302821,-31.60740599],[-60.67274845,-31.60769076],[-60.67299539,-31.6086052],[-60.67276571,-31.60893929],[-60.67290184,-31.60942726],[-60.67326406,-31.60958597],[-60.67351192,-31.61048754]]},"properties":{"layer":"Subcuencas","entity_type":"LWPOLYLINE","handle":"179C35"}},{"type":"Feature","geometry":{"type":"LineString","coordinates":[[-60.67482607,-31.61120927],[-60.6745699,-31.61026653],[-60.67139035,-31.61093072],[-60.67107661,-31.61131756],[-60.6707089,-31.61140144],[-60.6698906,-31.61097957],[-60.66954585,-31.61105514],[-60.66927989,-31.61141714],[-60.66860988,-31.61108818]]},"properties":{"layer":"Subcuencas","entity_type":"LWPOLYLINE","handle":"179C36"}},{"type":"Feature","geometry":{"type":"LineString","coordinates":[[-60.67522182,-31.60507963],[-60.67524602,-31.60519803],[-60.67519706,-31.60530453],[-60.67530736,-31.60565807],[-60.67508543,-31.60591421],[-60.67520121,-31.60638557]]},"properties":{"layer":"Subcuencas","entity_type":"LWPOLYLINE","handle":"179C37"}},{"type":"Feature","geometry":{"type":"LineString","coordinates":[[-60.66820715,-31.60552103],[-60.66846337,-31.6064175],[-60.66851578,-31.60655404],[-60.66864377,-31.60698658],[-60.66870426,-31.60722484],[-60.66892276,-31.6080176]]},"properties":{"layer":"Subcuencas","entity_type":"LWPOLYLINE","handle":"179C38"}},{"type":"Feature","geometry":{"type":"LineString","coordinates":[[-60.66706344,-31.60754513],[-60.66675097,-31.60631063],[-60.66635136,-31.60606273],[-60.66624764,-31.6056882]]},"properties":{"layer":"Subcuencas","entity_type":"LWPOLYLINE","handle":"179C39"}},{"type":"Feature","geometry":{"type":"LineString","coordinates":[[-60.66820715,-31.60552103],[-60.66833509,-31.60529454]]},"properties":{"layer":"Subcuencas","entity_type":"LWPOLYLINE","handle":"179C3A"}},{"type":"Feature","geometry":{"type":"LineString","coordinates":[[-60.66526445,-31.60366646],[-60.66598282,-31.60354266],[-60.66627871,-31.60319407],[-60.66666774,-31.60312122],[-60.66702553,-31.60331766],[-60.66748586,-31.60278407],[-60.66812629,-31.60309943],[-60.66854492,-31.60253064],[-60.67067742,-31.60210972]]},"properties":{"layer":"Subcuencas","entity_type":"LWPOLYLINE","handle":"179C3B"}},{"type":"Feature","geometry":{"type":"LineString","coordinates":[[-60.66743327,-31.60260891],[-60.66748586,-31.60278407]]},"properties":{"layer":"Subcuencas","entity_type":"LWPOLYLINE","handle":"179C3C"}},{"type":"Feature","geometry":{"type":"LineString","coordinates":[[-60.7098557,-31.56495536],[-60.70891156,-31.56630519]]},"properties":{"layer":"Subcuencas","entity_type":"LINE","handle":"179C3D"}},{"type":"Feature","geometry":{"type":"LineString","coordinates":[[-60.70891156,-31.56630519],[-60.70864873,-31.56662418]]},"properties":{"layer":"Subcuencas","entity_type":"LINE","handle":"179C3E"}},{"type":"Feature","geometry":{"type":"LineString","coordinates":[[-60.70864873,-31.56662418],[-60.70838623,-31.56698852]]},"properties":{"layer":"Subcuencas","entity_type":"LINE","handle":"179C3F"}},{"type":"Feature","geometry":{"type":"LineString","coordinates":[[-60.70838623,-31.56698852],[-60.70798974,-31.56717217]]},"properties":{"layer":"Subcuencas","entity_type":"LINE","handle":"179C40"}},{"type":"Feature","geometry":{"type":"LineString","coordinates":[[-60.70798974,-31.56717217],[-60.70644614,-31.56748976]]},"properties":{"layer":"Subcuencas","entity_type":"LINE","handle":"179C41"}},{"type":"Feature","geometry":{"type":"LineString","coordinates":[[-60.70680041,-31.56714266],[-60.70859719,-31.57308614]]},"properties":{"layer":"Subcuencas","entity_type":"LWPOLYLINE","handle":"179C42"}},{"type":"Feature","geometry":{"type":"LineString","coordinates":[[-60.70644614,-31.56748976],[-60.70505213,-31.56806149]]},"properties":{"layer":"Subcuencas","entity_type":"LINE","handle":"179C43"}},{"type":"Feature","geometry":{"type":"LineString","coordinates":[[-60.70505213,-31.56806149],[-60.70454719,-31.56832205]]},"properties":{"layer":"Subcuencas","entity_type":"LINE","handle":"179C44"}},{"type":"Feature","geometry":{"type":"LineString","coordinates":[[-60.72544499,-31.55413598],[-60.72563236,-31.55553504]]},"properties":{"layer":"Subcuencas","entity_type":"LWPOLYLINE","handle":"26838E"}},{"type":"Feature","geometry":{"type":"LineString","coordinates":[[-60.75138887,-31.55398614],[-60.75262986,-31.55501795],[-60.75326058,-31.55565102],[-60.75341117,-31.55585391]]},"properties":{"layer":"Subcuencas","entity_type":"LWPOLYLINE","handle":"268391"}},{"type":"Feature","geometry":{"type":"LineString","coordinates":[[-60.74624229,-31.55401629],[-60.74661804,-31.55579187],[-60.74710586,-31.55718996],[-60.74730056,-31.55934988]]},"properties":{"layer":"Subcuencas","entity_type":"LWPOLYLINE","handle":"268392"}},{"type":"Feature","geometry":{"type":"LineString","coordinates":[[-60.69695776,-31.67156484],[-60.69705272,-31.67162146],[-60.69723869,-31.67142632],[-60.69736179,-31.67133795],[-60.69744598,-31.67121682],[-60.69751023,-31.67109382],[-60.69762828,-31.6709322],[-60.69780584,-31.67071346],[-60.69786315,-31.67064286],[-60.69801412,-31.67045687],[-60.69830488,-31.67009867],[-60.6985353,-31.66982564],[-60.69863773,-31.6697046],[-60.69871817,-31.66959834],[-60.69880768,-31.66948693],[-60.69895659,-31.66932236],[-60.69931012,-31.66886725],[-60.69939682,-31.66875199],[-60.69943805,-31.66867954],[-60.69948155,-31.66859612],[-60.69959045,-31.66838107],[-60.69963132,-31.668273],[-60.69967751,-31.6681508],[-60.69977114,-31.66796659],[-60.69981043,-31.66788236],[-60.69988472,-31.667758],[-60.69996645,-31.66761831],[-60.70008086,-31.66742279],[-60.70016742,-31.66729417],[-60.70021517,-31.66719407],[-60.70028343,-31.66704749],[-60.7004191,-31.66680029],[-60.70049004,-31.66667049],[-60.70055717,-31.66651059],[-60.7006705,-31.66624095],[-60.70079157,-31.66586467],[-60.70084763,-31.66570545],[-60.70089863,-31.66551804],[-60.70089168,-31.66550573],[-60.70096107,-31.66524029],[-60.70100058,-31.66508108],[-60.70104523,-31.66484843],[-60.70114389,-31.66435287],[-60.70117868,-31.6641697],[-60.70125532,-31.66376048]]},"properties":{"layer":"Subcuencas","entity_type":"LWPOLYLINE","handle":"2A4248"}},{"type":"Feature","geometry":{"type":"LineString","coordinates":[[-60.69551938,-31.66473203],[-60.69556025,-31.66373305]]},"properties":{"layer":"Subcuencas","entity_type":"LINE","handle":"2A43A5"}},{"type":"Feature","geometry":{"type":"LineString","coordinates":[[-60.69556025,-31.66373305],[-60.69555314,-31.66295141]]},"properties":{"layer":"Subcuencas","entity_type":"LINE","handle":"2A43A6"}},{"type":"Feature","geometry":{"type":"LineString","coordinates":[[-60.69555314,-31.66295141],[-60.69555087,-31.66230942]]},"properties":{"layer":"Subcuencas","entity_type":"LINE","handle":"2A43A7"}},{"type":"Feature","geometry":{"type":"LineString","coordinates":[[-60.69555087,-31.66230942],[-60.69565598,-31.66230453]]},"properties":{"layer":"Subcuencas","entity_type":"LINE","handle":"2A43A8"}},{"type":"Feature","geometry":{"type":"LineString","coordinates":[[-60.69565598,-31.66230453],[-60.69601729,-31.66229533]]},"properties":{"layer":"Subcuencas","entity_type":"LINE","handle":"2A43A9"}},{"type":"Feature","geometry":{"type":"LineString","coordinates":[[-60.69601729,-31.66229533],[-60.69627136,-31.66231586]]},"properties":{"layer":"Subcuencas","entity_type":"LINE","handle":"2A43AA"}},{"type":"Feature","geometry":{"type":"LineString","coordinates":[[-60.69627136,-31.66231586],[-60.69646374,-31.66230867]]},"properties":{"layer":"Subcuencas","entity_type":"LINE","handle":"2A43AB"}},{"type":"Feature","geometry":{"type":"LineString","coordinates":[[-60.69646374,-31.66230867],[-60.69667351,-31.66227623]]},"properties":{"layer":"Subcuencas","entity_type":"LINE","handle":"2A43AC"}},{"type":"Feature","geometry":{"type":"LineString","coordinates":[[-60.69667351,-31.66227623],[-60.69682103,-31.66228958]]},"properties":{"layer":"Subcuencas","entity_type":"LINE","handle":"2A43AD"}},{"type":"Feature","geometry":{"type":"LineString","coordinates":[[-60.69682103,-31.66228958],[-60.69710776,-31.66226691]]},"properties":{"layer":"Subcuencas","entity_type":"LINE","handle":"2A43AE"}},{"type":"Feature","geometry":{"type":"LineString","coordinates":[[-60.69710776,-31.66226691],[-60.69742447,-31.66225376]]},"properties":{"layer":"Subcuencas","entity_type":"LINE","handle":"2A43AF"}},{"type":"Feature","geometry":{"type":"LineString","coordinates":[[-60.69742447,-31.66225376],[-60.69776624,-31.66223868]]},"properties":{"layer":"Subcuencas","entity_type":"LINE","handle":"2A43B0"}},{"type":"Feature","geometry":{"type":"LineString","coordinates":[[-60.69776624,-31.66223868],[-60.69817116,-31.66221619]]},"properties":{"layer":"Subcuencas","entity_type":"LINE","handle":"2A43B1"}},{"type":"Feature","geometry":{"type":"LineString","coordinates":[[-60.69817116,-31.66221619],[-60.69840036,-31.66216867]]},"properties":{"layer":"Subcuencas","entity_type":"LINE","handle":"2A43B2"}},{"type":"Feature","geometry":{"type":"LineString","coordinates":[[-60.69840036,-31.66216867],[-60.69854341,-31.66214948]]},"properties":{"layer":"Subcuencas","entity_type":"LINE","handle":"2A43B3"}},{"type":"Feature","geometry":{"type":"LineString","coordinates":[[-60.69854341,-31.66214948],[-60.69894499,-31.66213084]]},"properties":{"layer":"Subcuencas","entity_type":"LINE","handle":"2A43B4"}},{"type":"Feature","geometry":{"type":"LineString","coordinates":[[-60.69894499,-31.66213084],[-60.69926879,-31.6621325]]},"properties":{"layer":"Subcuencas","entity_type":"LINE","handle":"2A43B5"}},{"type":"Feature","geometry":{"type":"LineString","coordinates":[[-60.69926879,-31.6621325],[-60.69948462,-31.66212013]]},"properties":{"layer":"Subcuencas","entity_type":"LINE","handle":"2A43B6"}},{"type":"Feature","geometry":{"type":"LineString","coordinates":[[-60.69948462,-31.66212013],[-60.69970849,-31.6620664]]},"properties":{"layer":"Subcuencas","entity_type":"LINE","handle":"2A43B7"}},{"type":"Feature","geometry":{"type":"LineString","coordinates":[[-60.69970849,-31.6620664],[-60.70003281,-31.66193656]]},"properties":{"layer":"Subcuencas","entity_type":"LINE","handle":"2A43B8"}},{"type":"Feature","geometry":{"type":"LineString","coordinates":[[-60.70003281,-31.66193656],[-60.70019184,-31.66187485]]},"properties":{"layer":"Subcuencas","entity_type":"LINE","handle":"2A43B9"}},{"type":"Feature","geometry":{"type":"LineString","coordinates":[[-60.70019184,-31.66187485],[-60.7003707,-31.66174909]]},"properties":{"layer":"Subcuencas","entity_type":"LINE","handle":"2A43BA"}},{"type":"Feature","geometry":{"type":"LineString","coordinates":[[-60.7003707,-31.66174909],[-60.70051189,-31.66168999]]},"properties":{"layer":"Subcuencas","entity_type":"LINE","handle":"2A43BB"}},{"type":"Feature","geometry":{"type":"LineString","coordinates":[[-60.70051189,-31.66168999],[-60.70072723,-31.66162524]]},"properties":{"layer":"Subcuencas","entity_type":"LINE","handle":"2A43BC"}},{"type":"Feature","geometry":{"type":"LineString","coordinates":[[-60.70072723,-31.66162524],[-60.70138535,-31.66160054]]},"properties":{"layer":"Subcuencas","entity_type":"LINE","handle":"2A43BD"}},{"type":"Feature","geometry":{"type":"LineString","coordinates":[[-60.70138535,-31.66160054],[-60.70141731,-31.66200963]]},"properties":{"layer":"Subcuencas","entity_type":"LINE","handle":"2A43BE"}},{"type":"Feature","geometry":{"type":"LineString","coordinates":[[-60.70141731,-31.66200963],[-60.70142323,-31.6624641]]},"properties":{"layer":"Subcuencas","entity_type":"LINE","handle":"2A43BF"}},{"type":"Feature","geometry":{"type":"LineString","coordinates":[[-60.70142323,-31.6624641],[-60.70139719,-31.66300445]]},"properties":{"layer":"Subcuencas","entity_type":"LINE","handle":"2A43C0"}},{"type":"Feature","geometry":{"type":"LineString","coordinates":[[-60.70139719,-31.66300445],[-60.701323,-31.66362143]]},"properties":{"layer":"Subcuencas","entity_type":"LINE","handle":"2A43C1"}},{"type":"Feature","geometry":{"type":"LineString","coordinates":[[-60.701323,-31.66362143],[-60.70122401,-31.66416004]]},"properties":{"layer":"Subcuencas","entity_type":"LINE","handle":"2A43C2"}},{"type":"Feature","geometry":{"type":"LineString","coordinates":[[-60.70122401,-31.66416004],[-60.70109239,-31.66461153]]},"properties":{"layer":"Subcuencas","entity_type":"LINE","handle":"2A43C3"}},{"type":"Feature","geometry":{"type":"LineString","coordinates":[[-60.70109239,-31.66461153],[-60.70032093,-31.66504772]]},"properties":{"layer":"Subcuencas","entity_type":"LINE","handle":"2A43C4"}},{"type":"Feature","geometry":{"type":"LineString","coordinates":[[-60.70032093,-31.66504772],[-60.69871777,-31.66561754]]},"properties":{"layer":"Subcuencas","entity_type":"LINE","handle":"2A43C5"}},{"type":"Feature","geometry":{"type":"LineString","coordinates":[[-60.69871777,-31.66561754],[-60.69758327,-31.66561543]]},"properties":{"layer":"Subcuencas","entity_type":"LINE","handle":"2A43C6"}},{"type":"Feature","geometry":{"type":"LineString","coordinates":[[-60.69758327,-31.66561543],[-60.69680754,-31.66572274]]},"properties":{"layer":"Subcuencas","entity_type":"LINE","handle":"2A43C7"}},{"type":"Feature","geometry":{"type":"LineString","coordinates":[[-60.69680754,-31.66572274],[-60.69649121,-31.66623375]]},"properties":{"layer":"Subcuencas","entity_type":"LINE","handle":"2A43C8"}},{"type":"Feature","geometry":{"type":"LineString","coordinates":[[-60.69649121,-31.66623375],[-60.6952498,-31.66611425]]},"properties":{"layer":"Subcuencas","entity_type":"LINE","handle":"2A43C9"}},{"type":"Feature","geometry":{"type":"LineString","coordinates":[[-60.6952498,-31.66611425],[-60.69546555,-31.66526612]]},"properties":{"layer":"Subcuencas","entity_type":"LINE","handle":"2A43CA"}},{"type":"Feature","geometry":{"type":"LineString","coordinates":[[-60.69546555,-31.66526612],[-60.69551938,-31.66473203]]},"properties":{"layer":"Subcuencas","entity_type":"LINE","handle":"2A43CB"}},{"type":"Feature","geometry":{"type":"LineString","coordinates":[[-60.70109307,-31.66460919],[-60.70032093,-31.66504772]]},"properties":{"layer":"Subcuencas","entity_type":"LINE","handle":"2A43CC"}},{"type":"Feature","geometry":{"type":"LineString","coordinates":[[-60.70032093,-31.66504772],[-60.69943646,-31.66536209]]},"properties":{"layer":"Subcuencas","entity_type":"LINE","handle":"2A43CD"}},{"type":"Feature","geometry":{"type":"LineString","coordinates":[[-60.69943646,-31.66536209],[-60.69871777,-31.66561754]]},"properties":{"layer":"Subcuencas","entity_type":"LINE","handle":"2A43CE"}},{"type":"Feature","geometry":{"type":"LineString","coordinates":[[-60.69871777,-31.66561754],[-60.69856935,-31.6672323]]},"properties":{"layer":"Subcuencas","entity_type":"LINE","handle":"2A43CF"}},{"type":"Feature","geometry":{"type":"LineString","coordinates":[[-60.69856935,-31.6672323],[-60.69931469,-31.66759387]]},"properties":{"layer":"Subcuencas","entity_type":"LINE","handle":"2A43D0"}},{"type":"Feature","geometry":{"type":"LineString","coordinates":[[-60.69931469,-31.66759387],[-60.69984757,-31.66782018]]},"properties":{"layer":"Subcuencas","entity_type":"LINE","handle":"2A43D1"}},{"type":"Feature","geometry":{"type":"LineString","coordinates":[[-60.69984757,-31.66782018],[-60.70016742,-31.66729417]]},"properties":{"layer":"Subcuencas","entity_type":"LINE","handle":"2A43D2"}},{"type":"Feature","geometry":{"type":"LineString","coordinates":[[-60.70016742,-31.66729417],[-60.70021517,-31.66719407]]},"properties":{"layer":"Subcuencas","entity_type":"LINE","handle":"2A43D3"}},{"type":"Feature","geometry":{"type":"LineString","coordinates":[[-60.70021517,-31.66719407],[-60.70049004,-31.66667049]]},"properties":{"layer":"Subcuencas","entity_type":"LINE","handle":"2A43D4"}},{"type":"Feature","geometry":{"type":"LineString","coordinates":[[-60.70049004,-31.66667049],[-60.70070359,-31.66613809]]},"properties":{"layer":"Subcuencas","entity_type":"LINE","handle":"2A43D5"}},{"type":"Feature","geometry":{"type":"LineString","coordinates":[[-60.70070359,-31.66613809],[-60.70087313,-31.66561175]]},"properties":{"layer":"Subcuencas","entity_type":"LINE","handle":"2A43D6"}},{"type":"Feature","geometry":{"type":"LineString","coordinates":[[-60.70087313,-31.66561175],[-60.70092638,-31.66537301]]},"properties":{"layer":"Subcuencas","entity_type":"LINE","handle":"2A43D7"}},{"type":"Feature","geometry":{"type":"LineString","coordinates":[[-60.70092638,-31.66537301],[-60.70103791,-31.66488658]]},"properties":{"layer":"Subcuencas","entity_type":"LINE","handle":"2A43D8"}},{"type":"Feature","geometry":{"type":"LineString","coordinates":[[-60.70103791,-31.66488658],[-60.70109307,-31.66460919]]},"properties":{"layer":"Subcuencas","entity_type":"LINE","handle":"2A43D9"}},{"type":"Feature","geometry":{"type":"LineString","coordinates":[[-60.6952498,-31.66611425],[-60.69513546,-31.66658427]]},"properties":{"layer":"Subcuencas","entity_type":"LINE","handle":"2A43DA"}},{"type":"Feature","geometry":{"type":"LineString","coordinates":[[-60.69513546,-31.66658427],[-60.69627905,-31.66721298]]},"properties":{"layer":"Subcuencas","entity_type":"LINE","handle":"2A43DB"}},{"type":"Feature","geometry":{"type":"LineString","coordinates":[[-60.69627905,-31.66721298],[-60.69727066,-31.66793745]]},"properties":{"layer":"Subcuencas","entity_type":"LINE","handle":"2A43DC"}},{"type":"Feature","geometry":{"type":"LineString","coordinates":[[-60.69727066,-31.66793745],[-60.69823419,-31.66866719]]},"properties":{"layer":"Subcuencas","entity_type":"LINE","handle":"2A43DD"}},{"type":"Feature","geometry":{"type":"LineString","coordinates":[[-60.69823419,-31.66866719],[-60.6986935,-31.66900053]]},"properties":{"layer":"Subcuencas","entity_type":"LINE","handle":"2A43DE"}},{"type":"Feature","geometry":{"type":"LineString","coordinates":[[-60.6986935,-31.66900053],[-60.69909015,-31.66915043]]},"properties":{"layer":"Subcuencas","entity_type":"LINE","handle":"2A43DF"}},{"type":"Feature","geometry":{"type":"LineString","coordinates":[[-60.69909015,-31.66915043],[-60.699536,-31.6684886]]},"properties":{"layer":"Subcuencas","entity_type":"LINE","handle":"2A43E0"}},{"type":"Feature","geometry":{"type":"LineString","coordinates":[[-60.699536,-31.6684886],[-60.69984757,-31.66782018]]},"properties":{"layer":"Subcuencas","entity_type":"LINE","handle":"2A43E1"}},{"type":"Feature","geometry":{"type":"LineString","coordinates":[[-60.69984757,-31.66782018],[-60.69931469,-31.66759387]]},"properties":{"layer":"Subcuencas","entity_type":"LINE","handle":"2A43E2"}},{"type":"Feature","geometry":{"type":"LineString","coordinates":[[-60.69931469,-31.66759387],[-60.69856935,-31.6672323]]},"properties":{"layer":"Subcuencas","entity_type":"LINE","handle":"2A43E3"}},{"type":"Feature","geometry":{"type":"LineString","coordinates":[[-60.69856935,-31.6672323],[-60.69871777,-31.66561754]]},"properties":{"layer":"Subcuencas","entity_type":"LINE","handle":"2A43E4"}},{"type":"Feature","geometry":{"type":"LineString","coordinates":[[-60.69871777,-31.66561754],[-60.69758327,-31.66561543]]},"properties":{"layer":"Subcuencas","entity_type":"LINE","handle":"2A43E5"}},{"type":"Feature","geometry":{"type":"LineString","coordinates":[[-60.69758327,-31.66561543],[-60.69680754,-31.66572274]]},"properties":{"layer":"Subcuencas","entity_type":"LINE","handle":"2A43E6"}},{"type":"Feature","geometry":{"type":"LineString","coordinates":[[-60.69680754,-31.66572274],[-60.69649121,-31.66623375]]},"properties":{"layer":"Subcuencas","entity_type":"LINE","handle":"2A43E7"}},{"type":"Feature","geometry":{"type":"LineString","coordinates":[[-60.69649121,-31.66623375],[-60.6952498,-31.66611425]]},"properties":{"layer":"Subcuencas","entity_type":"LINE","handle":"2A43E8"}},{"type":"Feature","geometry":{"type":"LineString","coordinates":[[-60.69513546,-31.66658427],[-60.69627825,-31.66721743]]},"properties":{"layer":"Subcuencas","entity_type":"LINE","handle":"2A43E9"}},{"type":"Feature","geometry":{"type":"LineString","coordinates":[[-60.69627825,-31.66721743],[-60.69727066,-31.66793745]]},"properties":{"layer":"Subcuencas","entity_type":"LINE","handle":"2A43EA"}},{"type":"Feature","geometry":{"type":"LineString","coordinates":[[-60.69727066,-31.66793745],[-60.69708759,-31.66846587]]},"properties":{"layer":"Subcuencas","entity_type":"LINE","handle":"2A43EB"}},{"type":"Feature","geometry":{"type":"LineString","coordinates":[[-60.69708759,-31.66846587],[-60.69654048,-31.66883986]]},"properties":{"layer":"Subcuencas","entity_type":"LINE","handle":"2A43EC"}},{"type":"Feature","geometry":{"type":"LineString","coordinates":[[-60.69654048,-31.66883986],[-60.69632014,-31.66870964]]},"properties":{"layer":"Subcuencas","entity_type":"LINE","handle":"2A43ED"}},{"type":"Feature","geometry":{"type":"LineString","coordinates":[[-60.69632014,-31.66870964],[-60.69593744,-31.66926637]]},"properties":{"layer":"Subcuencas","entity_type":"LINE","handle":"2A43EE"}},{"type":"Feature","geometry":{"type":"LineString","coordinates":[[-60.69593744,-31.66926637],[-60.69532843,-31.66989578]]},"properties":{"layer":"Subcuencas","entity_type":"LINE","handle":"2A43EF"}},{"type":"Feature","geometry":{"type":"LineString","coordinates":[[-60.69532843,-31.66989578],[-60.69442644,-31.66943519]]},"properties":{"layer":"Subcuencas","entity_type":"LINE","handle":"2A43F0"}},{"type":"Feature","geometry":{"type":"LineString","coordinates":[[-60.69442644,-31.66943519],[-60.6941041,-31.66899278]]},"properties":{"layer":"Subcuencas","entity_type":"LINE","handle":"2A43F1"}},{"type":"Feature","geometry":{"type":"LineString","coordinates":[[-60.6941041,-31.66899278],[-60.69425461,-31.66879018]]},"properties":{"layer":"Subcuencas","entity_type":"LINE","handle":"2A43F2"}},{"type":"Feature","geometry":{"type":"LineString","coordinates":[[-60.69425461,-31.66879018],[-60.69452631,-31.66825153]]},"properties":{"layer":"Subcuencas","entity_type":"LINE","handle":"2A43F3"}},{"type":"Feature","geometry":{"type":"LineString","coordinates":[[-60.69452631,-31.66825153],[-60.6948044,-31.66760928]]},"properties":{"layer":"Subcuencas","entity_type":"LINE","handle":"2A43F4"}},{"type":"Feature","geometry":{"type":"LineString","coordinates":[[-60.6948044,-31.66760928],[-60.69497471,-31.66711066]]},"properties":{"layer":"Subcuencas","entity_type":"LINE","handle":"2A43F5"}},{"type":"Feature","geometry":{"type":"LineString","coordinates":[[-60.69497471,-31.66711066],[-60.69513546,-31.66658427]]},"properties":{"layer":"Subcuencas","entity_type":"LINE","handle":"2A43F6"}},{"type":"Feature","geometry":{"type":"LineString","coordinates":[[-60.69532843,-31.66989578],[-60.69593744,-31.66926637]]},"properties":{"layer":"Subcuencas","entity_type":"LINE","handle":"2A43F7"}},{"type":"Feature","geometry":{"type":"LineString","coordinates":[[-60.69593744,-31.66926637],[-60.69632014,-31.66870964]]},"properties":{"layer":"Subcuencas","entity_type":"LINE","handle":"2A43F8"}},{"type":"Feature","geometry":{"type":"LineString","coordinates":[[-60.69632014,-31.66870964],[-60.69654048,-31.66883986]]},"properties":{"layer":"Subcuencas","entity_type":"LINE","handle":"2A43F9"}},{"type":"Feature","geometry":{"type":"LineString","coordinates":[[-60.69654048,-31.66883986],[-60.69708759,-31.66846587]]},"properties":{"layer":"Subcuencas","entity_type":"LINE","handle":"2A43FA"}},{"type":"Feature","geometry":{"type":"LineString","coordinates":[[-60.69708759,-31.66846587],[-60.69727066,-31.66793745]]},"properties":{"layer":"Subcuencas","entity_type":"LINE","handle":"2A43FB"}},{"type":"Feature","geometry":{"type":"LineString","coordinates":[[-60.69727066,-31.66793745],[-60.6986935,-31.66900053]]},"properties":{"layer":"Subcuencas","entity_type":"LINE","handle":"2A43FC"}},{"type":"Feature","geometry":{"type":"LineString","coordinates":[[-60.6986935,-31.66900053],[-60.69909015,-31.66915043]]},"properties":{"layer":"Subcuencas","entity_type":"LINE","handle":"2A43FD"}},{"type":"Feature","geometry":{"type":"LineString","coordinates":[[-60.69909015,-31.66915043],[-60.69880768,-31.66948693]]},"properties":{"layer":"Subcuencas","entity_type":"LINE","handle":"2A43FE"}},{"type":"Feature","geometry":{"type":"LineString","coordinates":[[-60.69880768,-31.66948693],[-60.69856241,-31.6697936]]},"properties":{"layer":"Subcuencas","entity_type":"LINE","handle":"2A43FF"}},{"type":"Feature","geometry":{"type":"LineString","coordinates":[[-60.69856241,-31.6697936],[-60.69793864,-31.67054987]]},"properties":{"layer":"Subcuencas","entity_type":"LINE","handle":"2A4400"}},{"type":"Feature","geometry":{"type":"LineString","coordinates":[[-60.69793864,-31.67054987],[-60.69751023,-31.67109382]]},"properties":{"layer":"Subcuencas","entity_type":"LINE","handle":"2A4401"}},{"type":"Feature","geometry":{"type":"LineString","coordinates":[[-60.69751023,-31.67109382],[-60.69736179,-31.67133795]]},"properties":{"layer":"Subcuencas","entity_type":"LINE","handle":"2A4402"}},{"type":"Feature","geometry":{"type":"LineString","coordinates":[[-60.69736179,-31.67133795],[-60.69733838,-31.67135475]]},"properties":{"layer":"Subcuencas","entity_type":"LINE","handle":"2A4403"}},{"type":"Feature","geometry":{"type":"LineString","coordinates":[[-60.69733838,-31.67135475],[-60.69708461,-31.67099108]]},"properties":{"layer":"Subcuencas","entity_type":"LINE","handle":"2A4404"}},{"type":"Feature","geometry":{"type":"LineString","coordinates":[[-60.69708461,-31.67099108],[-60.69635407,-31.67053546]]},"properties":{"layer":"Subcuencas","entity_type":"LINE","handle":"2A4405"}},{"type":"Feature","geometry":{"type":"LineString","coordinates":[[-60.69635407,-31.67053546],[-60.69567963,-31.67011482]]},"properties":{"layer":"Subcuencas","entity_type":"LINE","handle":"2A4406"}},{"type":"Feature","geometry":{"type":"LineString","coordinates":[[-60.69567963,-31.67011482],[-60.69532843,-31.66989578]]},"properties":{"layer":"Subcuencas","entity_type":"LINE","handle":"2A4407"}},{"type":"Feature","geometry":{"type":"LineString","coordinates":[[-60.6941041,-31.66899278],[-60.69442644,-31.66943519]]},"properties":{"layer":"Subcuencas","entity_type":"LINE","handle":"2A4408"}},{"type":"Feature","geometry":{"type":"LineString","coordinates":[[-60.69442644,-31.66943519],[-60.69532843,-31.66989578]]},"properties":{"layer":"Subcuencas","entity_type":"LINE","handle":"2A4409"}},{"type":"Feature","geometry":{"type":"LineString","coordinates":[[-60.69532843,-31.66989578],[-60.69708461,-31.67099108]]},"properties":{"layer":"Subcuencas","entity_type":"LINE","handle":"2A440A"}},{"type":"Feature","geometry":{"type":"LineString","coordinates":[[-60.69708461,-31.67099108],[-60.69733838,-31.67135475]]},"properties":{"layer":"Subcuencas","entity_type":"LINE","handle":"2A440B"}},{"type":"Feature","geometry":{"type":"LineString","coordinates":[[-60.69733838,-31.67135475],[-60.69700275,-31.67167339]]},"properties":{"layer":"Subcuencas","entity_type":"LINE","handle":"2A440C"}},{"type":"Feature","geometry":{"type":"LineString","coordinates":[[-60.69700275,-31.67167339],[-60.69673975,-31.67192409]]},"properties":{"layer":"Subcuencas","entity_type":"LINE","handle":"2A440D"}},{"type":"Feature","geometry":{"type":"LineString","coordinates":[[-60.69673975,-31.67192409],[-60.69647334,-31.67214102]]},"properties":{"layer":"Subcuencas","entity_type":"LINE","handle":"2A440E"}},{"type":"Feature","geometry":{"type":"LineString","coordinates":[[-60.69647334,-31.67214102],[-60.69620578,-31.67196527]]},"properties":{"layer":"Subcuencas","entity_type":"LINE","handle":"2A440F"}},{"type":"Feature","geometry":{"type":"LineString","coordinates":[[-60.69620578,-31.67196527],[-60.69596297,-31.67180821]]},"properties":{"layer":"Subcuencas","entity_type":"LINE","handle":"2A4410"}},{"type":"Feature","geometry":{"type":"LineString","coordinates":[[-60.69596297,-31.67180821],[-60.69483997,-31.67114627]]},"properties":{"layer":"Subcuencas","entity_type":"LINE","handle":"2A4411"}},{"type":"Feature","geometry":{"type":"LineString","coordinates":[[-60.69483997,-31.67114627],[-60.69477588,-31.67112449]]},"properties":{"layer":"Subcuencas","entity_type":"LINE","handle":"2A4412"}},{"type":"Feature","geometry":{"type":"LineString","coordinates":[[-60.69477588,-31.67112449],[-60.69351743,-31.67081158]]},"properties":{"layer":"Subcuencas","entity_type":"LINE","handle":"2A4413"}},{"type":"Feature","geometry":{"type":"LineString","coordinates":[[-60.69351743,-31.67081158],[-60.69358241,-31.67040793]]},"properties":{"layer":"Subcuencas","entity_type":"LINE","handle":"2A4414"}},{"type":"Feature","geometry":{"type":"LineString","coordinates":[[-60.69358241,-31.67040793],[-60.69365686,-31.67002092]]},"properties":{"layer":"Subcuencas","entity_type":"LINE","handle":"2A4415"}},{"type":"Feature","geometry":{"type":"LineString","coordinates":[[-60.69365686,-31.67002092],[-60.69376511,-31.66957298]]},"properties":{"layer":"Subcuencas","entity_type":"LINE","handle":"2A4416"}},{"type":"Feature","geometry":{"type":"LineString","coordinates":[[-60.69376511,-31.66957298],[-60.69383101,-31.66939638]]},"properties":{"layer":"Subcuencas","entity_type":"LINE","handle":"2A4417"}},{"type":"Feature","geometry":{"type":"LineString","coordinates":[[-60.69383101,-31.66939638],[-60.6939559,-31.66918788]]},"properties":{"layer":"Subcuencas","entity_type":"LINE","handle":"2A4418"}},{"type":"Feature","geometry":{"type":"LineString","coordinates":[[-60.6939559,-31.66918788],[-60.6941041,-31.66899278]]},"properties":{"layer":"Subcuencas","entity_type":"LINE","handle":"2A4419"}},{"type":"Feature","geometry":{"type":"LineString","coordinates":[[-60.69351743,-31.67081158],[-60.69382772,-31.67088874]]},"properties":{"layer":"Subcuencas","entity_type":"LINE","handle":"2A441A"}},{"type":"Feature","geometry":{"type":"LineString","coordinates":[[-60.69382772,-31.67088874],[-60.69431928,-31.67101096]]},"properties":{"layer":"Subcuencas","entity_type":"LINE","handle":"2A441B"}},{"type":"Feature","geometry":{"type":"LineString","coordinates":[[-60.69431928,-31.67101096],[-60.69456495,-31.67107204]]},"properties":{"layer":"Subcuencas","entity_type":"LINE","handle":"2A441C"}},{"type":"Feature","geometry":{"type":"LineString","coordinates":[[-60.69456495,-31.67107204],[-60.69483997,-31.67114627]]},"properties":{"layer":"Subcuencas","entity_type":"LINE","handle":"2A441D"}},{"type":"Feature","geometry":{"type":"LineString","coordinates":[[-60.69483997,-31.67114627],[-60.69519741,-31.67135696]]},"properties":{"layer":"Subcuencas","entity_type":"LINE","handle":"2A441E"}},{"type":"Feature","geometry":{"type":"LineString","coordinates":[[-60.69519741,-31.67135696],[-60.69561612,-31.67160376]]},"properties":{"layer":"Subcuencas","entity_type":"LINE","handle":"2A441F"}},{"type":"Feature","geometry":{"type":"LineString","coordinates":[[-60.69561612,-31.67160376],[-60.69596297,-31.67180821]]},"properties":{"layer":"Subcuencas","entity_type":"LINE","handle":"2A4420"}},{"type":"Feature","geometry":{"type":"LineString","coordinates":[[-60.69596297,-31.67180821],[-60.69647334,-31.67214102]]},"properties":{"layer":"Subcuencas","entity_type":"LINE","handle":"2A4421"}},{"type":"Feature","geometry":{"type":"LineString","coordinates":[[-60.69647334,-31.67214102],[-60.69607114,-31.67258962]]},"properties":{"layer":"Subcuencas","entity_type":"LINE","handle":"2A4422"}},{"type":"Feature","geometry":{"type":"LineString","coordinates":[[-60.69607114,-31.67258962],[-60.69589345,-31.67285781]]},"properties":{"layer":"Subcuencas","entity_type":"LINE","handle":"2A4423"}},{"type":"Feature","geometry":{"type":"LineString","coordinates":[[-60.69589345,-31.67285781],[-60.69549064,-31.67332657]]},"properties":{"layer":"Subcuencas","entity_type":"LINE","handle":"2A4424"}},{"type":"Feature","geometry":{"type":"LineString","coordinates":[[-60.69549064,-31.67332657],[-60.69494198,-31.67397487]]},"properties":{"layer":"Subcuencas","entity_type":"LINE","handle":"2A4425"}},{"type":"Feature","geometry":{"type":"LineString","coordinates":[[-60.69494198,-31.67397487],[-60.69465444,-31.67432319]]},"properties":{"layer":"Subcuencas","entity_type":"LINE","handle":"2A4426"}},{"type":"Feature","geometry":{"type":"LineString","coordinates":[[-60.69465444,-31.67432319],[-60.69420237,-31.67471475]]},"properties":{"layer":"Subcuencas","entity_type":"LINE","handle":"2A4427"}},{"type":"Feature","geometry":{"type":"LineString","coordinates":[[-60.69420237,-31.67471475],[-60.69396131,-31.67492001]]},"properties":{"layer":"Subcuencas","entity_type":"LINE","handle":"2A4428"}},{"type":"Feature","geometry":{"type":"LineString","coordinates":[[-60.69396131,-31.67492001],[-60.69318837,-31.67442134]]},"properties":{"layer":"Subcuencas","entity_type":"LINE","handle":"2A4429"}},{"type":"Feature","geometry":{"type":"LineString","coordinates":[[-60.69318837,-31.67442134],[-60.6923554,-31.67380417]]},"properties":{"layer":"Subcuencas","entity_type":"LINE","handle":"2A442A"}},{"type":"Feature","geometry":{"type":"LineString","coordinates":[[-60.6923554,-31.67380417],[-60.6927789,-31.67332697]]},"properties":{"layer":"Subcuencas","entity_type":"LINE","handle":"2A442B"}},{"type":"Feature","geometry":{"type":"LineString","coordinates":[[-60.6927789,-31.67332697],[-60.692935,-31.67304297]]},"properties":{"layer":"Subcuencas","entity_type":"LINE","handle":"2A442C"}},{"type":"Feature","geometry":{"type":"LineString","coordinates":[[-60.692935,-31.67304297],[-60.69307865,-31.67248567]]},"properties":{"layer":"Subcuencas","entity_type":"LINE","handle":"2A442D"}},{"type":"Feature","geometry":{"type":"LineString","coordinates":[[-60.69307865,-31.67248567],[-60.6932411,-31.67183278]]},"properties":{"layer":"Subcuencas","entity_type":"LINE","handle":"2A442E"}},{"type":"Feature","geometry":{"type":"LineString","coordinates":[[-60.6932411,-31.67183278],[-60.69336169,-31.6714435]]},"properties":{"layer":"Subcuencas","entity_type":"LINE","handle":"2A442F"}},{"type":"Feature","geometry":{"type":"LineString","coordinates":[[-60.69336169,-31.6714435],[-60.69351743,-31.67081158]]},"properties":{"layer":"Subcuencas","entity_type":"LINE","handle":"2A4430"}},{"type":"Feature","geometry":{"type":"LineString","coordinates":[[-60.6923554,-31.67380417],[-60.69310264,-31.67435782]]},"properties":{"layer":"Subcuencas","entity_type":"LINE","handle":"2A4431"}},{"type":"Feature","geometry":{"type":"LineString","coordinates":[[-60.69310264,-31.67435782],[-60.69396131,-31.67492001]]},"properties":{"layer":"Subcuencas","entity_type":"LINE","handle":"2A4432"}},{"type":"Feature","geometry":{"type":"LineString","coordinates":[[-60.69396131,-31.67492001],[-60.69370132,-31.67526242]]},"properties":{"layer":"Subcuencas","entity_type":"LINE","handle":"2A4433"}},{"type":"Feature","geometry":{"type":"LineString","coordinates":[[-60.69370132,-31.67526242],[-60.69357318,-31.67548045]]},"properties":{"layer":"Subcuencas","entity_type":"LINE","handle":"2A4434"}},{"type":"Feature","geometry":{"type":"LineString","coordinates":[[-60.69357318,-31.67548045],[-60.69330085,-31.67576129]]},"properties":{"layer":"Subcuencas","entity_type":"LINE","handle":"2A4435"}},{"type":"Feature","geometry":{"type":"LineString","coordinates":[[-60.69330085,-31.67576129],[-60.69269025,-31.67636697]]},"properties":{"layer":"Subcuencas","entity_type":"LINE","handle":"2A4436"}},{"type":"Feature","geometry":{"type":"LineString","coordinates":[[-60.69269025,-31.67636697],[-60.69247788,-31.67666717]]},"properties":{"layer":"Subcuencas","entity_type":"LINE","handle":"2A4437"}},{"type":"Feature","geometry":{"type":"LineString","coordinates":[[-60.69247788,-31.67666717],[-60.69231995,-31.67685795]]},"properties":{"layer":"Subcuencas","entity_type":"LINE","handle":"2A4438"}},{"type":"Feature","geometry":{"type":"LineString","coordinates":[[-60.69231995,-31.67685795],[-60.69206153,-31.67708354]]},"properties":{"layer":"Subcuencas","entity_type":"LINE","handle":"2A4439"}},{"type":"Feature","geometry":{"type":"LineString","coordinates":[[-60.69206153,-31.67708354],[-60.69188086,-31.67728181]]},"properties":{"layer":"Subcuencas","entity_type":"LINE","handle":"2A443A"}},{"type":"Feature","geometry":{"type":"LineString","coordinates":[[-60.69188086,-31.67728181],[-60.69151113,-31.67755856]]},"properties":{"layer":"Subcuencas","entity_type":"LINE","handle":"2A443B"}},{"type":"Feature","geometry":{"type":"LineString","coordinates":[[-60.69151113,-31.67755856],[-60.69129712,-31.67790202]]},"properties":{"layer":"Subcuencas","entity_type":"LINE","handle":"2A443C"}},{"type":"Feature","geometry":{"type":"LineString","coordinates":[[-60.69129712,-31.67790202],[-60.69096596,-31.67775112]]},"properties":{"layer":"Subcuencas","entity_type":"LINE","handle":"2A443D"}},{"type":"Feature","geometry":{"type":"LineString","coordinates":[[-60.69096596,-31.67775112],[-60.69078842,-31.67760484]]},"properties":{"layer":"Subcuencas","entity_type":"LINE","handle":"2A443E"}},{"type":"Feature","geometry":{"type":"LineString","coordinates":[[-60.69078842,-31.67760484],[-60.69048492,-31.67753493]]},"properties":{"layer":"Subcuencas","entity_type":"LINE","handle":"2A443F"}},{"type":"Feature","geometry":{"type":"LineString","coordinates":[[-60.69048492,-31.67753493],[-60.69039911,-31.67751516]]},"properties":{"layer":"Subcuencas","entity_type":"LINE","handle":"2A4440"}},{"type":"Feature","geometry":{"type":"LineString","coordinates":[[-60.69039911,-31.67751516],[-60.69028312,-31.67753682]]},"properties":{"layer":"Subcuencas","entity_type":"LINE","handle":"2A4441"}},{"type":"Feature","geometry":{"type":"LineString","coordinates":[[-60.69028312,-31.67753682],[-60.68994324,-31.6777369]]},"properties":{"layer":"Subcuencas","entity_type":"LINE","handle":"2A4442"}},{"type":"Feature","geometry":{"type":"LineString","coordinates":[[-60.68994324,-31.6777369],[-60.68917516,-31.67818904]]},"properties":{"layer":"Subcuencas","entity_type":"LINE","handle":"2A4443"}},{"type":"Feature","geometry":{"type":"LineString","coordinates":[[-60.68917516,-31.67818904],[-60.68921405,-31.67785845]]},"properties":{"layer":"Subcuencas","entity_type":"LINE","handle":"2A4444"}},{"type":"Feature","geometry":{"type":"LineString","coordinates":[[-60.68921405,-31.67785845],[-60.68945419,-31.67721337]]},"properties":{"layer":"Subcuencas","entity_type":"LINE","handle":"2A4445"}},{"type":"Feature","geometry":{"type":"LineString","coordinates":[[-60.68945419,-31.67721337],[-60.69040175,-31.67608543]]},"properties":{"layer":"Subcuencas","entity_type":"LINE","handle":"2A4446"}},{"type":"Feature","geometry":{"type":"LineString","coordinates":[[-60.69040175,-31.67608543],[-60.69138551,-31.67492467]]},"properties":{"layer":"Subcuencas","entity_type":"LINE","handle":"2A4447"}},{"type":"Feature","geometry":{"type":"LineString","coordinates":[[-60.69138551,-31.67492467],[-60.69176441,-31.67449778]]},"properties":{"layer":"Subcuencas","entity_type":"LINE","handle":"2A4448"}},{"type":"Feature","geometry":{"type":"LineString","coordinates":[[-60.69176441,-31.67449778],[-60.6921851,-31.67402337]]},"properties":{"layer":"Subcuencas","entity_type":"LINE","handle":"2A4449"}},{"type":"Feature","geometry":{"type":"LineString","coordinates":[[-60.6921851,-31.67402337],[-60.6923554,-31.67380417]]},"properties":{"layer":"Subcuencas","entity_type":"LINE","handle":"2A444A"}},{"type":"Feature","geometry":{"type":"LineString","coordinates":[[-60.68917516,-31.67818904],[-60.69028312,-31.67753682]]},"properties":{"layer":"Subcuencas","entity_type":"LINE","handle":"2A444B"}},{"type":"Feature","geometry":{"type":"LineString","coordinates":[[-60.69028312,-31.67753682],[-60.69039911,-31.67751516]]},"properties":{"layer":"Subcuencas","entity_type":"LINE","handle":"2A444C"}},{"type":"Feature","geometry":{"type":"LineString","coordinates":[[-60.69039911,-31.67751516],[-60.69078842,-31.67760484]]},"properties":{"layer":"Subcuencas","entity_type":"LINE","handle":"2A444D"}},{"type":"Feature","geometry":{"type":"LineString","coordinates":[[-60.69078842,-31.67760484],[-60.69096596,-31.67775112]]},"properties":{"layer":"Subcuencas","entity_type":"LINE","handle":"2A444E"}},{"type":"Feature","geometry":{"type":"LineString","coordinates":[[-60.69096596,-31.67775112],[-60.69129712,-31.67790202]]},"properties":{"layer":"Subcuencas","entity_type":"LINE","handle":"2A444F"}},{"type":"Feature","geometry":{"type":"LineString","coordinates":[[-60.69129712,-31.67790202],[-60.69111091,-31.67821257]]},"properties":{"layer":"Subcuencas","entity_type":"LINE","handle":"2A4450"}},{"type":"Feature","geometry":{"type":"LineString","coordinates":[[-60.69111091,-31.67821257],[-60.69095554,-31.67839169]]},"properties":{"layer":"Subcuencas","entity_type":"LINE","handle":"2A4451"}},{"type":"Feature","geometry":{"type":"LineString","coordinates":[[-60.69095554,-31.67839169],[-60.69031087,-31.67911059]]},"properties":{"layer":"Subcuencas","entity_type":"LINE","handle":"2A4452"}},{"type":"Feature","geometry":{"type":"LineString","coordinates":[[-60.69031087,-31.67911059],[-60.68990942,-31.67957965]]},"properties":{"layer":"Subcuencas","entity_type":"LINE","handle":"2A4453"}},{"type":"Feature","geometry":{"type":"LineString","coordinates":[[-60.68990942,-31.67957965],[-60.68925678,-31.68034219]]},"properties":{"layer":"Subcuencas","entity_type":"LINE","handle":"2A4454"}},{"type":"Feature","geometry":{"type":"LineString","coordinates":[[-60.68925678,-31.68034219],[-60.68882815,-31.68004821]]},"properties":{"layer":"Subcuencas","entity_type":"LINE","handle":"2A4455"}},{"type":"Feature","geometry":{"type":"LineString","coordinates":[[-60.68882815,-31.68004821],[-60.68878738,-31.67957746]]},"properties":{"layer":"Subcuencas","entity_type":"LINE","handle":"2A4456"}},{"type":"Feature","geometry":{"type":"LineString","coordinates":[[-60.68878738,-31.67957746],[-60.68901276,-31.67932832]]},"properties":{"layer":"Subcuencas","entity_type":"LINE","handle":"2A4457"}},{"type":"Feature","geometry":{"type":"LineString","coordinates":[[-60.68901276,-31.67932832],[-60.68919522,-31.67891489]]},"properties":{"layer":"Subcuencas","entity_type":"LINE","handle":"2A4458"}},{"type":"Feature","geometry":{"type":"LineString","coordinates":[[-60.68919522,-31.67891489],[-60.68915749,-31.67833922]]},"properties":{"layer":"Subcuencas","entity_type":"LINE","handle":"2A4459"}},{"type":"Feature","geometry":{"type":"LineString","coordinates":[[-60.68915749,-31.67833922],[-60.68917516,-31.67818904]]},"properties":{"layer":"Subcuencas","entity_type":"LINE","handle":"2A445A"}}]}